456 31 31 1 1 1 1 -30.303871654961707,8.597985968795738,0 0.48101383579304297,-0.13647596775866253,0 28.666160041857758,-14.370151998312254,0.5 -2.1187254488969933,-5.635690061757853,0.5
900 0 0 0 1 0 1 -25.48403532281084,18.51523544721291,0 29.01074683656568,-13.661133480963226,0.5
960 15 14 1 1 1 1 15.01303899749378,-3.854693251055258,0 -15.981622158622411,4.103383138220114,0 -12.552316513376017,9.417502330662188,0.5 18.442344642740174,1.459425941386817,0.5
982 0 0 0 1 0 1 -31.298756281380264,3.554976123514683,0 31.975894590621156,2.4066917396053675,0.5
641 31 31 1 0 1 0 -19.925960100263428,-24.396846396260113,0 24.57297846145583,20.601425424781365,0.5
992 31 21 1 0 1 1 31.46021413308955,-1.582696022662762,0 -21.171378657950754,7.072674580501165,0.5 10.788203953441805,5.464856398748517,0.5
425 10 22 1 1 1 1 -9.355568503977862,4.766900247265242,0 19.15664027004991,-9.760795744400257,0 17.323703795800995,-15.560825389270011,0.5 -11.188504978226774,-1.0331293976045117,0.5
332 31 31 1 0 1 0 -15.52091125877118,27.41078827209006,0 10.299808730754027,-30.36715232137981,0.5
550 31 0 1 0 0 1 -29.958280263297336,-9.734035322810854,0 -28.10417829704765,-15.440374420581776,0.5
937 6 31 1 1 1 0 5.997372809155747,-2.506295949803075,0 -23.52815486668793,9.832391803073602,0 -26.750687352244245,17.68193219595867,0.5
54 31 0 1 0 0 1 29.70420188062523,10.483815652474078,0 27.70728461348731,16.141758867831264,0.5
623 15 0 1 1 0 1 -11.097015486838385,-10.821563994398824,0 11.812951969860217,11.519729413392296,0 -18.36300670122685,-26.287829596425368,0.5
721 0 0 0 1 0 1 5.7079815542548396,30.978523957352884,0 0.1926896757171379,-32.06575853911571,0.5
95 18 5 1 1 0 1 15.300990624079393,10.398542490264417,0 -11.165587752706585,-7.588125601003763,0 18.545134951163103,19.857692958728833,0.5
269 15 0 1 1 0 1 -1.846005981470482,15.389680370832112,0 1.9651031415653517,-16.382562975401925,0 -9.70885617040728,30.561219083379914,0.5
516 23 9 1 1 0 1 -23.381348899060555,-2.358500299003546,0 8.45708364434105,0.8530745762353252,0 -21.784227592971966,-8.227844686040132,0.5
400 24 31 1 1 1 0 -19.82091636218621,14.400738681165594,0 6.067627457812105,-4.408389392193549,0 21.957323809056,-23.369337413462592,0.5
922 25 5 1 1 1 1 22.498426274091308,-12.00295027021598,0 -5.734892971827196,3.0595755590746614,0 -2.028378152400248,7.8826189855190485,0.5 26.204941093518258,-7.179906843771592,0.5
421 17 0 1 1 0 1 -15.388035428334732,8.33416856418894,0 12.750086497763064,-6.905453953185122,0 -30.555892993010154,9.725605554396754,0.5
116 6 22 1 1 1 1 4.848617445257184,4.329077138322636,0 -19.021499208316644,-16.98330261957342,0 -20.77974697664961,-10.50962014472557,0.5 3.0903696769242197,10.802759613170483,0.5
855 11 0 1 1 0 1 7.048431117009226,-9.086782642320442,0 -12.56459459988601,16.198177753701657,0 24.047502264322894,-21.212440567916396,0.5
634 23 11 1 1 1 1 -15.651278884704915,-17.529616917468278,0 5.661100873191139,6.3404997361055475,0 12.134783348038987,4.582251967772585,0.5 -9.177596409857067,-19.287864685801242,0.5
642 9 24 1 1 1 1 -5.963067932261652,-7.395391864886724,0 14.123055629040756,17.51540178525803,0 20.049212161024297,15.306178220647876,0.5 -0.03691140027811013,-9.604615429496878,0.5
448 27 9 1 1 0 1 -26.045203387355468,8.825949269698267,0 4.261942372476349,-1.4442462441324437,0 -23.235373521225004,1.538641390693753,0.5
645 0 4 0 1 0 1 19.30657219006876,24.889882889834247,0 -12.114013901202709,-25.406705162249345,0.5
801 21 31 1 1 1 0 6.77221017258906,-20.40556711729133,0 -3.3073584563807037,9.965509522398092,0 -4.227498499200343,31.78644768512611,0.5
747 31 25 1 0 1 0 -0.5937258510353544,-31.49440409999548,0 6.479569327027759,25.38237934741818,0.5
401 5 17 1 1 1 0 -4.469817904382016,3.2047976381771686,0 21.53639535747699,-15.441297711217267,0 10.726004999567687,-15.073248380798645,0.5
113 0 31 1 1 1 0 0.37918095764436094,0.3259168626504394,0 -23.888400331594738,-20.532762346977684,0 -27.79940268340001,-15.982590855245352,0.5
753 10 6 1 1 0 1 0.19790861701178092,-10.498134699998495,0 -0.4052414538812657,21.496180576187392,0 6.47956932702775,-25.38237934741818,0.5
611 28 31 1 0 1 0 -21.84505069406647,-18.304200615532658,0 27.998045633554028,15.63200053420631,0.5
518 31 22 1 0 1 0 -31.298756281380264,-3.5549761235146717,0 23.033392795941076,-3.4223992034667137,0.5
180 17 7 1 1 1 1 7.451137602388772,15.834473418155342,0 -6.173799727693553,-13.119992260757284,0 -8.622307001534162,-4.23152714410471,0.5 5.002630328548162,24.722938534807916,0.5
966 28 7 1 0 0 1 27.85214152169351,-6.042202632778565,0 25.215111686953065,0.6694345483188151,0.5
526 16 0 1 1 0 1 -16.280318079429822,-2.6835132257155783,0 15.293632135221955,2.5208760605206946,0 -30.10478425137854,-11.04318636888604,0.5
692 31 31 1 0 1 0 -11.226974179467414,-29.431361687383273,0 16.832947834207083,27.292890415103766,0.5
661 27 0 1 1 0 1 -14.589057568435187,-23.31114324233979,0 2.3873003293803032,3.8145507123828746,0 -11.625034689151624,-29.884922092520526,0.5
344 4 6 0 1 0 1 15.31407945342516,-22.841387227884855,0 -19.183903615623663,17.838941730564102,0.5
329 21 0 1 1 0 1 -10.239121378860693,18.90530066909696,0 5.0005011385133615,-9.23282125700084,0 -20.277401276683424,24.841034548994887,0.5
650 19 27 1 1 1 1 -11.461812419703229,-15.775831390311474,0 7.347315653655915,10.112712429686841,0 21.0181964042927,18.721255831556213,0.5 2.209068330933554,-7.167287988442102,0.5
487 28 3 1 0 0 1 -28.404978948969852,2.3253324296925006,0 -28.8945226183788,-3.654663138511679,0.5
742 23 31 1 0 1 0 -1.180741477224599,-23.47031848024141,0 7.575117762298865,31.158748224010928,0.5
296 26 5 1 0 0 1 -7.553010455454365,25.400827408960463,0 -13.30414118955862,23.690711834140608,0.5
729 16 10 1 1 1 1 -2.1708119250226607,-16.356575912646857,0 2.0392475659303786,15.365268281577352,0 7.329271556886005,9.619343971676125,0.5 3.119212065932966,-22.102500222548088,0.5
372 31 26 1 0 1 0 -21.85007913310335,22.689734283969074,0 14.059958454711882,-23.250108994406368,0.5
490 2 15 0 1 1 1 29.44178848863401,-1.8523203261147507,0 15.092671173462328,-6.9614134232739895,0.5 -16.84418413624236,-4.952116798335955,0.5
928 11 11 1 1 1 1 10.34316039301327,-5.026831316485724,0 -18.43780765711061,8.960873216344117,0 -7.720465793107674,10.423262825883953,0.5 21.060502257016207,-3.56444170694589,0.5
878 17 0 1 1 1 1 12.605407935538366,-12.138932851724094,0 -10.444480860874645,10.057972934285678,0 3.8017653224328787,4.668680802233842,0.5 26.851654118845893,-17.52822498377593,0.5
867 27 25 1 0 1 0 18.44385335475979,-20.397898750315342,0 -12.652031565253912,22.93852866405818,0.5
874 2 15 0 1 1 1 -20.728174109066053,20.990302477673914,0 -6.621860468626453,15.244702815537018,0.5 15.862938564936725,-7.52443885516011,0.5
647 4 14 1 1 1 1 -2.7131829376006107,-3.59007497792357,0 16.580562396448176,21.939347087310704,0 13.529244991722283,7.950442123175135,0.5 -5.764500342326503,-17.578979942059142,0.5
406 28 3 1 0 0 1 -23.671983127080665,15.870955069913354,0 -27.01323682600979,10.887379674738476,0.5
807 14 13 1 1 0 1 5.082747642773252,-13.57997335784879,0 -6.134350603347028,16.389623018093367,0 12.10418424402744,-15.222966983694008,0.5
908 29 21 1 0 1 1 24.707077181243186,-16.118633228660933,0 -14.728486780500438,16.772646695039633,0.5 12.072410500848102,-0.7119724004569719,0.5
741 3 2 0 1 0 1 1.6107782327377052,28.45444417810579,0 4.32311253343412,-29.791956935106914,0.5
891 10 27 1 1 1 0 8.132282132086702,-6.641986700087809,0 -16.65181579427277,13.60025848113218,0 -17.503413183986424,22.04269781380333,0.5
889 31 4 1 0 0 1 24.144529714494514,-20.230958575062417,0 24.93207360631662,-13.06298992149998,0.5
990 4 4 0 1 0 1 -27.445735031777467,1.7267392870561147,0 27.822478148953348,4.261421083513515,0.5
492 19 7 1 0 0 1 -19.47537065381734,0.9797642045055084,0 -24.770521345926046,-4.7614359442317475,0.5
712 26 23 1 0 1 0 -6.2672234211287146,-25.748240922238857,0 11.387516827545582,21.414351741352487,0.5
461 0 13 0 1 1 1 30.558987789438333,-7.641875770055333,0 11.641113667843985,-9.095849194678635,0.5 -19.4029374198394,-1.3326738092255974,0.5
252 22 7 1 0 0 1 -0.2827358973754347,22.49822349458586,0 -6.307394242365037,24.42266934369338,0.5
547 0 25 0 1 1 0 30.136429624103158,9.167639255090569,0 26.14237431571981,1.6811499447679532,0.5
500 10 31 1 1 1 0 -10.5,0.0000000000000012858791391047208,0 21.5,-0.0000000000000026329906181668092,0 31.5,-6.0000000000000036,0.5
707 11 6 1 1 0 1 -3.0693728771843216,-11.08282230033511,0 5.471490781067704,19.756335404945197,0 -1.0236586579295253,-26.1763657323175,0.5
669 0 7 0 1 1 1 15.348378960347956,27.507767326512493,0 8.893950671799512,3.6259676567224113,0.5 -6.698053351411111,-24.31843089719504,0.5
305 0 31 0 1 1 0 10.670244487726679,-29.637744222058103,0 5.024959874001326,-31.670171743529853,0.5
64 25 5 1 1 0 1 23.465912107829695,9.980028504348661,0 -5.981507007878157,-2.543928834441816,0 22.037901954172348,15.892793255381086,0.5
534 27 4 1 0 0 1 -26.87487339812532,-5.8301955228565,0 -25.602830738592992,-11.693804264265662,0.5
352 0 31 0 1 1 0 18.834006966311833,-25.249360023432622,0 14.024605057086571,-28.836789921777733,0.5
44 19 11 1 1 1 1 18.759539595928675,5.322562742587841,0 -12.025345894826074,-3.4118991939665646,0 -12.70102983634394,2.6332187710672765,0.5 18.08385565441081,11.36768070762168,0.5
248 28 31 1 0 1 0 0.3581321366755541,28.49774975980876,0 -6.395356521548509,-31.422116653120092,0.5
535 8 13 0 1 0 1 22.934043905560564,5.126366172818749,0 -16.74560064748757,-9.891150537468521,0.5
671 14 29 1 1 1 0 -6.905453953185111,-12.750086497763068,0 8.334168564188927,15.388035428334739,0 19.32492486934753,23.082401928613784,0.5
184 29 10 1 0 1 1 11.88573985355305,26.999614592317066,0 -9.721964610718963,-7.1925936982376575,0.5 3.171041332118243,22.095123825631703,0.5
659 31 20 1 0 1 1 -17.04531944199659,-26.489754342392324,0 16.13865316238997,13.99263642435121,0.5 -1.177226905670059,-12.9175902091902,0.5
220 0 22 0 1 1 0 -5.902511409450329,-30.94204839795369,0 -10.109803082550938,-20.977175253881146,0.5
224 10 0 1 1 0 1 1.707690234546279,10.360202414182615,0 -3.49669905169,-21.213747800469164,0 -0.7970449616083712,32.056430233717144,0.5
601 20 3 1 1 0 1 -16.508811657078002,-12.153564813301712,0 9.261040685677903,6.81785343185218,0 -19.394133821800622,-21.728266688856916,0.5
111 10 27 1 1 1 0 8.048176571498173,6.743652858354136,0 -16.47959964640102,-13.808432043296564,0 -24.932073606316628,-13.062989921499971,0.5
917 20 16 1 1 1 1 17.774949373872047,-10.212794659459558,0 -9.971313063391637,5.729128711404142,0 -11.317555937177143,13.422478445088537,0.5 16.42870650008654,-2.519444925775163,0.5
146 21 6 1 1 0 1 13.070501400434019,17.07079357092846,0 -6.383268125793357,-8.33689918580227,0 10.738280199325429,23.894336951687436,0.5
319 9 25 0 1 1 0 9.451928889265641,-20.41839955217513,0 5.2672795272543596,-25.661367196269318,0.5
514 27 4 1 0 1 1 -27.393674251437243,-2.41590790514543,0 5.009708420448733,-5.581471270380692,0.5 -26.866567072132785,-8.392709560004464,0.5
155 6 2 0 1 1 1 -14.33312613522933,-21.090554644001326,0 -6.3676918902776976,1.3047988314263788,0.5 11.618976200990481,27.771377208212357,0.5
817 9 23 1 1 1 1 3.8821662099953107,-8.67057008033328,0 -9.194604181567842,20.535560716578818,0 -4.127103731883171,23.900146752400413,0.5 8.94966665967998,-5.3059840445116855,0.5
205 21 31 1 1 1 0 5.998308779843434,20.646314242054274,0 -2.92940661341191,-10.0830836996079,0 -14.549981954297387,-28.575304462588324,0.5
234 31 4 1 0 0 1 3.1613940178132696,31.340957034910957,0 -3.209758943479391,27.963323256093044,0.5
907 5 9 0 1 1 1 -22.10307849074903,14.61861557165341,0 -4.613869895554541,10.245106372649115,0.5 22.07663998006693,-7.40756148746066,0.5
603 0 28 0 1 1 0 25.130524845464993,18.992280563204268,0 26.354718776983425,12.396725300905768,0.5
773 17 16 1 1 1 1 2.5201886946644074,-17.317582075546394,0 -2.088156347007652,14.34885371973844,0 3.561278799503751,17.192070652257254,0.5 8.16962384117581,-14.47436514302758,0.5
690 18 26 1 1 1 0 -6.810304224666554,-17.200864988932647,0 4.969681461243161,12.55198255949139,0 15.33395956147349,22.430329559930584,0.5
501 31 0 1 0 0 1 -31.49937821696832,-0.19791903491510476,0 -31.46167935317497,-6.197800600051927,0.5
498 25 19 1 1 1 1 -25.49798662719731,0.32043401702549734,0 6.499486787324805,-0.08167925924179344,0 19.423064122674297,-6.2445640429482765,0.5 -12.574409291847818,-5.842450766680986,0.5
715 21 20 1 0 1 1 -4.690079690025679,-20.982210381683064,0 10.32743702026162,18.69743417136506,0.5 3.346853295572236,-12.531902210674852,0.5
57 22 14 1 1 1 1 21.072372451834326,7.887022204303328,0 -8.897223924107827,-3.3300760418169606,0 -15.683179278996342,0.5365516777158978,0.5 14.28641709694581,11.753649923836186,0.5
800 3 0 1 1 0 1 1.0815594803123152,-3.3286978070330377,0 -8.806984339685997,27.10511071441188,0 15.44037442058176,-28.104178297047657,0.5
83 7 22 0 1 1 1 -21.243232178530008,-12.205535080817524,0 -22.49820140823797,-6.006740663151602,0.5 5.248061029025711,9.935182707712102,0.5
709 3 3 0 1 1 1 7.260965681976396,27.559542401229397,0 6.693706466466448,1.8558808530682287,0.5 -1.4589567554017862,-29.08816675532969,0.5
683 27 15 1 0 1 1 -11.237849555249593,-25.099018653596328,0 11.810210182834425,11.6948251563362,0.5 -1.2665602087287384,-17.51130564057589,0.5
767 21 13 1 1 1 1 2.292139816918094,-21.377466993535474,0 -1.119417119890232,10.440158299168488,0 4.52655415966598,14.062727596011046,0.5 7.938111096474306,-17.754897696692918,0.5
901 25 6 1 0 0 1 20.723701193043897,-14.858607231548683,0 24.219844071055352,-9.98244224495012,0.5
217 3 7 1 1 0 1 0.7205191306945847,3.425033165139152,0 -5.867084349941619,-27.889555773275955,0 -0.8278515110907385,25.210407808593352,0.5
582 16 15 1 1 1 1 -14.358031952047176,-8.130001135546808,0 13.48784819737765,7.637273793998516,0 16.444212246667398,2.4161712659813617,0.5 -11.401667902757428,-13.351103663563961,0.5
306 31 0 1 0 0 1 -10.856252079997281,29.570116516097038,0 -16.488655225920525,27.502258977049937,0.5
713 29 13 1 1 1 1 -6.796488086959446,-28.70640607397273,0 0.5759735666914785,2.432746277455316,0 8.948848326026742,11.75449333819916,0.5 1.5763866723758184,-19.384659013228887,0.5
126 24 11 1 1 1 1 17.214924260071804,17.432624091627492,0 -5.269874773491369,-5.33651757906964,0 -12.349688715942477,-3.9667604691136864,0.5 10.135110317620697,18.802381201583444,0.5
48 28 4 1 1 0 1 27.213639525279323,8.465685074945496,0 -3.3420259066132503,-1.0396455355196221,0 24.476525491070472,13.897830761848319,0.5
573 7 24 1 1 1 0 -6.7248077758892695,-3.32068673279176,0 21.96770540123828,10.847576660453083,0 24.62425478747169,5.467730439741667,0.5
277 28 26 1 1 1 0 -4.8117531743129165,28.090870961746443,0 0.5909170564945686,-3.449756083021493,0 -1.4397812860065393,-27.132582439724853,0.5
27 31 4 1 0 0 1 31.04780474719344,5.318253508451117,0 26.09222569832104,10.556787300494168,0.5
793 29 18 1 0 1 1 7.873608684951076,-28.429848509555285,0 0.8446552673131125,19.430299984287434,0.5 9.385518925565126,-11.408857720992879,0.5
161 3 28 0 1 1 0 -15.119568752741923,-24.15882117842487,0 -20.20563636925242,-20.975754072584465,0.5
844 31 10 1 0 1 1 17.54158191937791,-26.163770824668106,0 -0.8636185779510921,12.062510640485161,0.5 16.95640114967091,-14.516558133780851,0.5
266 5 24 1 1 1 1 -0.5519894316816826,5.472230593397151,0 2.6595854435571975,-26.366201950004456,0 -3.5108440880330334,-24.978470205149144,0.5 -6.722418963271913,6.859962338252461,0.5
916 2 26 0 1 1 0 -25.485740807188638,14.85688444825495,0 -19.872231345795566,18.52955534650468,0.5
722 13 31 1 1 1 0 -2.3628112961662255,-13.291618516144274,0 3.237926591042605,18.214440188790302,0 11.420612364896424,29.96363818381832,0.5
752 14 28 1 1 1 0 0.1822075783086117,-14.498855140955333,0 -0.2199056979586693,17.49861827356678,0 5.64139412854735,28.573145999108874,0.5
9 21 31 1 0 1 0 21.465633327342964,1.215148491363527,0 -31.788760035324863,4.210075464470077,0.5
719 24 25 1 1 1 1 -4.741961967246088,-24.036717677361683,0 1.4516210103814555,7.358178880825005,0 10.822054539956952,23.856511386499854,0.5 4.628471562329409,-7.538385171686835,0.5
679 8 31 1 1 1 0 -3.667376388288151,-7.6681386546297245,0 10.139217073502534,21.200148045152766,0 19.00366919515942,25.828483446012637,0.5
958 9 31 1 1 1 0 9.1711255689161,-2.477994309754027,0 -21.721086873748657,5.868933891522696,0 -28.844472585508736,14.008797281131418,0.5
141 10 31 0 1 1 0 -13.600258481132178,-16.65181579427278,0 -24.572978461455826,-20.601425424781368,0.5
941 28 7 1 0 0 1 26.56402670505901,-10.324847951079558,0 25.00939445545344,-3.2833198095121103,0.5
548 12 16 0 1 1 1 18.619858622559537,5.792310840752184,0 17.53751447778182,-0.8280011724587784,0.5 -13.018150954110755,-10.333331782923901,0.5
447 2 18 1 1 1 1 -2.3626576879495116,0.8172200741373569,0 27.87936071780424,-9.643196874820811,0 15.522338712896731,-11.717806999695268,0.5 -14.71967969285702,-1.2573900507371008,0.5
863 14 3 1 1 1 1 9.451589016862743,-10.996247771686466,0 -11.407090192765379,13.27133351755263,0 2.2687534531792544,6.565269055315799,0.5 23.127432662807372,-17.702312233923298,0.5
256 31 2 1 0 0 1 -1.187240754102939,31.47761838817856,0 -7.1075972246066055,29.252898346877775,0.5
472 24 0 1 0 0 1 -24.121826195965532,4.28806494489427,0 -32.06391489152163,-0.3941596494540276,0.5
5 29 5 1 0 1 1 29.485443530789084,0.9266173928047846,0 -5.685750636480293,5.824280187264684,0.5 26.298459295223118,6.829424477764789,0.5
443 19 31 1 1 1 0 -18.26272279158975,6.835419243729551,0 11.706873584352403,-4.3816790023907375,0 27.398115511420503,-16.661130406513813,0.5
318 4 6 0 1 0 1 11.395328477315314,-25.02791419383738,0 -16.027213139438718,20.721448766507685,0.5
781 12 24 1 1 1 1 2.419368350635755,-12.263631468041677,0 -3.774214626991778,19.131265090145014,0 1.1445811374139252,25.19801448566685,0.5 7.338164115041458,-6.196882072519843,0.5
735 0 28 1 1 1 0 -0.047054156659257426,-0.49778098230154,0 2.964411869533218,31.36020188499702,0 8.655458717196154,27.808866111276693,0.5
517 19 27 1 1 1 0 -19.388865412741477,-2.078917508367566,0 12.428759879962486,1.3326394284407475,0 27.982938661569026,-3.033997999812349,0.5
259 2 18 0 1 1 1 1.6672967672197228,-29.452845728214765,0 -4.9448164127363965,-18.809539883908187,0.5 -6.753409516161181,13.139309719579016,0.5
790 9 7 1 1 1 1 2.362553928066122,-9.201540030721995,0 -5.595522461209236,21.7931211253942,0 3.9463248130353747,8.756513031453864,0.5 11.904401202310734,-22.238148124662334,0.5
890 28 24 1 1 1 0 21.959627419109996,-18.166583707837656,0 -2.696796349715263,2.230983964120414,0 -15.053030509514702,20.23996720549763,0.5
137 7 24 0 1 1 0 -15.969926269871527,-18.579866924573686,0 -20.520097761603857,-14.668864572768413,0.5
489 22 23 1 1 1 0 -22.446281393127567,1.5538505785741363,0 9.47731881043164,-0.6560702442868576,0 23.029533745202357,-7.608585642455894,0.5
388 19 22 1 1 1 1 -14.867628964723236,12.617591250604162,0 9.5305313876431,-8.088199519618053,0 13.272620728340916,-19.133414201381186,0.5 -11.125539624025421,1.5723765688410323,0.5
775 0 21 0 1 1 1 -4.927685648767266,31.11218272874684,0 2.562789045205867,22.173906113036846,0.5 7.568691926493249,-9.432120786007562,0.5
166 13 0 1 1 0 1 6.798913222082772,11.662966132103277,0 -9.317029230261577,-15.982583218067452,0 10.680590348369456,30.235326851388876,0.5
407 8 0 1 1 0 1 -7.089666685711955,4.688989900341658,0 19.600843189909522,-12.963677959768114,0 -29.583345882585473,12.372374323116528,0.5
89 3 1 1 1 0 1 2.9668727762977913,1.8567891450735692,0 -24.158821178424873,-15.11956875274192,0 22.671109944754633,21.26665873786589,0.5
349 31 25 1 0 1 0 -18.35475010956014,25.59986617964246,0 9.982442244950121,-24.219844071055352,0.5
697 15 28 1 1 1 0 -5.066764459651619,-14.648477665286972,0 5.393652489306563,15.593540740466775,0 14.986687296244707,24.97296946469477,0.5
914 15 0 1 1 0 1 13.291663171001607,-7.973812773613354,0 -14.14918982719526,8.48825230739486,0 30.098726872789083,-11.059685376955551,0.5
446 16 3 1 1 0 1 -15.559343842232265,5.491522484629278,0 14.6163533063394,-5.1587029401062905,0 -28.87214754008456,3.8274138035479286,0.5
607 8 0 1 1 0 1 -6.650321889901,-5.293696134148955,0 18.386184048549822,14.63551284147064,0 -20.908583850233857,-24.312159948835067,0.5
578 13 11 1 1 1 1 -11.910931556871873,-6.354503084231984,0 16.32238768904664,8.708022745058646,0 12.970572696993958,0.11934786129159924,0.5 -15.262746548924552,-14.94317796799903,0.5
899 3 13 1 1 1 1 2.818577599988927,-2.074998870563707,0 -22.951274742766977,16.896419374590185,0 -7.3145155361337935,12.83541438644103,0.5 18.45533680662211,-6.136003858712861,0.5
785 23 2 1 1 0 1 5.126366172818758,-22.93404390556056,0 -1.8542175518706145,8.295292476479352,0 12.2907261928305,-27.480685028813788,0.5
14 9 10 1 1 1 1 9.46326928686014,0.83458636723206,0 -22.41300620572138,-1.9766519223917212,0 -10.98651007530777,5.0543640910762315,0.5 20.88976541727375,7.865602380700013,0.5
290 20 2 1 0 0 1 -5.09814268687952,19.85595480313694,0 -13.147850638134999,27.08106393030549,0.5
970 6 24 0 1 1 1 -25.04832489358156,4.778223521935979,0 -22.941749755338524,10.484565711722386,0.5 8.491442267979513,4.488363644979197,0.5
249 9 22 1 1 1 1 0.05968986767281112,9.499812478133302,0 -0.14137073922507898,-22.499555869263084,0 -6.141252304361902,-22.461857005469728,0.5 -5.940191697464011,9.537511341926656,0.5
293 2 28 0 1 1 0 7.873608684951073,-28.429848509555285,0 1.824364625890639,-29.067536767187526,0.5
417 21 5 1 0 0 1 -18.642020075036534,10.710979764799054,0 -25.966484212895935,7.9994810845095685,0.5
7 6 26 0 1 1 0 -25.47533983429218,-1.121187017105555,0 -26.738181478877493,4.8290424726453285,0.5
857 30 28 1 0 1 0 18.995027304887426,-23.862919722585943,0 -13.055106880451671,26.03486478436144,0.5
160 9 25 1 1 1 0 5.090354552300467,8.021115292269144,0 -12.056102887027421,-18.99737832379534,0 -18.729550824976503,-18.315401330427406,0.5
427 28 13 1 0 0 1 -25.55426954837922,12.618609584608695,0 -19.24440856676027,2.811181053508263,0.5
893 13 19 1 1 1 1 10.562275942783938,-8.40763503658952,0 -14.474229995666878,11.521573939030082,0 -11.519894123314792,16.83870658297772,0.5 13.516611815136024,-3.090502392641879,0.5
877 29 3 1 0 0 1 21.12012624914402,-20.595879860307445,0 24.593182280083024,-15.602095543182987,0.5
687 12 23 1 1 1 1 -4.819799903467451,-11.533409248376438,0 7.518887849409224,17.992118427467243,0 14.5972602577395,19.369305433283326,0.5 2.2585725048628236,-10.156222242560354,0.5
780 29 14 1 0 1 1 5.527748780278866,-28.977473896496317,0 3.17669444287913,15.367453023080332,0.5 9.172896509622307,-16.065739000237706,0.5
6 2 0 0 1 0 1 -29.47903944289738,-1.111860388763069,0 31.251477292158953,7.182977589946473,0.5
322 18 3 1 1 0 1 -8.086641683042256,16.63899715397787,0 5.901062849787592,-12.141970896146011,0 -17.85423085894981,23.010355069735983,0.5
16 0 7 0 1 0 1 -31.340957034910957,-3.161394017813269,0 23.774129626934567,8.428568115742566,0.5
910 8 24 1 1 1 0 7.176787366767129,-4.554527757321469,0 -19.841706249297356,12.591929682006414,0 -17.47107340492539,18.1937240299975,0.5
291 30 31 1 0 1 0 -7.770507133343153,29.49354537675427,0 2.2232689324519237,-31.989171218616995,0.5
886 0 8 0 1 1 1 -23.75891849318727,20.68245130621813,0 -2.4716222017391427,10.106487208316754,0.5 21.664421981816176,-10.904256975777857,0.5
473 2 31 0 1 1 0 29.076515556895444,-4.980586619025655,0 30.034804078917034,-11.232121079345113,0.5
246 16 5 1 1 0 1 0.4146465748150693,16.49478912317445,0 -0.3895164793717317,-15.495104933891149,0 -5.332157606451355,26.642411588667475,0.5
567 0 0 0 1 0 1 28.74978500321035,12.872445854194979,0 -26.297890554792257,-18.348595378615997,0.5
968 0 0 0 1 0 1 -30.865434150103777,6.290864386203826,0 32.06369403319022,-0.4117340718983451,0.5
902 22 28 1 1 1 0 18.367633141136636,-12.995385827001025,0 -7.755222881813246,5.486940682511544,0 -19.80023242490613,21.358857551837733,0.5
717 8 8 1 1 0 1 -1.7498321745439962,-8.317937686766511,0 4.8377713060922245,22.99665125164859,0 1.0337141198606075,-24.23182690426788,0.5
579 25 4 1 1 0 1 -22.42256590985919,-12.14407419353244,0 5.715556016238617,3.095548323841602,0 -21.32376930823267,-18.372448462011654,0.5
746 19 12 1 1 0 1 -0.49003686114508854,-19.49384169102435,0 0.31412619304172346,12.49605236604125,0 5.508068274554711,-19.64462226368438,0.5
125 31 28 1 0 1 0 22.27386360737625,22.27386360737625,0 -24.395183950935895,-15.909902576697322,0.5
55 16 28 1 1 1 0 15.52453268774472,5.589175684047308,0 -14.583651918790494,-5.250437763802016,0 -28.847529436667173,-4.008746113265452,0.5
986 25 2 1 1 0 1 25.4014070331509,-2.2402055120439535,0 -6.474868459430621,0.5710327775798313,0 29.91304864902805,3.385191356612108,0.5
848 8 22 0 1 1 0 -13.572958530423282,19.18397239185383,0 -8.09735032269791,21.833069361670248,0.5
826 21 7 1 0 0 1 9.880967003361977,-19.094933649491214,0 16.58852527810771,-19.001863832202925,0.5
367 2 17 0 1 1 1 19.78522450783324,-21.88138229579281,0 7.286546952960164,-17.004594482148256,0.5 -14.175391496214877,6.7311422454914,0.5
348 9 28 1 1 1 0 -5.48694068251154,7.755222881813248,0 12.995385827001016,-18.36763314113664,0 11.562786543231516,-26.73110486597335,0.5
132 27 4 1 1 0 1 18.57165222332817,20.281610727349783,0 -3.0389976365446096,-3.3188090281117826,0 14.146573519179125,24.333607576075927,0.5
640 12 0 1 1 0 1 -7.967799871858619,-9.631415534697368,0 12.429767800099446,15.025008234127892,0 -15.455776220428984,-28.0957110859295,0.5
92 28 26 1 0 1 0 23.86954914120104,15.572238881926669,0 -25.47285914152237,-9.454281948205281,0.5
185 7 24 0 1 1 0 -9.730123320552124,-22.484988329257536,0 -15.236651074656011,-20.102100985448853,0.5
738 6 23 1 1 1 0 -0.48962423593156224,-6.4815328516939905,0 1.9208335409622825,25.427551956645654,0 7.753133331470101,22.98127332295683,0.5
134 18 29 1 1 1 1 12.321219547533653,13.79991119034737,0 -8.991160210362397,-10.070205463226458,0 -24.122996961855513,-18.009192585407863,0.5 -2.8106172039594632,5.860924068165964,0.5
969 18 4 1 1 0 1 18.15017457270168,-3.580665158940925,0 -13.24472198548501,2.612917818686621,0 28.14128603799685,0.5639327332613311,0.5
469 20 22 1 1 1 1 -20.112355607588345,3.967764095042644,0 11.28254095059834,-2.225818882584898,0 20.91323983416985,-10.241406135804368,0.5 -10.481656724016837,-4.047823158176827,0.5
326 2 9 1 1 0 1 -1.1489496515537194,2.2203411220338616,0 13.55760588833389,-26.200025239999565,0 -15.669365556864744,17.225590934575827,0.5
959 2 23 0 1 1 1 -28.52654388899183,7.51573640765978,0 -21.19591060831693,11.789120980134097,0.5 9.748137000080993,3.6364577582658595,0.5
213 16 29 1 1 1 0 3.8014255401637453,16.05612543120509,0 -3.5710361134871547,-15.083026920222961,0 -12.635079152852182,-27.32406951391319,0.5
881 26 26 1 1 1 0 19.43126667489784,-18.018764536144108,0 -4.03290440422408,3.739743582973305,0 -15.351546402563326,22.41829661347947,0.5
543 19 31 1 1 1 0 -18.79261172665519,-5.204588791747322,0 12.04654597862512,3.3362748665046937,0 31.95870780205756,2.6250705938517713,0.5
2 15 29 1 1 1 0 15.49877618515915,0.19477361819196543,0 -16.498697229362964,-0.207339658075318,0 -29.57306704331269,5.628828088663995,0.5
860 24 13 1 1 1 1 15.616887748842888,-18.877574448006843,0 -4.780679923115169,5.778849320818422,0 -3.9821444049525674,14.226472715965295,0.5 16.41542326700549,-10.429951052859971,0.5
63 11 31 1 1 1 0 10.61073650850632,4.43421591119006,0 -18.914791167337356,-7.904471841686629,0 -31.377695259573,-6.6098593175173015,0.5
702 6 1 0 1 0 1 7.574560330214392,24.349045891039395,0 -3.3305809696197093,-30.90561810423482,0.5
686 25 8 1 1 1 1 -9.980028504348661,-23.465912107829695,0 2.543928834441816,5.981507007878157,0 8.848067252311443,5.473728701586684,0.5 -3.6758900864790345,-23.973690414121165,0.5
175 31 18 1 0 1 1 14.300700741795724,28.066705511933584,0 -13.744863390311824,-13.759677699047522,0.5 0.7828326013536753,14.752531074980245,0.5
945 13 0 1 1 0 1 12.70189038088204,-4.572961923311445,0 -17.406294225653166,6.266651524537907,0 31.670171743529846,-5.024959874001355,0.5
178 1 27 0 1 1 0 -13.332030882853456,-27.431860172774314,0 -17.417115092298882,-22.1109498181696,0.5
463 7 2 0 1 0 1 23.840913519062102,-5.644540953576466,0 -30.08874263403228,0.9578970210666586,0.5
652 16 11 1 1 1 1 -9.529949606467415,-13.469597636833536,0 8.952376903045149,12.65325838611635,0 11.540121593659181,5.92246516271401,0.5 -6.942204915853384,-20.200390860235878,0.5
909 11 11 1 1 1 1 9.670862696428944,-6.222894399459074,0 -17.239363937112465,11.092985668600958,0 -6.424135183667689,11.268561893248087,0.5 20.486091449873722,-6.047318174811944,0.5
226 25 28 1 1 1 0 3.830752522579305,25.210619490816807,0 -0.9764663292849209,-6.426236340796441,0 -10.213339758369061,-27.27522119030601,0.5
947 22 29 1 1 1 0 21.263919191545604,-7.354980667236224,0 -8.978099214208143,3.1054362817219614,0 -25.918032539874577,15.313575325899654,0.5
181 19 0 1 1 0 1 8.191671704030226,17.69594627855178,0 -5.2510716051475805,-11.34355530676396,0 7.7877938977252015,31.10627374351602,0.5
791 19 11 1 1 1 1 4.968029150825948,-18.856529011367485,0 -3.1846340710422743,12.087518597030439,0 2.8721455812157184,12.649141463368295,0.5 11.024808803083939,-18.29490614502963,0.5
849 28 31 1 0 1 0 16.606678670554402,-23.161783686343192,0 -13.478585122961558,29.096009057653923,0.5
798 26 25 1 0 1 0 7.8716019117914175,-25.30391043578604,0 -1.8453730617345254,26.131295380501605,0.5
17 23 3 1 1 0 1 23.366068574329475,2.505362125468608,0 -8.45155671837449,-0.9061948113397092,0 27.69790560066291,9.004222639226901,0.5
378 14 1 1 1 0 1 -10.44448086087465,10.057972934285672,0 12.605407935538372,-12.138932851724086,0 -26.131345093957993,16.834571677963112,0.5
341 29 0 1 0 0 1 -15.963076937742835,24.80786517779599,0 -22.0909869357856,23.243026829631074,0.5
778 7 30 1 1 1 0 1.3126729423145669,-7.384232508969041,0 -4.288064944894252,24.121826195965532,0 0.5691827084293273,31.07935055699242,0.5
0 24 2 1 0 0 1 24.5,0,0 29.5,6,0.5
171 6 2 0 1 0 1 -12.144074193532447,-22.422565909859184,0 8.773129147060867,28.797260372629044,0.5
455 24 28 1 1 1 0 -23.527195299085104,6.835282097961113,0 7.202202642577073,-2.092433295294218,0 25.694423405557504,-13.713008636179689,0.5
94 31 31 1 0 1 0 26.1637708246681,17.541581919377922,0 -29.50502452359723,-12.558006524203046,0.5
872 20 23 1 1 1 1 14.219892769162504,-14.76633501020209,0 -7.977013016847258,8.283553786210929,0 -11.978998537273478,21.08918191974264,0.5 10.217907248736285,-1.9607068766703781,0.5
925 0 29 0 1 1 0 -28.066705511933584,14.30070074179573,0 -23.56074946511957,18.738758887446842,0.5
245 12 3 1 1 0 1 0.3926344884766049,12.493832004571646,0 -0.6125098020235037,-19.490377927131767,0 -5.10183272846773,28.67440152489212,0.5
621 10 22 1 1 1 0 -7.608857866963993,-7.235694988067156,0 15.580042299021509,14.815946880327985,0 20.439378279532647,11.157141907593052,0.5
787 31 0 1 0 0 1 7.257266940312617,-30.652603095936982,0 13.095858006205376,-29.270266535877436,0.5
483 4 29 1 1 1 0 -4.474353556786495,0.4797501942386702,0 27.34327173591747,-2.9318067425696515,0 28.69220639105991,-9.110833793502165,0.5
320 26 1 1 1 1 1 -11.283151226474427,23.977916890349515,0 2.3417861036079,-4.9765487885631075,0 -4.790293377448507,-3.9119163280894655,0.5 -18.415230707530835,25.042549350823155,0.5
69 19 24 1 1 1 1 17.69594627855178,8.191671704030222,0 -11.34355530676396,-5.251071605147578,0 -24.7538827717282,-4.847193798842552,0.5 4.285618813587539,8.595549510335248,0.5
605 17 5 1 1 1 1 -13.827712716574585,-10.725873438927085,0 11.457247679447512,8.887152277968156,0 8.023294889984156,-1.3699412791627736,0.5 -17.26166550603794,-20.98296699605801,0.5
102 2 0 0 1 0 1 -23.64622605369086,-17.638197000196804,0 21.6619301250875,23.643408875537105,0.5
961 25 9 1 0 1 1 24.7382282104977,-6.186280385282892,0 -7.76060728188356,8.125452271497007,0.5 23.283443805799823,0.3622768860439658,0.5
414 26 12 1 0 1 1 -22.72445638913178,13.632647645209927,0 7.63244599973161,-11.575654109430745,0.5 -19.808406998465255,4.886410971577467,0.5
897 7 2 0 1 0 1 -19.54596376869499,14.771773771381104,0 27.152513216521992,-12.9996548425948,0.5
300 8 24 0 1 1 0 7.261899367811263,-22.34982813293611,0 1.8645772644152876,-25.154986615480947,0.5
47 6 20 0 1 1 1 -24.396157314750177,-7.421422254120931,0 -21.358814057925652,-0.22596911062658975,0.5 9.25597159195692,9.087188227878109,0.5
23 28 24 1 0 1 0 28.20291938017555,4.104307302739187,0 -25.10867960107846,2.4091925390857276,0.5
40 10 28 1 1 1 0 10.170123191850626,2.611243815230975,0 -20.824537964265566,-5.346832574044378,0 -29.096759415155116,-1.2761628174265756,0.5
589 6 2 0 1 0 1 21.615787370169624,13.528035199821712,0 -21.823432008669556,-20.73614755355915,0.5
609 2 12 1 1 1 1 -1.936257650496835,-1.5814254047828111,0 22.84784027586265,18.660819776437172,0 13.47670922396292,3.2601086627216525,0.5 -11.307388702396565,-16.98213651849833,0.5
340 1 23 0 1 1 0 16.342717246859404,-25.752001727811457,0 7.525962128994337,-23.056667019171336,0.5
940 18 16 1 1 1 1 17.200864988932647,-6.810304224666556,0 -12.55198255949139,4.969681461243162,0 -13.132564701048071,11.652714034626705,0.5 16.620282847375965,-0.12727165128301277,0.5
846 25 5 1 0 0 1 14.465358202732283,-21.000081239524906,0 19.973822737629604,-18.420000142392798,0.5
458 29 7 1 1 1 1 -28.47875834558158,7.694824435551963,0 2.413454097083185,-0.6521037657247426,0 5.675313253510172,-7.748601130173871,0.5 -25.216899189154592,0.598327071102835,0.5
67 31 29 1 0 1 1 28.749785003210338,12.872445854194995,0 -29.376296276821428,-6.57899818030128,0.5 -0.17016547990933706,6.497772211261889,0.5
637 2 29 0 1 1 0 19.22909489637593,22.371676501017287,0 23.779266388108258,18.460674149212014,0.5
328 4 20 1 1 1 1 -2.1181676947439967,3.9703105189572896,0 12.944358134546647,-24.263008726961214,0 4.355683250779599,-20.911193734908537,0.5 -10.706842578511043,7.3221255110099674,0.5
576 19 21 1 0 1 1 -17.318660751864122,-8.961807282119004,0 21.852412813220138,4.55214831048071,0.5 -6.567953548813296,-10.154407229406885,0.5
270 18 7 1 1 0 1 -2.318664820939631,18.354121974317838,0 1.691998653118109,-13.39354846774545,0 -9.023352430212324,23.55481078081888,0.5
832 12 0 1 1 0 1 6.159091769353642,-10.877296933369072,0 -9.60818316019168,16.96858321605575,0 20.74201378678833,-24.454424222800313,0.5
28 4 16 1 1 1 1 4.430539505381424,0.7876037653887422,0 -27.075519199553145,-4.813134121820091,0 -17.295449873583546,3.0195055340831773,0.5 14.210608831351026,8.62024342129201,0.5
149 2 0 0 1 0 1 -17.489276194751252,-23.756582628478096,0 13.843142520806637,28.924339320866693,0.5
885 3 1 0 1 0 1 -21.378165484468084,18.84738816172409,0 26.846258815670918,-15.66934547458864,0.5
505 17 2 1 1 0 1 -17.491364806400302,-0.5496882838672399,0 14.492845125303107,0.4554560066328559,0 -29.296978976320315,-6.923656754999165,0.5
112 13 7 1 1 0 1 10.292973898654546,8.735255481187497,0 -14.105186453711786,-11.970535289034718,0 14.79750575036381,20.42752612452007,0.5
25 19 29 1 1 1 0 19.259922641605186,3.050472068284502,0 -12.346104257439222,-1.955430813002886,0 -30.07541283779795,1.3113133248840159,0.5
974 26 29 1 0 1 0 26.1471775215085,-4.309884877664435,0 -28.1314123629628,10.717912038496294,0.5
887 21 29 1 1 1 0 16.304781178707515,-14.014425093968901,0 -7.962800110531576,6.844254115659231,0 -18.46067414921201,23.77926638810826,0.5
522 6 2 1 1 1 1 -6.437999267028233,-0.8956368894501484,0 25.256766355264606,3.5136524124582746,0 3.3028953083494574,-5.5982928274683115,0.5 -28.391870313943382,-10.007582129376734,0.5
749 29 0 1 0 0 1 -0.18535274698398294,-29.499417695256046,0 5.801962530221722,-31.537077080761673,0.5
565 29 6 1 0 0 1 -27.07376145767745,-11.71586277372601,0 -21.019855611132844,-15.63379896529078,0.5
839 2 28 0 1 1 0 -15.650079937048645,25.00649911450996,0 -10.03350113623141,27.34188828426528,0.5
821 23 3 1 1 0 1 10.139217073502527,-21.200148045152773,0 -3.667376388288148,7.668138654629726,0 17.709301058116537,-23.122081567908037,0.5
299 15 7 0 1 1 1 5.000081948940768,-15.72415913503411,0 -3.4451115268575094,-8.965556679175783,0.5 -13.142240155106272,21.52978224937522,0.5
317 6 18 1 1 1 0 -2.6562189857862686,5.932495318122768,0 10.4205514057769,-23.273635478789323,0 2.0838583582014394,-19.3366888153829,0.5
379 7 7 0 1 0 1 17.754001689582644,-16.883288305490034,0 -21.888684539906734,12.535369524367754,0.5
30 12 10 1 1 1 1 12.278590634108609,2.3422664323215576,0 -19.15460138920943,-3.6539356344216296,0 -11.438304020165578,3.9262197012220237,0.5 19.994888003152457,9.922421767965211,0.5
370 10 24 0 1 1 1 14.717762777466808,-15.672825489560346,0 12.397592330724404,-21.967014007396713,0.5 -9.507915058993635,1.3599820700884537,0.5
495 13 29 1 1 1 0 -13.493338564937376,0.42404524755473116,0 18.490871366766033,-0.5810990429453724,0 29.296978976320315,-6.923656754999172,0.5
628 31 25 1 0 1 0 -21.850079133103357,-22.68973428396907,0 22.010013447553966,14.205960299764797,0.5
772 27 3 1 1 0 1 3.7892329938275493,-27.237689206657908,0 -0.6200563080808718,4.457076415634931,0 9.869791838692095,-27.40140888824673,0.5
561 17 9 1 1 1 1 -16.230290183356573,-6.544286100411508,0 13.447954723352588,5.422408483198106,0 11.054484191106084,-2.0120584654988636,0.5 -18.623760715603076,-13.978753049108478,0.5
397 0 10 0 1 1 1 25.13052484546499,-18.992280563204275,0 4.759264365020849,-11.117526824966184,0.5 -20.770157700213424,8.176218509082602,0.5
139 16 26 1 1 1 0 10.597168777413641,12.647134612354272,0 -9.954916124237057,-11.880641605544923,0 -21.61865335003558,-16.458548761388265,0.5
479 8 25 1 1 1 1 -8.426114864090804,1.1182970522844042,0 23.2957293301334,-3.091762438668647,0 24.48895843771872,-9.30273694327025,0.5 -7.23288575650549,-5.092677452317201,0.5
663 24 4 1 0 0 1 -12.735524894207382,-20.92979707663273,0 -9.169312331873737,-26.611533427454873,0.5
919 13 31 1 1 1 0 11.789043139933925,-6.577876697291982,0 -16.15535541398353,9.014127325918642,0 -24.5842665721605,20.58795368920748,0.5
197 26 21 1 0 1 0 8.662532785855975,25.044171492264827,0 -12.698471088660092,-18.35752793843615,0.5
36 29 5 1 0 0 1 28.748542747204024,6.615987448006743,0 24.479337563148007,11.790336401878063,0.5
993 11 0 1 1 0 1 11.488878748798435,-0.5056333606554484,0 -20.480175160901556,0.901346425516234,0 31.73334615226812,4.6092018810559985,0.5
364 4 29 0 1 1 0 18.0561082832063,-20.741912970242858,0 14.843771510295586,-26.189930266232803,0.5
237 27 20 1 0 1 1 2.243741818124335,27.40831302093582,0 -7.652603105351411,-19.94210785528867,0.5 -5.041703535170367,11.95120184180029,0.5
128 29 0 1 1 0 1 20.462772521477746,21.249116234193256,0 -1.7341332645320122,-1.8007725622197674,0 17.528224983775914,26.8516541188459,0.5
595 2 0 0 1 0 1 24.39887694109958,16.581459646637843,0 -22.680537822535925,-22.668109847989474,0.5
624 7 16 0 1 1 1 17.432624091627492,17.214924260071804,0 15.956238492746303,7.324510438425297,0.5 -6.812903177950831,-15.160288595137875,0.5
429 22 31 1 1 1 0 -20.298014085784562,9.707761027821585,0 8.570272613997926,-4.098832433969113,0 25.828483446012633,-19.003669195159432,0.5
39 31 3 1 0 0 1 30.558987789438333,7.641875770055333,0 26.19301261519557,12.734837656609745,0.5
739 12 0 1 1 0 1 -0.8632503214300764,-12.470156329515316,0 1.3466705014309193,19.45344387404389,0 3.810284228163559,-31.83915410466503,0.5
571 11 26 1 1 1 1 -10.374540532734335,-4.961744525331024,0 18.49374616704816,8.844848936459652,0 26.49528619734313,6.020781454336186,0.5 -2.3730005024393646,-7.78581200745449,0.5
540 10 0 1 1 0 1 -10.170123191850626,-2.611243815230978,0 20.824537964265566,5.346832574044383,0 -29.01823025256275,-13.64523041246472,0.5
442 14 26 1 1 1 1 -13.547769665620875,5.167972241342136,0 16.350756492990712,-6.2372078774818895,0 22.621245702820715,-15.050888440640819,0.5 -7.277280455790871,-3.6457083218167927,0.5
466 22 29 1 1 1 0 -21.988532780284352,4.7701599732462325,0 9.284047173897838,-2.0140675442595204,0 27.55736698572938,-12.117818484109776,0.5
854 16 2 1 1 0 1 10.030849911960988,-13.100841577689284,0 -9.422919614266384,12.306851179041448,0 22.69788617387787,-19.775134973943512,0.5
257 20 29 1 1 1 0 -0.9013464255162278,20.480175160901556,0 0.5056333606554448,-11.488878748798435,0 -4.697138117691737,-29.735280282911866,0.5
182 22 29 1 1 1 0 9.323450572348897,20.477384340412403,0 -3.9365680194362005,-8.646006721507458,0 -17.68471546341186,-24.36187264924767,0.5
3 31 7 1 0 1 1 31.49440409999548,0.5937258510353575,0 -7.611758281148516,5.857570816419292,0.5 24.382556995037373,6.4607208873123545,0.5
221 20 3 1 1 0 1 3.7147181543563166,20.160626702404258,0 -2.08386628171208,-11.309619857446291,0 -0.7363069665985629,29.11542292412972,0.5
552 15 18 1 1 1 1 -14.680023727418538,-4.974625952011747,0 15.627122032413281,5.295569561818956,0 19.44698030124603,0.25486695146491023,0.5 -10.860165458585792,-10.015328562365793,0.5
451 6 23 0 1 1 0 24.30097320868908,-7.727399375635739,0 20.576802907857996,-12.839204885473503,0.5
488 0 31 0 1 1 0 31.41050535820934,-2.372794374129891,0 30.95854452504174,-8.355747775693574,0.5
263 29 31 1 0 1 0 -2.406923041260647,29.401644877003882,0 -3.4098913038072176,-31.884520402480888,0.5
227 5 16 0 1 1 1 -3.816285737634681,-26.22376714297025,0 -8.313634623728065,-15.463941261630229,0.5 -3.705289582055998,16.2024945336546,0.5
644 14 19 1 1 1 1 -8.958964389809854,-11.40118226598097,0 10.812543229080859,13.760047562390826,0 16.76599304808124,11.625466748122054,0.5 -3.0055145708094733,-13.53576308024974,0.5
750 8 4 1 1 0 1 -0.0000000000000015614246689128753,-8.5,0 0.0000000000000043168799669944195,23.5,0 5.999999999999995,-27.5,0.5
619 22 29 1 1 1 0 -16.498245290007603,-15.29895102125443,0 6.965925789114321,6.459557097862982,0 25.710752985900037,15.659092594976004,0.5
51 24 2 1 0 1 1 23.25285555226222,7.717169731554967,0 -4.2626594804075655,4.907110570803506,0.5 26.108417159281863,14.986679199773258,0.5
212 23 13 1 0 0 1 5.5577264300575315,22.833345723494837,0 -1.4545589525491351,19.394181041063817,0.5
774 10 5 1 1 1 1 1.5773686857679512,-10.380843319748097,0 -3.229850166096281,21.25601251186515,0 5.105669728263319,6.33893813078307,0.5 9.91288858012755,-25.297917700830176,0.5
58 29 8 1 0 1 1 27.562703802470054,10.514150422040897,0 -10.080267283160707,2.5764726856770404,0.5 19.81825887545088,13.981652804501064,0.5
195 1 3 0 1 0 1 -10.33150656748139,-28.696863453103877,0 4.008746113265455,28.847529436667173,0.5
482 30 6 1 0 0 1 -30.305144970860255,3.442119738641197,0 -26.014226727501107,-3.0838300488462624,0.5
228 3 18 0 1 1 1 -3.927023284512182,-28.22815063235456,0 -8.49188893184571,-17.49679463128022,0.5 -4.082599629937295,14.19797099101262,0.5
206 0 27 0 1 1 0 -8.597985968795749,-30.303871654961704,0 -13.278344256242963,-24.818049355513406,0.5
190 5 5 1 1 0 1 2.0246850397657297,5.113770672385383,0 -9.755300646143969,-24.63907687603866,0 4.1766417308144606,26.84782419214673,0.5
66 6 0 0 1 0 1 -23.338649901833396,-10.274114110698397,0 26.412658323276926,18.182999760705876,0.5
78 2 5 0 1 1 1 -26.027591179831123,-13.885765998877309,0 -7.676825338384238,2.7048757317003904,0.5 20.556493907534268,17.767401560991033,0.5
362 31 31 1 0 1 0 -20.382262789437487,24.016939096860614,0 15.807607723368799,-27.899274866277278,0.5
298 17 22 1 1 1 0 -5.198227677598108,16.710129533066254,0 4.307102932867004,-13.845535898826324,0 0.9542483170034233,-23.266701746261678,0.5
693 4 2 0 1 1 1 9.639693805259624,25.75512188557529,0 6.495635120967301,0.23816879572292615,0.5 -4.72146312515299,-29.73142758021923,0.5
725 27 29 1 0 1 0 -4.301947788606354,-27.161429366366285,0 10.54094676225764,28.198199257315174,0.5
73 9 20 0 1 1 0 -20.174423327667807,-9.962060198375282,0 -21.037690640330744,-3.696697515586064,0.5
310 20 5 1 1 0 1 -7.5465533300358985,19.060417960709156,0 4.233432355873797,-10.692429587714892,0 -15.333959561473476,22.4303295599306,0.5
420 19 17 1 1 1 1 -17.08798026085534,9.394196644983454,0 10.953833500548294,-6.021920926271445,0 12.444844856157317,-13.688529377043205,0.5 -15.596968905246314,1.7275881942116955,0.5
730 22 14 1 1 1 1 -2.8199977551968534,-22.32258077957575,0 1.1906657188608936,9.425089662487538,0 7.770020094569284,13.6336637676741,0.5 3.7593566205115367,-18.114006674389188,0.5
536 14 21 1 1 1 1 -14.130639655405368,-3.2519260337660274,0 17.0542202737651,3.924738316614171,0 22.297952330607696,-1.0253398763077666,0.5 -8.886907598562773,-8.202004226687965,0.5
691 7 10 1 1 1 1 -2.7170652502840937,-6.9905333434365815,0 8.875746484261374,22.835742255226165,0 9.396318025146996,7.613094480583939,0.5 -2.196493709398471,-22.213181118078808,0.5
809 1 7 0 1 0 1 -11.049398684488638,28.42816892997544,0 14.46817315901063,-20.6620900549989,0.5
662 8 15 0 1 1 1 12.34160380409044,19.998370322175262,0 13.246173655168228,10.039366688049956,0.5 -3.55941450359322,-17.19245672938019,0.5
559 21 25 1 0 1 0 -20.039528917851534,-7.7889203841477395,0 25.941465567911653,3.6455951762166583,0.5
331 8 5 1 1 0 1 -4.141626068665326,7.42273086588432,0 11.450377954545315,-20.52166768803312,0 -18.151703060580832,20.217954298110886,0.5
346 22 30 1 0 1 0 -12.763551355352016,18.52948344663962,0 12.360507362595502,-28.521357922427576,0.5
638 7 22 1 1 1 0 -4.852919711770832,-5.718318832585859,0 15.852871058451383,18.679841519780474,0 19.133414201381182,13.272620728340913,0.5
311 27 22 1 0 1 1 -10.283878157789507,25.504741716703187,0 2.8494112090925388,-23.111271184456683,0.5 -9.11728337451707,6.566973722252481,0.5
214 8 1 1 1 0 1 1.9063014680697399,8.283478418685906,0 -5.270362882310457,-22.901381510484562,0 0.9930969722366632,31.06869418568689,0.5
337 17 29 1 1 1 0 -9.096803495862417,14.949855054737665,0 7.537351468000288,-12.38702275963978,0 10.208947017115161,-28.320088290853466,0.5
755 27 30 1 0 1 0 0.8637958746485181,-27.48643041005762,0 5.039011210311488,30.673414645623584,0.5
598 22 16 1 1 1 1 -18.36763314113664,-12.995385827001016,0 7.755222881813248,5.48694068251154,0 16.93503385736714,4.631914102164307,0.5 -9.187822165582748,-13.85041240734825,0.5
371 0 15 0 1 1 1 21.70708496420147,-22.826573600891976,0 6.333345248881618,-15.366806368223315,0.5 -15.718296619513527,7.822093797762182,0.5
577 30 29 1 0 1 1 -26.99955499563989,-14.187107881362467,0 28.905230152772184,8.410568935290275,0.5 0.5778281901336086,-6.474265563188378,0.5
236 29 31 1 0 1 0 2.591610298246928,29.38594146972359,0 -8.74411434620745,-30.851101508705476,0.5
177 28 12 1 1 1 1 12.618609584608697,25.55426954837922,0 -1.5496538086361558,-3.138243628748325,0 -10.914324108697684,-8.551463573582037,0.5 3.253939284547169,20.141049603545504,0.5
551 29 12 1 0 1 1 -27.99833627721369,-9.292102329831502,0 13.753620930310511,-1.7572453742504526,0.5 -16.61745570937891,-11.83681400322022,0.5
459 2 16 0 1 1 1 28.52654388899183,-7.515736407659777,0 14.426900193979883,-10.005725900350416,0.5 -16.517147414418037,-1.8530626784821846,0.5
975 9 11 0 1 1 1 -22.222987663390597,3.5197754634051996,0 -10.419809126602695,7.725126391533483,0.5 21.186217772441708,2.7192235102460884,0.5
710 17 17 1 1 1 0 -4.352073025384968,-16.950205319751042,0 3.6060033638904017,14.044455836365149,0 10.163571992156754,15.45806599676191,0.5
763 1 0 0 1 0 1 -2.488513652828807,30.398310805037912,0 8.550099832601145,-30.905433063662997,0.5
502 27 22 1 1 1 1 -27.497828715604943,-0.3455660967921963,0 4.499644698917172,0.05654717947508666,0 22.573619733885977,-5.716790367847463,0.5 -9.423853680636137,-6.118903644114746,0.5
315 14 0 1 1 0 1 -5.7586444142043165,13.307442072417729,0 6.950088086108658,-16.06070594946967,0 -18.01668630909947,26.526383365236725,0.5
432 30 4 1 0 0 1 -27.75823210589237,12.638455220295171,0 -27.514167679797083,5.934692653205345,0.5
847 20 12 1 0 1 1 11.734858574689115,-16.80901824117177,0 -2.2356889139796747,13.683994120135699,0.5 16.08213910504724,-12.554473378278773,0.5
343 24 9 1 1 0 1 -13.51532383039654,20.434921623522694,0 4.137344029713226,-6.255588252098783,0 -17.416502690818707,15.45688953252577,0.5
86 5 24 1 1 1 0 4.716396609065088,2.829417435798285,0 -22.724456389131788,-13.632647645209918,0 -24.09604027943352,-7.458608640484991,0.5
630 17 1 1 1 0 1 -11.979574353752056,-12.756950979874699,0 9.92593303596599,10.570045097610464,0 -16.504874966296544,-26.34082577192518,0.5
830 15 18 1 1 1 1 7.467181948576582,-13.582753540679889,0 -7.948935622678296,14.459060220723753,0 -3.654602890618543,19.10219562542177,0.5 11.761514680636335,-8.939618135981872,0.5
587 27 13 1 1 1 1 -23.492629371730622,-14.2949769220695,0 3.8442484426468293,2.339178041793191,0 14.651649383664742,1.891869535183801,0.5 -12.68522843071271,-14.74228542867889,0.5
145 28 4 1 0 0 1 17.467851029109834,22.519417852707175,0 12.114013901202714,25.40670516224934,0.5
430 12 29 0 1 1 0 17.644127523087377,-8.302696185518922,0 24.137722298357133,-17.989451415965767,0.5
381 29 18 1 0 1 1 -21.631032713565514,20.05862467231137,0 9.48550363278284,-16.978669583700118,0.5 -13.978667446339074,4.779838535417302,0.5
948 7 31 1 1 1 0 7.103237287460581,-2.4070770735540736,0 -23.203908472371232,7.86311844027664,0 -27.90793494849118,15.792313538895574,0.5
665 6 31 1 1 1 0 -3.308769202377412,-5.594823175525635,0 12.980556101634463,21.948921688600567,0 21.199256758160352,24.059125356122003,0.5
123 8 31 1 1 1 0 6.0854601056855655,5.934406061444517,0 -16.824507351013033,-16.406887346346608,0 -26.74099172914852,-17.696591800163397,0.5
923 4 22 0 1 1 1 -24.343861061642514,12.791654647130112,0 -17.12679803651549,15.77728712473755,0.5 11.200603926123076,0.8924526262588728,0.5
163 25 9 1 1 0 1 13.25534223682809,21.784074508332026,0 -3.3788127270346116,-5.552803306045418,0 6.570225618770192,22.3401462689584,0.5
35 8 13 1 1 1 1 8.295292476479354,1.8542175518706119,0 -22.934043905560564,-5.12636617281875,0 -14.483735734552345,2.91056681277916,0.5 16.74560064748757,9.891150537468523,0.5
803 11 23 1 1 1 0 3.7592123410318425,-10.868225364567754,0 -6.7012046079263285,19.373793041185998,0 -2.011490245812329,24.17031044465507,0.5
70 14 22 1 1 1 0 13.119992260757282,6.173799727693554,0 -15.83447341815534,-7.451137602388773,0 -22.913284429875876,-4.151071745418019,0.5
389 25 31 1 0 1 0 -19.545571673638417,16.377442656002906,0 20.29101379543501,-24.829916615918513,0.5
274 7 5 0 1 0 1 3.68052693345855,-24.221967746078892,0 -9.912888580127548,25.297917700830176,0.5
475 12 17 1 1 1 1 -12.34610425743922,1.9554308130028872,0 19.259922641605183,-3.050472068284504,0 16.345939170173523,-8.663733181774868,0.5 -15.26008772887088,-3.6578303004874764,0.5
281 31 0 1 0 1 1 -6.096808243602099,30.904351299465024,0 -5.789768370634574,-1.6518420670268288,0.5 -11.983351348262104,29.74305449115986,0.5
950 27 19 1 1 1 1 26.15405419811672,-8.49796734531106,0 -4.2797543233281905,1.3905764746872644,0 -16.691500101505806,11.7321704880824,0.5 13.742308419939105,1.8436266680840752,0.5
402 26 21 1 1 1 1 -21.632990144005376,15.305676640690093,0 4.489865878944512,-3.176649868822472,0 14.085857669885849,-17.315848627881856,0.5 -12.036998353064037,1.1664778816307066,0.5
670 30 13 1 0 1 1 -14.693487060102315,-26.72735374133784,0 11.761514680636338,8.939618135981867,0.5 -3.654602890618551,-19.102195625421768,0.5
971 21 31 1 1 1 0 21.144071907399585,-3.895923917983463,0 -10.32617465245096,1.902660518084947,0 -29.891289375590055,11.60865278422682,0.5
853 4 7 1 1 0 1 2.7131829376006094,-3.590074977923571,0 -16.58056239644817,21.93934708731071,0 19.558540408612526,-15.928386518560849,0.5
564 25 16 1 0 1 1 -23.4659121078297,-9.980028504348654,0 17.532067482560077,0.9362744186186127,0.5 -11.91535163314778,-11.587682920171856,0.5
342 11 13 1 1 1 1 -6.283534987444094,9.63157246048463,0 11.201084108052514,-17.169324820863906,0 2.351155440659781,-14.584994620974527,0.5 -15.133463654836827,12.21590266037401,0.5
802 8 3 1 1 0 1 2.7280206833612803,-8.050335592455326,0 -7.542174830469421,22.256810167376493,0 14.829482709473934,-25.066640033506957,0.5
283 26 7 1 0 0 1 -5.455359132401847,25.932393964625014,0 -10.915119340814918,22.740056503354783,0.5
632 21 31 1 1 1 0 -14.519655374602028,-15.856532023200735,0 7.090994485270758,7.7438877322608235,0 25.698062159961317,19.179666348056323,0.5
174 8 25 1 1 1 0 3.906428815282647,7.549159814915128,0 -10.800126724604967,-20.871206547118295,0 -17.04810513872921,-19.890000281016455,0.5
32 30 2 1 1 0 1 29.88557909771953,6.091154405689414,0 -1.4697825785763703,-0.29956497077161054,0 27.70746416224884,11.770574739480487,0.5
271 22 29 1 1 1 0 -2.960198079576355,22.304421699063898,0 1.2498614113766833,-9.417422495160313,0 -2.066697193194707,-30.032961271104142,0.5
829 8 28 1 1 1 0 4.048024731177476,-7.474188636619732,0 -11.191597786196551,20.66393328947808,0 -8.296890943392903,27.917944062438494,0.5
529 12 27 1 1 1 0 -12.29306506244162,-2.265072045339218,0 19.177181497408927,3.53351239072918,0 28.13197771913439,-0.917512730225698,0.5
797 5 16 1 1 1 1 1.6006989175554955,-5.2619162835735676,0 -7.712458420949206,25.352869366309008,0 0.9381755566864953,17.531965851690334,0.5 10.251332895191197,-13.08281979819224,0.5
444 25 7 1 0 0 1 -23.93771337017379,8.788394540950184,0 -25.066837051567013,2.8113484718524235,0.5
583 21 25 1 1 1 0 -18.642020075036537,-10.710979764799049,0 9.104242362227147,5.230943606064652,0 25.09941351173144,7.501295979170071,0.5
904 2 4 0 1 0 1 -24.29421163003861,16.734433999239318,0 26.050760129542297,-10.658700515215239,0.5
335 19 27 1 1 1 0 -9.926307607132241,16.784469526576903,0 6.363017696879641,-10.759275337549296,0 8.83418677111155,-26.72465423711068,0.5
476 28 20 1 0 1 1 -28.176574725030548,4.281429289941578,0 19.366007232402694,-9.011535045403004,0.5 -12.270848599210552,-4.2043161935387765,0.5
38 5 31 0 1 1 0 -25.74824092223886,-6.267223421128704,0 -32.02539356895458,-1.6199280087592838,0.5
377 2 10 0 1 1 1 21.120126249144022,-20.59587986030744,0 3.328340557768392,-11.62635579756245,0.5 -19.581626898930207,10.714937610228674,0.5
330 27 11 1 1 1 1 -13.248226037797174,24.098433701206247,0 2.1678915334577193,-3.9433800601973856,0 0.2823271719065463,-12.968048865114723,0.5 -15.133790399348348,15.073764896288907,0.5
15 29 5 1 0 0 1 29.36907795579086,2.776195242896172,0 25.817742182070532,8.46724209055911,0.5
302 6 29 0 1 1 0 8.184062050083838,-24.151006777365982,0 3.7852466593442085,-29.865061656188214,0.5
924 27 27 1 0 1 0 24.423752342372477,-12.638446167090912,0 -21.66627317864355,17.96726485997218,0.5
361 26 2 1 1 0 1 -17.019695309179486,20.312064680447772,0 3.5323895924712145,-4.2157115374514245,0 -23.54541130956534,18.758027781816313,0.5
524 8 5 1 1 0 1 -8.403539830272269,-1.2769175075264334,0 23.23331600134098,3.5303013443377864,0 -25.29791770083018,-9.912888580127541,0.5
431 20 0 1 1 0 1 -18.603430703092897,8.611757432442033,0 10.436070882222845,-4.830985876735775,0 -31.10627374351602,7.787793897725203,0.5
507 1 29 0 1 1 0 30.470504507682804,1.3410276086948736,0 29.735280282911866,-4.697138117691739,0.5
360 8 27 0 1 1 0 14.979463759094209,-18.107061205231048,0 12.906080261434234,-25.01365811482634,0.5
769 5 9 0 1 1 1 -3.1560747425140345,26.311389021100062,0 4.825872606517625,10.146967703982446,0.5 8.63698172955344,-21.625275642251594,0.5
327 30 7 1 1 1 1 -14.187107881362481,26.999554995639887,0 0.6977266171161876,-1.327846966998683,0 -1.822754782413794,-9.430141303458164,0.5 -16.707589280892464,18.897260659180404,0.5
279 5 19 0 1 1 1 4.801952736119143,-26.061297932376235,0 -2.367158839242796,-20.264416079171752,0.5 -8.165743275311197,11.205830480678795,0.5
435 27 23 1 0 1 1 -25.238252206309483,10.921566992456468,0 19.184346359764874,-14.83950318402123,0.5 -10.183801662122523,-2.130770683708252,0.5
681 16 25 1 1 1 1 -6.931414518794801,-14.97349300492843,0 6.511328790382995,14.066008580387313,0 16.157092621747758,20.620338455327648,0.5 2.714349312569962,-8.419163129988096,0.5
99 27 16 1 0 1 1 22.349089521910084,16.023988190885845,0 -16.905596591157508,-4.738227927932941,0.5 9.1006166707015,13.907867421461495,0.5
695 23 18 1 1 1 1 -7.960341125764367,-22.11069807042429,0 2.879272322084984,7.997486536110913,0 11.911936138263258,15.373866704181413,0.5 1.0723226904139063,-14.734317902353792,0.5
167 27 29 1 0 1 0 13.700090396835998,23.844444282023474,0 -19.89888481450192,-22.58947505231551,0.5
888 15 6 1 1 1 1 11.817858920677443,-10.029367404326388,0 -12.58030143168889,10.67642336589583,0 -1.0735405521577457,8.780518816270074,0.5 23.324619800208588,-11.925271953952144,0.5
244 7 24 1 1 1 1 0.2826763700245102,7.494671044804419,0 -0.9234094754134,-24.482592079694435,0 -6.919146311256935,-24.256450983674828,0.5 -5.713060465819026,7.720812140824028,0.5
841 10 15 1 1 1 1 5.681773147332194,-8.829918114130777,0 -11.634106920727827,18.08030851941064,0 -3.3417119141775578,16.28136853838288,0.5 13.974168153882463,-10.62885809515854,0.5
655 2 25 0 1 1 0 16.58145964663786,24.398876941099566,0 19.295609580876707,17.71805437688854,0.5
411 6 31 0 1 1 0 21.615787370169617,-13.528035199821726,0 23.51878788083971,-21.797169922172632,0.5
480 1 11 0 1 1 1 30.259498390091572,-3.8226636237112883,0 10.657319663730666,-7.394020393876369,0.5 -21.09035077833262,-3.383356919818624,0.5
493 5 1 0 1 0 1 26.474372768970305,-1.165155135423421,0 -30.734313217589992,-4.653169999373867,0.5
61 27 11 1 0 1 1 25.504741716703187,10.28387815778951,0 -12.90937449777541,1.2641400540232635,0.5 16.768870408933754,13.230834637632876,0.5
688 10 29 1 1 1 0 -3.987680502978919,-9.713310671761805,0 8.165250553718739,19.88915994694084,0 16.753946558899898,25.011103028485692,0.5
390 21 26 1 1 1 0 -16.566034719679468,13.704615779596832,0 8.090389049145786,-6.692951892361243,0 16.594056995066275,-21.51481518499502,0.5
413 14 1 1 1 0 1 -12.387022759639779,7.537351468000292,0 14.949855054737663,-9.09680349586242,0 -29.174365722552757,10.728764359735878,0.5
963 13 26 1 1 1 1 13.136829898258707,-3.1102572601339844,0 -18.002322453169338,4.262204393516941,0 -24.4047739809668,11.943910872822432,0.5 6.734378370461243,4.571449219171506,0.5
426 15 15 1 1 1 1 -13.854542074344588,6.9499398493955,0 14.748383498495853,-7.398323065485533,0 11.164242777804393,-12.312988394303083,0.5 -17.438682795036048,2.03527452057795,0.5
784 0 22 0 1 1 1 -6.678223962544716,30.783945892398094,0 1.0934487681629346,23.26057543981668,0.5 7.877676285668679,-8.012004514365511,0.5
485 17 9 1 1 1 1 -17.4223343805539,1.6468954830740012,0 14.43564848674466,-1.364570543118458,0 8.893188783818175,-6.867400764144366,0.5 -22.96479408348039,-3.855934737951907,0.5
557 0 1 0 1 0 1 29.50132143256806,11.041831086024667,0 -26.46156562467231,-16.310596086322562,0.5
979 31 5 1 0 0 1 31.22619037868946,-4.1442773114069,0 27.05903837789562,2.461390270471552,0.5
93 16 3 1 1 0 1 13.762294154617326,9.102156865369098,0 -12.928215721004154,-8.550510994740668,0 20.4613601342048,20.726377914589285,0.5
354 5 29 1 1 1 0 -3.3436166373203284,4.366947192563095,0 16.110152888907038,-21.04074556416764,0 13.170001390103838,-27.070298546278778,0.5
596 9 6 1 1 0 1 -7.823559677470063,-5.389055016704184,0 18.529483446639624,12.763551355352014,0 -17.59646754476437,-19.406553788502848,0.5
896 5 11 1 1 1 1 4.366947192563093,-3.3436166373203315,0 -21.04074556416763,16.110152888907052,0 -5.483307798282468,11.755140815374975,0.5 19.924384958448254,-7.698628710852407,0.5
884 19 31 1 1 1 0 14.54585233577155,-12.98723141496791,0 -9.324264317802275,8.325148342928147,0 -19.501074876256222,25.455020696724024,0.5
588 18 5 1 1 0 1 -15.743397913201804,-9.715730654283965,0 11.488425504228342,7.089857504477488,0 -19.40030598779157,-19.02309458474248,0.5
808 31 29 1 0 1 0 11.226974179467405,-29.431361687383276,0 -4.9081767673012315,29.701175074749557,0.5
151 4 29 1 1 1 0 2.6221071585085927,3.657123739948923,0 -16.023988190885845,-22.349089521910084,0 -22.065534136821558,-20.478334972764813,0.5
223 27 9 1 1 1 1 4.64291972960018,27.105226366597446,0 -0.7597505012073021,-4.435400678170491,0 -7.517785295664959,-8.35062298563908,0.5 -2.115115064857477,23.19000405912886,0.5
392 4 3 0 1 0 1 21.407713293093142,-17.261512435494264,0 -25.95232376240437,13.218429987382825,0.5
333 29 2 1 0 0 1 -14.696460607514977,25.578585684352458,0 -19.89888481450192,22.589475052315514,0.5
991 0 25 0 1 1 0 -31.449648828432714,1.7803338361837813,0 -25.120128320886714,7.431631929945483,0.5
618 24 24 1 1 1 1 -18.06907137527526,-16.5456537989651,0 5.531348380186304,5.064996060907683,0 22.121068224001405,12.120575094816054,0.5 -1.479351531460158,-9.490074765056727,0.5
24 24 31 1 1 1 0 24.221967746078896,3.680526933458548,0 -7.414888085534355,-1.126691918405678,0 -32.043883493968835,1.1998044111236368,0.5
380 12 29 1 1 1 0 -9.112107842767642,8.55683882410861,0 14.21488823471752,-13.348668565609433,0 17.3972918733595,-24.56795138942479,0.5
667 12 17 1 1 1 1 -6.227313816743632,-10.838383764556129,0 9.714609554120067,16.90787867270756,0 13.920663550428026,12.184626638341635,0.5 -2.021259820435671,-15.561635798922053,0.5
685 0 2 0 1 0 1 12.510158554995579,28.90927070904541,0 -6.209335019622131,-29.45664880148613,0.5
939 4 12 1 1 1 1 4.173503190005976,-1.6828164258201035,0 -25.504741716703183,10.283878157789522,0 -9.349309182256459,10.239160991730477,0.5 20.328935724452695,-1.7275335918791477,0.5
50 12 24 1 1 1 1 11.888206453689419,3.8627124296868423,0 -18.545602067755492,-6.025831390311474,0 -25.154986615480944,-1.8645772644152903,0.5 5.278821905963968,8.023966555583026,0.5
765 15 11 1 1 1 1 1.4586788564369746,-15.43121045134774,0 -1.5527871697554891,16.42677241595082,0 4.891126184455564,12.013612472846507,0.5 7.902592210648027,-19.844370394452053,0.5
76 27 13 1 0 1 1 24.423752342372477,12.638446167090915,0 -14.74732122271178,-0.8755094255088185,0.5 13.673045139321648,13.831046114378792,0.5
758 4 18 1 1 1 1 0.2260994318089641,-4.494316304727079,0 -1.3817187499436694,27.46526630666548,0 5.062901853310363,18.778099606289942,0.5 6.670720035062997,-13.181483005102617,0.5
454 20 2 1 1 0 1 -19.649696674856205,5.842894880634509,0 11.023000573699823,-3.2777215184047246,0 -29.986508350832445,2.6569375087600386,0.5
204 2 25 0 1 1 0 -8.408068242864298,-28.27639277601259,0 -13.019121927088648,-22.73219004512323,0.5
996 26 31 1 0 1 0 26.49163101600745,-0.6659475292484553,0 -31.33927138976392,6.789703142164945,0.5
680 21 6 1 1 0 1 -9.154254768649052,-19.453781628019424,0 4.470682561433257,9.500684050893208,0 -5.4284096201132215,-25.627765587273938,0.5
287 9 4 1 1 0 1 -2.1886995534276075,9.244435854330202,0 5.183762100223281,-21.89471649709785,0 -12.174300299498992,25.37787249194894,0.5
694 27 7 1 0 0 1 -9.477680387299232,-25.815181085481534,0 -2.811348471852435,-25.066837051567017,0.5
827 0 31 0 1 1 0 -14.652258959439935,27.88478630697234,0 -9.340871091445203,30.675692775437092,0.5
437 1 30 0 1 1 0 28.141518566038503,-11.760311764460592,0 25.828014612374123,-17.296348203681283,0.5
883 30 28 1 1 1 0 22.62312406853155,-20.455910084369958,0 -1.112612659108109,1.0060283648050798,0 -17.11552706383375,23.564989567728954,0.5
631 27 5 1 0 1 1 -18.698717914866535,-20.164522021120394,0 8.139275660308666,-0.046815868110437364,0.5 -13.619232458808757,-23.51098694723235,0.5
533 3 2 1 1 0 1 -3.4250331651391526,-0.7205191306945842,0 27.88955577327596,5.867084349941614,0 -27.632961024982144,-11.944432384664328,0.5
419 2 2 0 1 0 1 25.76124241689264,-14.373878708897314,0 -28.684743171244634,9.134303980037794,0.5
806 19 26 1 1 1 0 6.720537001903085,-18.305310224250544,0 -4.308036539681464,11.734173220673426,0 -3.5006343182014605,26.944304766874765,0.5
218 30 2 1 0 0 1 6.091154405689413,29.88557909771953,0 0.012314110869525052,30.103983928421727,0.5
622 5 20 0 1 1 1 19.088189159529538,18.381812604039325,0 18.928254845078925,9.898038619835056,0.5 -4.121633951334102,-12.298867166174695,0.5
649 31 29 1 0 1 0 -18.674989835073358,-25.367198399900346,0 22.321123509017973,20.19944170751175,0.5
895 26 9 1 0 0 1 20.939107827955795,-16.242036921803876,0 21.45593010037089,-9.049478632937827,0.5
265 1 2 1 1 0 1 -0.14116246997777157,1.49334294690462,0 2.870303556214689,-30.36463992039394,0 -8.749567030514655,28.804428075879773,0.5
441 23 5 1 1 0 1 -21.90367114276796,8.513471117556826,0 7.922604455894793,-3.0793406169886395,0 -26.873536680369863,4.007870542921198,0.5
121 22 5 1 1 0 1 16.30469542920855,15.505060688715341,0 -6.884204736776944,-6.54658117967981,0 15.068625099632648,22.609434703387016,0.5
600 15 14 1 1 1 1 -12.539763412811686,-9.110671410533332,0 13.348780407186633,9.698456662825805,0 15.257457932191576,3.6687841919911737,0.5 -10.631085887806742,-15.140343881367963,0.5
995 13 6 1 1 0 1 13.493338564937376,-0.4240452475547329,0 -18.490871366766033,0.5810990429453747,0 25.675881843794926,5.196065005702116,0.5
351 18 15 1 1 1 1 -10.967851172979596,14.898195885655756,0 8.003567072174299,-10.871656457100148,0 4.357433398229686,-16.039413149488745,0.5 -14.61398484692421,9.73043919326716,0.5
989 29 27 1 0 1 0 29.429568937656143,-2.0372707585749823,0 -27.019983770647254,7.884825745313521,0.5
438 17 11 1 1 1 1 -16.188851119603015,6.646134171631524,0 13.41361949909964,-5.50679688506612,0 8.359713305465458,-9.917922839507463,0.5 -21.242757313237195,2.235008217190181,0.5
626 1 14 0 1 1 1 21.430824078864905,21.7018381548832,0 14.457638625339026,6.10136750074154,0.5 -8.027160408224152,-16.667774169955585,0.5
115 24 2 1 0 1 1 18.37772120594626,16.20214070042947,0 -5.84314886601806,2.8473867544736278,0.5 18.16040536215665,24.009366444830487,0.5
819 0 28 0 1 1 0 -13.232700444971883,28.58575937304519,0 -6.527536712489763,28.383820469892672,0.5
135 25 2 1 1 0 1 16.86345256575312,19.12783227557672,0 -4.298527124603737,-4.875721952597988,0 15.008033609264974,26.09614774604047,0.5
316 30 9 1 0 1 1 -12.288646289266708,27.91485576493799,0 -1.6638358964457116,-11.112229754180692,0.5 -14.556841839282914,18.175487769688672,0.5
19 7 26 1 1 1 0 7.446619534273602,0.8932287007115229,0 -24.325623811960437,-2.917880422324308,0 -27.02597198166928,2.8012208849048346,0.5
486 14 19 1 1 1 1 -14.443937332576,1.2738423499857756,0 17.432338160005518,-1.5373959396380052,0 18.897498198987407,-7.689899987598526,0.5 -12.978777293594115,-4.878661697974746,0.5
368 19 30 1 1 1 0 -13.168989758359976,14.381505788484391,0 8.441660101512804,-9.218913966977174,0 16.1725719435422,-26.54614692815045,0.5
532 18 15 1 1 1 1 -18.127318469108566,-3.694634639516534,0 13.228043207187334,2.696084736944498,0 16.38601319504227,-2.7836256163321687,0.5 -14.969348481253629,-9.1743449927932,0.5
912 17 30 1 1 1 0 14.89240343140711,-9.19055602432267,0 -12.339419986023035,7.615032134438783,0 -22.804283914970334,21.123793104587662,0.5
85 10 0 0 1 0 1 -18.505953580584787,-10.944390438632983,0 24.059125356121996,21.199256758160356,0.5
851 31 24 1 0 1 0 18.67498983507335,-25.367198399900353,0 -9.693144779679205,23.287184120888853,0.5
627 24 29 1 0 1 0 -17.105052765340083,-17.54044383403486,0 24.89149875843843,16.93113373518318,0.5
983 19 29 1 0 1 0 19.388865412741477,-2.078917508367582,0 -28.6922063910599,9.11083379350218,0.5
418 28 8 1 1 1 1 -24.80023700808148,14.042729234126309,0 3.04564314134334,-1.7245456954190206,0 4.440197865401219,-9.409284931177632,0.5 -23.405682284023605,6.357989998367698,0.5
164 23 31 1 1 1 0 12.089329043865401,20.151876420550828,0 -4.372736037142804,-7.288976577646045,0 -21.350005251279367,-23.925452467411006,0.5
733 28 30 1 0 1 0 -3.038417896844926,-28.337572526314467,0 9.21744494777744,29.6865071814569,0.5
120 3 0 0 1 0 1 -20.77560588151023,-19.509592518967626,0 18.855229128202332,25.93704560128216,0.5
251 4 27 0 1 1 1 0.17278645905287093,-27.49945717354377,0 -5.827095106083952,-27.537156037337123,0.5 -6.028155712981838,4.462212310059263,0.5
491 7 27 1 1 1 0 -7.488011625817313,0.4238890086151851,0 24.46083797766989,-1.3847040948096045,0 27.116931421104663,-7.544668998909529,0.5
926 30 14 1 0 1 1 27.262163436613548,-13.675688090745977,0 -10.270401353653135,11.864605178213047,0.5 18.33252421918731,-2.4836577366679773,0.5
613 26 1 1 1 0 1 -20.096590755151137,-17.27359372047328,0 4.170990534087972,3.5850854891548316,0 -19.219036064500756,-24.431100113409126,0.5
656 10 3 1 1 0 1 -5.8471939731259726,-8.721256941556033,0 11.97282575449604,17.857811832709974,0 -10.887379674738478,-27.013236826009788,0.5
664 20 10 1 0 1 1 -10.546010442520888,-17.579296451969867,0 10.546775041867733,5.917392687344307,0.5 -5.9152900391404835,-21.52346031085256,0.5
633 10 18 1 1 1 1 -7.042198553635561,-7.788288613756761,0 14.419739895539482,15.94744811388289,0 16.858133802361756,9.698109336446352,0.5 -4.603804646813287,-14.037627391193299,0.5
988 23 10 1 1 1 1 23.433234156124428,-1.770179929906419,0 -8.475850652215218,0.6402778469874282,0 -10.01820761956885,6.773884859606977,0.5 21.890877188770798,4.36342708271313,0.5
818 11 31 0 1 1 0 -8.494699410362323,18.657172399042413,0 -7.5921949771784725,31.15459156253707,0.5
81 17 26 1 1 1 0 15.282092959173603,8.526877200193315,0 -12.662305594743842,-7.065126823017318,0 -26.06495580681488,-7.672553602861784,0.5
756 17 1 1 1 0 1 0.6595781967238568,-17.48756577121031,0 -0.5465076487140528,14.489697353288543,0 7.145287407276543,-30.252187819518365,0.5
286 22 24 1 0 1 0 -5.046092121361073,21.92685463769799,0 -0.35252759345962836,-25.22153294896743,0.5
106 28 31 1 0 1 0 22.409220315893638,17.608998973074527,0 -28.4752432908455,-14.74484721952582,0.5
506 30 17 1 0 1 1 -30.478328915537972,-1.1495505714329959,0 17.713706867229916,-5.336158639119685,0.5 -14.263556257268938,-6.542244484557583,0.5
143 31 2 1 0 0 1 19.617815085375547,24.645310533162526,0 13.67789466093979,26.817255594938025,0.5
314 22 3 1 1 0 1 -8.805907503837055,20.705216565732083,0 3.718049834953423,-8.742202549975769,0 -16.675540589055494,23.878365648904094,0.5
643 29 6 1 0 0 1 -18.37223952439932,-23.08052891200935,0 -11.186743538987342,-23.68769235263167,0.5
268 3 14 0 1 1 1 3.216406968894228,-28.31792234982024,0 -4.325250282454566,-15.084502311781012,0.5 -7.93665459840598,16.711059624859256,0.5
997 3 26 1 1 1 0 3.4993782333328314,-0.06596953900392848,0 -28.494937042853056,0.537180531889132,0 -26.38220169979899,6.498417766743169,0.5
651 8 0 1 1 0 1 -4.9528690771828945,-6.9079003976813,0 13.69322627221153,19.098312864177714,0 -13.478585122961572,-29.09600905765392,0.5
449 4 27 0 1 1 1 26.1001439872331,-8.662129290520886,0 24.21022486930127,-14.356706160462654,0.5 -6.160851770388155,-4.277137531492895,0.5
654 28 9 1 0 0 1 -16.16716505011256,-23.47067903241018,0 -7.8223557695814545,-21.933097141400154,0.5
100 4 22 1 1 1 1 3.6405764746872635,2.6450336353161292,0 -22.247967345311054,-16.164094438043012,0 -21.729593887191157,-8.37106621033096,0.5 4.158949932807163,10.43806186302818,0.5
74 30 7 1 0 0 1 27.262163436613545,13.675688090745982,0 19.20881559516577,16.348437339113374,0.5
568 27 20 1 0 1 1 -25.027914193837386,-11.3953284773153,0 21.143425885002117,3.0340635862523406,0.5 -7.97996517691775,-10.225955005532736,0.5
720 2 2 1 1 0 1 -0.46845328646431156,-2.4557181268217216,0 5.527748780278877,28.977473896496317,0 0.36597472409325515,-30.101761784010666,0.5
374 16 28 1 1 1 0 -11.59372450168101,11.74033867395321,0 10.891074531882161,-11.028802996743925,0 15.756310076011484,-24.49466661925773,0.5
811 24 0 1 1 0 1 9.16200054057611,-22.722406256699205,0 -2.804694043033503,6.9558386500099605,0 17.34438590074868,-26.97076709561503,0.5
369 27 7 1 0 1 1 -18.698717914866528,20.164522021120398,0 0.7001182630827838,-9.579135369003716,0.5 -21.05838985603463,13.885035710118203,0.5
657 13 7 1 1 0 1 -7.44721925348381,-11.260058853777808,0 10.205448606625962,15.430451021843664,0 -8.510853228717519,-23.744796847293273,0.5
866 29 11 1 0 1 1 19.647350089310418,-22.00526379001338,0 -3.1834896029487973,12.574394376983605,0.5 18.12889015494725,-11.29572227659023,0.5
761 30 28 1 0 1 1 2.1063307842893755,-30.427181444017368,0 4.017464305306787,28.846316585581352,0.5 6.2273851281677715,-3.0772836179778538,0.5
280 11 3 1 1 0 1 -2.1548851177358355,11.29630338337992,0 3.841316949007359,-20.136888639938118,0 -11.234090970065289,26.870898758253276,0.5
153 25 14 1 0 1 1 14.59701920266207,20.908778787799033,0 -13.219978477074283,-8.454712831651511,0.5 5.097849541952629,17.78375466676296,0.5
179 30 5 1 1 1 1 13.15940939326925,27.515085760730187,0 -0.6471840685214385,-1.3532009390523043,0 -7.785812007454492,-2.3730005024393614,0.5 6.0207814543361975,26.49528619734313,0.5
239 4 27 1 1 1 0 0.31077011571482704,4.489256278625514,0 -1.899150707146165,-27.434343924933692,0 -7.884825745313517,-27.019983770647258,0.5
911 3 14 0 1 1 1 -24.158821178424873,15.119568752741923,0 -9.108262967393301,12.778479788958144,0.5 18.017430987329362,-4.197878108857349,0.5
261 10 0 1 1 0 1 -0.7251302700012617,10.474931316792865,0 1.4847905528597265,-21.44866888676634,0 -8.161065848171138,31.01043379609216,0.5
230 13 30 1 1 1 0 1.6919986531181075,13.393548467745452,0 -2.318664820939629,-18.35412197431784,0 -9.775351831598147,-29.50749898870575,0.5
677 26 19 1 1 1 1 -11.733093122530892,-23.76098747480875,0 2.4351702707139586,4.9315257023187975,0 14.013631725969997,14.82795083107869,0.5 -0.1546316672748551,-13.864562346048858,0.5
470 4 5 0 1 0 1 27.012899395038936,-5.152986151107438,0 -27.154900031824596,-0.9281186678504181,0.5
46 0 0 0 1 0 1 -30.19343635404734,-8.978106767804247,0 28.483320779227483,14.729237501908502,0.5
96 7 19 1 1 1 1 6.176494482213206,4.254517118450674,0 -20.176548641896474,-13.898089253605535,0 -19.462499348514875,-6.120548922201188,0.5 6.890543775594804,12.03205744985502,0.5
666 22 12 1 0 1 1 -11.331522036804623,-19.438276886838793,0 11.478830523604024,7.777303505095874,0.5 -4.637111928740329,-19.868245845074853,0.5
608 23 9 1 1 1 1 -18.293864086825053,-14.750746990331459,0 6.6169295633197,5.335376570970953,0 11.161540032630926,1.292294122859512,0.5 -13.74925361751383,-18.7938294384429,0.5
938 24 29 1 1 1 0 22.664391567444213,-9.304587840284146,0 -6.938079051258433,2.848343216413514,0 -25.011103028485692,16.7539465588999,0.5
705 0 19 0 1 1 1 8.788219840235733,30.249251098823702,0 11.202088681826634,17.05178023446501,0.5 2.274373288571288,-13.677617707197165,0.5
403 22 25 1 1 1 0 -18.44892245982268,12.879722825878293,0 7.789545038591798,-5.438105193148612,0 17.474186034231494,-19.51673185861478,0.5
998 18 28 1 1 1 1 18.498539317770597,-0.23247173784202976,0 -13.498934096751517,0.16964153842526494,0 -28.42235352050864,6.357658401898456,0.5 3.5751198940134743,5.955545125631161,0.5
629 13 23 1 1 1 0 -9.303036413229202,-9.78281725752513,0 12.748605455165945,13.406082908460364,0 20.542093278224968,12.894665709071507,0.5
956 19 16 1 1 1 1 18.759539595928672,-5.3225627425878566,0 -12.02534589482607,3.411899193966575,0 -14.235744968066458,10.275872965552393,0.5 16.549140522688283,1.5414110289979615,0.5
528 30 29 1 0 1 0 -30.029212203140762,-5.3382032987459205,0 30.094786222463217,-0.744205767404587,0.5
363 24 0 1 1 0 1 -15.969926269871525,18.57986692457369,0 4.888752939756589,-5.687714364665415,0 -25.08293383871001,19.97739797978947,0.5
387 3 0 1 1 0 1 -2.654266703510527,2.2814180385530753,0 21.613314585728578,-18.577261171075044,0 -27.799402683400015,15.982590855245348,0.5
353 21 2 1 1 0 1 -12.962985146314026,17.15258045007928,0 6.330760187734757,-8.376841615154998,0 -22.573188117057647,19.917358716253705,0.5
594 30 20 1 0 1 1 -25.333174925472292,-16.984706302889723,0 20.36846963244329,6.432374742832968,0.5 -6.210599141822723,-11.387644984789034,0.5
852 13 27 1 1 1 0 8.071717271276505,-10.821154295756834,0 -11.061242186564098,14.828989220111218,0 -11.632985124856509,25.630521982294223,0.5
771 25 31 1 0 1 0 3.354891156853194,-25.27834459227242,0 1.8035684750101524,32.01557653324315,0.5
301 13 2 1 1 0 1 -4.252318015346612,12.812797957368979,0 5.827250613623134,-17.558278682320452,0 -14.986679199773253,26.108417159281867,0.5
869 12 31 1 1 1 0 8.499417234030235,-9.165691827782005,0 -13.259090885087167,14.298479251339927,0 -17.01899935242083,27.177263678345163,0.5
876 7 5 0 1 0 1 -17.43262409162748,17.214924260071815,0 23.071595264839146,-14.351010136413805,0.5
972 2 9 1 1 0 1 2.4614108363230134,-0.43755764743819003,0 -29.04464786861156,5.163180239770642,0 23.202835880758776,1.9693671802315227,0.5
864 3 22 0 1 1 0 -18.712694038959253,21.496164350978965,0 -10.247671220024891,20.91017060108008,0.5
525 26 8 1 1 1 1 -26.17374102577115,-4.145513323566115,0 5.4322858732732575,0.860389557721269,0 9.333957685300057,-4.596437090728865,0.5 -22.272069213744356,-9.60233997201625,0.5
152 17 31 1 1 1 0 10.107522309889683,14.285936887550719,0 -8.374804199622881,-11.836919135399167,0 -23.091575662104532,-22.24925017705769,0.5
52 10 21 1 1 1 1 9.944532202444815,3.3699079029756995,0 -20.362613557387004,-6.9002876108550035,0 -22.28827521623026,-1.217697780886538,0.5 8.018870543601558,9.052497732944165,0.5
267 8 26 0 1 1 0 2.505362125468607,-23.366068574329475,0 -3.140609154087607,-26.98863787117203,0.5
77 4 9 0 1 1 1 -24.34386106164252,-12.791654647130104,0 -11.200603926123074,0.8924526262588781,0.5 17.126798036515492,15.777287124737544,0.5
436 31 27 1 0 1 0 -28.987303192024918,12.328270505371874,0 22.958133801538224,-16.28416692221829,0.5
350 14 0 1 1 0 1 -8.522886158240858,11.730746418436738,0 10.286241915118278,-14.15779740156158,0 -23.36933741346259,21.957323809056007,0.5
537 21 6 1 1 0 1 -20.92161798611572,-4.953372673546699,0 10.217534365312329,2.4190889801042017,0 -23.431675469984683,-11.71352144614582,0.5
724 18 27 1 1 1 0 -3.008787556105359,-18.253689967845556,0 2.195601730130938,13.320260246806217,0 10.392637708106525,26.15804047454706,0.5
728 7 0 1 1 0 1 -1.033427180134789,-7.428460692724884,0 3.3758621217736438,24.266304929567955,0 1.6023743976137936,-32.026276653552344,0.5
509 11 0 1 1 0 1 -11.481617826253213,-0.649963146543281,0 20.467231777233987,1.158629956881501,0 -31.11053762154057,-7.77074313683762,0.5
833 17 23 1 1 1 0 8.718239343441079,-15.17373727037858,0 -7.223684027422609,12.57252516688511,0 -6.504925768491079,23.365272109402465,0.5
913 30 22 1 0 1 0 26.055461666828503,-15.854428949931638,0 -16.102338157509884,16.821554799161735,0.5
80 29 1 1 0 0 1 25.851047061293976,14.211733386000603,0 23.836831696727547,19.9513271403655,0.5
870 23 2 1 1 0 1 16.086856989324183,-17.13076274440317,0 -5.818650400393853,6.196233333081998,0 24.567951389424785,-17.397291873359507,0.5
88 21 30 1 1 1 0 18.296381358585876,11.291254544167856,0 -8.935442058844265,-5.514333614593604,0 -29.106379474505875,-10.911859323051363,0.5
295 4 20 0 1 1 1 7.672255416078802,-26.408076356115934,0 -0.0424444402574613,-21.359967192612707,0.5 -8.970159833512794,9.36943074904947,0.5
496 1 3 0 1 0 1 30.490367773140648,-0.7664679110218032,0 -28.641779967234072,-5.281897415564672,0.5
837 22 6 1 1 0 1 11.695890208965954,-19.221242213234145,0 -4.938264754896736,8.115635601143307,0 18.381006827023853,-18.66517045260778,0.5
954 12 30 1 1 1 0 11.981522362717195,-3.5627407808747122,0 -18.691174885838823,5.557875618164552,0 -27.524798990210094,14.444218239438552,0.5
260 27 30 1 1 1 0 -1.7267392870561185,27.445735031777467,0 0.2825573378819103,-4.491120277927222,0 -4.073049524925571,-30.816558334238163,0.5
324 0 31 0 1 1 0 14.124071306836012,-28.156004860764813,0 8.761022761928428,-30.846304157305006,0.5
468 0 25 0 1 1 0 30.865434150103777,-6.290864386203822,0 23.788043952711853,-10.97173481742286,0.5
980 24 31 1 1 1 0 24.306810182204707,-3.0706642223254637,0 -7.440860259858583,0.9399992517322848,0 -30.499613690020222,9.900685065162463,0.5
820 25 13 1 0 1 1 10.857371934909331,-23.073089837883508,0 -0.31905812133235045,14.769840957681701,0.5 13.305879208749948,-14.18462472123094,0.5
439 21 13 1 1 1 1 -19.940070796695217,8.040122923362715,0 9.738174110013944,-3.926571660246907,0 10.276754335591123,-10.613120197468277,0.5 -19.401490571118035,1.3535743861413447,0.5
294 7 13 1 1 1 1 -2.047139516379938,7.215207536895645,0 6.687322420174464,-23.569677953859106,0 -2.0873149000326277,-14.625085179516109,0.5 -10.821776836587029,16.15980031123864,0.5
215 27 31 1 0 1 0 5.998939138404924,26.83771095331555,0 -12.727012675623579,-29.432518552691285,0.5
391 23 6 1 1 0 1 -18.200821914670243,14.865398804958426,0 6.583276011689237,-5.376846376261558,0 -23.54524900654646,11.483520767592275,0.5
33 20 23 1 1 1 0 20.060908538672177,4.220183479782567,0 -11.25368039974293,-2.3674200008536355,0 -24.23182690426788,1.0337141198606208,0.5
822 5 20 1 1 1 1 2.404136716580127,-4.946728883615043,0 -11.583567816249703,23.83423916650884,0 -3.564441706945882,21.060502257016207,0.5 10.423262825883949,-7.720465793107678,0.5
272 25 31 1 0 1 0 -3.51365241245827,25.256766355264606,0 -1.6023743976138087,-32.026276653552344,0.5
440 28 20 1 0 1 1 -26.498629847815163,10.491549751513327,0 16.851670644601082,-13.125212245365411,0.5 -12.90117690382296,-1.3452265594557096,0.5
708 30 0 1 0 1 1 -7.955665941841875,-29.44413998441485,0 5.922710586144592,-1.0823582183227485,0.5 -2.4242176151321306,-31.97457066098751,0.5
513 3 2 0 1 0 1 28.404978948969852,2.325332429692494,0 -28.912101207594937,-8.386918609464832,0.5
117 31 29 1 0 1 0 23.364865841270284,21.12659566090668,0 -25.905495755013128,-15.334773871400806,0.5
558 28 29 1 1 1 0 -26.62837486001344,-10.157738543327653,0 3.2701512985981416,1.2474415754963784,0 29.701175074749557,4.908176767301233,0.5
873 25 27 1 1 1 1 17.803218184333545,-18.2563803170567,0 -4.538075223457571,4.653587139641903,0 -14.903930124189502,23.877245797061196,0.5 7.437363283601613,0.9672783403625935,0.5
42 23 9 1 1 1 1 22.686468512581936,6.129775397812578,0 -8.205743930082829,-2.217152803464124,0 -10.736174606655483,3.314295523245622,0.5 20.15603783600928,11.661223724522323,0.5
845 1 20 1 1 1 0 0.8431250667781959,-1.2406208614118428,0 -17.143543024489983,25.225957515374137,0 -6.560225800321306,20.327652039741302,0.5
610 30 23 1 0 1 0 -23.500653904661572,-19.441431687335033,0 21.931605143723186,10.356384302439471,0.5
748 5 17 0 1 1 1 0.33300005690885176,26.497907671401126,0 6.219431963181572,17.42322203426666,0.5 5.8173186869142794,-14.57425138025545,0.5
562 5 2 0 1 0 1 24.514545981113137,10.06414603132773,0 -25.011103028485707,-16.753946558899884,0.5
242 21 14 1 1 1 1 1.0802528408650462,21.472844567029377,0 -0.5275653408875808,-10.486738044363184,0 -6.720964353242763,-14.180219961708636,0.5 -5.113146171490136,17.779362649683925,0.5
653 26 22 1 0 1 1 -15.169451328256667,-21.72873089712448,0 17.799435481831015,15.014329706255126,0.5 -0.5183925371959042,-11.224137792159341,0.5
398 31 4 1 0 1 1 -25.24936002343262,18.83400696631184,0 0.019621533573833005,-7.499974332984095,0.5 -25.63052198229422,11.632985124856503,0.5
777 22 2 1 1 1 1 3.7987525060365104,-22.177003390852455,0 -1.603917724770971,9.363623653915482,0 5.491783959112153,3.4771121561488982,0.5 10.894454189919635,-28.063514888619043,0.5
471 6 8 0 1 1 1 25.077852727380904,-4.620746972492011,0 7.272049660697475,-7.4409202208026475,0.5 -24.19819689915307,-1.6423357847342421,0.5
764 26 22 1 1 1 1 2.3280567085946853,-26.39754064229407,0 -0.48318158102908565,5.478734850287449,0 4.000149732467321,22.94011338502584,0.5 6.811388022091092,-8.936162107555683,0.5
373 4 22 1 1 1 1 -3.141744385470626,3.221714173598241,0 19.199549022320493,-19.688253283100362,0 11.413103029222144,-20.29756338195204,0.5 -10.928190378568976,2.6124040747465624,0.5
262 31 22 1 0 1 1 -2.3727943741298776,31.41050535820934,0 -4.288100277185199,-22.88803608903141,0.5 -6.698558054079044,9.021048719308236,0.5
639 5 3 0 1 0 1 17.019695309179493,20.312064680447765,0 -13.705242574676564,-25.698566613125973,0.5
892 17 0 1 1 0 1 13.623090277422913,-10.984598822587254,0 -11.287703372721841,9.101524738715154,0 28.287710667105443,-15.101504071254915,0.5
254 29 4 1 0 0 1 -0.7413378155784535,29.490683583857347,0 -6.689182760391578,27.340534632630725,0.5
987 15 23 1 1 1 0 15.448321884527463,-1.2646544793064496,0 -16.444987812561493,1.3462450908746078,0 -22.932105639390752,7.897374940055894,0.5
545 30 27 1 0 1 0 -29.288957413146765,-8.509228734196492,0 28.08202299235131,1.9104933020171462,0.5
935 1 2 0 1 0 1 -27.99151608336143,12.1130106643608,0 29.45664880148613,-6.209335019622133,0.5
415 9 27 1 1 1 0 -8.177049256537464,4.835893449628529,0 19.366695607588728,-11.453431854383357,0 20.61615724810622,-19.163091095158876,0.5
635 28 2 1 1 0 1 -18.84738816172408,-21.378165484468095,0 2.3145915286327816,2.6253887437066084,0 -15.008033609264974,-26.096147746040465,0.5
727 1 23 0 1 1 0 4.392328867843693,30.182071617380853,0 9.321710101593833,22.390974091848783,0.5
754 31 15 1 0 1 1 0.7915980064651315,-31.490051962423948,0 5.6085886563280685,15.645885506551174,0.5 6.412751710514868,-16.344008550514424,0.5
981 29 17 1 1 1 1 29.290036834809506,-3.513366222798655,0 -2.4822065114245344,0.29774290023717415,0 -16.660862619402522,8.041495929079101,0.5 15.111380726831516,4.230386806043272,0.5
168 30 5 1 0 0 1 15.028183917222893,26.540604517420533,0 7.836172023012573,26.01623354803218,0.5
278 3 6 1 1 0 1 -0.6125807064134665,3.445975170852219,0 4.98815718079537,-28.060083534082352,0 -10.370474011044774,24.056252176643078,0.5
150 29 24 1 0 1 1 17.33966494262796,23.86600133406095,0 -19.25484064741528,-16.294204848431374,0.5 -0.4457125740561363,9.594338971566945,0.5
943 30 10 1 0 1 1 28.564771545819866,-10.691296765833405,0 -7.730567889708464,9.299909682497375,0.5 22.23902848623369,-1.9171885636229193,0.5
136 23 7 1 1 1 1 15.429765260194475,17.72490744729844,0 -5.58097892390013,-6.411136736256882,0 -9.449901452563795,-1.7173708210030396,0.5 11.56084273153081,22.41867336255228,0.5
673 24 5 1 1 0 1 -11.396201412897735,-21.68816712764515,0 3.4886330855809393,6.639234834993413,0 -7.015115701057922,-26.24953621877481,0.5
957 29 4 1 0 0 1 28.429848509555285,-7.873608684951088,0 28.103813088897518,-1.5574626365702784,0.5
840 24 24 1 1 1 1 13.127756476985402,-20.68603417479938,0 -4.01870096234247,6.332459441265116,0 -8.061788923973308,23.900994944673357,0.5 9.084668515354563,-3.1174986713911403,0.5
894 29 29 1 1 1 0 23.19550874803025,-18.226858586164877,0 -1.9657210803415466,1.5446490327258369,0 -19.48835106948824,22.944589178984586,0.5
110 2 18 0 1 1 1 -22.730140661885784,-18.804007697586343,0 -18.079038929844238,-7.169264353696022,0.5 6.577384838981017,13.228303318262046,0.5
751 12 2 1 1 0 1 0.0785392995694797,-12.499753260701715,0 -0.12252130732838835,19.499615086694675,0 6.185234312120795,-29.461718831462697,0.5
288 25 16 1 1 1 1 -6.030724424104973,24.776609189324187,0 1.5372434806542088,-6.315606263945381,0 -1.9275569465965905,-17.450917575234467,0.5 -9.495524851355771,13.6412978780351,0.5
148 7 13 1 1 1 1 4.484287372931392,6.011752386531574,0 -14.648672084909213,-19.638391129336476,0 -12.881119180501763,-7.233724397411718,0.5 6.251840277338842,18.41641911845633,0.5
875 4 8 0 1 0 1 -19.44543648263005,19.44543648263006,0 20.85965004500315,-12.374368670764586,0.5
918 22 1 1 1 0 1 19.579134480064326,-11.086365184836563,0 -8.266745669360493,4.680909744708771,0 29.49696856671028,-9.807081389205742,0.5
375 21 0 1 1 0 1 -15.20279579551077,15.202795795510772,0 7.424621202458749,-7.4246212024587495,0 -26.516504294495533,18.031222920256965,0.5
946 3 24 0 1 1 0 -26.87523027294663,9.485357018905132,0 -21.10635086223725,13.812022056170369,0.5
744 28 8 1 1 1 1 -1.0741702060931486,-28.479749970256794,0 0.13191563934477263,3.4975131542420623,0 6.316103388537983,8.267819421425399,0.5 5.110017543100062,-23.709443703073457,0.5
233 11 0 1 1 0 1 1.22602827416549,11.434459089565488,0 -2.18552866264283,-20.38316620313848,0 -2.6075533827113038,31.960141823157027,0.5
465 9 31 1 1 1 0 -9.2712092384181,2.072360793267152,0 21.958127143621816,-4.908222931422202,0 29.43251855269129,-12.727012675623566,0.5
831 3 9 0 1 0 1 -13.886628583171952,24.887979962082735,0 16.202702557679487,-16.72490447887122,0.5
253 24 17 1 1 1 1 -0.4617867730274973,24.49564763332982,0 0.1413632978655604,-7.498667642856067,0 -5.669086419265213,-17.609981804956604,0.5 -6.272236490158271,14.384333471229283,0.5
615 20 30 1 1 1 0 -15.377276927424424,-13.55689323913486,0 8.626277300750287,7.605086451221995,0 26.846258815670932,15.669345474588619,0.5
882 11 4 1 1 0 1 8.481400849618998,-7.766327293391782,0 -15.11901890584256,13.844322566481004,0 24.333607576075924,-14.146573519179134,0.5
240 1 2 0 1 0 1 -1.9151108456440626,-30.439815217062282,0 -4.13584004445488,29.81853160580989,0.5
122 12 23 1 1 1 1 9.003862811098836,8.670666322660061,0 -14.046025985314186,-13.526239463349697,0 -21.089181919742643,-11.978998537273474,0.5 1.960706876670379,10.217907248736283,0.5
934 8 27 1 1 1 0 7.779549967277799,-3.4247047035661344,0 -21.508167556591562,9.468301239271078,0 -22.751693632793256,16.571374017851234,0.5
303 27 4 1 0 1 1 -8.989420815510915,25.989234567444637,0 -4.199382317631589,-6.214112016238777,0.5 -14.659799266589744,24.027906389514982,0.5
554 24 24 1 1 1 1 -23.103268129375177,-8.154078840813176,0 7.072429019196483,2.4961465839224006,0 25.100185396513098,2.496135625455989,0.5 -5.075511752058563,-8.154089799279587,0.5
497 28 26 1 1 1 0 -28.494937042853056,0.537180531889141,0 3.4993782333328314,-0.06596953900392961,0 26.382201699798987,-6.498417766743178,0.5
616 3 27 0 1 1 0 21.259322644589194,18.981338221876165,0 24.50945270377052,13.839679481896821,0.5
276 26 24 1 1 1 0 -4.309884877664415,26.147177521508503,0 0.8945044085718596,-5.426772693143274,0 -1.9355051179725606,-25.149628624262068,0.5
222 4 14 0 1 1 1 -4.813134121820091,-27.075519199553145,0 -8.445220362316734,-13.226044496821821,0.5 -2.844482475107901,18.28001420811275,0.5
503 5 4 1 1 0 1 -5.499022938094449,-0.10366641843474517,0 26.49529233809144,0.49948365245831766,0 -27.382024052179798,-6.517266206458579,0.5
620 28 8 1 0 1 1 -20.77560588151023,-19.50959251896763,0 10.30351596865413,1.444838635865385,0.5 -13.023480108831038,-20.460668753852655,0.5
359 1 20 0 1 1 1 19.293389938350295,-23.62234333606138,0 8.320669958026647,-19.67273370555279,0.5 -11.921575223193333,5.111364220806692,0.5
144 3 9 1 1 1 1 2.1625086458161706,2.752009512478166,0 -17.60899897307453,-22.409220315893634,0 -10.587396917177891,-3.762582426755872,0.5 9.184110701712813,21.39864740161593,0.5
165 17 3 1 1 0 1 8.908224775631496,15.062985472569014,0 -7.381100528380382,-12.480759391557182,0 9.343228186861918,27.58539626411462,0.5
169 11 10 1 1 1 1 5.60337644584132,10.042518230314082,0 -9.98862757736931,-17.901880323603365,0 -10.35570104897551,-6.245755021152169,0.5 5.236302974235121,21.698643532765274,0.5
297 1 9 0 1 0 1 8.876603088262284,-29.17971757254433,0 -12.288586062989094,19.779804159104057,0.5
356 10 10 1 1 1 1 -6.48752593744851,8.2560285374345,0 13.283981681442185,-16.90520129093731,0 1.769795344628795,-11.963186215976505,0.5 -18.001712274261898,13.198043612395304,0.5
186 1 21 0 1 1 1 -11.936896838534677,-28.067071344659045,0 -13.935924921195078,-17.436742717342995,0.5 -1.4119675824045954,12.010676398364854,0.5
383 24 15 1 1 1 1 -18.17267343209911,16.431796625149644,0 5.563063295540544,-5.030141824025401,0 7.472884018230138,-14.846077072751598,0.5 -16.262852709409515,6.615861376423446,0.5
434 7 2 1 1 0 1 -6.864308794656882,3.0217982678524704,0 22.42340872921248,-9.871207674984737,0 -29.417053206599043,6.394292817827546,0.5
71 1 31 0 1 1 0 -27.515085760730187,-13.159409393269247,0 -31.005955994184145,-8.178061682740989,0.5
617 31 0 1 0 0 1 -23.364865841270287,-21.126595660906677,0 -19.340752382049967,-25.577046297339113,0.5
196 20 28 1 1 1 0 6.822800662721227,19.33130598580372,0 -3.827424762014347,-10.844391162767941,0 -15.143300234262306,-24.878313005808714,0.5
75 11 28 1 1 1 0 10.24657502816623,5.220890747004788,0 -18.265633745861543,-9.306805244660708,0 -28.117628937805765,-7.592690097446875,0.5
927 7 6 1 1 1 1 6.724807775889269,-3.3206867327917626,0 -21.967705401238277,10.847576660453091,0 -3.171617352870623,8.257774722464275,0.5 25.520895824256925,-5.910488670780579,0.5
580 5 30 1 1 1 0 -4.81968674024125,-2.6496452075594323,0 23.22212702116239,12.766472363695447,0 29.617875785948133,9.435646979839124,0.5
783 27 17 1 0 1 1 5.661221741171743,-26.910974868950483,0 2.2688897724799046,18.36034147831505,0.5 8.856493253116113,-12.954247460100056,0.5
678 11 2 1 1 0 1 -5.0268313164857235,-10.34316039301327,0 8.960873216344115,18.43780765711061,0 -7.498483606804281,-29.155149521113547,0.5
158 28 6 1 0 0 1 15.572238881926669,23.869549141201038,0 8.907887601471014,24.635331101480226,0.5
936 12 8 1 1 1 1 11.502898092073378,-4.892170835465031,0 -17.94452102363447,7.631786503325449,0 -5.473728701586683,8.848067252311443,0.5 23.97369041412117,-3.675890086479037,0.5
814 27 16 1 1 1 1 10.762775838023057,-25.306375802561437,0 -1.7611815007674094,4.141043313146417,0 -0.9362744186186118,17.532067482560073,0.5 11.587682920171854,-11.91535163314778,0.5
684 14 0 1 1 0 1 -5.842143317848111,-13.270997003003304,0 7.050862624989099,16.016720520866055,0 -7.2001056892548725,-31.24753555184088,0.5
393 8 12 0 1 1 1 18.386184048549822,-14.635512841470645,0 6.043158449278676,-12.479192119560935,0.5 -18.993347489172145,7.4500168560586655,0.5
366 9 5 1 1 1 1 -6.32711274062539,7.086440881529731,0 14.98526701727066,-16.7836757720441,0 -0.8125816016567096,-8.09874750443851,0.5 -22.124961359552756,15.771369149135317,0.5
273 4 1 1 1 0 1 -0.648048521485135,4.45309253371193,0 3.9602965201869362,-27.213343261572902,0 -10.3297855794596,29.31800692206734,0.5
49 8 29 1 1 1 0 8.10032440289636,2.5757997918785787,0 -22.395014525654645,-7.121328836370187,0 -29.931102192554597,-3.2216644050635184,0.5
599 28 1 1 0 0 1 -23.16178368634318,-16.606678670554412,0 -21.291029137197913,-22.64822461649013,0.5
142 13 23 1 1 1 1 8.473833377424457,10.509241071154815,0 -11.612290183877962,-14.401552578989932,0 -19.421520799733607,-14.527715919080846,0.5 0.6646027615688146,10.383077731063903,0.5
189 12 29 1 1 1 0 4.674490071722505,11.593064416683267,0 -7.292204511887108,-18.0851804900259,0 -16.59646748927308,-25.11587678894571,0.5
412 16 16 1 1 1 1 -14.041408949612414,8.665381394361384,0 13.190414467817721,-8.140206764400089,0 10.890361169844638,-13.771348285129534,0.5 -16.341462247585497,3.0342398736319387,0.5
962 5 0 0 1 1 1 -25.748240922238857,6.267223421128716,0 0.9331781156850141,5.948039895999906,0.5 32.02539356895458,-1.6199280087592989,0.5
114 8 28 0 1 1 1 -17.72490744729844,-15.429765260194479,0 -25.4356788854967,-14.187185754542638,0.5 -1.2996347019413763,6.823558429551969,0.5
124 27 25 1 0 1 1 19.567231123255347,19.322874169468353,0 -22.36005958762987,-13.648360166614944,0.5 0.40908208306725946,8.836438866948232,0.5
484 20 2 1 1 0 1 -20.396495848116654,2.057415154449907,0 11.441936695284951,-1.1541597207889722,0 -29.953225290055645,-3.009035513776959,0.5
520 25 7 1 1 1 1 -25.298924883519184,-3.1959974558897595,0 6.448745558544106,0.8146660181679779,0 8.19285966124441,-5.012688956154585,0.5 -23.55481078081888,-9.023352430212322,0.5
481 23 31 1 1 1 0 -23.33274120739062,2.7987832622294446,0 8.439502138843416,-1.0123258608063948,0 30.561219083379907,-9.708856170407286,0.5
394 26 30 1 0 1 0 -20.8366434516204,16.37327974689386,0 20.27463950162487,-23.56244879207491,0.5
26 17 18 1 1 1 1 17.26700402363769,2.846150390910463,0 -14.306946191014086,-2.3582388953258118,0 -19.229512959014862,2.9113281091418624,0.5 12.344437255636917,8.115717395378137,0.5
22 13 8 1 1 0 1 13.371229246904791,1.8601689242426136,0 -18.32353637538805,-2.549120377665804,0 22.449101759763476,9.180840385268901,0.5
766 28 4 1 0 1 1 2.8603088732596182,-28.356103983967056,0 5.5180783850573345,5.079449865523138,0.5 8.729653260296205,-26.758982677878468,0.5
41 28 14 1 0 1 1 27.559542401229397,7.2609656819763915,0 -15.5501459266556,2.1078334041655684,0.5 15.393901681742319,10.260496626033799,0.5
11 3 2 0 1 0 1 -28.431956431294918,-1.9682107328605647,0 29.015208783369708,8.022945796742322,0.5
796 15 14 1 1 1 1 4.4177985682846375,-14.857087729769324,0 -4.702817830754614,15.8156095187867,0 1.6183514282895937,15.608681515571808,0.5 10.738967827328846,-15.064015732984217,0.5
154 1 16 0 1 1 1 -17.301702948366074,-25.11774422766704,0 -14.301133246362047,-10.184674166108515,0.5 3.8514731256941612,16.168368958001164,0.5
13 19 16 1 1 1 1 19.434985596663584,1.591016925579072,0 -12.458324100425374,-1.0198826446019693,0 -16.93453148197044,4.6337504773295795,0.5 14.958778215118517,7.244650047510621,0.5
72 22 4 1 1 0 1 20.23661816024335,9.83510474964599,0 -8.544349889880525,-4.152599783183862,0 22.11094981816961,17.41711509229888,0.5
4 10 9 1 1 1 1 10.496683987474649,0.2638660021550435,0 -21.493210069590948,-0.5402970520317558,0 -9.647780370851375,5.759369228988094,0.5 22.342113686214223,6.563532283174893,0.5
569 30 7 1 1 0 1 -27.67827494850407,-12.812614716560079,0 1.3612266368116757,0.6301285926177088,0 -19.712854030786534,-15.737006893335947,0.5
289 27 25 1 0 1 1 -6.671478846873699,26.678481403477914,0 0.36552080634224815,-26.193823595270146,0.5 -7.397654579110783,4.850227492413246,0.5
930 28 4 1 0 0 1 25.787570995281563,-12.134709809604558,0 27.437419692205975,-6.279968203243367,0.5
12 5 14 1 1 1 1 5.484373951433376,0.41429743040363,0 -26.42471085690627,-1.9961603464902171,0 -14.910764886946499,4.890714721408659,0.5 16.998319921393147,7.301172498302506,0.5
84 26 2 1 1 0 1 22.893970555610135,13.34601484334766,0 -4.751578794560594,-2.769927608996684,0 22.464001597374075,20.040424951411957,0.5
347 2 22 0 1 1 1 16.886747705040424,-24.188587225100846,0 7.9600101699255745,-21.883515213390226,0.5 -10.357817849101327,4.354952285024255,0.5
339 7 17 1 1 1 1 -3.978833882300507,6.357584520638124,0 12.99752401551499,-20.768109434084536,0 4.197878108857352,-18.01743098732936,0.5 -12.778479788958146,9.1082629673933,0.5
467 16 1 1 1 0 1 -16.146584921370287,3.3967330447030433,0 15.168004017044817,-3.190870435933162,0 -31.08189323454619,0.4073241415285507,0.5
813 22 19 1 1 1 1 8.675639826241405,-20.76013664707759,0 -3.66304792663526,8.765391028766093,0 -1.982851410188526,20.305622381131617,0.5 10.35583634268814,-9.219905294712063,0.5
452 18 6 1 1 0 1 -17.664994077812896,5.495269259175146,0 12.89067135407968,-4.010061351289972,0 -26.131295380501605,1.8453730617345325,0.5
838 5 9 0 1 1 1 -13.917127693974315,22.551353767559345,0 0.11680790613585224,11.235495356817346,0.5 16.92239606489729,-15.996328060612807,0.5
676 5 21 1 1 1 1 -2.4661076884951756,-4.916127832831951,0 11.882155226385846,23.686797740008494,0 15.00328769084327,16.52729132271198,0.5 0.6550247759622474,-12.075634250128463,0.5
812 17 8 1 1 1 1 6.646134171631526,-16.188851119603015,0 -5.506796885066122,13.41361949909964,0 2.322340929071435,10.141830831223702,0.5 14.475271985769083,-19.460639787478954,0.5
231 23 25 1 1 1 0 2.798783262229438,23.332741207390622,0 -1.0123258608063925,-8.439502138843416,0 -8.99427320983806,-24.60392345596103,0.5
176 14 15 1 1 1 1 6.50155663330547,12.960700650193322,0 -7.846706281575568,-15.642224922647115,0 -12.312988394303085,-11.164242777804391,0.5 2.0352745205779534,17.438682795036044,0.5
428 13 8 1 1 0 1 -12.14197089614601,5.901062849787594,0 16.638997153977865,-8.086641683042258,0 -23.758718011715317,4.875789006898696,0.5
450 13 30 1 1 1 0 -12.839262969984572,4.171729424061791,0 17.59454555146034,-5.716814395936529,0 27.153121780752496,-15.131357426206819,0.5
219 24 28 1 1 1 0 4.7419619672460795,24.036717677361686,0 -1.451621010381453,-7.3581788808250055,0 -11.402702944109526,-26.799782938829857,0.5
776 30 28 1 0 1 0 4.96043353844396,-30.093921298339975,0 1.284956457193017,29.096372401093543,0.5
424 25 24 1 0 1 0 -22.647479444745382,11.719286445847944,0 19.00186383220291,-16.588525278107724,0.5
967 10 28 1 1 1 0 10.275099495417455,-2.1615573920837607,0 -21.039489442997645,4.426046088552463,0 -26.65438012065666,11.738569775894469,0.5
836 28 11 1 1 1 1 14.661526712772933,-24.439509701519093,0 -1.8005383682352725,3.001343296677783,0 -0.7708947013254104,12.94819374891604,0.5 15.691170379682795,-14.492659249280836,0.5
698 28 0 1 1 0 1 -9.146892879505478,-26.99230169235021,0 1.1233026343252341,3.3148440674816047,0 -4.427133878958642,-31.7592582661777,0.5
90 8 9 1 1 0 1 7.176787366767128,4.5545277573214715,0 -19.841706249297353,-12.591929682006421,0 15.78241755392136,17.122070440039515,0.5
976 28 0 1 1 0 1 28.176574725030548,-4.2814292899415936,0 -3.460281106582699,0.5257895619226518,0 32.043883493968835,1.1998044111236172,0.5
499 18 13 1 1 1 1 -18.499634825838537,0.11623816336284386,0 13.49973352155785,-0.08482244353504821,0 13.462034657764496,-6.0847040086718716,0.5 -18.537333689631893,-5.883643401773979,0.5
745 16 28 1 1 1 0 -0.5182775247891169,-16.49185824603457,0 0.48686676571098864,15.49235168566884,0 6.892245995921046,28.29747241595458,0.5
591 4 31 1 1 1 0 -3.784250620341761,-2.4350456345709404,0 23.12597601319965,14.880834433489081,0 29.73648185515358,11.999651948207568,0.5
101 21 12 1 1 1 1 17.314119542789122,12.746421633462774,0 -8.45573279996678,-6.224996611691122,0 -13.623489492355379,-2.578862937746509,0.5 12.146362850400521,16.392555307407385,0.5
82 1 19 0 1 1 1 -26.540604517420533,-15.028183917222893,0 -19.9249472653455,-4.387080632174532,0.5 7.9209328840793205,11.3801942973708,0.5
107 26 1 1 0 0 1 20.733356480279586,16.503876182934984,0 20.12619303965726,23.689372168346964,0.5
658 23 18 1 1 1 1 -12.84026714825532,-19.681908940990333,0 4.644351947241286,7.1189883403582055,0 15.133463654836826,12.215902660374011,0.5 -2.351155440659779,-14.584994620974529,0.5
932 0 29 0 1 1 1 -28.66833807657736,13.05283080128846,0 -24.361872649247662,17.684715463411862,0.5 4.761518412672196,4.424696871626762,0.5
399 7 15 1 1 1 1 -6.039809142833414,4.446426151207945,0 19.730043199922488,-14.524992093945954,0 8.925131307556033,-14.02112802676315,0.5 -16.844721035199868,4.950290218390748,0.5
395 10 27 1 1 1 0 -8.29662762994475,6.435524063356252,0 16.988332766077345,-13.177501653538991,0 18.051820518413628,-21.595874049710993,0.5
527 1 20 1 1 1 1 -1.478466892723497,-0.25325016706910075,0 30.06216015204444,5.149420063738382,0 21.218714868830865,-2.452781954282944,0.5 -10.321912175937074,-7.855452185090427,0.5
193 22 11 1 0 1 1 7.887022204303326,21.07237245183433,0 -9.650444002688634,-8.667117776456658,0.5 1.5666542434316542,21.302478599485497,0.5
964 31 3 1 0 0 1 30.697596492777176,-7.064528969905519,0 29.119640440113734,-0.5445554503379126,0.5
804 25 28 1 1 1 0 8.48689838533616,-24.04625866526804,0 -2.1633270393994133,6.129438483303619,0 -3.827413803547933,28.872147540084555,0.5
984 9 1 1 1 0 1 9.452034661322351,-0.9534362910865434,0 -22.386397882079255,2.2581385841523396,0 30.94817630703695,2.9086737989257405,0.5
338 5 21 0 1 1 1 13.91712769397434,-22.55135376755933,0 6.185287653399709,-21.447429138353648,0.5 -10.620300505361756,5.784394279076488,0.5
416 23 21 1 1 1 1 -20.30220030403163,11.835145238440381,0 7.3433490461391,-4.280797213903968,0 15.552614259831394,-16.01143933832587,0.5 -12.092935090339337,0.10450311401847756,0.5
703 21 21 1 1 1 1 -6.257277586807854,-20.56930910851485,0 3.055879751696859,10.045476541367718,0 11.997549896160836,18.823092107545218,0.5 2.6843925576561225,-11.79169354233735,0.5
173 26 6 1 1 1 1 12.32650356905265,23.45862975031006,0 -2.5583309294260217,-4.868772212328503,0 -8.33486987549821,-2.963097055196207,0.5 6.54996462298046,25.364304907442357,0.5
336 0 6 0 1 0 1 16.204845314117456,-27.012089670100046,0 -18.26336804859033,18.780292530249092,0.5
531 0 24 0 1 1 1 30.904351299465024,6.096808243602104,0 25.19801448566685,-1.1445811374139234,0.5 -6.196882072519843,-7.338164115041458,0.5
861 19 17 1 1 1 1 12.523926736943395,-14.946613632782322,0 -8.028158164707303,9.581162585116873,0 -6.640463389734126,17.267143538223127,0.5 13.911621511916572,-7.260632679676068,0.5
759 20 31 1 1 1 0 1.1586299568814997,-20.467231777233987,0 -0.6499631465432802,11.481617826253213,0 4.210075464470082,31.78876003532486,0.5
282 15 11 1 1 1 1 -3.0955046979733067,15.187753311955827,0 3.2952146784877137,-16.167608364340072,0 -3.582465538389802,-12.466592985505281,0.5 -9.973184914850822,18.88876869079062,0.5
700 10 15 1 1 0 1 -3.2446784409369496,-9.986093421099111,0 6.643865379061372,20.4477151003458,0 0.6075586905842858,-17.546534485119718,0.5
157 31 18 1 0 1 1 17.376844924795552,26.27347065881489,0 -15.209919208304985,-12.120575798073085,0.5 2.4427486518047807,14.56993407754839,0.5
304 11 17 1 1 1 1 -3.8274247620143456,10.844391162767941,0 6.8228006627212245,-19.331305985803724,0 0.1663988137950776,-18.49925164526305,0.5 -10.483826610940493,11.676445503308617,0.5
59 3 1 0 1 0 1 -26.56402670505901,-10.324847951079551,0 26.25451672974816,16.641825359237906,0.5
103 0 4 0 1 0 1 -25.13052484546499,-18.99228056320428,0 18.321769837176557,21.367329033679606,0.5
98 13 27 1 1 1 1 11.020579884681982,7.797231496200611,0 -15.102276138267904,-10.68509501331195,0 -25.91476561525616,-10.985213839809255,0.5 0.20809040769372267,7.4971126697033075,0.5
977 1 30 0 1 1 0 -30.182071617380853,4.392328867843696,0 -29.31800692206734,10.329785579459601,0.5
737 8 15 0 1 1 1 1.9173793718517127,23.4216493087997,0 7.244650047510628,14.958778215118516,0.5 4.633750477329572,-16.934531481970442,0.5
584 7 29 0 1 1 0 21.166123721224473,12.338768440076128,0 28.507480017003214,9.673343945097917,0.5
187 9 19 0 1 1 1 -8.675639826241424,-20.760136647077584,0 -13.054924288629923,-15.67861447380286,0.5 -0.7162365357532314,13.846913202040813,0.5
250 26 29 1 0 1 0 0.000000000000001622657008870243,26.5,0 -6.000000000000002,-29.5,0.5
563 14 31 1 1 1 0 -13.378754728116668,-5.590967888022246,0 16.146772947727012,6.747719864854434,0 31.377695259573,6.609859317517292,0.5
474 31 15 1 0 1 1 -31.080607242547842,5.123070703638839,0 14.317809144052653,-8.440991725767907,0.5 -17.256141070599124,-3.236602439531626,0.5
209 30 2 1 0 0 1 7.7705071333431555,29.493545376754266,0 1.7137274810851642,30.055168243092126,0.5
850 26 1 1 1 0 1 15.576309185750532,-21.43895035093611,0 -3.232818887608601,4.449593469062211,0 22.78155216117011,-21.148306814681064,0.5
994 20 30 1 1 1 0 20.48543418913208,-0.7726487447336696,0 -11.491828935366776,0.4334371007042537,0 -30.252187819518362,7.145287407276556,0.5
978 17 28 1 1 1 0 17.333074949691397,-2.411330086981175,0 -14.361690672601442,1.9979592149272594,0 -27.401408888246728,9.869791838692107,0.5
365 28 26 1 1 1 0 -18.847388161724073,21.3781654844681,0 2.314591528632781,-2.6253887437066084,0 13.024098013294015,-23.84581453714909,0.5
510 7 14 1 1 1 1 -7.485200463212037,-0.4709288964698501,0 24.45165484649265,1.538367728468177,0 14.848130679385818,-5.077697837394585,0.5 -17.088724630318872,-7.086994462332612,0.5
762 7 16 0 1 1 1 -1.845506735434341,24.430393056385043,0 4.740061110352801,16.905082687467722,0.5 7.150518887246634,-15.004002120871922,0.5
8 0 12 0 1 1 1 -31.46021413308955,-1.5826960226627411,0 -12.785677866653835,5.364367762388985,0.5 19.17390474473872,6.972185944141611,0.5
905 20 29 1 0 1 0 16.95515177262851,-11.522709245968684,0 -21.026376673986782,21.54394309228523,0.5
898 11 22 1 1 1 0 9.218020326015079,-6.87590730516147,0 -16.432123189852966,12.257052152679142,0 -14.447827261249603,18.262264028019437,0.5
203 27 5 1 0 0 1 8.003494587777473,26.30958141786784,0 1.9721861115962174,27.099086367278638,0.5
612 18 17 1 1 1 1 -14.10518645371179,-11.970535289034714,0 10.29297389865455,8.735255481187494,0 17.225079712117005,6.748824261396582,0.5 -7.173080640249334,-13.956966508825627,0.5
810 10 14 1 1 1 1 3.8653078031891215,-9.762653101826638,0 -7.914677882720582,19.990194446597403,0 0.2408529014016727,15.690506361487714,0.5 12.020838587311378,-14.062341186936326,0.5
308 7 7 0 1 0 1 8.73209102847464,-22.891059090186996,0 -14.338064683214313,20.752587817907493,0.5
211 13 17 1 1 1 1 3.275089615738002,13.09670905261643,0 -4.488085769715039,-17.947342035066956,0 -10.066246117860267,-15.521620053804407,0.5 -2.3030707324072255,15.522431033878979,0.5
805 2 21 1 1 1 0 0.8468448006132296,-2.3522019223855635,0 -9.99276864723611,27.755982684149647,0 -1.6375806715484238,22.2613640539876,0.5
701 19 3 1 1 0 1 -5.909187757839103,-18.583097159585762,0 3.787940870409681,11.912241768965233,0 -2.918629135430761,-28.978122851037377,0.5
129 14 31 1 1 1 0 9.992150221616553,10.507470387712175,0 -12.059491646778598,-12.681429778273316,0 -26.05500374532376,-18.69189075056788,0.5
386 15 19 1 1 1 1 -11.69089640140961,10.177079214170824,0 12.445147782145714,-10.833664969923781,0 10.768387389836288,-17.328930521599272,0.5 -13.367656793719036,3.6818136624953324,0.5
162 30 2 1 0 0 1 16.017826213819518,25.955331694738103,0 10.386684693090073,28.255384992711186,0.5
130 9 26 1 1 1 0 6.503197506322542,6.92520196050341,0 -15.402309883395494,-16.40179411698176,0 -22.514310071638718,-15.210385991095274,0.5
464 25 6 1 1 1 1 -24.850435256057718,5.718904404209216,0 6.334424673112752,-1.4577599461709765,0 4.988800107416465,-7.30492118289044,0.5 -26.196059821754005,-0.12825683251024778,0.5
202 5 2 0 1 0 1 -7.871601911791424,-25.303910435786037,0 3.03353938804267,29.950753559488177,0.5
423 1 26 0 1 1 0 26.999554995639883,-14.187107881362484,0 20.66772328184531,-17.637891437047383,0.5
903 1 8 0 1 1 1 -25.00853933442629,17.459179830635037,0 -3.5350001756987943,9.785385723506739,0.5 22.703467322715674,-8.532442295520184,0.5
718 10 30 1 1 1 0 -2.096954795401275,-10.288478050034591,0 4.293764581059753,21.06688362626131,0 11.970284719994897,28.687319214633085,0.5
825 18 4 1 1 0 1 8.398824245181613,-16.48362069748481,0 -6.128871746483879,12.028588076542968,0 17.83077788796774,-21.77873641674284,0.5
789 25 27 1 0 1 0 6.186280385282881,-24.738228210497702,0 -0.8507192679330595,28.134076788250358,0.5
538 24 9 1 0 1 1 -23.80497745640951,-5.794225427081257,0 10.64949544483175,-3.583049925762658,0.5 -20.442720008437814,-11.151017830521852,0.5
723 31 5 1 0 0 1 -5.318253508451126,-31.047804747193435,0 1.439781286006533,-27.13258243972485,0.5
512 16 19 1 1 1 1 -16.45312185430013,-1.242892291210891,0 15.455962954039515,1.1675654856829583,0 19.896559388249567,-4.514080693768994,0.5 -12.012525420090077,-6.924538470662844,0.5
18 4 30 0 1 1 0 -27.32431103930023,-3.103550584020746,0 -30.982283280101143,2.5195481244788596,0.5
275 12 8 1 1 1 1 -1.955430813002888,12.34610425743922,0 3.0504720682845052,-19.259922641605183,0 -4.596437090728862,-9.333957685300057,0.5 -9.602339972016255,22.27206921374435,0.5
172 29 8 1 0 1 1 13.885765998877316,26.02759117983112,0 -9.294730782015048,-4.675251831705106,0.5 5.7677950472756,23.558067414213394,0.5
879 13 21 1 1 1 1 9.78281725752513,-9.303036413229204,0 -13.406082908460364,12.748605455165947,0 -11.445359448697413,19.163865661450274,0.5 11.74354071728808,-2.8877762069448796,0.5
560 12 15 1 1 1 1 -11.62220607360314,-4.601556908558479,0 18.130641474820898,7.178428777351227,0 16.620282847375965,0.12727165128300655,0.5 -13.132564701048075,-11.6527140346267,0.5
453 3 25 1 1 1 0 -3.348492180455907,1.0186265838989512,0 27.26629346942667,-8.294530754605745,0 22.64994031378055,-13.161694563473914,0.5
238 8 10 1 1 1 1 0.6402778469874284,8.475850652215218,0 -1.7701799299064196,-23.433234156124428,0 -6.773884859606977,-10.01820761956885,0.5 -4.363427082713129,21.890877188770798,0.5
147 30 21 1 0 1 1 18.389351021515257,24.332730405926416,0 -17.74975178354546,-13.535003199945129,0.5 1.5439935505033349,11.994418865289145,0.5
409 1 6 0 1 0 1 25.648809760094156,-16.504198189869715,0 -24.690814361364566,8.752924435446321,0.5
931 2 17 0 1 1 1 -26.77079052396295,12.392528988148282,0 -13.360463058998711,12.796406794453311,0.5 15.679038526317033,-0.6463365147244877,0.5
405 3 11 0 1 1 1 23.571796366825016,-16.01937626878572,0 6.138926337044679,-11.426442290946873,0.5 -20.327652039741302,6.560225800321303,0.5
477 5 18 1 1 1 1 -5.44266865231458,0.7920593040373893,0 26.22376714297025,-3.816285737634694,0 17.443093498835527,-8.601656188832578,0.5 -14.223342296449303,-3.9933111471604956,0.5
949 25 3 1 1 0 1 24.201951697252508,-8.03215625121029,0 -6.1691249424369135,2.047412377759486,0 28.93915925015522,-3.2825389402344403,0.5
542 3 22 0 1 1 1 27.513376706748307,7.43398292926206,0 23.286135911488042,0.07664405852303613,0.5 -7.60607653117672,-8.270284142753663,0.5
385 13 9 1 1 1 1 -10.126499440011203,8.9277101818693,0 13.8770547881635,-12.234269508487559,0 3.158183969547454,-10.783129138357449,0.5 -20.84537025862725,10.37885055199941,0.5
229 30 3 1 0 0 1 4.012712952314618,30.234882747619952,0 -2.198261552286986,29.041653640034635,0.5
243 10 12 1 1 1 1 0.4616652423375814,10.48984581412031,0 -0.9453145438340952,-21.479208095579683,0 -6.543799087042059,-12.22410297356937,0.5 -5.136819300870383,19.74495093613062,0.5
871 30 19 1 0 1 1 21.01797115581412,-22.101920470704933,0 -9.089800482431007,18.265418888971503,0.5 12.961841385964133,-4.923481277013997,0.5
581 11 12 1 1 1 1 -10.042518230314084,-5.603376445841319,0 17.901880323603365,9.988627577369309,0 13.839281439475997,0.8510518427071299,0.5 -14.105117114441454,-14.740952180503497,0.5
856 1 31 0 1 1 0 -18.8447181992552,23.981797180166872,0 -14.744847219525823,28.4752432908455,0.5
321 24 15 1 1 1 1 -10.570673119183498,22.102282004520966,0 3.2359203426071934,-6.76600469526152,0 1.2747649518456505,-16.571812644292898,0.5 -12.531828509945042,12.29647405548959,0.5
79 15 16 1 1 1 1 13.629402807953621,7.381692156853055,0 -14.508719118144178,-7.857930360520995,0 -17.366148340151813,-2.5820324993776573,0.5 10.771973585945986,12.657590017996393,0.5
207 28 7 1 0 0 1 7.606706695630707,27.466124831265276,0 0.756756668609146,25.21264205402749,0.5
544 11 1 1 1 0 1 -11.063318223239989,-3.13894725844924,0 19.72156726751476,5.595514678105167,0 -27.70413237027167,-14.097200062794935,0.5
668 9 0 1 1 0 1 -4.68090974470877,-8.266745669360493,0 11.086365184836561,19.579134480064326,0 -10.299808730754032,-30.367152321379805,0.5
56 14 31 1 1 1 0 13.611640935981175,4.997322386030497,0 -16.427842508942796,-6.031251155554049,0 -31.637974055144134,-5.223848934074042,0.5
546 22 20 1 1 1 1 -21.566740252890956,-6.412933405574465,0 9.105956995665071,2.707682993464774,0 21.35981224967606,0.09176414653025766,0.5 -9.312884998879964,-9.028852252508981,0.5
433 4 17 1 1 1 1 -4.107112143315763,1.8389208363135712,0 25.099018653596325,-11.237849555249602,0 13.520208331143204,-12.627508332307126,0.5 -15.685922465768884,0.44926205925604634,0.5
740 21 25 1 0 1 1 -1.3499961698802339,-21.45757466120784,0 7.589318618567116,25.072938457745042,0.5 5.580021993629093,-6.863916851959644,0.5
779 1 11 0 1 1 1 -5.52677579062769,29.995078752357557,0 3.8168049482598985,12.396854439209116,0.5 9.615389384328296,-19.073392120641433,0.5
62 0 27 0 1 1 0 -29.139932015285428,-11.963041508936733,0 -27.718297761078404,-4.89346188584278,0.5
358 25 30 1 1 1 0 -16.00612971291286,19.8507886899591,0 4.079993848389552,-5.060004960185652,0 14.47381270996422,-27.50924836553842,0.5
768 31 25 1 0 1 0 3.5549761235146695,-31.298756281380264,0 3.0838300488462704,26.014226727501104,0.5
572 1 5 0 1 0 1 27.43186017277432,13.332030882853447,0 -21.21154456660324,-16.979999325647942,0.5
460 23 9 1 1 0 1 -22.76170428652283,5.844212348374088,0 8.232956869593364,-2.113864040901266,0 -23.28526044838333,-0.2159765055625531,0.5
570 21 4 1 1 0 1 -19.453781628019424,-9.154254768649054,0 9.500684050893208,4.470682561433259,0 -22.328068193425107,-17.137892832835604,0.5
942 21 4 1 1 0 1 20.088072262817153,-7.662855392334903,0 -9.810453895794424,3.7423247264891386,0 27.83251718983633,-4.19535300987474,0.5
955 6 26 0 1 1 0 -24.487488984762045,7.114273204000356,0 -23.77383603420361,13.155026424101244,0.5
585 19 7 1 1 0 1 -16.784469526576906,-9.926307607132232,0 10.759275337549298,6.363017696879636,0 -18.033931167094398,-17.63596684790775,0.5
309 30 1 1 0 0 1 -11.049398684488642,28.428168929975435,0 -16.641825359237906,26.25451672974816,0.5
170 19 21 1 1 1 1 9.394196644983445,17.087980260855343,0 -6.02192092627144,-10.953833500548296,0 -15.615544073450058,-15.950071576332777,0.5 -0.19942650219517333,12.09174218507086,0.5
824 26 6 1 1 1 1 11.882155226385837,-23.686797740008497,0 -2.466107688495174,4.916127832831952,0 2.448557640322379,8.500268553523407,0.5 16.79682055520339,-20.102657019317046,0.5
985 3 18 0 1 1 1 -28.37351599118778,2.682086929577675,0 -17.85324646524589,7.714375584011005,0.5 14.00473640205267,4.702909557818529,0.5
457 8 3 1 1 0 1 -8.191651265465083,2.2686669092231937,0 22.647506439815228,-6.272196749028829,0 -29.06753676718753,1.8243646258906505,0.5
590 23 26 1 0 1 0 -19.841706249297356,-12.591929682006416,0 25.589650795677382,9.133442513931314,0.5
586 20 17 1 1 1 1 -17.579296451969874,-10.546010442520874,0 9.861556546227003,5.91605463848732,0 18.093353686077954,3.857531904014441,0.5 -9.347499312118924,-12.604533176993753,0.5
408 18 30 1 1 1 0 -15.49426874077962,10.108295414583981,0 11.306628540568912,-7.376323680912635,0 22.266239140879705,-21.69019581564806,0.5
323 5 27 1 1 1 0 -2.4351702707139578,4.9315257023187975,0 11.733093122530887,-23.760987474808754,0 6.796005132858372,-27.3141778978274,0.5
625 30 6 1 0 1 1 -21.566756826189703,-21.566756826189696,0 8.838834764831844,0.35355339059327306,0.5 -13.788582233137681,-22.27386360737625,0.5
1 27 14 1 1 1 1 27.49945717354377,0.17278645905287116,0 -4.499911173852617,-0.02827414784501528,0 -14.537412646207342,5.9087759776362185,0.5 17.461955701189048,6.109836584534104,0.5
21 31 20 1 0 1 1 31.22619037868946,4.144277311406899,0 -21.11119259147858,3.2507764250252476,0.5 10.610651602745632,7.460835915978288,0.5
131 4 1 0 1 0 1 -18.698717914866528,-20.1645220211204,0 16.339045973698425,26.444008332122596,0.5
159 16 1 1 1 0 1 8.92850066009345,13.875585607919788,0 -8.387379407966575,-13.034641025621621,0 11.458530696080697,28.89553727285541,0.5
704 26 12 1 1 1 1 -7.553010455454389,-25.400827408960453,0 1.5676059435848733,5.271869839595566,0 9.313871514978965,10.271406787897334,0.5 0.1932551159397029,-20.401290460658686,0.5
404 11 28 1 1 1 0 -9.470624872726916,6.523592914957699,0 16.882418251382763,-11.629013457098507,0 20.067065337649645,-21.108360635883123,0.5
674 29 26 1 0 1 0 -13.557605888333885,-26.200025239999565,0 17.50768499935069,20.778136729830003,0.5
119 0 30 0 1 1 0 -23.09754340601064,-21.418531429756204,0 -26.444008332122596,-16.339045973698425,0.5
45 11 23 1 1 1 1 11.043377385284845,3.2083977194511366,0 -19.686020556377333,-5.7193176738042,0 -24.240848249643538,-0.7945288778602295,0.5 6.488549692018641,8.133186515395108,0.5
264 14 29 1 1 1 0 -1.2738423499857763,14.443937332576,0 1.537395939638006,-17.432338160005518,0 -3.3851913566121103,-29.91304864902805,0.5
201 15 14 1 1 1 1 4.697046679307997,14.771179793516893,0 -5.000081948940771,-15.72415913503411,0 -10.111887458778536,-11.99998883420303,0.5 -0.4147588305297676,18.495350094347977,0.5
965 24 22 1 1 1 1 23.909960667499305,-5.344509414215311,0 -7.319375714540604,1.636074310474075,0 -20.649267695242553,10.763723503054708,0.5 10.580068686797357,3.7831397783653213,0.5
65 21 7 1 1 0 1 19.731724452205594,8.538679648647783,0 -9.636423569681803,-4.170052851665196,0 20.102100985448853,15.236651074656013,0.5
732 5 20 1 1 1 1 -0.6207101168041507,-5.464862207860046,0 2.990694199147271,26.33069972878022,0 8.275223753026431,19.69189355641928,0.5 4.663819437075008,-12.103668380220988,0.5
200 11 0 1 1 0 1 3.5536954353118957,10.937149937394265,0 -6.334848384686422,-19.496658584050646,0 4.027696225039924,31.81238222954702,0.5
345 30 1 1 0 0 1 -17.143543024489976,25.22595751537414,0 -22.106026470137348,21.853457248261357,0.5
786 29 15 1 1 1 1 6.615987448006743,-28.748542747204024,0 -0.5606769023734528,2.4363171819664426,0 2.370964442004055,16.45079109388823,0.5 9.547628792384252,-14.734068835282237,0.5
951 8 0 1 1 0 1 8.100324402896359,-2.5757997918785835,0 -22.395014525654638,7.121328836370202,0 31.83706087558903,-3.8277349443290856,0.5
757 1 25 0 1 1 1 -1.3410276086948716,30.470504507682804,0 4.873010590963199,25.739148544199367,0.5 6.279990377134868,-6.229905365500622,0.5
648 23 26 1 0 1 1 -14.050767101851697,-18.836824144465595,0 20.653883960249512,17.65409520073311,0.5 1.5209245024089033,-7.996048315134934,0.5
508 26 3 1 0 0 1 -26.466529350059464,-1.3314744317638896,0 -28.16253735419288,-7.424384807759533,0.5
156 24 3 1 1 0 1 13.643452603960608,20.349599530297407,0 -4.17656712366141,-6.229469243968595,0 10.887379674738483,27.013236826009788,0.5
636 18 15 1 1 1 1 -12.146836481429693,-13.95365054361792,0 8.863907702664912,10.1823936399374,0 14.702587498587446,7.75138186689187,0.5 -6.308156685507159,-16.38466231666345,0.5
549 18 23 1 1 1 0 -17.63011781806855,-5.606152488206323,0 12.865221110482453,4.090976140042452,0 24.213226143451287,1.4034527872668825,0.5
711 1 31 0 1 1 0 7.399276539259928,29.588861192948226,0 13.46263534899597,29.10339240466589,0.5
382 20 4 1 1 0 1 -15.119018905842564,13.844322566481004,0 8.481400849618998,-7.766327293391782,0 -24.333607576075927,14.146573519179132,0.5
823 20 14 1 1 1 1 9.076543736297475,-18.381141254097336,0 -5.091719656947364,10.311371923030213,0 -1.0401481293526524,15.65784441961933,0.5 13.128115263892187,-13.034668757508221,0.5
880 24 6 1 1 0 1 17.859731371824576,-16.77140409525288,0 -5.467264705660584,5.1341032944651674,0 22.69598263481812,-13.082139436653103,0.5
556 2 5 0 1 0 1 27.692648800789286,10.166966233648258,0 -22.808589688780557,-14.76544061004795,0.5
523 2 26 1 1 1 0 -2.4739402965066275,-0.36002695638063087,0 29.192495498778204,4.248318085291444,0 27.087831838283762,-2.121170973981218,0.5
34 23 4 1 0 0 1 22.965800903852546,4.982167083168283,0 25.602830738592992,11.693804264265662,0.5
37 13 20 1 1 1 1 13.136829898258709,3.110257260133973,0 -18.00232245316934,-4.262204393516925,0 -21.330856035193136,1.1156078190226522,0.5 9.80829631623491,8.488069472673551,0.5
235 20 29 1 1 1 0 1.9292204230295473,20.40902027436314,0 -1.0822456031629168,-11.44896259293542,0 -8.749567030514658,-28.804428075879773,0.5
478 26 22 1 1 1 0 -26.247227780961257,3.6514427031429193,0 5.447537841331582,-0.7578465987655115,0 21.45864033406682,-9.043050094584274,0.5
199 9 4 1 1 0 1 2.9923719367253945,9.0164133774078,0 -7.087196692244355,-21.35466326228163,0 2.9675524205791106,27.99006310516493,0.5
334 1 9 0 1 1 1 15.360507649890705,-26.349664224381478,0 -0.399120087617284,-11.229011673146502,0.5 -16.51506253996163,16.41653767702423,0.5
208 3 30 0 1 1 0 -7.433982929262064,-27.513376706748307,0 -13.7479557748415,-27.879090946675472,0.5
921 1 2 0 1 0 1 -26.819147460811973,14.525265211872131,0 28.797260372629047,-8.773129147060853,0.5
445 5 0 1 1 0 1 -5.17484422924824,1.8630585613491022,0 24.933340377286974,-8.97655488650022,0 -31.67017174352985,5.024959874001325,0.5
555 8 13 0 1 1 1 22.1106980704243,7.96034112576435,0 14.73431790235379,-1.0723226904139178,0.5 -15.37386670418142,-11.911936138263245,0.5
198 2 31 1 1 1 0 0.8023590245180235,2.367745762486861,0 -9.467836489312678,-27.939399997344957,0 -15.792313538895563,-27.90793494849119,0.5
592 14 22 1 1 1 1 -12.144156580611055,-7.9227180276469005,0 14.656740700737481,9.561901067849707,0 22.122746981353803,7.268704561268202,0.5 -4.678150299994733,-10.215914534228407,0.5
255 6 28 1 1 1 0 -0.20416993400783381,6.4967926423772555,0 0.8009743564922711,-25.487417289326157,0 -5.101832728467733,-28.67440152489212,0.5
422 29 4 1 0 0 1 -26.02759117983112,13.885765998877318,0 -27.08723231995321,7.650610775936933,0.5
140 2 20 0 1 1 1 -18.804007697586343,-22.730140661885784,0 -17.690271246502874,-11.970977538411542,0.5 2.707296425455195,12.685446230413714,0.5
788 5 3 0 1 0 1 -6.267223421128706,25.74824092223886,0 12.570011812664198,-26.272510405925857,0.5
834 9 29 1 1 1 0 4.784420415539726,-8.207272463331936,0 -11.331522036804616,19.438276886838796,0 -9.673343945097928,28.50748001700321,0.5
782 6 1 1 1 0 1 1.2981148733436438,-6.3690578404976055,0 -5.092604503117372,24.9863038357983,0 11.970284719994888,-28.687319214633092,0.5
313 3 30 0 1 1 0 10.989143779905799,-26.296173086298275,0 6.224275325239903,-30.455022519702883,0.5
602 2 31 0 1 1 0 23.646226053690867,17.638197000196797,0 28.836789921777733,14.024605057086571,0.5
716 3 1 1 1 0 1 -0.742024884727192,-3.4204384324886767,0 6.042202632778563,27.85214152169351,0 -0.6026081112135131,-31.078720428362224,0.5
574 26 31 1 1 1 0 -23.686797740008497,-11.882155226385839,0 4.916127832831952,2.4661076884951743,0 30.84630415730501,8.761022761928412,0.5
312 31 27 1 0 1 0 -11.963041508936731,29.139932015285428,0 4.89346188584278,-27.718297761078404,0.5
241 30 0 1 0 0 1 1.7238153017017508,30.451247278323738,0 -4.210075464470075,31.788760035324863,0.5
906 10 0 1 1 0 1 8.721256941556033,-5.847193973125973,0 -17.857811832709974,11.972825754496041,0 29.50502452359723,-12.558006524203046,0.5
770 7 0 0 1 0 1 -3.0706642223254534,24.306810182204707,0 9.90068506516245,-30.49961369002023,0.5
706 14 27 1 1 1 0 -3.957803065001226,-13.949401237998243,0 4.776658871553204,16.8354842527565,0 13.278344256242978,24.818049355513402,0.5
285 30 29 1 0 1 0 -6.653368862594541,29.765461239131795,0 0.5797250495655142,-30.098403925572306,0.5
734 15 31 1 1 1 0 -1.555606580193833,-15.421740763210153,0 1.655968295045048,16.416691780191453,0 9.131100119701074,30.738786745803665,0.5
794 27 13 1 0 1 1 7.506178226726454,-26.45576096861736,0 2.087314900032619,14.625085179516113,0.5 10.821776836587038,-16.159800311238634,0.5
519 21 13 1 1 1 1 -21.346975998250993,-2.5605889420396992,0 10.425267347983043,1.2505201809961322,0 14.118498122261704,-4.349483966138141,0.5 -17.653745223972336,-8.160593089173972,0.5
843 19 17 1 1 1 1 10.757094477254386,-16.264529455456838,0 -6.895573382855376,10.42598042016464,0 -4.649332134318499,17.906247812001077,0.5 13.003335725791263,-8.784262063620403,0.5
929 24 28 1 0 1 0 22.10228200452097,-10.570673119183494,0 -23.122081567908026,17.709301058116548,0.5
29 1 26 1 1 1 0 1.4751678074929946,0.27180864544070604,0 -29.995078752357557,-5.526775790627689,0 -27.148532514139063,1.0987184938528385,0.5
462 11 30 1 1 1 0 -11.17376492851875,2.7197384657728327,0 19.918450524750817,-4.848229438986354,0 28.21577387175521,-13.043009806711645,0.5
20 27 4 1 0 0 1 27.283154286148143,3.446663923018367,0 26.531154884762316,9.399352130905234,0.5
696 17 14 1 1 1 1 -5.824342029152272,-16.502334378125127,0 4.825883395583312,13.673362770446532,0 10.483826610940497,11.67644550330861,0.5 -0.16639881379508648,-18.499251645263048,0.5
944 23 26 1 1 1 1 22.060245654866037,-8.099108694601163,0 -7.979237790057928,2.9294648469833993,0 -22.808589688780554,14.765440610047959,0.5 7.230893756143411,3.736867068463397,0.5
410 20 26 1 1 1 0 -17.308722472791306,10.984449297069439,0 9.709771143273171,-6.162008142258466,0 19.15972925592941,-19.26537761995551,0.5
530 7 30 1 1 1 0 -7.3671543804651645,-1.4053598593929357,0 24.06603764285287,4.590842207350256,0 31.08404903473935,-0.1785934095075259,0.5
216 31 4 1 0 0 1 6.678223962544724,30.783945892398094,0 -0.033413218552655444,28.14691605765765,0.5
138 28 3 1 0 0 1 18.441094904729162,21.729611563826264,0 13.866439838660476,25.61194733324293,0.5
504 2 28 0 1 1 0 29.490683583857347,0.7413378155784583,0 28.641779967234072,-5.2818974155646785,0.5
210 20 0 1 1 0 1 5.098142686879527,19.85595480313694,0 -2.859933702395832,-11.138706352979257,0 2.022232478921145,32.00250889854101,0.5
672 4 18 0 1 1 1 12.944358134546643,24.263008726961218,0 14.00177010366837,13.498164096054644,0.5 -1.0607557256222675,-14.735155149863866,0.5
858 7 1 0 1 0 1 -15.378438351622147,19.072326388392085,0 23.815360328768488,-19.97695203005003,0.5
865 0 14 0 1 1 1 -20.831323757695035,23.628498693359475,0 -5.088355629410197,14.844481701583573,0.5 16.073624060946663,-9.15907252659113,0.5
10 30 18 1 0 1 1 30.439815217062282,1.915110845644058,0 -18.840237593098905,4.8265357592773315,0.5 13.096617716605785,6.83583238421536,0.5
225 21 23 1 1 1 1 3.363340998364965,21.235299322795463,0 -1.6425618829224247,-10.370727576248946,0 -9.602339972016253,-22.272069213744352,0.5 -4.596437090728864,9.333957685300057,0.5
118 11 4 1 1 1 1 8.481400849619,7.766327293391781,0 -15.119018905842566,-13.844322566480999,0 -7.370805876837929,1.3860810676044344,0.5 16.22961387862364,22.996730927477213,0.5
105 17 28 1 1 1 0 13.827712716574583,10.725873438927087,0 -11.45724767944751,-8.887152277968157,0 -26.196860174625037,-12.726920954855684,0.5
699 24 31 1 1 1 0 -7.717169731554983,-23.25285555226221,0 2.3623988974147907,7.118221087427208,0 15.616652239083887,28.00660944926244,0.5
91 6 7 0 1 1 1 -21.444086848603312,-13.798591929235332,0 -9.553811879997523,0.9872581028374467,0.5 17.35641475354389,18.30313817089747,0.5
816 4 1 1 1 0 1 1.813078960711481,-4.118585276794129,0 -11.079926982125718,25.169132247075236,0 17.78009332499221,-25.497417150656016,0.5
614 11 6 1 1 0 1 -8.673890878465196,-7.550736191158996,0 15.462153305090132,13.460007992935601,0 -15.293895674252912,-21.268445056117006,0.5
539 26 3 1 0 0 1 -25.708354806987803,-6.4288796160783015,0 -26.19301261519557,-12.734837656609752,0.5
43 4 30 0 1 1 0 -26.502401152975267,-7.339804706310327,0 -30.99498412376755,-2.3581686045313957,0.5
743 9 1 1 1 1 1 -0.4176971240197176,-9.490812879442185,0 0.9892826621519628,22.478241030257806,0 6.060149785545546,1.2347406921099968,0.5 4.6531699993738656,-30.734313217589996,0.5
307 26 28 1 0 1 0 -9.28915948506836,24.8185719988271,0 4.370928804961722,-28.794877693471037,0.5
355 16 5 1 1 0 1 -10.112966385274108,13.037557704198894,0 9.500059331621133,-12.247402691823202,0 -20.98296699605801,17.26166550603794,0.5
541 0 7 0 1 1 1 30.4605468645167,8.025277859026547,0 8.781135512318556,-3.8912284839492415,0.5 -22.162912096079364,-12.04389170581748,0.5
915 5 25 0 1 1 1 -22.80966371560451,13.489597517384837,0 -18.89467319409834,18.145008263658127,0.5 8.649071670027862,1.8556829596462499,0.5
133 30 14 1 0 1 1 20.45591008436996,22.623124068531546,0 -14.175391496214877,-6.731142245491398,0.5 7.286546952960164,17.004594482148256,0.5
815 1 4 0 1 0 1 -12.113010664360788,27.991516083361436,0 16.428094746560337,-22.85536486250081,0.5
292 16 3 1 1 1 1 -4.303884853783295,15.928797040749021,0 4.043043347493398,-14.963415401915746,0 -4.879344560985006,-4.943884773655839,0.5 -13.226272762261699,25.948327669008926,0.5
384 6 1 1 1 0 1 -4.848617445257184,4.329077138322636,0 19.021499208316644,-16.98330261957342,0 -26.747276140043063,15.837715084199584,0.5
515 12 31 1 1 1 0 -12.4445245575385,-1.1763539164814263,0 19.41345830976006,1.835112109711025,0 31.924851764908105,-3.008959918085286,0.5
376 28 2 1 0 0 1 -20.27876680046463,20.0255241392672,0 -25.206202296467012,16.458960045810336,0.5
973 19 6 1 1 1 1 19.22006960540546,-3.292252171898317,0 -12.320557439362474,2.1104180589091777,0 -5.393689200192082,7.01128496152676,0.5 26.146937844575852,1.6086147307192658,0.5
566 6 27 1 1 1 0 -5.949067622035966,-2.6188918321388037,0 23.338649901833406,10.274114110698383,0 27.586570861357213,5.5884799464002,0.5
835 14 1 1 1 0 1 7.381100528380376,-12.480759391557186,0 -8.908224775631489,15.062985472569018,0 20.69021534240997,-23.198383329118062,0.5
920 21 28 1 1 1 0 18.840593620943068,-10.35770399318688,0 -9.201220140460567,5.058413578068011,0 -22.084218336639818,18.987819792162068,0.5
714 12 0 1 1 0 1 -2.803384511867269,-12.181585909832213,0 4.373279838512939,19.003274019338253,0 -1.2173677331860544,-32.04322105847347,0.5
31 9 0 1 1 1 1 9.320359915711673,1.8387199464831723,0 -22.074536642475017,-4.3548630311443555,0 -1.6518420670268283,5.789768370634575,0.5 29.743054491159864,11.983351348262103,0.5
760 11 10 1 1 1 1 0.7220909745870976,-11.477307376925124,0 -1.287205650350913,20.459547932779568,0 5.328859915511844,10.85602376567273,0.5 7.338156540449855,-21.080831544031962,0.5
792 2 29 0 1 1 0 -7.694824435551967,28.478758345581575,0 -1.9025346025523238,30.043807383320956,0.5
952 26 9 1 1 0 1 25.303910435786037,-7.871601911791428,0 -5.251754996106536,1.6337286986736927,0 23.266701746261678,-0.9542483170034304,0.5
183 27 31 1 1 1 0 11.2378495552496,25.099018653596325,0 -1.838920836313571,-4.107112143315763,0 -18.34859537861601,-26.297890554792243,0.5
284 6 27 1 1 1 0 -1.3780462144933534,6.352242803193258,0 5.406181303012387,-24.920337150988935,0 -0.033413218552665214,-28.146916057657645,0.5
87 27 12 1 1 1 1 23.492629371730615,14.294976922069509,0 -3.844248442646828,-2.3391780417931924,0 -13.797371951965445,-1.372052192563097,0.5 13.539505862411996,15.262102771299606,0.5
357 19 3 1 1 0 1 -12.14436171951819,15.25662080624347,0 7.784847256101404,-9.779885132207353,0 -22.44379660737073,18.56141141850409,0.5
97 25 21 1 1 1 1 20.908778787799037,14.597019202662068,0 -5.32968871061544,-3.720808816364841,0 -21.063563104064773,-7.387578044330991,0.5 5.174904394349704,10.930249974695919,0.5
494 6 18 1 1 1 1 -6.49538157216383,0.24498618735457448,0 25.481881552335025,-0.9610996580833306,0 18.260714147831294,-6.693005215237324,0.5 -13.71654897666756,-5.48691936979942,0.5
646 26 28 1 1 1 0 -16.110152888907052,-21.04074556416763,0 3.3436166373203315,4.366947192563093,0 22.08995587618327,18.981144575295666,0.5
736 26 6 1 1 0 1 -2.328056708594695,-26.39754064229407,0 0.48318158102908765,5.478734850287449,0 3.736596142815083,-25.928514212455358,0.5
191 25 23 1 0 1 1 9.238021850965916,23.76781336768438,0 -14.105897792306092,-19.730018942540685,0.5 -2.513086057760627,10.096256656122067,0.5
731 10 27 1 1 1 0 -1.2505201809961308,-10.425267347983043,0 2.560588942039696,21.346975998250993,0 9.232467530027796,26.58968866510066,0.5
247 3 30 0 1 1 0 -0.537180531889133,-28.494937042853056,0 -6.573811525604803,-30.381491109322226,0.5
553 1 10 0 1 1 1 28.824423792984046,9.970084904475746,0 11.884490467317605,-2.2380541397019327,0.5 -18.35752793843615,-12.698471088660092,0.5
795 0 19 0 1 1 1 -8.78821984023572,30.249251098823706,0 0.3214355462966889,20.399673506935763,0.5 9.249150939552024,-10.329724434726412,0.5
597 11 29 1 1 1 0 -9.429449257242704,-6.582969444337793,0 16.809018241171778,11.734858574689108,0 27.62317997866839,11.967035049087709,0.5
104 23 23 1 1 1 0 18.658774368224133,14.286361995823226,0 -6.748918388506601,-5.167407530404145,0 -22.306356154391764,-9.522419603936214,0.5
799 30 9 1 0 1 1 9.242575723799613,-29.065869916275172,0 2.8390409875919573,10.871515362210223,0.5 12.53616961584073,-19.623823566340775,0.5
933 17 30 1 1 1 0 15.9721027795613,-7.151358807886106,0 -13.234028017350791,5.925411583677058,0 -25.385198967388746,17.93994630387966,0.5
999 2 17 0 1 1 1 -29.499417695256046,0.18535274698398477,0 -17.461955701189048,6.109836584534102,0.5 14.53741264620734,5.90877597763622,0.5
726 0 7 0 1 1 1 4.732106057303865,31.14252995924429,0 7.058602386833166,6.513534550809808,0.5 2.251383534968922,-25.123321280803438,0.5
842 7 16 1 1 1 1 4.097957600507014,-6.281460300316065,0 -13.38666149498958,20.51943698103248,0 -3.9903384808625777,17.097578741100953,0.5 13.494280614634016,-9.703318540247592,0.5
521 27 10 1 0 1 1 -27.260959854411432,-3.618019875037772,0 11.198116280783516,-4.566420015948072,0.5 -20.523727913440695,-8.776479506901115,0.5
682 2 30 0 1 1 0 12.22407963930189,26.84812613520737,0 18.099091044405146,25.271978619932657,0.5
604 31 26 1 0 1 0 -25.01069755740682,-19.149804377380057,0 24.688327350335275,11.34621049702002,0.5
109 20 6 1 1 1 1 15.877312734074044,12.96768831921905,0 -8.906785192285438,-7.274556862000931,0 -8.829690862770516,0.5353123087570948,0.5 15.954407063588965,20.777557489977077,0.5
325 25 6 1 1 1 1 -11.576757743358442,22.720666366803382,0 2.950938248307054,-5.791542407224392,0 -2.3951008968231537,-8.515485405661671,0.5 -16.922796888488648,19.9967233683661,0.5
828 6 12 0 1 1 1 -12.002950270215969,22.498426274091315,0 -0.5900517934569303,13.852863923428911,0.5 14.472474035833697,-14.3804553224896,0.5
511 18 24 1 1 1 0 -18.455831367682666,-1.2776104757165074,0 13.46776883587654,0.9323103471444785,0 24.85586656013645,-4.293704408164409,0.5
108 1 21 0 1 1 1 -23.743100197794217,-19.144586519366364,0 -20.503087651435205,-8.82459045834792,0.5 4.407705998709543,11.261533102954495,0.5
660 3 30 1 1 1 0 -1.875393782426487,-2.9551477392570535,0 15.271063656901395,24.063345876807436,0 21.40868479987148,22.53704095793749,0.5
575 24 14 1 1 1 1 -21.82965984261502,-11.122767243618883,0 6.682548931412761,3.404928748046597,0 15.643537599168615,1.2368231010932123,0.5 -12.868671174859164,-13.290872890572267,0.5
68 10 30 1 1 1 0 9.556112692192455,4.350943600429484,0 -19.567278369727408,-8.90907499135561,0 -30.244485591852072,-7.177819396185192,0.5
53 5 3 1 1 0 1 5.1978469134889265,1.7978841631021836,0 -25.044171492264827,-8.662532785855975,0 24.97296946469478,14.986687296244689,0.5
593 3 3 1 1 0 1 -2.9192745176461,-1.9307605471995044,0 23.771235357975385,15.72190731291025,0 -20.461360134204806,-20.72637791458928,0.5
868 21 30 1 1 1 0 14.519655374602024,-15.856532023200742,0 -7.090994485270755,7.743887732260827,0 -16.1725719435422,26.546146928150456,0.5
232 4 19 0 1 1 1 -3.103550584020744,-27.32431103930023,0 -8.162367368152943,-18.698282245899275,0.5 -4.5509630522015305,13.097279690740995,0.5
862 10 0 1 1 0 1 6.794087596479162,-8.005646365620207,0 -13.911703173743046,16.39251398674614,0 24.956917855506177,-20.134603327443955,0.5
192 4 31 1 1 1 0 1.6038534542096283,4.204480241054754,0 -9.801326664614395,-25.69404591755683,0 -16.832947834207072,-27.292890415103777,0.5
689 22 16 1 1 1 1 -8.414082129100516,-20.867515950029876,0 3.5526124545091067,8.81072895667928,0 11.73499781468168,13.059089795595106,0.5 -0.23169676892794389,-16.61915511111405,0.5
188 16 4 1 1 0 1 6.266355076109718,15.263773912768558,0 -5.886575980587917,-14.3386967059341,0 4.893461885842782,27.718297761078404,0.5
396 1 24 1 1 1 1 -1.190985597971753,0.9118954465419079,0 24.21670715875898,-18.54187407968546,0 15.805182980704334,-19.658234685404842,0.5 -9.602509776026396,-0.204465159177472,0.5
60 24 15 1 1 1 1 22.77952390426216,9.019051540774608,0 -6.973323644161886,-2.760934145135084,0 -16.620282847375965,-0.12727165128299855,0.5 13.132564701048082,11.652714034626694,0.5
606 5 19 0 1 1 1 20.836643451620404,16.373279746893854,0 19.039782105206076,7.3305318624418,0.5 -6.121447723165734,-12.440975756448891,0.5
194 0 24 0 1 1 1 -10.856252079997285,-29.570116516097034,0 -14.07615476369891,-20.931121973472813,0.5 -3.0475812221143666,9.108361471451158,0.5
127 21 16 1 1 1 1 15.010556508359663,15.39263438496937,0 -7.3307368994314634,-7.517333071729227,0 -15.815348311523287,-7.623959455899377,0.5 6.525945096267841,15.286008000799217,0.5
953 21 13 1 1 1 1 20.56930910851485,-6.257277586807855,0 -10.045476541367718,3.0558797516968594,0 -11.169395695074577,9.669260561534658,0.5 19.445389954807993,0.3561032230299439,0.5
675 0 10 0 1 1 1 14.300700741795728,28.066705511933584,0 10.11293939239545,6.631625505540581,0.5 -4.414756599270052,-21.88058326848719,0.5
859 15 10 1 1 0 1 9.804837509653426,-12.004797433080377,0 -10.437407671566552,12.77930049327911,0 18.247276842324574,-12.856394822794032,0.5
258 23 25 1 1 1 0 -1.1807414772245826,23.47031848024141,0 0.42707670452804053,-8.489264131151149,0 -4.711191626051983,-25.769258302532062,0.5
