1262 31 31 1 1 1 1 -1.5129261804944654,-31.46364655236857,0 0.024014701277689926,0.49942296114870743,0 7.5060017142789555,31.17547013703629,0.5 5.969060832506799,-0.7875993764809865,0.5
280 0 0 0 1 0 1 -16.08488258519857,-27.08369532062373,0 10.926083476508337,30.147482479709172,0.5
1477 0 0 0 1 0 1 -21.39290777245451,23.1212780148342,0 25.796960727661023,-19.04643843912858,0.5
647 31 31 1 0 1 0 -23.04205227039887,21.47821750444404,0 18.95096322193334,-25.86717984166287,0.5
1252 15 0 1 1 0 1 -1.3160345656702055,-15.444029688587149,0 1.400940021519896,16.440418700754062,0 3.303812213736221,-31.895686618355896,0.5
246 18 31 1 1 1 0 11.365774872136281,14.59688876288079,0 -8.293943825612963,-10.651783691831929,0 -24.086661678355547,-21.167964691779847,0.5
868 0 31 0 1 1 0 31.430316930032223,2.094081583351009,0 31.829189612575274,-3.8926454509408432,0.5
1655 0 14 0 1 1 1 -31.06532354163218,5.214947099800114,0 -13.306587579519551,8.31773568879031,0.5 18.251836335789328,3.020011650898129,0.5
974 0 31 0 1 1 0 28.24934548586449,13.93644429617065,0 30.903906304182712,8.555616584577415,0.5
1434 19 31 1 1 1 0 10.811137068795214,-16.22865722355741,0 -6.9302160697405215,10.402985399716288,0 -12.470711503882297,29.542026920760495,0.5
1662 14 31 1 1 1 0 14.357224698817904,-2.0298026868770154,0 -17.327684981331952,2.44976186347226,0 -30.34991461320703,10.350491919278166,0.5
1531 31 9 1 0 1 1 25.552293256948776,-18.420920425182075,0 -4.197500425076854,10.422619161299123,0.5 21.760384788331425,-8.290696826187428,0.5
941 20 0 1 1 0 1 -19.351395063112207,-6.765612249557056,0 10.855660645160507,3.7953434570685927,0 -27.754891267838644,-16.059763719010757,0.5
85 21 31 1 1 1 0 20.4477151003458,6.643865379061369,0 -9.986093421099111,-3.244678440936948,0 -31.81238222954702,-4.027696225039922,0.5
920 6 11 1 1 0 1 -6.283669627749719,-1.6629780543638288,0 24.65131930886428,6.523990828658097,0 -18.282670621951734,-11.045087366301047,0.5
858 24 0 1 1 0 1 -24.489291064179895,-0.7243087559036495,0 7.4967217543407845,0.22172717017458657,0 -31.308849632091626,-6.928631518205892,0.5
683 24 0 1 0 0 1 -19.979369696835896,14.180084150566794,0 -29.160434708315567,13.33862990048321,0.5
480 13 0 0 1 0 1 3.734824569404686,-18.11908070062527,0 -12.235754494054012,29.640113224500965,0.5
283 31 21 1 0 1 1 15.78359667396991,27.26037556662501,0 -15.965383552066767,-15.599888718686296,0.5 0.06874640244234875,12.09319122201213,0.5
486 22 10 1 1 0 1 -5.02988245116316,21.930578709361065,0 2.1237281460466675,-9.259577677285783,0 -10.654486442496637,19.614584335301508,0.5
557 0 31 0 1 1 0 14.765505675616794,-27.824985932491114,0 9.465508355142296,-30.637463204037168,0.5
1602 24 0 1 1 0 1 22.910367028134523,-8.681306505138876,0 -7.013377661673833,2.6575428076955743,0 31.582220425186563,-5.550977662982345,0.5
1269 0 22 0 1 1 0 0.6984851139037292,31.49225489776264,0 6.497442680933642,22.36142300051546,0.5
1526 8 19 1 1 1 1 6.802032384211235,-5.097289028899736,0 -18.805618944584005,14.092504962252212,0 -12.006576155143609,16.495215337507325,0.5 13.60107517365163,-2.694578653644623,0.5
191 31 0 1 0 0 1 23.971680479293767,20.4354724682021,0 20.079209532969557,25.001506845210436,0.5
789 26 7 1 0 0 1 -25.829348257691922,5.924083775814399,0 -25.221265470503337,-0.37117120900749967,0.5
1117 10 10 1 1 1 1 -5.789044362033256,-8.75996377700336,0 11.853757503210954,17.937068686244974,0 10.794737948892319,5.451938427270071,0.5 -6.848063916351891,-21.245094035978262,0.5
1170 31 0 1 0 0 1 -11.919948076332773,-29.157586283119024,0 -6.366122117643435,-31.428052583372885,0.5
1432 25 8 1 1 0 1 13.980382638318863,-21.32601466017954,0 -3.5636269470224553,5.436042952594784,0 17.901767841630214,-16.363884262129645,0.5
516 6 22 1 1 1 0 -2.1451941279083337,6.135808190742895,0 8.415761578717309,-24.07124751752982,0 1.7618490359200214,-23.219515239871562,0.5
1312 7 31 1 1 1 0 1.0224438441702695,-7.429980389309135,0 -3.339983224289547,24.271269271743172,0 1.649720165932175,32.02387271043458,0.5
457 28 25 1 1 1 0 -3.3628911713818965,28.30090039149712,0 0.4129866350819873,-3.475549170885611,0 -2.949181665920854,-26.029835333735715,0.5
1288 11 2 1 1 0 1 0.5523381293868641,-11.486728106420271,0 -0.9846027523852794,20.476341407097006,0 7.409942909168184,-29.177778292441463,0.5
109 27 7 1 1 1 1 25.298413064110907,10.781479325102957,0 -4.139740319581785,-1.7642420713804838,0 -9.25188996114362,2.5792503071415736,0.5 20.186263422549075,15.124971703625015,0.5
611 15 15 1 1 1 1 -9.83586339961725,11.979390267625051,0 10.470435231850619,-12.752254155858926,0 5.198680070214003,-15.786821261025278,0.5 -15.107618561253865,8.9448231624587,0.5
585 27 23 1 0 1 0 -15.330959581929353,22.830060847427642,0 8.119897639664508,-22.85426136022275,0.5
1142 24 24 1 1 1 0 -11.564190942972617,-21.599062198032353,0 3.540058451930393,6.61195781572419,0 16.85375719555197,18.767015436488037,0.5
687 29 7 1 0 0 1 -24.306575056248324,16.716471189666997,0 -23.58677681410461,8.93946080709666,0.5
11 25 31 1 0 1 0 25.47892839446138,1.0364399982196868,0 -31.717838604503985,4.714733742072477,0.5
317 4 31 1 1 1 0 1.7489296117030542,4.146232653060873,0 -10.687903182629775,-25.338088435372,0 -17.770817486002542,-26.691722422488706,0.5
1516 23 3 1 0 0 1 18.27203664936743,-14.777776445872146,0 25.932753326902322,-13.256783353666023,0.5
82 6 15 0 1 1 1 -24.337821081994324,-7.610549584677351,0 -16.584295069763773,1.1005258011555696,0.5 13.957284327248717,10.651019397613421,0.5
399 16 16 1 1 1 1 1.583141105463124,16.42387482417572,0 -1.4871931596774801,-15.428488471195372,0 -7.555459223345204,-15.848187149461856,0.5 -4.485124958204599,16.004176145909234,0.5
983 28 5 1 0 0 1 -25.12543969975192,-13.452222117335495,0 -20.530204187347817,-17.797772782733407,0.5
1672 20 20 1 1 1 0 20.39032334668168,-2.1177142908730593,0 -11.438474072528747,1.187986065611716,0 -19.770504529840785,8.085613806975015,0.5
311 14 6 1 1 0 1 5.930302464166923,13.231837086493156,0 -7.157261594684217,-15.969458552664156,0 4.953909677055006,25.723700723488072,0.5
591 5 28 0 1 1 0 15.257665838696434,-21.666878712788233,0 11.503479400985622,-26.756680692326157,0.5
1538 2 26 0 1 1 0 -24.368192830624704,16.626520326559337,0 -18.5084063746508,19.891930360595616,0.5
1022 0 0 0 1 0 1 25.346476030218394,18.703105433311453,0 -21.783979757206687,-23.53100562954353,0.5
242 9 5 1 1 0 1 5.94665330069078,7.408597338321434,0 -14.084178870057112,-17.546677906550766,0 11.90891878298706,24.42186834417502,0.5
707 14 27 0 1 1 0 15.112140816441983,-8.824579306914764,0 20.72207980632377,-19.048501476503308,0.5
243 4 12 0 1 1 1 -17.13461499506375,-21.5094158212383,0 -12.481424813299151,-6.038545738003499,0.5 7.45703627186594,18.990592672164702,0.5
499 17 4 1 1 0 1 -4.726859020398659,16.84953423098917,0 3.91654033118746,-13.961042648533883,0 -13.204904482679893,24.85720212741773,0.5
1466 13 23 1 1 1 1 8.758059629229471,-10.273577348268757,0 -12.00178541783298,14.078605995775705,0 -10.67947682942815,21.77610558960686,0.5 10.080368217634302,-2.576077754437601,0.5
491 31 27 1 0 1 0 -7.607987352990604,30.56744229464963,0 0.8195237599791705,-28.135002768914553,0.5
122 16 26 1 1 1 0 14.850833231420975,7.1904625951688566,0 -13.950782732546976,-6.754676983340442,0 -26.46605189113145,-6.148015720209021,0.5
249 29 26 1 0 1 0 17.8646093611202,23.47564125587577,0 -20.822576122201355,-17.454808037762266,0.5
1239 20 6 1 0 0 1 -2.719600465129463,-20.318803441887702,0 2.564049209293898,-26.07058978336162,0.5
847 7 27 0 1 1 1 24.498493961609483,-0.2716497984239083,0 27.431783067498667,-6.3045442133189535,0.5 -4.566249861950454,-5.9497363133367065,0.5
924 0 31 0 1 1 0 30.329161615780507,8.508346236717589,0 31.949798994202904,2.7313630718070163,0.5
822 12 13 1 1 1 1 -12.433123991879073,1.2912892017518638,0 19.395673427331353,-2.0144111547329073,0 12.807955094388506,-7.362491853993967,0.5 -19.020842324821924,-4.056791497509197,0.5
613 0 31 0 1 1 0 20.168424354889943,-24.196790263195698,0 15.559511923805047,-28.038394902222354,0.5
1197 27 4 1 0 0 1 -7.818542792930756,-26.36513585390962,0 -2.0661495157141108,-28.070999736003603,0.5
671 19 12 1 1 1 1 -15.38590977709056,11.980141081440948,0 9.862762677622154,-7.6795776163083005,0 6.1765654217941695,-12.413703701566934,0.5 -19.072107032918545,7.246014996182314,0.5
1125 17 0 0 1 0 1 7.633266361721663,12.328148468079403,0 -11.481310316259032,-29.940432752746975,0.5
84 2 4 1 1 1 1 2.3804803548980704,0.7637494876884414,0 -28.08966818779723,-9.012243954723608,0 -6.117863409268786,4.338403773916175,0.5 24.352285133426516,14.114397216328225,0.5
1690 2 3 0 1 0 1 -29.479853274219177,1.0900692319797785,0 28.702245210411025,4.942784628267503,0.5
1140 0 6 0 1 1 1 15.073114426690541,27.65955931463648,0 8.378812687660552,2.8364586979363136,0.5 -6.933557523580632,-25.26214124074201,0.5
1688 10 17 1 1 1 1 10.489674466574707,-0.4655422486634605,0 -21.478857241081542,0.9532531758347048,0 -17.216766635531105,6.7700034429579805,0.5 14.751765072125144,5.351208018459816,0.5
77 25 19 1 0 1 1 24.474300032654575,7.15951380413532,0 -20.40023268476769,0.2837365104034788,0.5 10.312614415034128,9.268224421475253,0.5
1032 17 31 1 0 1 0 -13.687810068060736,-10.903845905949659,0 28.37651957597778,14.933959178802848,0.5
239 14 20 1 1 1 1 9.201291567383876,11.206526379391178,0 -11.105007064083988,-13.525118044092803,0 -17.645905890187347,-12.036278715394202,0.5 2.6603927412805177,12.69536570808978,0.5
1618 2 31 0 1 1 0 -28.155518506620883,8.804361284234586,0 -28.273649669598313,15.127813270953045,0.5
1106 4 20 1 1 1 1 -2.6315600607402967,-3.650327608135539,0 16.081755926746258,22.307557605272738,0 16.855321531997625,13.12052346718595,0.5 -1.8579944554889272,-12.837361746222328,0.5
1456 5 4 1 1 1 1 3.4109999057566682,-4.314519630611037,0 -16.434817727736675,20.788140038398634,0 1.9159305832293123,7.251152322234487,0.5 21.761748216722655,-17.851507346775183,0.5
1231 0 27 0 1 1 1 5.100094574923421,31.084385715771134,0 10.373298892222886,26.16571554711637,0.5 5.192250435157823,-5.412073116524146,0.5
368 27 5 1 0 0 1 5.750706713210458,26.891994576428058,0 -0.3257541657633167,27.168803511076593,0.5
351 2 28 0 1 1 0 -7.968133777243457,-28.403500560810315,0 -13.475010712416964,-25.82003265490282,0.5
1355 4 11 0 1 1 1 -8.013218039456424,26.306621536262124,0 2.3886444277754126,12.749289305591017,0.5 11.713116328233797,-17.86205211842309,0.5
445 10 0 1 1 0 1 -0.775451538486176,10.471326320550775,0 1.587829340709789,-21.441287227794444,0 -8.309969655773255,30.97086379680308,0.5
230 21 16 1 1 1 1 14.188377499892539,16.153635625472774,0 -6.929207616226589,-7.888984840347169,0 -15.396746162840165,-8.437428968416071,0.5 5.720838953278962,15.605191497403872,0.5
1656 6 25 1 1 1 1 6.41423832230198,-1.0524004678413412,0 -25.16355034133854,4.128647989223723,0 -24.19210375563884,10.049483363656321,0.5 7.3856849080016795,4.868434906591256,0.5
270 25 8 1 0 1 1 13.822360590047461,21.428773826766264,0 -9.649517959843177,-3.890604470087391,0.5 7.696189447275206,23.000405822325177,0.5
1216 31 0 1 0 0 1 -6.814690469220579,-30.754024026275232,0 -0.9567811308824403,-32.05206030612677,0.5
1463 28 31 1 1 1 0 18.24762203537661,-21.892334047653254,0 -2.2409360394322158,2.688532251466189,0 -15.559511923805044,28.038394902222358,0.5
19 17 11 1 1 1 1 17.45686809214799,1.2279073309274655,0 -14.46426213349405,-1.0174089313399,0 -11.892652974015238,5.178301385555548,0.5 20.0284772516268,7.423617647822914,0.5
338 18 19 1 1 1 1 5.84671560140797,17.551806649922185,0 -4.2665221956220325,-12.80807512291619,0 -11.855232114972353,-16.60432086838026,0.5 -1.7419943179423503,13.755560904458116,0.5
1190 22 8 1 1 1 1 -6.95288237343632,-21.398771616640953,0 2.9356614465620017,9.035036904803958,0 8.332983549957975,6.229878422259119,0.5 -1.5555602700403464,-24.203930099185794,0.5
832 2 4 1 1 0 1 -2.494469597621605,0.16619695105960447,0 29.434741251934938,-1.9611240225033326,0 -27.838038256380706,-4.158560572636203,0.5
896 17 28 1 1 1 0 -17.247687224843467,-2.9609602148579137,0 14.290940843441732,2.453367035167986,0 29.104276982696362,-1.0913575557491582,0.5
704 7 31 0 1 1 0 21.01871401992554,-12.588235021184882,0 23.941227816348782,-21.33231376681131,0.5
133 5 31 0 1 1 0 -23.362250948892132,-12.508206530154055,0 -30.60226958758591,-9.5786792455283,0.5
356 15 15 1 1 1 1 3.910154858900192,14.998689575406887,0 -4.162422914313108,-15.96634696736862,0 -9.716099210670599,-13.485081242929393,0.5 -1.6435214374572995,17.479955299846115,0.5
1612 31 10 1 0 1 1 29.848510179481696,-10.065606790719453,0 -8.03224495683305,9.040632773950616,0.5 22.290051098513434,-1.1847455531294626,0.5
320 31 26 1 0 1 0 11.919948076332776,29.15758628311902,0 -15.581718784810562,-22.25893168395738,0.5
1131 7 31 1 1 1 0 -3.8058742492431428,-6.462609472879198,0 12.4325225475276,21.111190944738713,0 21.15475942512456,24.09826038669812,0.5
120 2 22 0 1 1 1 -26.6457923807108,-12.659057958791964,0 -22.897785637923555,-4.235730501306928,0.5 6.006124741152571,9.496128979416557,0.5
1155 13 12 1 1 1 1 -5.793128218430218,-12.19383719117274,0 7.938731262293262,16.710073187903387,0 10.783490805734385,8.71586633919096,0.5 -2.948368674989098,-20.18804403988517,0.5
556 4 27 0 1 1 0 12.800651243241123,-24.33913161451964,0 7.4902952546186565,-27.13200097668134,0.5
923 3 28 0 1 1 1 27.46893438743696,7.596554720311261,0 29.068209065397227,1.8136211650613738,0.5 -1.774103229268835,-6.715843784060041,0.5
91 10 11 1 1 0 1 9.911690154276984,3.4653135912365394,0 -20.29536555399573,-7.095642115389104,0 17.371215868119897,12.429435194858186,0.5
779 4 28 0 1 1 0 26.558570799141627,-7.133885134131442,0 25.96785298075446,-13.187896404276213,0.5
175 26 31 1 0 1 0 21.147456522926348,15.969817864050292,0 -28.75335047760308,-14.194887682265136,0.5
495 27 31 1 0 1 1 -7.035676383846981,26.584756117402655,0 2.2587370686095998,-31.98668640004602,0.5 -5.928231814412343,-1.0516974634320206,0.5
1638 17 28 1 1 1 0 17.042541102281444,-3.9751468874807188,0 -14.120962627604625,3.293693135341167,0 -26.392088005150676,12.31696759467938,0.5
1473 22 19 1 1 1 1 15.034827296196642,-16.73929413606023,0 -6.348038191727471,7.067701968558763,0 -8.566371887087696,18.51667553023797,0.5 12.816493600836418,-5.290320574381022,0.5
447 19 9 1 1 0 1 -1.583833663194168,19.43557230768708,0 1.015277989227031,-12.45870019723531,0 -7.807676475281604,21.93832692019458,0.5
1430 0 12 0 1 1 1 -17.074680728882154,26.47083825659362,0 -1.7336025260782613,13.756621034308354,0.5 15.612104881040118,-13.134389258104212,0.5
620 23 0 1 0 0 1 -15.508226569649976,17.656299404586527,0 -25.295614186020998,19.70740731176918,0.5
526 1 31 0 1 1 0 11.122910809148019,-28.399486881486755,0 5.900812104893181,-31.51873120071216,0.5
420 24 3 1 0 0 1 0.4527331714986829,24.49581663622229,0 -5.472326711413114,28.60600706780928,0.5
183 0 23 0 1 1 0 -24.565349069171074,-19.717850418079955,0 -22.082311289968253,-10.031028266979446,0.5
619 30 20 1 0 1 1 -20.042865087873714,22.98985774356364,0 8.948838945574732,-19.39505817279662,0.5 -12.079740818751787,4.725448312253757,0.5
1371 12 24 1 1 1 1 4.342713179611144,-11.721383972877591,0 -6.774632560193384,18.28535899768904,0 -2.8854535250565965,25.05841491305343,0.5 8.23189221474793,-4.948328057513207,0.5
784 30 18 1 1 1 0 -29.597047301168686,7.366463944959168,0 1.4555924902214108,-0.36228511204717223,0 16.50316693120871,-10.290553009467434,0.5
699 10 24 1 1 1 1 -8.906789265246278,5.560495030525039,0 18.237711352647143,-11.385775538694126,0 17.605082553846056,-18.064082270413444,0.5 -9.539418064047364,-1.1178117011942748,0.5
538 14 18 1 1 1 1 -5.881357315034665,13.253665007570103,0 7.098189862972872,-15.995802595343228,0 2.0195255367393576,-19.343513553810684,0.5 -10.960021641268181,9.905954049102647,0.5
1253 8 3 1 1 0 1 -0.6903890326743793,-8.47191613412001,0 1.9087226197468135,23.42235637080238,0 3.665342279235324,-28.893169884525477,0.5
537 28 10 1 0 1 1 -11.463548758661265,26.092854383102583,0 -1.2698198011463937,-12.026535564019113,0.5 -14.141172793327463,17.270704445078525,0.5
1181 3 27 0 1 1 0 9.70356840656784,26.797215530331847,0 15.004611381144093,23.814105847183114,0.5
931 24 15 1 1 1 1 -23.41026239783092,-7.225622081502995,0 7.1664068564788534,2.211925126990713,0 16.580114271648867,-1.1618135560689424,0.5 -13.996554982660907,-10.59936076456265,0.5
248 0 23 0 1 1 1 -19.16828700823699,-24.99653522330351,0 -19.06139542963144,-14.99710653010192,0.5 0.41115010254582085,10.396199093571486,0.5
1159 20 31 1 1 1 0 -8.522272816243897,-18.644593480296383,0 4.780787189600234,10.459162196263824,0 18.552153882607854,26.154685743018177,0.5
1251 3 29 1 1 1 1 -0.3100562945344068,-3.4862393914101184,0 2.5247441126373125,28.38794933005382,0 8.589742010635918,28.852492651254874,0.5 5.754941603464198,-3.021696070209068,0.5
426 28 18 1 0 1 1 -0.10533551385877186,28.49980534020399,0 -5.931583334555673,-18.52204953954128,0.5 -6.04985478871289,13.47773189507373,0.5
1130 3 27 0 1 1 1 14.552989005655858,24.50429576627861,0 19.201156921165186,20.580708755744794,0.5 2.8609587393761506,-6.932886490603119,0.5
1179 25 2 1 0 0 1 -8.859134886406741,-23.911623304670282,0 -4.622538796901065,-29.746968502204464,0.5
1621 21 26 1 1 1 0 20.59000943120554,-6.18882150517098,0 -10.055586001286427,3.022447711827688,0 -23.65127073934516,13.374131463919266,0.5
630 4 28 1 1 1 0 -3.092565086861682,3.2689510830730084,0 18.899008864154723,-19.976923285446162,0 15.227644106026641,-24.826776975277966,0.5
1204 1 20 0 1 1 1 7.912127148763951,29.455869431775263,0 11.11258436525615,18.24172329373145,0.5 2.8113362091759395,-12.66279545436063,0.5
948 28 3 1 0 0 1 -26.650835114360568,-10.098662669243172,0 -24.52480086820411,-15.70936479858224,0.5
1623 9 0 1 1 0 1 9.117876482753665,-2.667269848599434,0 -21.594970617048155,6.317218062472343,0 31.917550347193377,-3.085446456248439,0.5
1242 29 24 1 0 1 1 -3.5891333858754444,-29.28084905767581,0 8.936232620339092,23.58800005416287,0.5 5.042935388203018,-8.174276889756651,0.5
1558 25 0 1 0 0 1 22.06792307774405,-12.77719730749946,0 30.266774933095466,-10.591144185088968,0.5
171 7 8 1 1 1 1 6.051292682898441,4.430785129737142,0 -19.76755609746824,-14.473898090474666,0 -10.402759811074613,-0.18052233405000884,0.5 15.416088969292067,18.724160886161798,0.5
553 8 22 1 1 1 1 -3.872908548300813,7.5664112613906,0 10.707453045302247,-20.91890172266813,0 4.910820560991141,-22.76255349071687,0.5 -9.66954103261192,5.7227594933418615,0.5
1488 17 31 1 0 1 1 12.397215307804283,-12.351479774178605,0 -18.080194488615046,26.483137413340103,0.5 4.588999217084217,3.897574397699223,0.5
188 17 16 1 1 1 1 13.442661257330943,11.20468019716108,0 -11.138205041788495,-9.283877877647752,0 -16.516113824510114,-5.9555003262384085,0.5 8.064752474609323,14.533057748570425,0.5
1506 4 0 0 1 0 1 -20.72856026059016,18.07143573496811,0 27.68648227703268,-16.177413239561982,0.5
1278 25 10 1 1 1 1 0.282737545298323,-25.498432490654768,0 -0.07207035468388626,6.499600438794353,0 5.883209832090047,10.565881036222157,0.5 6.238017732072257,-21.432151893226962,0.5
268 6 28 1 1 1 0 3.5636269470224557,5.436042952594783,0 -13.980382638318865,-21.326014660179535,0 -20.6430193393398,-20.54545576412563,0.5
1552 5 3 0 1 0 1 -22.633259106833044,13.78352575370174,0 27.462227889318953,-9.69928035243401,0.5
148 28 3 1 0 0 1 24.34142960546195,14.823791848320742,0 21.22063132160495,19.948303344207467,0.5
475 7 3 0 1 0 1 4.501863186505974,-24.082840942255594,0 -11.134699855875667,26.91223623409178,0.5
751 12 27 0 1 1 1 18.20911956821935,-6.9769595491367955,0 23.53277081185699,-15.44210794926041,0.5 -6.34886130009271,-3.992738432728232,0.5
1518 11 16 1 1 1 1 8.994846616154199,-7.165384452481203,0 -16.034291794014006,12.773076632683884,0 -9.167188039274528,14.973732448944787,0.5 15.861950370893677,-4.964728636220301,0.5
3 22 22 1 0 1 1 22.49861690351891,0.24947430467501175,0 -22.56514338476558,5.750156869596698,0.5 9.432889544683537,6.104964769578937,0.5
220 6 29 0 1 1 0 -17.5245354922162,-18.524056137413716,0 -24.632083680190593,-17.306370317663035,0.5
883 9 24 0 1 1 0 22.332850976193413,2.7374746163456716,0 25.047986516213896,-2.9746212336307347,0.5
1232 11 2 0 1 1 1 3.2443185336916174,20.241650062481195,0 6.320033985810547,1.51893726605138,0.5 1.2557318844382666,-30.077784782699755,0.5
808 6 0 1 1 0 1 -6.421842336813377,1.0049582086392002,0 25.19338147519094,-3.9425283569691696,0 -32.04888967099332,-1.0576723767300704,0.5
1408 0 15 0 1 1 1 -14.868245498107639,27.7702228260416,0 -2.0265545480767884,16.49675958070764,0.5 13.07769484682621,-11.714260433048906,0.5
1519 26 6 1 1 0 1 20.788140038398627,-16.434817727736682,0 -4.314519630611035,3.41099990575667,0 23.724772730022078,-11.107887238750704,0.5
1209 13 26 1 1 1 0 -3.260566008424545,-13.100332411992698,0 4.468183048581784,17.9523073793974,0 12.222740273719008,24.26632687905624,0.5
754 28 31 1 1 1 0 -26.72475545816091,9.901386049513402,0 3.281987512405726,-1.2159596902911196,0 27.453385285438188,-16.569901519601324,0.5
162 31 0 1 1 0 1 26.020273700497565,17.753742043614206,0 -0.4130202174682153,-0.28180542926371754,0 22.638608549332954,22.70998465323279,0.5
1176 28 6 1 1 0 1 -10.197094725661485,-26.613328599705202,0 1.2522747908707088,3.2683035122444983,0 -3.5209103124960226,-25.958682373559704,0.5
634 1 17 0 1 1 1 21.28597323515064,-21.84393150127629,0 7.916096478933719,-16.720807891253735,0.5 -14.416727898929247,6.197415323200078,0.5
18 14 28 1 1 1 0 14.467923666205309,0.9639423161457042,0 -17.461287183351235,-1.1633786574172293,0 -28.835826095429347,4.0920817922123645,0.5
1657 3 4 0 1 0 1 -28.140830574668982,4.510394059034689,0 28.10298965465281,1.572250765774033,0.5
1051 13 23 1 1 1 1 -9.942937677784318,-9.131702488347779,0 13.625507188074806,12.513814521069177,0 21.366611137630976,11.476843141441991,0.5 -2.2018337282281504,-10.168673867974965,0.5
1495 7 5 0 1 1 1 -17.79762256339748,16.83729880624695,0 0.12803545872634947,8.138403216928289,0.5 23.37390982724551,-13.853170734088135,0.5
1584 3 21 0 1 1 1 -25.920532399436432,11.848037817704931,0 -17.059762094093113,14.394947630781564,0.5 12.043993582467092,1.0918876249374323,0.5
953 5 29 0 1 1 0 24.60285316221106,9.846299623649548,0 29.617432680268813,5.3905177329960505,0.5
20 2 14 0 1 1 1 -29.419440614880745,-2.1786495605087817,0 -14.90351817894317,4.912753391929056,0.5 17.009095369402047,7.276034271125022,0.5
1483 30 3 1 0 0 1 21.205093050147454,-21.922454897538007,0 24.12720922342395,-16.31342315668683,0.5
500 4 7 1 1 1 1 -1.231483455324373,4.328215394277685,0 7.52573222698228,-26.450205187252525,0 -3.7184814334962923,-8.85567026422864,0.5 -12.475697115802944,21.92275031730157,0.5
1230 23 22 1 1 1 1 -3.8905160903270684,-23.17571756280496,0 1.4072079475651098,8.38270635250392,0 9.642166698263352,21.19619355834677,0.5 4.3444426603711745,-10.362230356962108,0.5
606 8 25 1 1 1 1 -5.271545308896666,6.667893974580695,0 14.574272324596667,-18.43476569442898,0 11.107887238750687,-23.724772730022085,0.5 -8.737930394742648,1.3778869389875905,0.5
601 18 2 1 1 0 1 -11.20322959934656,14.722012313006845,0 8.175329707631274,-10.743090066248238,0 -22.63931605723052,19.842161385817434,0.5
861 28 14 1 0 1 1 -28.47644938204507,-1.1583741156572878,0 14.73188634152973,-5.405693740885606,0.5 -17.241670859362983,-6.7063243268867705,0.5
870 14 28 1 1 1 0 -14.460403014093925,-1.0708616483856677,0 17.45221053425129,1.2924192308102884,0 28.865286606344203,-3.8788180072808296,0.5
1001 25 31 1 0 1 0 -21.630773929883823,-13.504059359846517,0 29.89779352746743,11.591891225720092,0.5
376 20 21 1 0 1 1 3.692361824826773,20.16473317836271,0 -9.774350161168385,-20.067687433455493,0.5 -4.010663410219276,11.408969235208248,0.5
962 8 23 1 1 1 1 -7.78207937741656,-3.418953138548098,0 21.515160631681077,9.452399853632977,0 23.92853931771503,3.959167351927171,0.5 -5.3687006913826085,-8.912185640253904,0.5
418 13 0 1 1 0 1 0.34923222002275633,13.495482090555267,0 -0.4785774866978513,-18.493808790760923,0 -5.183116860193687,31.644672531305737,0.5
1123 29 22 1 0 1 1 -15.714724150650097,-24.96592567618863,0 17.063621947347762,15.845592637638763,0.5 0.01714151274426534,-11.236089451786189,0.5
1426 22 24 1 1 1 0 11.915346493982229,-19.08597699695631,0 -5.030924075236941,8.058523620937109,0 -7.884894538703411,23.95993401730324,0.5
170 4 4 1 1 0 1 3.6405764746872635,2.6450336353161292,0 -22.247967345311054,-16.164094438043012,0 18.721255831556213,21.018196404292695,0.5
921 29 0 1 0 0 1 -28.490103220897385,-7.652713143886448,0 -28.8651516133881,-13.966138418908727,0.5
1388 31 0 1 0 0 1 12.776741753351192,-28.7924446716178,0 18.26101692889744,-26.358779575741384,0.5
531 11 25 0 1 1 0 7.827506931867622,-18.946771103055116,0 4.191258543624082,-25.858912425322494,0.5
545 2 3 1 1 0 1 -1.0728015219315223,2.2581179983653223,0 12.659057958791964,-26.6457923807108,0 -17.649420546096128,23.167821528729018,0.5
55 8 31 0 1 1 0 -23.0161295386321,-4.744236615189741,0 -32.062702134385084,-0.48283728283762795,0.5
1649 11 0 1 1 0 1 11.29630338337992,-2.1548851177358337,0 -20.136888639938118,3.841316949007356,0 32.06633628546804,-0.00878790507819538,0.5
214 2 1 0 1 0 1 -20.743684439878493,-20.97497451389972,0 17.180763672301552,25.90504506146483,0.5
533 4 28 0 1 1 0 10.687903182629773,-25.338088435372,0 5.54824400337151,-28.591379618322932,0.5
555 26 0 1 1 0 1 -12.248402913818298,23.499502676881644,0 2.542121359471722,-4.877255272560341,0 -19.880064447040237,25.160147805240076,0.5
979 6 10 0 1 1 1 22.656136132789072,11.702542267923214,0 12.082536588306844,-0.5121616856290458,0.5 -16.3486930685265,-15.197704923807196,0.5
996 31 28 1 0 1 0 -27.02406088276141,-16.18487359866627,0 27.533173865101517,9.496016897314927,0.5
394 29 2 1 0 0 1 3.3725937696995785,29.306579658236878,0 -2.5880664997723293,29.99253093343001,0.5
222 11 10 1 1 1 1 7.841254009558936,8.41217781300276,0 -13.977887582257233,-14.99562131883101,0 -11.548368172033513,-3.5895950416674234,0.5 10.270773419782657,19.818204090166347,0.5
833 26 0 1 0 0 1 -26.447708303349195,1.6639487675268099,0 -31.814585062666435,-4.010259005396251,0.5
1492 20 24 1 1 1 1 14.734764767197671,-14.252603525508949,0 -8.265843649891377,7.995362953334289,0 -13.438347104550694,21.34621341356855,0.5 9.562261312538354,-0.9017530652746872,0.5
584 2 19 0 1 1 1 16.355309924587633,-24.55104554333044,0 5.8177040769313955,-19.55516093703286,0.5 -11.92364906160434,7.076481686240838,0.5
397 26 30 1 0 1 0 2.7375331077139555,26.358222862783634,0 -9.118645168376506,-29.717003723344046,0.5
823 23 26 1 0 1 0 -23.383085910297094,2.341216203528723,0 25.770403378795773,-8.610244461927392,0.5
189 28 13 1 0 1 1 21.824741619545293,18.328411094257124,0 -14.196648365944007,-4.087196493164892,0.5 10.308324680562986,16.492072103895737,0.5
401 22 11 1 1 1 1 1.9932190362926074,22.411538944779334,0 -0.8415813708791009,-9.462649776684607,0 -6.995166781601822,-10.923261495431408,0.5 -4.160366374430113,20.950927226032533,0.5
1429 16 18 1 1 1 1 8.892571987237547,-13.89863890644685,0 -8.353628230435271,13.05629715454098,0 -4.9164089894068805,18.816984951072243,0.5 12.329791228265938,-8.137951109915587,0.5
552 17 15 1 1 1 1 -7.916005112083575,15.607269558300924,0 6.558975664297819,-12.931737634020767,0 1.66025496499942,-16.53764050435233,0.5 -12.814725811381972,12.00136668796936,0.5
1451 11 0 1 1 0 1 6.964169750945162,-9.151521167544793,0 -12.41438955603268,16.313581211710282,0 23.85047601391664,-21.43373028452087,0.5
402 1 5 0 1 0 1 -2.5896164034155618,-30.38986487109084,0 -3.7283394929846776,26.913741557521334,0.5
1315 21 0 1 1 0 1 3.166986508174712,-21.265469579979637,0 -1.5466678295736966,10.385461887897032,0 10.574553138947966,-30.27257547536327,0.5
852 2 23 0 1 1 1 29.499194042895272,0.21806150419542766,0 23.543709458752932,-5.8261260647043756,0.5 -8.45541628269279,-6.062667357390941,0.5
667 27 31 1 0 1 0 -21.445939663562044,17.213996396736473,0 20.80956803715584,-24.396964526493495,0.5
702 21 0 1 0 0 1 -18.362832860260767,11.182860517154246,0 -30.02448363726231,11.25967949436252,0.5
995 0 17 0 1 1 1 27.08369532062373,16.084882585198574,0 18.110284559431957,3.7772467719756406,0.5 -9.403310686915956,-12.562951409813387,0.5
640 17 10 1 1 0 1 -12.488177702205665,12.259503157882593,0 10.347347238970407,-10.157874045102721,0 -19.54587654541242,10.780014381785245,0.5
1440 7 21 1 1 1 1 4.295513550603788,-6.148053621804159,0 -14.032010931972374,20.08364183122692,0 -7.3953626142875315,21.060831222988288,0.5 10.932161868288631,-5.170864230042793,0.5
661 29 0 1 0 0 1 -22.590522027248625,18.97151323791528,0 -27.98069570460418,15.663035079011507,0.5
22 9 19 1 1 1 1 9.468612149898835,0.7716112718125436,0 -22.425660355023556,-1.8275003806086558,0 -19.922905742516058,4.3963424314787805,0.5 11.971366762406335,6.99545408389998,0.5
1572 22 31 1 1 1 0 20.028735691916296,-10.251816745502149,0 -8.456577292142436,4.328544848100908,0 -25.30641216988224,19.69353962821402,0.5
455 31 15 1 0 1 1 -3.485559479582272,31.306562812201122,0 -4.248038252053381,-16.068732713225746,0.5 -7.788924072581404,15.734759667423011,0.5
1653 22 8 1 0 1 1 22.161375979444273,-3.888883477003447,0 -7.335039776144695,7.378834019164219,0.5 24.183361616842717,1.8479775185370944,0.5
547 30 12 1 0 1 1 -13.291461160766671,27.451540215656955,0 0.047017154611201484,-13.865344906895476,0.5 -13.898122423898094,14.936271057072481,0.5
1153 2 9 0 1 0 1 12.855675548938274,26.55148971678295,0 -4.404873272895373,-22.865849895635456,0.5
793 9 30 0 1 1 0 22.002541017077505,-4.705123674444911,0 28.570967065519753,-12.245400807690437,0.5
489 15 21 1 1 1 0 -3.6323278425736545,15.068383936045173,0 3.8666715743526003,-16.040537738370666,0 -0.794532580705642,-22.307369140671813,0.5
1066 25 11 1 1 1 1 -17.796469426109553,-18.26295912401788,0 4.536354951753416,4.65526409043593,0 12.323025613504594,4.04883189684503,0.5 -10.009798764358376,-18.869391317608777,0.5
54 27 3 1 0 0 1 26.954103880232505,5.452181582966124,0 26.74468622141199,11.531338123488347,0.5
1294 9 23 1 1 1 1 0.6665782653606255,-9.47658553573748,0 -1.5787379969067445,22.444544689904557,0 4.336307787205283,23.863076808631003,0.5 6.581624049472653,-8.058053417011035,0.5
1570 12 24 1 1 1 1 11.084671074000775,-5.777548544253912,0 -17.29208687544121,9.012975729036102,0 -18.952732003799643,16.64463726225804,0.5 9.424025945642342,1.854112988968025,0.5
259 2 0 0 1 0 1 -16.984948763831884,-24.119732906688782,0 13.230762326121074,29.20953488622671,0.5
642 20 0 1 1 0 1 -14.734764767197667,14.252603525508954,0 8.265843649891373,-7.995362953334292,0 -26.812717625355134,17.587727924407126,0.5
679 6 23 0 1 1 1 20.5743951218547,-15.064669441106284,0 15.416088969292067,-18.724160886161798,0.5 -10.402759811074613,0.18052233405000884,0.5
161 0 25 0 1 1 0 -26.085713505406677,-17.657450294814474,0 -24.480330036722446,-9.32541909477235,0.5
451 22 2 1 0 0 1 -2.1588287801769894,22.396192942057798,0 -8.802782518558576,28.78820973820636,0.5
498 29 17 1 0 1 1 -7.8631004999713,28.432756646645277,0 -1.118382411199116,-18.466164214105767,0.5 -9.647847360320526,12.376148080560295,0.5
1493 0 21 0 1 1 1 -22.722012557677303,21.81651084222119,0 -11.35314936307095,19.218636776311726,0.5 11.729530060601235,-2.9441678888018625,0.5
999 8 1 0 1 0 1 20.0256898030991,12.297225211813133,0 -22.8510718180274,-21.073170543782773,0.5
1557 3 7 1 1 1 1 3.022428163288397,-1.7649158613829514,0 -24.61120075820552,14.371457728404033,0 -3.4510617303900766,8.963267982886434,0.5 24.182567191103836,-7.173105606900551,0.5
673 13 20 1 1 1 1 -10.712800809987217,8.214980146387285,0 14.680504813686186,-11.257565385789983,0 12.616484127882536,-17.235844285989824,0.5 -12.776821495790866,2.236701246187442,0.5
1102 23 2 1 0 0 1 -14.02290346123113,-18.85757615699833,0 -12.788518943162908,-27.25259222973777,0.5
1116 2 13 1 1 1 1 -1.386043213948105,-2.080597079943257,0 16.355309924587637,24.55104554333043,0 12.478066347183583,7.908720518218136,0.5 -5.26328679135216,-18.722922105055552,0.5
263 12 6 1 1 1 1 7.045135731592938,10.325505436705383,0 -10.990411741284984,-16.107788481260396,0 -8.619713190046912,-1.9875976759221885,0.5 9.41583428283101,24.445696242043592,0.5
344 27 31 1 1 1 0 8.110392132299285,26.27682514042246,0 -1.3271550761944284,-4.299844113887311,0 -15.023211018544082,-28.32936869561861,0.5
14 4 9 1 1 0 1 4.493977128715949,0.23274356398824492,0 -27.463193564375246,-1.4223217799281633,0 22.159560891595422,7.1556873248958235,0.5
1134 26 29 1 1 1 0 -13.193411972559971,-22.982251424138394,0 2.7382553150596167,4.769901238972119,0 19.890534405107527,22.596828119876328,0.5
2 31 0 1 0 0 1 31.49913940173563,0.23284533498833412,0 31.4547879093569,6.2326814115094065,0.5
826 15 18 1 1 1 1 -15.439060161959096,1.3731064472237937,0 16.435128559504843,-1.4616939599479093,0 17.895740278251644,-7.61527937067063,0.5 -13.978448443212294,-4.780478963498927,0.5
123 19 4 1 1 0 1 17.51945705620038,8.56262952929477,0 -11.230421189872038,-5.488865082881262,0 22.07227137793548,17.466105353477356,0.5
1184 17 22 1 1 1 1 -5.775522652060906,-16.51948359046164,0 4.785433054564751,13.687572117811072,0 13.089494926522299,19.259156849886942,0.5 2.528539219896641,-10.947898858385773,0.5
412 19 28 1 1 1 0 0.9365733498299047,19.47749548479959,0 -0.6003675319422466,-12.485574028717686,0 -7.361913506612812,-28.178932370144047,0.5
1149 11 0 1 1 0 1 -5.16400392498694,-10.275361962613264,0 9.205398301063676,18.31694958552799,0 -8.78382190099209,-30.839819597586036,0.5
517 30 5 1 0 0 1 -10.172253570401793,28.753699888874266,0 -14.494653080291577,22.981623791237944,0.5
353 25 8 1 0 1 1 6.706033056188045,24.602421032274716,0 -8.024149300833203,-6.622916879890463,0.5 0.3912647304615984,24.250709513552316,0.5
371 4 26 0 1 1 1 -5.4521815829661255,-26.954103880232505,0 -11.13481582654536,-24.784387757395077,0.5 -4.790459075457504,6.580387666875474,0.5
773 1 0 0 1 0 1 29.27318239199861,-8.563340040240284,0 -31.917550347193373,3.0854464562484356,0.5
1195 5 28 1 1 1 0 -1.6026436078912867,-5.261324307252424,0 7.721828292567109,25.35001711676168,0 14.044234303348402,25.51488747442661,0.5
1171 1 29 0 1 1 0 11.437113395107408,28.274413118355874,0 16.624305700518157,25.09745923347062,0.5
1092 30 8 1 0 0 1 -19.091886912744087,-23.78549671776881,0 -10.031028266979447,-22.082311289968253,0.5
1074 10 4 1 1 0 1 -7.102435268714941,-7.7333959716100225,0 14.543081740702021,15.835048894249095,0 -14.182532767619119,-24.31266674586336,0.5
1105 14 0 1 1 0 1 -8.522886158240862,-11.730746418436736,0 10.286241915118282,14.157797401561579,0 -13.661133480963226,-29.01074683656568,0.5
7 19 2 1 1 0 1 19.493474130802053,0.5044465400328697,0 -12.495816750514138,-0.32336316668773696,0 29.33491321120325,6.761129113629845,0.5
1661 9 16 1 1 1 1 9.401478134087933,-1.364627749339171,0 -22.266658738629314,3.232013090540142,0 -15.46701291751746,8.307918596697254,0.5 16.201123955199787,3.7112777568179416,0.5
357 10 17 1 1 1 1 2.611243815230977,10.170123191850626,0 -5.346832574044382,-20.824537964265566,0 -10.163571992156747,-15.458065996761912,0.5 -2.2054956028813897,15.536595159354281,0.5
1272 2 0 0 1 0 1 0.32708853279611005,29.498186606835908,0 5.650367147726711,-31.564590146173142,0.5
63 15 13 1 1 1 1 15.081706038194573,3.5766105431658857,0 -16.05471933098132,-3.8073596104669103,0 -14.52017385642723,2.7229673481566437,0.5 16.616251512748665,10.106937501789439,0.5
539 6 30 0 1 1 0 10.429152609396999,-23.269782462453485,0 6.998841561250492,-30.286403167106403,0.5
1090 25 12 1 0 1 1 -16.108630659457898,-19.76770139083381,0 12.547611434832415,5.899783663869617,0.5 -7.667140765271615,-18.906743571686537,0.5
744 31 13 1 0 1 1 -29.113331207133466,12.027632602625863,0 10.18616430731894,-10.70009610724603,0.5 -19.389283268181725,1.5184512985961165,0.5
1300 29 0 1 0 0 1 2.7219166041673954,-29.37415820070352,0 8.880858380864206,-30.81201639651378,0.5
308 20 18 1 1 1 1 8.591124707157821,18.612967959625955,0 -4.8194114210885335,-10.441421050521878,0 -13.200664138545143,-14.282593122445526,0.5 0.20987198970121224,14.771795887702307,0.5
306 17 9 1 1 1 1 7.451137602388772,15.834473418155342,0 -6.173799727693553,-13.119992260757284,0 -9.473865584664308,-6.04118124903675,0.5 4.151071745418018,22.913284429875876,0.5
887 28 0 1 0 0 1 -28.233925479374708,-3.8852866078470387,0 -30.387962559762144,-10.238248456962456,0.5
40 21 29 1 0 1 0 21.265469579979637,3.1669865081747064,0 -30.06201263527663,1.5891495576150696,0.5
690 31 2 1 0 0 1 -26.15079697068984,17.5609173393009,0 -27.835365545116055,11.464834275721826,0.5
345 20 6 1 1 0 1 5.973489811231157,19.610390599759036,0 -3.3509820892272346,-11.000950824255069,0 1.6908120286751362,26.141751178597186,0.5
971 21 29 1 1 1 1 -19.38558266265818,-9.29780537703638,0 9.467377579437716,4.540788672506139,0 29.19355910747138,7.347523844029029,0.5 0.3405988653754801,-6.49107020551349,0.5
81 23 21 1 1 1 1 22.454741483633736,6.9306987312375705,0 -8.121927770676033,-2.506848477256143,0 -22.313239756831948,-0.6077265455236311,0.5 8.263429497477821,8.829820662970082,0.5
577 13 3 1 1 0 1 -7.191483933348347,11.425084631476153,0 9.854996501255142,-15.656597457948802,0 -20.25983702883591,20.923408029405945,0.5
880 20 8 1 0 1 1 -20.37411230635311,-2.2683799787757675,0 9.111718754958831,-5.022607025293885,0.5 -22.691773625689926,-8.563492845821912,0.5
617 12 5 0 1 0 1 12.705291122109662,-14.792754223012066,0 -21.817781542255304,16.193653342418553,0.5
1099 1 18 0 1 1 1 18.470189339463264,24.271425705227486,0 15.977936295456896,11.088532442948487,0.5 -3.400623011520956,-14.37656993630658,0.5
28 6 16 0 1 1 1 -25.36357294343331,-2.6342299715738022,0 -17.03154248612127,4.263397769789495,0.5 14.797254933089157,7.569098126274266,0.5
1377 6 29 1 1 1 0 2.3928095924504085,-6.043547158273633,0 -9.387176093459296,23.709300390150407,0 -5.281015388868502,29.63715364981148,0.5
804 3 28 0 1 1 0 28.089090623316505,-4.822135207054312,0 27.07390426393665,-10.735627969857788,0.5
1660 27 6 1 1 0 1 27.20001923020651,-4.050796696502551,0 -4.450912237670156,0.662857641245872,0 26.105646201792048,2.178356349833601,0.5
1384 10 26 1 1 1 1 4.116564833221121,-9.65939407902417,0 -8.429156563262294,19.778759304668537,0 -4.869771772020447,26.73079353271116,0.5 7.675949624462969,-2.7073598509815433,0.5
497 7 19 1 1 1 1 -1.9723626635847182,7.236006185963151,0 6.44305136771008,-23.637620207479628,0 -0.6606620234502536,-20.39150621437197,0.5 -9.076076054745052,10.482120179070812,0.5
546 22 8 1 1 1 1 -9.730261441084584,20.287237670223675,0 4.1083326084579355,-8.565722571872218,0 -1.7340535009832485,-10.258803948595943,0.5 -15.572647550525769,18.594156293499946,0.5
1393 1 4 1 1 0 1 0.6336482371036682,-1.3595918180157651,0 -12.884180821107922,27.645033632987225,0 17.055251618963645,-22.39125704854102,0.5
1234 31 0 1 0 0 1 -4.755125266676676,-31.13902348658694,0 1.176117302197027,-32.04476163262059,0.5
1337 6 30 0 1 1 0 -5.79235689318618,24.833417034752962,0 -1.0849561973984594,31.06562199682676,0.5
1266 29 5 1 0 0 1 -0.9811047517771226,-29.483680799147862,0 5.115349453315032,-26.684887108070548,0.5
1020 27 29 1 1 1 0 -22.247967345311054,-16.16409443804301,0 3.6405764746872635,2.645033635316129,0 27.392712847815787,12.48556297637827,0.5
1016 2 24 0 1 1 0 24.11973290668879,16.984948763831877,0 23.486208433792086,9.200435500805025,0.5
1485 5 29 0 1 1 0 -18.564390496222213,18.91066909191143,0 -16.38435868253157,25.254757780706434,0.5
1598 13 26 1 1 1 0 12.55198255949139,-4.969681461243162,0 -17.200864988932647,6.810304224666556,0 -22.430329559930584,15.333959561473492,0.5
749 4 29 1 1 1 0 -4.190088228416078,1.6410852013497073,0 25.606094729209367,-10.028854008248212,0 25.28024256226135,-16.345009513402854,0.5
254 27 18 1 1 1 1 16.246212142369522,22.188073170627618,0 -2.6584710778422855,-3.630775609739065,0 -15.770304133003705,-11.381893847359775,0.5 3.134379087208103,14.436954933006907,0.5
1568 7 12 1 1 1 1 6.624996650593118,-3.515596589432575,0 -21.641655725270855,11.484282192146413,0 -8.229183812775805,11.159324969528786,0.5 20.03746856308817,-3.8405538120502003,0.5
1475 9 27 1 1 1 0 6.400108614642296,-7.020584713596259,0 -15.158151982047542,16.627700637464823,0 -14.092576696956376,24.364919085447465,0.5
459 12 0 1 1 0 1 -1.5666654195538046,12.401433766430973,0 2.4439980545039353,-19.346236675632316,0 -9.900685065162454,30.499613690020222,0.5
1161 7 2 0 1 0 1 10.02016623255789,22.357241973729824,0 -6.589855184411382,-29.373862678382743,0.5
272 14 31 1 1 1 0 7.76948852719545,12.242754919779218,0 -9.37696891213244,-14.775738696285265,0 -21.944511594850482,-23.381368883439496,0.5
572 15 29 1 1 1 0 -8.013078558106594,13.268028188906307,0 8.530051368307019,-14.124030007545421,0 10.11468698907785,-28.35389051105649,0.5
925 12 8 0 1 0 1 18.755600041869975,5.336428306405606,0 -20.96092467412876,-12.202034125730851,0.5
355 7 0 0 1 0 1 -6.268148051063672,-23.684600904595094,0 2.258737068609596,31.98668640004602,0.5
1670 1 29 0 1 1 0 -30.312703675305844,3.3749067976908007,0 -28.65492844706156,9.227408937170942,0.5
158 23 30 1 0 1 0 19.60563321519799,12.956432619788725,0 -28.753634416266852,-11.810101940951837,0.5
382 31 1 1 0 0 1 4.985172381038342,31.1030232667394,0 -1.0974724437703802,31.06518234672323,0.5
1511 29 28 1 0 1 0 22.59052202724862,-18.971513237915282,0 -17.966128757596408,22.923093540477193,0.5
68 4 17 0 1 1 1 -26.636036931037353,-6.838971897033507,0 -18.44234464274017,1.4594259413868276,0.5 12.552316513376022,9.417502330662181,0.5
688 4 26 0 1 1 0 22.716111960751842,-15.499298609504464,0 18.5084063746508,-19.891930360595612,0.5
1575 5 0 1 1 0 1 4.923398102452843,-2.4515609567709595,0 -23.721827220909155,11.812066428078259,0 30.872073812343697,-8.669778458830574,0.5
715 24 6 1 0 0 1 -21.512990578050598,11.723533442981521,0 -25.262141240742018,6.93355752358062,0.5
676 9 16 1 1 1 1 -7.6022714882360845,5.696970091123237,0 18.005379840559147,-13.492823900028721,0 9.605858843069049,-14.696172150836835,0.5 -16.001792485726185,4.493621840315123,0.5
756 23 20 1 0 1 1 -22.095949647817495,8.001187984362943,0 17.23233361166302,-12.621278790057247,0.5 -12.855768036428888,-1.726044087946005,0.5
471 9 23 1 1 1 0 -1.6073784023514355,9.36303020777217,0 3.8069488476744526,-22.175597860513033,0 -1.9373461885657135,-24.1763663470268,0.5
800 24 25 1 1 1 0 -24.082840942255594,4.501863186505974,0 7.372298247629264,-1.3781213836242778,0 23.963316935040076,-10.583451302425955,0.5
561 6 24 0 1 1 0 12.284718689593744,-22.345820341118518,0 6.545124935228847,-24.360035705684947,0.5
944 0 31 0 1 1 0 29.617975059840475,10.724996659890747,0 31.66083156648633,5.083477600873514,0.5
752 6 24 1 1 1 0 -6.078260640117322,2.3032037666694967,0 23.845484049691034,-9.035645546164949,0 20.784332781978065,-14.292008634477938,0.5
1028 31 2 1 0 0 1 -24.925518830943776,-19.26054285341582,0 -19.674271377534808,-22.785369116235852,0.5
439 15 27 1 1 1 0 -0.8016722759595083,15.47925455446605,0 0.853393067956896,-16.477916138625147,0 -4.569647725026439,-27.77351831635957,0.5
467 1 5 0 1 0 1 4.715573132845465,-30.133260195816614,0 -10.02499177689523,25.253703488264506,0.5
215 19 22 1 1 1 1 13.660589233069173,13.915398011029168,0 -8.756787969916138,-8.920126930146903,0 -20.043879272319558,-11.852970248704679,0.5 2.373497930665751,10.982554692471393,0.5
207 29 28 1 1 1 1 21.279345093697785,20.4313355506516,0 -1.8033343299743887,-1.731469114462,0 -24.713537236416833,-15.410745512928269,0.5 -1.6308578127446562,6.752059152185333,0.5
1446 29 25 1 0 1 0 17.427754843632766,-23.801751219400533,0 -10.223635294787535,24.119023225644412,0.5
829 5 31 0 1 1 0 26.42021921097435,-2.05475469194305,0 30.93993875449184,-8.424380681586875,0.5
1582 17 3 1 1 0 1 15.861904543517257,-7.39256276620947,0 -13.142720907485726,6.125266292002132,0 28.366837490714207,-6.600949232906649,0.5
865 11 2 1 1 0 1 -11.48233144562549,-0.6372319615336512,0 20.468503881332396,1.1359352357773782,0 -29.122207467543483,-7.625420133825709,0.5
720 12 0 1 1 0 1 -11.084671074000774,5.777548544253916,0 17.292086875441207,-9.012975729036109,0 -30.70659440772383,9.238780215999498,0.5
269 9 26 0 1 1 0 -12.265999909005128,-18.862535519709066,0 -19.4766315869729,-18.94494185858931,0.5
1549 23 28 1 1 1 0 19.934242641265474,-12.444917449270335,0 -7.210257976627937,4.501353119948845,0 -20.998145131082723,20.182366091565846,0.5
1378 27 31 1 1 1 0 10.217858100013691,-25.53126271550204,0 -1.672013143638604,4.177842989809425,0 -6.133634685724328,31.47425178685078,0.5
901 30 5 1 0 0 1 -29.959761147225002,-5.715130094864605,0 -24.906324256795898,-10.859328340893837,0.5
347 31 21 1 0 1 1 8.955785380993394,30.200064705387387,0 -11.865072188053407,-18.906878694599,0.5 -2.7671314835521814,11.772552117223109,0.5
1368 22 8 1 1 0 1 7.582468482677689,-21.183865834856476,0 -3.2014866926861356,8.944298908050513,0 13.56849797120287,-20.103379387691604,0.5
264 4 10 0 1 1 1 -15.41523438436184,-22.773241949164557,0 -10.854524099301333,-5.331913969456613,0.5 7.083203184319717,21.16785848048033,0.5
1113 6 25 0 1 1 0 14.372076892449595,21.06403109087898,0 19.32831950206818,17.68236593971437,0.5
367 29 29 1 0 1 0 6.275518681842015,28.824778668254364,0 -12.138185529622564,-27.54840198720175,0.5
115 22 31 1 1 1 0 20.498009608036988,9.278017143162828,0 -8.65471516783784,-3.9173850160020827,0 -31.171351356095204,-7.523088104951428,0.5
1306 27 3 1 0 0 1 3.143943344635194,-27.319692901746244,0 9.21892882663929,-27.627185004798427,0.5
325 2 3 1 1 0 1 0.9031041654678826,2.3311805735108897,0 -10.656629152521015,-27.507930767428498,0 4.700554109907727,28.74290853514706,0.5
1556 1 26 0 1 1 0 -26.281278523042072,15.477221946922114,0 -19.78985407144532,18.61750992562913,0.5
1346 9 25 1 1 1 0 2.4644330463363096,-9.174779003339838,0 -5.836815109743891,21.729739744752248,0 -0.8204598591091443,26.183522406650916,0.5
335 6 14 1 1 1 1 2.1225016334605415,6.1436948830453275,0 -8.326737177422125,-24.1021876181009,0 -10.405914305146126,-11.745933231291385,0.5 0.0433245057365399,18.49994926985484,0.5
985 10 3 1 1 0 1 -9.219853104878826,-5.024371475563511,0 18.878746833799504,10.287998735677665,0 -22.154246155777667,-18.90606720788886,0.5
740 1 2 0 1 0 1 28.013853065250654,-12.061261809551544,0 -29.46807332072798,6.154888688205462,0.5
506 12 25 1 1 1 0 -3.686541878317858,11.944011427464755,0 5.751005330175858,-18.632657826845016,0 1.7874199465853486,-26.13532341362067,0.5
592 23 17 1 1 1 1 -13.601305205645694,19.163885219414023,0 4.919621031829294,-6.931618058085924,0 5.235724671587893,-17.743652024409343,0.5 -13.285201565887096,8.351851253090603,0.5
765 26 5 1 0 0 1 -25.202997681821568,8.188950350936109,0 -27.057099648071254,2.482611253165188,0.5
274 17 19 1 1 1 1 9.267491717541729,14.844648775410464,0 -7.678778851677433,-12.299851842482957,0 -15.416227493972944,-13.36375433230021,0.5 1.5300430752462182,13.78074628559321,0.5
1674 30 2 1 0 0 1 30.359283765900567,-2.9264123464621505,0 29.939585087634086,3.1418537172055725,0.5
436 7 25 0 1 1 0 0.995795292407149,-24.479754731933483,0 -4.958601976947698,-25.7227966293366,0.5
1555 21 23 1 1 1 1 18.48569680614,-10.978570653389507,0 -9.027898440207908,5.361627528399527,0 -17.141509349951303,17.158632148441555,0.5 10.372085896396607,0.8184339666525204,0.5
806 27 12 1 1 1 1 -27.13716213281607,4.452463517790286,0 4.4406265308244475,-0.7285849392747741,0 11.363627111034878,-7.944682427973636,0.5 -20.21416155260564,-2.763633970908576,0.5
1673 18 12 1 1 1 1 18.407961248531755,-1.843085096394946,0 -13.432836586766417,1.3449539892611768,0 -11.840054325852826,7.21547736195283,0.5 20.000743509445346,4.027438276296707,0.5
632 9 30 0 1 1 0 15.583222030157996,-16.2300089697695,0 16.79592080449786,-26.156204700396344,0.5
1096 28 23 1 0 1 0 -17.509436965182935,-22.487098904978506,0 19.171732003918244,14.855796578101659,0.5
656 5 26 0 1 1 0 19.97479443293234,-17.4142926173329,0 16.03193572712112,-21.936887583279848,0.5
530 8 3 0 1 0 1 8.89265967599429,-21.752485004866575,0 -16.33854088489518,24.110207003520493,0.5
474 24 26 1 1 1 0 -4.412822668695409,24.09931526194568,0 1.3508640822536966,-7.377341406718065,0 -1.1288200347447246,-27.14729756954012,0.5
1589 9 18 1 1 1 1 8.711681748395915,-3.7890105719917835,0 -20.632930456727166,8.973972407348962,0 -14.571794622460393,12.880714323391945,0.5 14.77281758266269,0.11773134405120089,0.5
653 2 9 0 1 1 1 22.019781063922245,-19.63107847004161,0 3.0983542131190394,-10.800472266065384,0.5 -20.787509991813565,10.494256921776365,0.5
855 26 30 1 1 1 0 -26.495475137138396,-0.4896909814169379,0 5.49906087751929,0.10163397727521352,0 30.605665568725385,-5.43536890149486,0.5
403 9 0 1 1 0 1 0.7716112718125446,9.468612149898835,0 -1.8275003806086583,-22.425660355023556,0 -3.421675561820827,31.883257931861955,0.5
1323 13 29 1 1 1 0 2.3824589897251793,-13.288110819912577,0 -3.2648512081419123,18.209633345806125,0 0.6997129424135311,30.095853564872005,0.5
1400 23 6 1 1 0 1 10.474851360748636,-21.036337346843972,0 -3.7887760241005703,7.608887976518032,0 16.737307820432086,-20.15223379489487,0.5
16 12 25 1 1 1 1 12.478149805336164,0.7387675111894426,0 -19.465913696324417,-1.1524773174555305,0 -25.810034008256707,4.482426183734896,0.5 6.134029493403873,6.3736710123798686,0.5
1508 9 31 1 1 1 0 7.2067264163392135,-6.189757213335476,0 -17.068562565013927,14.659951294741916,0 -19.986667245754983,25.075548496642398,0.5
309 29 0 1 0 0 1 12.263758442887555,26.83002476432894,0 7.638245503897775,31.143333245209725,0.5
5 27 18 1 0 1 1 27.49530438759645,0.5081698863760724,0 -18.607714563228754,5.657115761004413,0.5 13.386821451428933,6.24844071969657,0.5
1382 15 11 1 1 1 1 5.9712656769793035,-14.303635419533348,0 -6.356508623881194,15.226450607890337,0 1.1065972407701992,12.92383234751673,0.5 13.434371541630696,-16.606253679906953,0.5
30 27 31 1 0 1 0 27.33112626462003,3.042948752016273,0 -31.970478903550127,2.4775953417893657,0.5
297 5 4 0 1 0 1 -12.074361944702531,-23.589399814923635,0 7.189002059991616,27.213383644476043,0.5
659 15 30 1 1 1 1 -11.795588807271535,10.05554994467088,0 12.556594536772923,-10.70429510239158,0 19.318203803468165,-24.352761687489743,0.5 -5.033979540576295,-3.592916640427283,0.5
1023 8 18 1 1 1 1 -6.82082541848876,-5.072114017892108,0 18.857576156998338,14.022903461231124,0 18.425641688164085,6.224606684714288,0.5 -7.252759887323013,-12.870410794408944,0.5
74 27 29 1 0 1 0 26.477839505840127,7.427921317769322,0 -30.024137939232713,-2.1911506123328826,0.5
1174 23 15 1 1 1 1 -8.570111607048483,-21.88157185950618,0 3.0998276025494516,7.9146110981192574,0 11.23941110920377,12.24441251830021,0.5 -0.4305281003941648,-17.55177043932523,0.5
1367 3 4 1 1 0 1 1.1673077867674169,-3.2996049052806544,0 -9.505220549391824,26.868211371571043,0 14.828169590796541,-23.924368049889566,0.5
798 1 15 0 1 1 1 29.938433493670424,-5.825821825723212,0 14.068550432706633,-8.850191451171552,0.5 -17.342265036062336,-2.7378537979537554,0.5
1515 6 25 1 1 1 1 5.038825844722344,-4.106121540646132,0 -19.76770139083381,16.1086306594579,0 -15.977435353314304,20.75985451612468,0.5 8.829091882241851,0.5451023160206461,0.5
62 10 5 1 1 0 1 10.225524661368866,2.385088132488428,0 -20.9379790685172,-4.883751890333448,0 24.4443690220328,11.862665093253003,0.5
1540 12 11 1 1 1 1 10.377300385194381,-6.968617991786073,0 -16.188588600903234,10.871044067186274,0 -6.202179718321516,11.39223273733649,0.5 20.363709267776102,-6.447429321635857,0.5
550 10 29 1 1 1 0 -4.680252735653651,9.399214559228154,0 9.583374649195571,-19.24601076413384,0 7.778301747277503,-29.081747229633567,0.5
1564 27 30 1 1 1 0 24.098433701206247,-13.24822603779717,0 -3.943380060197386,2.167891533457719,0 -23.836831696727547,19.9513271403655,0.5
727 8 4 1 1 0 1 -7.636686409112985,3.732428256359258,0 21.11319183695943,-10.319066355816771,0 -27.341581857501488,6.684901011200196,0.5
567 19 2 1 1 0 1 -9.770797941028995,16.875470588863102,0 6.263332013480125,-10.817609351835323,0 -19.97391604069405,22.5231587038609,0.5
1640 13 5 1 1 0 1 13.169411567735892,-2.969275830835533,0 -18.046971407638075,4.0690076200338785,0 27.17074529851958,0.024493325131387245,0.5
72 0 3 0 1 0 1 -30.39122598104524,-8.28392318705582,0 25.9189333757922,13.283783070392454,0.5
960 0 12 0 1 1 1 28.93234005099658,12.456713016422079,0 13.853794563047293,-0.5677818285937608,0.5 -15.53778898082225,-13.222220448451111,0.5
102 1 25 0 1 1 0 -28.35818281959167,-11.227798856882677,0 -25.918047706258477,-3.8085171781297777,0.5
1626 29 16 1 1 1 1 28.403500560810308,-7.968133777243479,0 -2.407076318712738,0.6752655743426678,0 -14.266066325081669,10.233735955572179,0.5 16.544510554441377,1.5903366039860316,0.5
1590 21 9 1 1 1 1 19.747470193537346,-8.502200947716664,0 -9.644113350332193,4.152237672140696,0 -6.352919123363014,9.267708379745692,0.5 23.038664420506525,-3.3867302401116675,0.5
17 7 5 1 1 1 1 7.485200463212037,0.4709288964698503,0 -24.45165484649265,-1.5383677284681776,0 -5.865890123531374,5.642812513158406,0.5 26.070965186173314,7.652109138096433,0.5
1641 8 18 1 1 1 0 8.29870489597903,-1.8388847297896806,0 -22.94347824182438,5.083975429418529,0 -16.763850846691053,9.860187867880384,0.5
850 30 25 1 0 1 1 -30.5,0.0000000000000037351727373994275,0 25.5,-6.0000000000000036,0.5 -6.500000000000001,-5.999999999999999,0.5
1396 5 2 0 1 0 1 -11.460085697277396,23.893857700485665,0 18.16738393481499,-24.004086338892932,0.5
1587 23 25 1 1 1 1 21.480077770889466,-9.531854958849312,0 -7.76938983202385,3.4476922191582617,0 -20.87450440019513,15.827351833021034,0.5 8.374963202718188,2.8478046550134586,0.5
417 5 24 1 1 1 0 0.16259992479469662,5.497595953183242,0 -0.7834360012835382,-26.488416865337438,0 -6.721686159376277,-24.311909328040226,0.5
276 19 12 1 1 1 1 10.204080494908776,16.617061751507766,0 -6.541077240326139,-10.651962661222926,0 -11.654019317713143,-7.5122455858663795,0.5 5.091138417521772,19.756778826864313,0.5
1005 5 5 1 1 0 1 -4.62189239400841,-2.9812934605984713,0 22.269117898404158,14.364413946519907,0 -19.016797759569464,-19.406478376347263,0.5
1468 19 2 1 1 0 1 12.759878110112798,-14.745694646745681,0 -8.179409044944101,9.452368363298513,0 23.840542160451363,-18.381472995811322,0.5
1304 3 21 0 1 1 1 -3.0488912313911936,28.336447594205346,0 3.6655271610639093,22.018490198728493,0.5 7.08884363139788,-9.797872012309087,0.5
329 22 24 1 1 1 0 7.816883723300058,21.098491151179665,0 -3.300462016504469,-8.908251819386969,0 -14.137982139019083,-20.88941026062673,0.5
1008 0 13 0 1 1 1 26.279891331010077,17.367133086099773,0 14.57083592016618,2.4373634500408397,0.5 -12.126196543082154,-15.205438415203375,0.5
422 3 5 1 1 0 1 0.03880711406055733,3.4997848516584975,0 -0.3160007859216811,-28.498248077790624,0 -5.705805882098919,26.56489750094672,0.5
786 28 5 1 0 0 1 -27.70638336627661,6.678796355699945,0 -27.168138152299292,0.3771860781890837,0.5
742 10 0 1 1 0 1 -9.674542857142036,4.080835760640461,0 19.809778231290835,-8.355997033692372,0 -31.355534720363515,6.714197077840218,0.5
583 6 15 1 1 1 1 -3.5836941288777338,5.422834719097316,0 14.059107736366494,-21.274197744151007,0 3.5400385666186116,-16.2394004491192,0.5 -14.102763298625614,10.457632014129125,0.5
319 9 13 1 1 1 1 3.6273812611093845,8.780210998976761,0 -8.591166144732753,-20.79523657652391,0 -10.700096107246026,-10.186164307318943,0.5 1.5184512985961112,19.389283268181725,0.5
766 21 7 1 1 1 1 -20.472131052123405,6.568245594120601,0 9.998017490571895,-3.207747848291456,0 5.308442294241949,-8.004401314820694,0.5 -25.16170624845335,1.7715921275913624,0.5
225 23 2 1 1 0 1 15.831847625694094,17.36670955468549,0 -5.726412970995736,-6.281575796375602,0 15.439967984249481,25.842936919888785,0.5
1611 4 29 0 1 1 0 -26.025566982495054,8.883685228533446,0 -25.980076894996486,15.20807695042571,0.5
1320 30 17 1 0 1 1 5.049393223615971,-30.079122794278778,0 3.0200116508981374,18.251836335789324,0.5 8.317735688790304,-13.306587579519555,0.5
987 19 8 1 1 0 1 -17.053142756517047,-9.457289364603902,0 10.931501766998108,6.062364977310194,0 -17.64128813284755,-16.644367005502257,0.5
1305 31 5 1 0 0 1 3.485559479582289,-31.30656281220112,0 8.895450891496425,-25.673351036375742,0.5
1053 6 25 0 1 1 0 18.65308993318004,17.3871284559785,0 22.74417898164557,12.998166118759668,0.5
1683 26 0 1 0 0 1 26.447708303349195,-1.6639487675268014,0 31.814585062666435,4.010259005396261,0.5
820 20 1 1 1 0 1 -20.37411230635311,2.2683799787757724,0 11.429380074295647,-1.2725058417522626,0 -30.97661976665485,-2.5882480236808587,0.5
1083 21 29 1 1 1 0 -14.008397903864497,-16.309959784346642,0 6.841310604212894,7.965329197006499,0 23.772441714887556,18.469461684420413,0.5
1419 12 27 1 1 1 0 6.343123748738567,-10.771015788131999,0 -9.895273048032164,16.80278462948592,0 -8.784784668921489,26.740934133284913,0.5
12 30 0 1 0 0 1 30.470006783859862,1.3522893889748158,0 31.202999257630715,7.39072644117593,0.5
1406 29 31 1 0 1 0 13.73160769729501,-26.109250277393805,0 -9.35220816272644,30.67223830242966,0.5
251 20 29 1 1 1 0 12.29346177558172,16.404901632509446,0 -6.896332215570234,-9.202749696285787,0 -22.492025959742314,-20.008967195392117,0.5
1636 19 1 1 1 0 1 18.95699914534715,-4.569702769689438,0 -12.151922529068687,2.929296647236819,0 31.056753361601267,-1.3145610053048697,0.5
1620 25 22 1 1 1 1 24.393412697261237,-7.430438545677785,0 -6.217928726752865,1.8940333547806119,0 -19.775260957423967,12.295895822012454,0.5 10.836080466590136,2.971423921554058,0.5
1480 28 17 1 0 1 1 19.586245550123994,-20.70335685946238,0 -7.668040560364758,16.836007661099494,0.5 14.323533390651654,-6.409866707419669,0.5
333 29 30 1 0 1 0 9.838737059896813,27.81095563022265,0 -15.828719122311481,-26.752600825844404,0.5
669 23 2 1 1 0 1 -18.43476569442898,14.574272324596672,0 6.667893974580694,-5.271545308896668,0 -26.862605188648295,13.58861444293736,0.5
686 1 31 1 1 1 0 -1.2327775548750513,0.8545522220416317,0 25.06647694912604,-17.375895181513176,0 22.47011976420955,-22.87670688237447,0.5
80 30 26 1 0 1 0 29.176434794763445,8.8873872801244,0 -27.09835559809763,-1.9822017755644579,0.5
302 31 31 1 0 1 0 13.831940008860784,28.300661398477533,0 -19.222542179999362,-25.66600615869453,0.5
701 1 29 0 1 1 0 25.99078889338394,-15.960228466395776,0 21.99891480512956,-20.54988436455669,0.5
484 11 30 1 1 1 0 -2.487902869715449,11.2276595651481,0 4.434957289492758,-20.014523572655307,0 0.7404417509071832,-31.07574208307041,0.5
1535 6 0 0 1 0 1 -20.903382314134134,14.604746072052889,0 29.258236052060493,-13.122714015092596,0.5
1373 1 1 0 1 0 1 -10.807340751295323,28.52106915747359,0 16.41804288063439,-26.395034911317133,0.5
1070 1 20 0 1 1 0 20.96071892206252,22.15622400749483,0 18.44695350646723,10.768468151517014,0.5
1064 8 0 1 1 0 1 -5.976993821659908,-6.043636724343985,0 16.524629977530335,16.708878002598077,0 -17.88393941602626,-26.61606114668176,0.5
1180 30 4 1 0 0 1 -10.490442018334809,-28.639144998759225,0 -3.8246650987426865,-27.885873428717623,0.5
1461 26 28 1 1 1 0 16.816153554184325,-20.48089303819767,0 -3.490145077283539,4.25075138528631,0 -13.448113889247821,25.834051808065645,0.5
1316 1 27 0 1 1 0 -4.60416890900439,30.150483058441324,0 1.7799427328861386,28.09059992003812,0.5
909 8 23 0 1 1 0 22.94347824182438,5.08397542941852,0 24.241514521675917,-0.77393390891962,0.5
525 16 16 1 1 1 1 -5.960487492088023,15.385791785171872,0 5.59924582590087,-14.453319555767514,0 0.3656541156618882,-17.55324178229479,0.5 -11.194079202327005,12.285869558644597,0.5
50 1 27 0 1 1 0 -29.980679540359006,-5.604360293405396,0 -28.13425734820672,0.8447268581477259,0.5
1624 7 28 1 1 1 0 7.206057149989074,-2.0791200905891274,0 -23.53978668996431,6.791792295924483,0 -25.71972109748718,13.665502064229944,0.5
712 18 25 1 1 1 0 -16.145350644072884,9.032034797316452,0 11.781742361891025,-6.590944311555249,0 19.32509365621405,-17.68589141600037,0.5
404 30 14 1 1 1 1 2.3649063435571067,30.408176827725192,0 -0.11630686935526754,-1.495484106281567,0 -7.106236162227187,-13.991118883300743,0.5 -4.625022949314813,17.912542050706016,0.5
487 0 15 0 1 1 1 7.1552643974652845,-30.676573984106597,0 -2.322312563299292,-16.457729623442663,0.5 -9.591152586121169,14.705774106443402,0.5
524 19 20 1 1 1 1 -6.976959549136793,18.209119568219354,0 4.47240996739538,-11.672512543730354,0 1.7319463255378524,-21.289677356067564,0.5 -9.717423190994321,8.591954755882142,0.5
811 10 29 1 1 1 1 -10.391107411360347,1.508272775585398,0 21.2770294613569,-3.08836806429391,0 28.33219352205884,-10.17530393789822,0.5 -3.3359433506584053,-5.578663098018913,0.5
1348 17 20 1 1 1 1 4.6645511440507725,-16.866889536145504,0 -3.8649138050706404,13.97542275852056,0 0.31874507221898174,21.35763099173071,0.5 8.848210021340394,-9.484681302935352,0.5
1168 4 18 0 1 1 1 10.594181039801999,25.377417679817224,0 12.66388564782692,14.760623303192968,0.5 0.33611134696641276,-14.76946272423071,0.5
476 20 8 1 0 0 1 -3.841316949007359,20.136888639938118,0 -10.297184397136665,21.959462504609835,0.5
982 30 22 1 0 1 0 -26.941653045745362,-14.29675946369245,0 22.68746722332542,5.246792447823211,0.5
1391 3 28 0 1 1 0 -11.84803781770492,25.920532399436436,0 -6.3910836283498815,28.41485615053221,0.5
330 16 5 1 1 0 1 5.675157157459813,15.493307950148433,0 -5.3312082388258855,-14.554319589533376,0 3.4807161801087556,26.946885068102564,0.5
1114 8 31 1 1 1 0 -4.764708809711847,-7.039002057014497,0 13.173018473909222,19.460770392922434,0 22.626157629177662,22.722389639727716,0.5
485 3 23 0 1 1 1 6.268471198430548,-27.802091087442445,0 -0.6843323986504135,-24.244209394578274,0.5 -7.722615849519801,6.972173580795703,0.5
1401 31 0 1 0 0 1 14.144880316268564,-28.14555668020155,0 19.50593873154505,-25.451293762817063,0.5
602 30 27 1 0 1 1 -18.55976996035645,24.202994422563716,0 11.972974012276069,-25.47347430762757,0.5 -7.499571519901192,-0.08016868395416354,0.5
812 1 8 0 1 1 1 30.199679538892834,-4.26958496205165,0 7.576385780599318,-7.130804898714624,0.5 -24.10852389955054,-2.6512403483653517,0.5
760 1 17 0 1 1 1 28.828106758904994,-9.959430741622542,0 14.581484715773843,-11.385530443666376,0.5 -15.664397785372383,-0.9362916327837079,0.5
894 6 10 0 1 1 1 25.163550341338542,4.1286479892237145,0 11.332908490956743,-4.220803849458127,0.5 -20.24488017268378,-9.40185230652318,0.5
193 15 25 1 1 1 0 11.720936770490155,10.142467215730688,0 -12.477126239554035,-10.796819939326218,0 -23.208947802702134,-12.148857637302687,0.5
1692 0 31 0 1 1 0 -31.486231368231294,0.9312541147332752,0 -31.308849632091622,6.928631518205903,0.5
1416 27 3 1 0 0 1 13.691276575298074,-23.849506194860602,0 19.392669802369408,-21.729573349154133,0.5
1678 22 31 1 1 1 0 22.425660355023556,-1.8275003806086525,0 -9.468612149898835,0.7716112718125422,0 -30.908591062204007,8.538676627525062,0.5
1697 8 5 1 1 0 1 8.499477496884923,-0.09424584843277799,0 -23.4985554325642,0.260562051549445,0 26.564897500946717,5.7058058820989315,0.5
296 24 26 1 1 1 0 11.24361904173015,21.76766020601303,0 -3.441924196448005,-6.663569450820315,0 -17.49232105477254,-20.79107270240671,0.5
1512 15 1 1 1 0 1 11.906357113635975,-9.924145317485532,0 -12.674509185483457,10.564412757323307,0 27.27024283037487,-14.919244483967283,0.5
284 7 2 1 1 0 1 3.7339845205358415,6.504410780416526,0 -12.19768276708375,-21.247741882693987,0 9.48347715644109,28.571203352733676,0.5
1585 28 5 1 0 0 1 25.964145503513517,-11.752155048006248,0 26.61623810986476,-5.461306517581912,0.5
127 28 2 1 0 0 1 25.4175532806615,12.891779753964684,0 23.595338359850043,18.69518675178692,0.5
581 9 25 1 1 1 0 -5.178977739357716,7.964181663877164,0 12.265999909005117,-18.862535519709073,0 8.871457091616714,-24.648473564738314,0.5
1374 31 16 1 0 1 1 11.270473117836366,-29.414731610200487,0 -0.3007751359713362,17.554473342073848,0.5 11.148594380560844,-12.327158769875854,0.5
1088 12 3 1 1 0 1 -7.967799871858619,-9.631415534697368,0 12.429767800099446,15.025008234127892,0 -13.543504251182917,-25.784171357602133,0.5
385 14 31 1 1 1 0 2.135874621792245,14.341828321381616,0 -2.5777797159561575,-17.309103146495055,0 -10.574553138947959,-30.272575475363272,0.5
34 29 3 1 0 0 1 29.267383688777098,3.6973303901469756,0 27.523269586076793,9.524685364469539,0.5
1276 6 6 1 1 1 1 0.024023889125685455,-6.499955603906174,0 -0.09424756503153525,25.499825830708836,0 5.975935129864628,6.5221315015606525,0.5 6.094206584021849,-25.47764993305436,0.5
1108 30 15 1 0 1 1 -17.652757820093356,-24.872276561367133,0 13.86398051080819,9.167335730512473,0.5 -4.656945726666805,-16.92816754698747,0.5
615 21 3 1 0 0 1 -13.887453343465923,16.413063078933718,0 -22.989339477320055,17.881282683200716,0.5
1444 1 23 0 1 1 0 -17.83612930057311,24.741109344029773,0 -8.875487950796376,22.57156870125044,0.5
867 18 20 1 1 1 1 -18.463494475923024,-1.161624611292297,0 13.473360833781665,0.8476720136457302,0 20.83629104995545,-4.700954720218705,0.5 -11.100564259749243,-6.710251345156732,0.5
1017 4 31 0 1 1 0 22.425823129101513,15.916420985330078,0 29.160434708315563,13.338629900483216,0.5
954 22 10 1 1 1 1 -20.858173611901876,-8.437214799669402,0 8.806784413914125,3.5623795820826363,0 11.983738298799382,-1.6248127233281129,0.5 -17.681219727016618,-13.62440710508015,0.5
303 12 22 1 1 1 1 5.447320147855197,11.25063123592498,0 -8.497819430654108,-17.55098472804297,0 -15.205479259383344,-17.636422553694466,0.5 -1.2603396808740408,11.165193410273478,0.5
734 23 28 1 0 1 0 -21.3730705749739,9.769434691791782,0 23.42620864834066,-17.304992007059965,0.5
1238 7 8 1 1 1 1 -1.0224438441702723,-7.429980389309134,0 3.339983224289556,24.271269271743172,0 7.102754001506949,7.6026893658808,0.5 2.740326933047121,-24.098560295171506,0.5
825 7 3 1 1 0 1 -7.468006322212759,0.6920126959747672,0 24.395487319228344,-2.260574806850906,0 -28.932034181188296,-3.344756813066092,0.5
370 6 24 0 1 1 1 -5.14800143350376,-24.97494907383483,0 -10.822577629954946,-22.784244851291405,0.5 -4.362340536930619,8.556867711952306,0.5
1041 0 29 0 1 1 0 23.971680479293777,20.43547246820209,0 26.342139966615207,14.57194777575235,0.5
286 26 28 1 1 1 0 13.023168662747773,23.07914812079563,0 -2.702921797928783,-4.790011874127394,0 -19.231516815588122,-21.872328659101463,0.5
236 7 28 1 1 1 0 4.823266077436086,5.743353057775076,0 -15.756002519624547,-18.761619988731915,0 -22.92309354047719,-17.966128757596422,0.5
986 24 31 1 1 1 0 -21.46951366107466,-11.802965015492017,0 6.572300100328977,3.6131525557628623,0 30.494182465991997,9.91740065394084,0.5
1035 22 25 1 1 1 0 -17.442089462500427,-14.213497640698142,0 7.3644377730557355,6.001254559405882,0 23.55796742835332,11.457406802791114,0.5
48 5 7 0 1 1 1 -26.084069387235797,-4.676678757608699,0 -8.441154450940402,4.5822387034471515,0.5 23.056589714778294,10.22954890131426,0.5
1449 25 31 1 0 1 0 15.2918670866992,-20.406097152633713,0 -14.08851883589108,28.805618150123806,0.5
229 3 0 1 1 1 1 2.319439280658464,2.6211069080330445,0 -18.88686271393321,-21.343299108269076,0 -4.824674596722143,3.6017377799812182,0.5 16.38162739786953,27.56614379628334,0.5
520 26 2 1 0 0 1 -9.114646343799096,24.883191556298996,0 -15.78042326339122,25.6364631263406,0.5
1298 5 31 1 1 1 0 0.46698000717329663,-5.48013956691802,0 -2.249994580016793,26.40430882242319,0 3.303812213736233,31.895686618355892,0.5
9 1 13 0 1 1 1 -30.483127605898638,-1.0143625399729652,0 -13.692078620310472,5.547700699860878,0.5 18.29021919571433,6.611949922127597,0.5
902 19 14 1 1 1 1 -19.140965676281088,-3.7247057574295983,0 12.269849792487877,2.3876318957882043,0 15.379089069264277,-3.1198749012798648,0.5 -16.03172639950469,-9.232212554497668,0.5
919 21 4 1 1 0 1 -20.804633927177296,-5.423763191377678,0 10.160402615598215,2.64881458183561,0 -25.096969946470214,-12.743315875625578,0.5
1201 8 0 1 1 0 1 -2.29590295276507,-8.18405948362331,0 6.347496398821075,22.62651739589974,0 -2.7313630718070403,-31.9497989942029,0.5
981 8 14 0 1 1 1 20.798894288771333,10.938738335133314,0 15.626229667999329,1.4390783032682997,0.5 -12.695668937987168,-13.456224961594085,0.5
1038 5 16 0 1 1 1 20.356029903958287,16.967087155701062,0 16.516113824510118,5.955500326238406,0.5 -8.064752474609325,-14.533057748570423,0.5
768 13 30 1 1 1 0 -12.884728808114643,4.029114486005657,0 17.656850588897843,-5.521379110452196,0 27.319225313441677,-14.829360346063734,0.5
1491 23 0 1 1 0 1 16.830570173114513,-16.40066790249312,0 -6.087653041339292,5.932156475369851,0 26.747530547577274,-17.68670714424877,0.5
1313 23 23 1 1 1 0 3.2896802166627395,-23.268605546360053,0 -1.1898843336865228,8.416304133789806,0 2.651240348365359,24.10852389955054,0.5
730 31 1 1 0 0 1 -28.45228677940306,13.517299176337188,0 -30.123763232692585,7.668695371487806,0.5
1666 16 19 1 1 1 1 16.369892571688883,-2.0679983538110265,0 -15.377777870374405,1.942665120246722,0 -18.59423727424649,8.396686262390809,0.5 13.1534331678168,4.386022788333059,0.5
1544 10 15 1 1 1 1 8.802516575864228,-5.724133290869065,0 -18.02420060772199,11.7208443574938,0 -9.723257826731537,13.479920520348179,0.5 17.10345935685468,-3.9650571280146867,0.5
184 19 3 1 1 0 1 15.161902751602769,12.26241024231943,0 -9.719168430514594,-7.860519386102198,0 18.386654716244223,22.587185046960016,0.5
1546 8 0 0 1 0 1 -19.795031169787933,12.665178284853484,0 29.767427725848542,-11.922677827836473,0.5
1121 4 5 0 1 1 1 14.820953312062587,23.16439817741141,0 8.018241173847734,1.3992170946686264,0.5 -9.227959043825095,-25.555718966319194,0.5
117 7 12 1 1 1 1 6.809622424253399,3.1430944050577394,0 -22.244766585894435,-10.267441723188615,0 -13.863846231135188,0.20920726430648706,0.5 15.190542779012645,13.619743392552841,0.5
1311 11 13 1 1 1 1 1.525629529218963,-11.39835315032725,0 -2.7196004651294556,20.318803441887706,0 4.156010457174564,14.176656061281014,0.5 8.401240451522984,-17.540500530933944,0.5
346 4 10 0 1 1 1 -7.915934483358213,-26.336058574797793,0 -8.768496855419928,-8.328473023099184,0.5 0.44277236157872046,22.317122409392795,0.5
1522 1 31 0 1 1 0 -24.134232518850318,18.649097048545485,0 -21.256844001721706,24.008260725976548,0.5
908 25 0 1 1 0 1 -24.916334103067335,-5.42460089447359,0 6.351222418428929,1.3827414044736601,0 -29.502624269795273,-12.563644423306748,0.5
664 0 22 0 1 1 0 24.34521247936704,-19.989012715351187,0 13.582006491861945,-18.915049554654093,0.5
1342 2 0 0 1 0 1 -7.230695491012451,28.600123124144975,0 13.537886329212274,-29.06846459201668,0.5
1553 28 9 1 1 0 1 24.396051831214816,-14.733725090712133,0 -2.9960063652369073,1.80940483570149,0 22.361877780582674,-6.495877317674881,0.5
759 17 9 1 1 0 1 -16.51948359046164,5.775522652060897,0 13.687572117811074,-4.785433054564744,0 -23.21951523987156,1.7618490359200205,0.5
719 30 30 1 0 1 0 -26.99430960883087,14.197085924321978,0 24.201440246669172,-19.507441912944444,0.5
859 9 9 1 1 0 1 -9.494744664132362,-0.3159489878604264,0 22.48755315189244,0.748300234406273,0 -22.288006422717434,-6.744981074910923,0.5
713 9 13 0 1 1 1 19.676703180596594,-10.912256959158354,0 8.89608671924906,-11.794475023654105,0.5 -19.08855780426609,3.7251793182599995,0.5
253 25 14 1 0 1 1 15.140609160299745,20.518575833986322,0 -13.437266189343696,-8.10492920121581,0.5 5.562713933385396,17.64387184535526,0.5
130 1 17 0 1 1 1 -27.046597420561888,-14.097218447979552,0 -18.29176280484296,-2.7679258464351086,0.5 10.084995144599018,12.022598426854913,0.5
519 13 28 1 1 1 0 -4.596427139953178,12.693417882788776,0 6.298807562158059,-17.394683765303135,0 4.0620493475505866,-28.840072036977716,0.5
1156 31 23 1 0 1 1 -13.412047684299774,-28.502052152679624,0 15.434775666575314,18.70875998356103,0.5 1.809838336493005,-10.245705695351601,0.5
1186 12 0 1 1 0 1 -4.038038740242475,-11.829803173861388,0 6.299340434778261,18.454492951223763,0 -4.497552101957571,-31.749362593447085,0.5
381 28 3 1 0 0 1 4.614371282073567,28.12396802855484,0 -1.3064640923590307,29.09541461425454,0.5
560 2 4 0 1 0 1 14.116091288487949,-25.90339681846909,0 -18.427555638787567,21.27616490769398,0.5
1399 11 25 1 1 1 0 5.087908235109919,-10.313253113887038,0 -9.069749462587247,18.384494681276895,0 -5.901055766259192,25.523078592589478,0.5
202 21 17 1 1 1 1 15.781189756156667,14.60150847961182,0 -7.707092671611395,-7.130969257484843,0 -16.919994028391283,-7.480895807268226,0.5 6.5682883993767796,14.251581929828436,0.5
88 4 24 0 1 1 1 -26.058223172563387,-8.787434499834433,0 -25.132766353702166,-2.1433747712932094,0.5 5.18952970164432,8.082003555786857,0.5
1586 7 0 0 1 0 1 -22.357241973729824,10.020166232557893,0 31.19894365583007,-7.407827938089579,0.5
616 28 13 1 1 1 1 -18.48923699504,21.6886632907896,0 2.270608052022456,-2.663520053254863,0 4.1920252522211365,-14.166048294592969,0.5 -16.56781979484132,10.186135049451494,0.5
1085 5 27 0 1 1 0 17.11709365589988,20.230054492639216,0 22.343411414833284,17.117884400459587,0.5
1109 28 8 1 0 0 1 -16.409187788786745,-23.302114842055257,0 -8.624674525759895,-22.668590369158565,0.5
51 20 16 1 1 1 1 20.136888639938118,3.8413169490073544,0 -11.29630338337992,-2.154885117735833,0 -17.33202752453771,2.801931813707676,0.5 14.101164498780328,8.798133880450862,0.5
939 30 6 1 0 0 1 -28.86471974422179,-9.852814526191617,0 -22.194539879360853,-13.915904553548097,0.5
747 14 15 0 1 1 1 16.247167182592207,-6.502273336372355,0 12.160997217825432,-11.329613703389985,0.5 -17.54810848748603,0.5602575402623202,0.5
618 25 24 1 1 1 1 -16.685994451685968,19.282831461128964,0 4.253292703370933,-4.9152315489152265,0 11.494504913707157,-22.452758333638254,0.5 -9.444782241349747,1.7453046764059383,0.5
1120 23 26 1 1 1 1 -12.738253877102565,-19.748085683490473,0 4.607453530015821,7.142924608922086,0 19.40647837634727,19.016797759569453,0.5 2.0607709692288823,-7.8742125328431065,0.5
1339 26 10 1 1 1 1 6.2101088921420455,-25.76207576162562,0 -1.2888905247841982,5.346845912790223,0 3.372313630274047,11.613677315091369,0.5 10.871313047200292,-19.495244359324474,0.5
1651 24 29 1 1 1 0 24.09931526194568,-4.412822668695417,0 -7.377341406718065,1.3508640822536988,0 -27.93685160062143,11.215271848905669,0.5
1135 5 1 1 1 0 1 -2.720607138698786,-4.779989204680405,0 13.10837985009415,23.030857077096496,0 -9.872469545860099,-29.475147922717284,0.5
573 31 27 1 0 1 0 -16.38419099024924,26.903685353405315,0 9.179147305124516,-26.608142640004495,0.5
396 20 28 1 1 1 0 2.1930621138077013,20.38235704144595,0 -1.2302543565262714,-11.43400516959163,0 -9.01445914596074,-27.694575756017727,0.5
1310 2 10 1 1 1 1 0.322498041325509,-2.479111738776857,0 -3.805476887641006,29.25351851756691,0 4.595376399497319,11.18626460204402,0.5 8.723351328463835,-20.546365654299745,0.5
132 9 15 1 1 1 1 8.39166242408462,4.453089013281258,0 -19.874989951779362,-10.546789768297717,0 -16.504137016105176,-1.96556896435282,0.5 11.762515359758806,13.034309817226156,0.5
1203 15 9 1 1 1 1 -4.076216171408421,-14.954412784323845,0 4.339197859886384,15.919213609118932,0 8.287130989311166,7.587717704685548,0.5 -0.12828304198363938,-23.285908688757228,0.5
1254 1 25 0 1 1 0 2.3649063435571107,30.408176827725192,0 7.959153204165819,24.958002329365566,0.5
967 29 2 1 1 0 1 -26.78451486873004,-12.362837993227103,0 2.2698741414178,1.047698135019246,0 -24.27003934468385,-17.810535932629822,0.5
1439 9 29 0 1 1 0 -12.818283330624462,18.491663323125778,0 -11.875083480651865,27.66283413404254,0.5
651 9 15 1 1 1 1 -7.0441914540905435,6.374116939476224,0 16.683611338635497,-15.096592751391057,0 7.467396410689061,-14.848838030149974,0.5 -16.26040638203698,6.621871660717308,0.5
1098 18 29 1 1 1 0 -11.257565385789977,-14.68050481368619,0 8.21498014638728,10.71280080998722,0 22.712497716914672,19.758351334540688,0.5
1317 9 15 1 1 1 1 1.4687850741649737,-9.385769569188783,0 -3.4787014914433585,22.22945424281554,0 3.5314156595342743,16.241277764991157,0.5 8.478902225142606,-15.373946047013165,0.5
633 6 4 1 1 0 1 -4.519118191015034,4.671998584721212,0 17.72884828782821,-18.32860983236783,0 -23.431960270960108,15.59465414365279,0.5
1163 28 10 1 0 1 1 -11.46354875866129,-26.092854383102576,0 9.716645202265227,7.199778191951203,0.5 -3.1547077899158698,-22.097461817146424,0.5
1182 14 12 1 1 1 1 -4.886479688836738,-13.651824649129727,0 5.897475486527098,16.476340093777257,0 9.861513379671557,9.746822757317322,0.5 -0.9224417956922784,-20.381341985589664,0.5
99 15 31 1 1 1 0 14.47391555422564,5.545788359570273,0 -15.407716557724067,-5.903581156961903,0 -31.561488394550274,-5.66766709684579,0.5
482 30 28 1 0 1 0 -6.378056536469771,29.825666712038394,0 0.09247904974288801,-29.124584934816816,0.5
441 29 20 1 0 1 0 -1.743491326407082,29.448433540593346,0 -4.777933188210675,-20.81877408612224,0.5
1044 9 31 1 1 1 0 -7.160775362749331,-6.242859617534434,0 16.959731122301047,14.785720146792082,0 27.686482277032688,16.17741323956197,0.5
689 12 4 1 1 0 1 -10.351473613256616,7.006924720164475,0 16.148298836680322,-10.930802563456583,0 -26.136565814843507,10.446527049998672,0.5
803 30 19 1 0 1 1 -30.040976327691123,5.271597602160251,0 18.16949025498411,-9.280065941254808,0.5 -13.348911138003297,-3.7492094406276584,0.5
787 7 23 1 1 1 0 -7.2975996959006,1.7306180047576871,0 23.83882567327529,-5.653352148875111,0 21.481317976682394,-11.260682838294567,0.5
348 13 23 1 1 1 1 3.790330837483404,12.956982370228893,0 -5.194157073588368,-17.755864729572927,0 -12.356642140906175,-20.870155605591005,0.5 -3.372154229834402,9.842691494210815,0.5
1675 3 4 1 1 0 1 3.485069617032621,-0.3229392581215569,0 -28.378424024408485,2.6296482447041063,0 27.936300004893262,3.437025172529403,0.5
1033 12 11 1 1 1 1 -9.748154392528203,-7.8245438166983945,0 15.207120852343998,12.206288354049494,0 12.724083073141177,2.5194662029489843,0.5 -12.231192171731024,-17.511365967798902,0.5
879 23 12 1 0 1 1 -23.365140998730723,-2.513998032901512,0 13.070138326874176,-4.628334918345338,0.5 -18.746223884163406,-8.05165138867931,0.5
1207 23 17 1 0 1 1 -5.844212348374099,-22.76170428652283,0 10.163571992156754,15.45806599676191,0.5 2.205495602881384,-15.536595159354281,0.5
1484 1 20 0 1 1 1 -21.285973235150635,21.84393150127629,0 -10.00979876435837,18.86939131760878,0.5 12.323025613504592,-4.0488318968450345,0.5
836 24 22 1 0 1 1 -24.467208811897947,1.2671594039360015,0 22.15956089159542,-7.155687324895824,0.5 -9.797609801495776,-5.500621980979415,0.5
562 30 13 1 0 1 1 -14.792170544636875,26.672864311475387,0 1.300233327335918,-14.71595709746685,0.5 -14.21942101457818,13.26868742604831,0.5
785 16 11 1 1 1 1 -16.02613702661588,3.925930718203208,0 15.054855994699766,-3.6879955231605894,0 9.742120696779597,-8.563940934486798,0.5 -21.338872324536048,-0.9500146931230002,0.5
449 1 31 0 1 1 0 2.701919138085524,-30.38008612514532,0 -3.1859037344648495,-31.90767959903576,0.5
361 0 19 0 1 1 1 -7.381827551036786,-30.622844773253092,0 -10.40262558364241,-17.550936754673476,0.5 -2.90362616671615,13.55798491974236,0.5
1363 10 29 1 1 1 0 3.355202263573147,-9.949503393160567,0 -6.8701760635069204,20.372792662185923,0 -3.741090134899471,29.870625112350055,0.5
87 26 2 1 1 0 1 25.14177709313178,8.375025050665469,0 -5.218104679706595,-1.7382127463645314,0 26.09178392239225,15.015618926544228,0.5
1560 29 21 1 0 1 1 25.638123916013075,-14.59234738029349,0 -15.717477285170176,15.849634310928424,0.5 12.09336899660672,0.0206473221354857,0.5
802 22 31 1 1 1 0 -22.14685136652096,3.9707649828753158,0 9.350892799197737,-1.6765452149917999,0 29.94672125102926,-11.464898007097698,0.5
1249 27 14 1 1 1 1 -2.6385685091052156,-27.373124706959533,0 0.43176575603539896,4.47923858841156,0 7.36356333177392,13.85741444350116,0.5 4.293229066633306,-17.994948851869932,0.5
375 30 8 1 0 0 1 5.604360293405401,29.980679540359006,0 -1.5797249294140032,24.202364949471114,0.5
35 1 24 0 1 1 0 -30.245163213077653,-3.9344761041711998,0 -25.069290339194417,2.7893873680744763,0.5
839 11 19 1 1 1 1 -11.490497119070818,0.4674141168441715,0 20.483060081821893,-0.8332164691570014,0 19.24001818441878,-6.7876137385118485,0.5 -12.733539016473937,-5.486983152510676,0.5
395 2 26 0 1 1 0 -3.2642541157992744,-29.318844538410573,0 -8.895450891496413,-25.67335103637575,0.5
507 1 2 0 1 0 1 9.102814209123885,-29.109942862777526,0 -14.530907421174419,26.36480095728504,0.5
205 12 0 1 1 0 1 9.080419675202803,8.590458574615784,0 -14.165454693316372,-13.401115376400622,0 18.759237465695485,26.00655705212912,0.5
1669 7 8 1 1 0 1 7.450825336839884,-0.8574390939914197,0 -24.33936276701029,2.8009677070386374,0 24.03187066395811,3.2740177749654595,0.5
681 21 13 1 1 1 1 -17.44045412775868,12.573009179092535,0 8.517431085649589,-6.140306808394029,0 7.4422360767528835,-12.761783659734945,0.5 -18.515649136655387,5.951532327751619,0.5
598 12 29 1 1 1 0 -7.458991202782508,10.03062561542465,0 11.636026276340713,-15.647775960062454,0 12.788518943162888,-27.252592229737775,0.5
90 24 29 1 1 1 0 23.15700378994008,8.000198464582041,0 -7.088878711206147,-2.4490403463006247,0 -29.84215520778468,-3.96178905981754,0.5
1551 0 18 0 1 1 1 -26.842945906281773,16.48351464562187,0 -12.625187663253383,14.79373639306969,0.5 14.643836749477307,-1.951421342165225,0.5
515 10 31 1 1 1 0 -3.4286564848208734,9.924430195688606,0 7.020582326061788,-20.321452305457623,0 4.614866485497703,-31.732522864106315,0.5
549 5 19 1 1 1 1 -2.4333474167917006,4.9324254022938,0 11.724310280905467,-23.76532239287013,0 3.2464949479409757,-20.14225088099624,0.5 -10.911162749756192,8.55549691416769,0.5
101 30 16 1 0 1 1 28.39948688148675,11.12291080914802,0 -17.55177043932523,-0.43052810039415856,0.5 12.244412518300214,11.239411109203765,0.5
1259 25 19 1 0 1 1 -1.5070857228264727,-25.455425602885775,0 7.141989224016896,19.11130529095348,0.5 5.250744395371911,-12.832758210707098,0.5
621 7 16 1 1 1 1 -4.970227029982423,5.616657660070809,0 16.236074964609248,-18.347748356231307,0 6.441173337904684,-16.332828476141717,0.5 -14.76512865668699,7.6315775401604,0.5
1154 18 30 1 1 1 1 -8.000437184891773,-16.680617639961685,0 5.838156864650753,12.172342602134204,0 18.5998399988632,24.90574134645842,0.5 4.761245949320673,-3.9472188956374685,0.5
691 8 17 1 1 1 1 -7.0740300718070745,4.712546927423556,0 19.55761255146662,-13.028806211112187,0 11.237675846127349,-14.695735489500553,0.5 -15.393966777146343,3.045617649035191,0.5
1036 30 0 1 1 0 1 -23.572348591133178,-19.354440883117803,0 1.159295832350812,0.9518577483500559,0 -20.53778148596683,-24.626196044754423,0.5
1247 22 17 1 1 1 1 -2.324320563153356,-22.379623185382332,0 0.981379793331417,9.449174233828096,0 7.7757043985545655,16.78655477178981,0.5 4.470004042069792,-15.042242647420618,0.5
1228 18 4 1 1 0 1 -3.197526414425055,-18.221575805320846,0 2.333330086202067,13.296825587666564,0 1.1566204559587066,-28.12316179096614,0.5
1210 6 2 1 1 0 1 -1.5465787677770246,-6.313326707454739,0 6.067347473586789,24.7676663138609,0 -1.1914020622605834,-30.08040161178107,0.5
597 27 24 1 1 1 0 -16.328107917970318,22.12787589939701,0 2.671872204758779,-3.6209251471740562,0 9.718959585232389,-23.276422074292675,0.5
316 26 2 1 0 0 1 10.38942553146285,24.37847077087051,0 6.045933152940793,29.49062041243235,0.5
1250 10 5 1 1 0 1 -0.9688177743646702,-10.455208851097863,0 1.9837697284609912,21.408284790343245,0 3.5292935319927063,-26.940565828598228,0.5
1185 20 29 1 1 1 0 -6.69404361322171,-19.3762684772968,0 3.755195197660959,10.869614023849424,0 15.303994997747377,25.923690653703677,0.5
1665 5 26 1 1 1 1 5.454045825309085,-0.7094956909161221,0 -26.27858443103468,3.4184792380504065,0 -25.504589131853457,9.368347411114861,0.5 6.228041124490309,5.2403724821483335,0.5
1464 16 5 1 1 0 1 10.611185370359388,-12.635376727105166,0 -9.968083226701244,11.869596319401824,0 21.636889253160895,-16.43456794218973,0.5
1350 23 27 1 1 1 0 6.431080266693946,-22.60290261456125,0 -2.3261354156127036,8.175517966968961,0 -1.7547783679453621,28.092183127685022,0.5
469 18 0 1 1 0 1 -2.9952936392407348,18.255909071167178,0 2.18575481782432,-13.321879592473346,0 -11.020929949356011,30.11293913007144,0.5
604 24 0 1 1 0 1 -15.051972127964262,19.331014848139425,0 4.607746569784979,-5.917657606573293,0 -24.086661678355544,21.16796469177985,0.5
991 21 0 1 1 0 1 -18.64597757052738,-10.704088958869404,0 9.106175092583138,5.227578328750174,0 -24.331337661320745,-20.886263610583747,0.5
1000 27 9 1 0 1 1 -23.380971232564388,-14.476884479127285,0 11.23565576669547,-0.1001972670428044,0.5 -15.971292576652182,-16.946026479118192,0.5
1284 15 25 1 1 1 1 0.5154957170354316,-15.491425504637013,0 -0.5487535052312659,16.490872311387786,0 5.1486072415108755,25.68544030131977,0.5 6.212856463777573,-6.2968575147050325,0.5
873 31 15 1 0 1 1 -31.38625388325775,-2.6745218592652464,0 15.953462423685291,-4.6622995073312765,0.5 -15.93098596565592,-7.379274094521368,0.5
1208 26 15 1 1 1 1 -6.495370525824754,-25.6916360267743,0 1.348095769510798,5.3322263451795715,0 9.616153181544508,13.55653340603974,0.5 1.772686886208957,-17.46732896591413,0.5
1671 26 24 1 1 1 0 26.347924956015493,-2.834933951995332,0 -5.468437255022084,0.5883825183386537,0 -23.71753047963802,8.586544587169003,0.5
45 16 2 1 1 0 1 16.272312331331143,2.731638957038144,0 -15.286111583977739,-2.5660850808540143,0 28.099598789820597,10.80104383155225,0.5
698 25 3 1 0 0 1 -21.58071541501051,13.58391409632466,0 -27.31583819238225,10.10420624530156,0.5
1256 30 1 1 1 0 1 -2.1400670624735985,-30.42482724631507,0 0.10524919979378353,1.4963029793269707,0 3.845144854834284,-30.845824045490204,0.5
1050 24 17 1 0 1 1 -18.105718471906147,-16.505543269340652,0 16.974829913240875,7.355620260490796,0.5 -6.673455437820214,-14.202640336199035,0.5
210 24 31 1 1 1 0 17.483448783087933,17.16330442103563,0 -5.352076158088143,-5.254072781949682,0 -26.681978089529945,-17.78544475771815,0.5
1218 4 6 1 1 1 1 -0.9410247348889845,-4.400508203415501,0 5.750706713210461,26.891994576428058,0 7.226602221615867,5.101589980637077,0.5 0.5348707735164222,-26.190912799206483,0.5
554 1 2 0 1 0 1 13.997158398888551,-27.098515766669284,0 -18.869090733351733,23.45650048273484,0.5
1057 4 29 0 1 1 0 19.836677629718288,19.046160259081987,0 25.434870968406596,16.10333315871305,0.5
1431 27 0 1 0 0 1 14.991777666561829,-23.054210079644413,0 22.2024093445296,-23.136616418524657,0.5
199 6 3 1 1 0 1 4.819709942272478,4.361237905957415,0 -18.90809285045357,-17.109471784909857,0 17.106816295234022,23.571313842064797,0.5
877 4 1 1 1 0 1 -4.477612195588805,-0.44831799642039266,0 27.363185639709368,2.739721089235733,0 -29.750503108208047,-9.008749347634401,0.5
446 26 7 1 1 1 1 -2.0547546919430513,26.42021921097435,0 0.42645852096931247,-5.483441723032412,0 -5.4004020783499325,-7.942648008828902,0.5 -7.881615291262296,23.961012925177858,0.5
203 3 14 0 1 1 1 -20.847571101789452,-19.432672980211272,0 -14.697748030077708,-5.497836196572868,0.5 8.710051101756061,16.3213053952433,0.5
1489 27 4 1 1 0 1 19.55294234346584,-19.337332952429108,0 -3.1995723834762284,3.164290846761127,0 23.77199680581401,-15.071236441127471,0.5
737 3 5 0 1 0 1 26.050307083844682,-11.559909205412968,0 -26.655880454539012,5.264412331241247,0.5
1303 24 27 1 1 1 1 2.5309268354336454,-24.368923024082985,0 -0.774773521051116,7.459874395127445,0 3.127063272247864,27.97269159897486,0.5 6.4327636287326255,-3.8561058202355745,0.5
1364 5 31 1 1 1 0 1.7767370457066871,-5.205113396499011,0 -8.560642129314038,25.079182728586144,0 -4.4975521019575595,31.74936259344709,0.5
1039 7 3 1 1 0 1 -5.743353057775076,-4.823266077436086,0 18.761619988731915,15.75600251962455,0 -17.96612875759642,-22.92309354047719,0.5
1193 0 31 0 1 1 0 9.401267134013201,30.064367218934162,0 15.127813270953041,28.273649669598313,0.5
609 2 18 0 1 1 1 18.550825751201184,-22.937237496014443,0 6.968367844784245,-18.157418582490653,0.5 -13.154561783637378,6.723652599626709,0.5
1129 16 14 1 1 1 1 -8.477790932634724,-14.15546046239883,0 7.963985421565953,13.29755376770799,0 12.597620078642212,9.356814006604525,0.5 -3.8441562755584657,-18.096200223502294,0.5
281 5 30 1 1 1 0 2.790974449444972,4.739246946778079,0 -13.447422347325775,-22.834553470839833,0 -20.647309525225474,-23.23657912364756,0.5
1233 14 31 1 1 1 0 -2.241829850041281,-14.325648289814458,0 2.7056567155670628,17.289575522189864,0 10.798036552771524,30.193582208890188,0.5
1273 30 31 1 0 1 0 -0.2254534195919057,-30.49916672231545,0 6.232681411509434,31.454787909356895,0.5
1136 28 19 1 0 1 1 -14.00604931654006,-24.820970620478313,0 14.808553873522843,14.034127410529361,0.5 -0.9175365871537151,-13.835032584393659,0.5
142 3 26 1 1 1 0 3.0289306185138902,1.7537329637744346,0 -24.664149322184535,-14.280396990734681,0 -25.939731192361343,-8.085811379696906,0.5
857 6 28 1 1 1 0 -6.497824710267351,-0.16814884667762367,0 25.491466171048838,0.6596608600429852,0 28.645676511182344,-5.260724020198743,0.5
862 31 29 1 0 1 0 -31.469023399724122,-1.3966267459903838,0 29.737014310089013,-4.686147663226299,0.5
27 23 7 1 1 0 1 23.383085910297094,2.34121620352872,0 -8.457711925001076,-0.8468228821274093,0 23.78035351408964,8.41099201907388,0.5
1360 29 23 1 1 1 0 9.116001334060943,-28.056167230707032,0 -0.7725424859373681,2.377641290737884,0 -1.5555602700403384,24.203930099185794,0.5
1453 8 8 1 1 0 1 5.197289341397919,-6.725933652794352,0 -14.368976414453073,18.59522833419615,0 19.116694287013793,-14.92655350497409,0.5
876 28 10 1 1 1 1 -28.368511059939877,-2.7345164548908385,0 3.483852235431213,0.3358178102497521,0 11.027244381007499,-4.964864687132823,0.5 -20.82511891436359,-8.035198952273415,0.5
1627 27 4 1 0 0 1 26.505112128228642,-7.330008940651226,0 28.10438680618891,-1.5470753854013397,0.5
1002 2 19 0 1 1 1 24.96592567618864,15.714724150650078,0 19.69911510473149,5.309883623069311,0.5 -7.382566984693476,-11.736596811534163,0.5
1139 2 30 0 1 1 0 14.211733386000601,25.851047061293976,0 19.951327140365496,23.836831696727547,0.5
1642 30 26 1 0 1 0 29.801889809551124,-6.488248128684109,0 -24.61706856331148,11.49999718909625,0.5
398 11 20 1 1 1 1 1.1457015464076723,11.44278672206028,0 -2.042337539248459,-20.398011113237892,0 -8.012487133366866,-19.800253784677366,0.5 -4.824448047710735,12.040544050620804,0.5
818 30 5 1 0 0 1 -30.286928489146035,3.598883534285895,0 -27.022849382560175,-2.8311854844688527,0.5
197 27 29 1 1 1 0 20.52691455111396,18.3001578958015,0 -3.358949653818648,-2.9945712920402454,0 -26.012542786642577,-15.152478931616743,0.5
37 25 12 1 0 0 1 25.261933323651057,3.4763090701789356,0 18.49999393686753,8.602338306290022,0.5
380 7 16 1 1 1 1 1.241654071380975,7.396505605150519,0 -4.056069966511185,-24.161918310158363,0 -8.648843441158562,-15.278989074226363,0.5 -3.3511194032664005,16.27943484108252,0.5
64 6 2 0 1 0 1 -24.789921959300123,-5.975765160363109,0 27.272474777928434,12.746062901431861,0.5
586 21 4 1 1 0 1 -12.051910518682893,17.804534614801383,0 5.885816764938157,-8.69523783513556,0 -20.383941718725016,19.40991808348561,0.5
1054 16 31 1 1 1 0 -12.027982352453291,-11.295027247823365,0 11.299013725031879,10.610480141894675,0 27.0697943993466,17.189422072225227,0.5
262 28 30 1 1 1 0 16.149811149339303,23.48262335942635,0 -1.9833101411469323,-2.88383093887692,0 -22.226841410926557,-21.730566511104133,0.5
95 5 30 1 1 1 0 5.164435983382811,1.8917190524866048,0 -24.883191556298996,-9.114646343799095,0 -30.702838510562792,-4.856511854644468,0.5
1652 26 27 1 0 1 0 26.084069387235797,-4.6766787576086974,0 -26.009503230314422,10.758984232364298,0.5
1029 15 20 1 1 1 1 -12.229825720251469,-9.522676244222295,0 13.018846734461242,10.137042453526957,0 19.861128047128314,7.860381205486981,0.5 -5.387544407584397,-11.799337492262271,0.5
305 3 3 0 1 0 1 -12.229937350019359,-25.742545181364672,0 6.810454153942586,28.317268834000327,0.5
340 24 1 1 1 0 1 7.570916362186212,23.30088464923126,0 -2.317627457812106,-7.132923872213651,0 3.718679230664976,30.861325713251865,0.5
1012 23 28 1 0 1 0 -19.41195022100612,-13.244855175394727,0 26.92381754685288,11.106666858413321,0.5
885 12 31 1 1 1 0 -12.395558693884285,-1.6124902066275402,0 19.337071562459485,2.5154847223389627,0 32.01080320776961,-1.8863928523630555,0.5
312 6 25 0 1 1 0 -10.343076657474759,-23.30816949607156,0 -15.827351833021009,-20.874504400195146,0.5
339 2 12 0 1 1 1 -9.219634185751971,-28.022283016929823,0 -9.606072048253512,-9.998668901596982,0.5 0.39488706849439037,20.398383862530284,0.5
872 22 4 1 1 0 1 -22.425660355023556,-1.827500380608654,0 9.468612149898835,0.7716112718125427,0 -26.921806999088705,-8.213787670972415,0.5
1479 7 6 1 1 0 1 5.134103294465165,-5.467264705660587,0 -16.771404095252873,17.859731371824584,0 21.829762965710028,-14.481417363673865,0.5
903 28 17 1 0 1 1 -27.95494625654388,-5.547159614950999,0 18.33314095365698,-2.4791012027235366,0.5 -13.05486887825194,-8.707490945826413,0.5
846 13 0 0 1 0 1 18.49797830471055,-0.27349339746649914,0 -31.5852582153071,-5.533666368003707,0.5
159 25 7 1 0 1 1 21.222090215421222,14.137640782270672,0 -9.568294953305223,0.8353033500195011,0.5 17.063347669968465,18.576656488555248,0.5
1280 23 23 1 1 1 0 0.43425426653954724,-23.495987385764238,0 -0.1570706921526022,8.498548628893449,0 5.5647212362087695,23.606860815519017,0.5
1224 29 29 1 0 1 0 -5.527748780278877,-28.977473896496317,0 11.42147228465101,27.853186008981968,0.5
1307 22 8 1 1 1 1 2.654914082669906,-22.342816098550358,0 -1.1209637237939603,9.433633463832374,0 4.955116750604797,9.148596503719887,0.5 8.730994557068662,-22.627853058662843,0.5
856 15 17 1 1 1 1 -15.496188917946695,-0.34369902430182336,0 16.49594304168519,0.365873154901941,0 17.628741949024395,-5.61047745692892,0.5 -14.363390010607493,-6.320049636132684,0.5
824 28 30 1 0 1 0 -28.368511059939877,2.7345164548908585,0 29.783596091186705,-8.898730464344226,0.5
780 11 31 1 1 1 0 -11.117261649095655,2.942191942336012,0 19.81772728751834,-5.244776940685935,0 28.91657306891279,-13.859357919839855,0.5
660 17 4 1 1 0 1 -13.359469947969302,11.303741093518777,0 11.069275099745994,-9.365956906058415,0 -24.86902115030106,13.182632021940032,0.5
527 27 6 1 1 0 1 -10.123425198828643,25.568853361926916,0 1.6565604870810509,-4.183994186497132,0 -14.965835008788797,21.500553074042344,0.5
631 13 1 1 1 0 1 -9.313877854693017,9.772496063333001,0 12.763462245320062,-13.39193904975263,0 -25.38579636652852,17.939100948407287,0.5
878 8 27 1 1 1 0 -8.45452431447777,-0.8780766571912653,0 23.37427310473266,2.4276236992934983,0 27.972691598974855,-3.1270632722478613,0.5
96 3 4 0 1 0 1 -26.72475545816091,-9.901386049513405,0 23.702542414117353,15.180233302125757,0.5
427 1 1 1 1 0 1 -0.011087873094682189,1.499959019130268,0 0.22545341959187118,-30.49916672231545,0 -6.225289496112944,30.45481522993672,0.5
1436 13 4 1 1 0 1 7.567478697777635,-11.179591502317145,0 -10.370248585843425,15.32018094761979,0 20.383941718725026,-19.409918083485604,0.5
840 31 31 1 0 1 0 -31.478487394505223,1.1639722307580647,0 31.256778398170354,-7.159874591616202,0.5
342 8 29 1 1 1 0 2.566816591639176,8.103175463044463,0 -7.096492929825958,-22.402896868417045,0 -14.628252027249703,-26.31091489529136,0.5
1112 21 1 1 1 0 1 -12.18319086704543,-17.714961481672514,0 5.949930423440792,8.651492816630762,0 -12.339421049062816,-28.530486995036476,0.5
933 1 13 1 1 0 1 -1.429972140537258,-0.4529676338186782,0 29.076100190924247,9.210341887646457,0 -15.82445253135147,-11.306489379246063,0.5
1206 30 22 1 0 1 1 -7.694175690093924,-29.513550454832906,0 11.481975598561007,20.258682986661537,0.5 3.4093978253477104,-10.70635355611397,0.5
1056 1 1 0 1 0 1 22.078602217159734,21.042464782824975,0 -17.93910094840728,-25.38579636652853,0.5
1133 14 12 1 1 1 1 -7.265465135636948,-12.548426848128972,0 8.768664818872178,15.144653092569449,0 11.45578450236108,7.81120998536486,0.5 -4.578345452148045,-19.881869955333563,0.5
637 11 23 1 1 1 0 -8.116686708745934,8.146741487985679,0 14.468876306894927,-14.5224522177136,0 12.335799019792644,-20.88248219305557,0.5
336 11 3 1 1 0 1 3.7149956410230707,10.88341891995248,0 -6.622383533997648,-19.40087720513268,0 3.5284228042993604,28.910209831720355,0.5
1354 26 8 1 0 1 1 7.62808232032701,-25.37838371753242,0 3.2993057578269784,9.86734926494293,0.5 12.510574974825632,-20.77824616754905,0.5
33 31 0 1 0 0 1 31.26599136667078,3.8324644628839493,0 30.535998135645265,9.787891389868859,0.5
1132 19 25 1 1 1 1 -9.833102656276443,-16.839242624035357,0 6.303270933510541,10.794386297458562,0 18.039978127141612,18.994977998730405,0.5 1.9036045373546284,-8.638650922763512,0.5
1302 8 18 1 1 1 1 0.846822882127404,-8.457711925001078,0 -2.341216203528705,23.383085910297098,0 4.12706449772347,19.005718577092278,0.5 7.315103583379579,-12.835079258205898,0.5
869 2 3 0 1 0 1 29.427291926763754,2.0699009292777335,0 -28.008759808037308,-7.9849467133897605,0.5
204 31 9 1 0 1 1 22.962511763774465,21.563233836753692,0 -11.032484596075541,-2.1293857417940734,0.5 12.294511481409627,19.776121647923965,0.5
1634 2 25 1 1 1 0 2.4259874837023516,-0.6038085200786196,0 -28.62665230768775,7.124940536927712,0 -23.2959318855753,11.981216865687564,0.5
1459 3 12 1 1 1 1 2.200945428108616,-2.721367160544086,0 -17.921984200313016,22.15970402157327,0 -3.1953185394551964,13.49221773584365,0.5 16.927611088966437,-11.388853446273707,0.5
866 16 30 1 1 1 0 -16.471157743043737,-0.9751731147700582,0 15.472905758616845,0.916071713874903,0 30.80129393039117,-4.186919179259131,0.5
1061 20 26 1 1 1 1 -14.575829746947262,-14.415102746356244,0 8.176684979994805,8.08652105283399,0 23.06098072059707,14.368060697402775,0.5 0.30846599365500094,-8.133563101787459,0.5
912 13 25 1 1 1 1 -13.147103136045684,-3.066541884627978,0 18.016400593840384,4.202298138193896,0 26.19632453903206,-0.050800056167457086,0.5 -4.967179190854006,-7.319640078989331,0.5
152 1 6 0 1 1 1 -25.81222824148316,-16.247426664231455,0 -8.697181755902598,1.6152490534883448,0.5 18.384500333522357,18.661729488091837,0.5
114 24 29 1 0 1 0 22.35724197372982,10.020166232557902,0 -29.37386267838274,-6.589855184411395,0.5
4 3 28 0 1 1 0 -28.496885496445984,-0.42132766636730457,0 -28.585586057786468,5.578016648673955,0.5
1187 24 5 1 1 0 1 -7.828805281670684,-23.21550791737465,0 2.396573045409393,7.106788137971832,0 -2.7824609167357233,-27.027909857161323,0.5
1547 26 2 1 0 1 1 22.374690025803403,-14.199410066943402,0 1.1041409561189401,6.405534540459582,0.5 28.122634572183426,-10.740922898868302,0.5
168 29 10 1 0 0 1 23.99352263732527,17.162775750214756,0 13.996070583091688,17.38850218486674,0.5
454 17 19 1 1 1 1 -1.8721261947138852,17.399573084161176,0 1.5511902756200762,-14.416789126876404,0 -3.879484440459789,-20.029967560538644,0.5 -7.30280091079375,11.786394650498938,0.5
1390 8 22 1 1 1 1 3.505028698528176,-7.743692518591753,0 -9.690373460636723,21.40903225728308,0 -3.811881247686287,22.972147512880408,0.5 9.38352091147861,-6.180577262994422,0.5
408 25 31 1 1 1 0 1.6011582479974948,25.449681574920923,0 -0.4081383769405379,-6.487173734783765,0 -7.966061735743005,-31.061098828314673,0.5
38 28 20 1 1 1 1 28.219372683883467,3.9896121776548226,0 -3.4655369962663904,-0.4899523726944519,0 -21.13806361703649,3.071199524960594,0.5 10.546846063113366,7.550764075309869,0.5
627 29 25 1 0 1 0 -20.03462791388598,21.65326036309868,0 12.914015241542389,-22.7920646353333,0.5
649 12 18 1 1 1 1 -9.206423775726222,8.455280081803497,0 14.362021090132906,-13.190236927613455,0 9.566972748809128,-16.932897933417763,0.5 -14.00147211705,4.712619075999191,0.5
528 21 27 1 1 1 0 -7.988507241828893,19.96080539575614,0 3.901364001823413,-9.748300309555324,0 4.647400780267803,-27.760613573686847,0.5
522 3 0 1 1 0 1 -1.2280815549448767,3.277470929604742,0 10.000092661693996,-26.687977569638615,0 -16.671255588112018,27.39195570082289,0.5
208 16 20 1 1 1 1 11.85968871506154,11.471607715653544,0 -11.140919702027507,-10.776358763189695,0 -18.906258481980778,-9.939989447304752,0.5 4.094349935108269,12.307977031538485,0.5
678 3 6 1 1 0 1 -2.81627511446871,2.0781228259234954,0 22.932525932102354,-16.921857296805605,0 -24.081072106998022,10.312708964067674,0.5
1047 28 13 1 0 1 1 -21.273347807518107,-18.965618182921553,0 14.069610684176272,4.50511433769587,0.5 -9.816253520756337,-16.789614850145874,0.5
463 6 16 1 1 1 1 -0.909911549289696,6.43599727878044,0 3.5696530010595766,-25.248912401369417,0 -3.6311450937542546,-17.177449907017756,0.5 -8.110709644103528,14.507459773132098,0.5
481 1 9 0 1 1 1 6.267777817856535,-29.8490361858802,0 -3.9196828801850527,-10.530246251573807,0.5 -10.495712066132892,20.78677532049722,0.5
360 3 4 0 1 1 1 -6.7811530587146365,-27.681509409609244,0 -6.8983945691884685,-2.9431534733667992,0.5 0.7155316721753344,28.137839547948843,0.5
940 14 9 1 1 0 1 -13.705165508331882,-4.7348113361812105,0 16.540716992814342,5.714427474701462,0 -19.307403856577935,-13.018224007866795,0.5
1086 1 16 0 1 1 1 19.614615381573426,23.356302434951967,0 15.205867816579453,8.776763865156292,0.5 -5.373400780481191,-15.72820918135069,0.5
167 27 23 1 0 1 1 22.425823129101513,15.916420985330074,0 -22.63655888894058,-8.70839834111446,0.5 3.4589443885593605,9.812527896360535,0.5
245 22 10 1 1 1 1 13.888759979020344,17.70176110575337,0 -5.864143102253034,-7.47407691131809,0 -11.201890951743726,-4.557152521612814,0.5 8.551012129529651,20.618685495458646,0.5
1333 8 26 1 1 1 0 1.8082002981578629,-8.305444701022445,0 -4.999142000789385,22.96211182047382,0 0.2253365064648598,27.169821925416706,0.5
1040 25 6 1 0 0 1 -19.466656209898122,-16.471165593413076,0 -15.591087834977397,-21.051555289859692,0.5
182 5 26 1 1 1 0 4.30188316424766,3.42692299901275,0 -20.727255245920546,-16.511538086152342,0 -24.465716699389,-11.818574634245802,0.5
814 4 25 1 1 1 1 -4.460225145780227,0.5969854679552478,0 27.256931446434724,-3.6482445263931806,0 24.478628535480958,-9.329884512786707,0.5 -7.238528056733993,-5.084654518438279,0.5
1514 20 5 1 1 0 1 15.84370970879442,-13.008722560784108,0 -8.887934714689552,7.297576070683768,0 24.28832403159789,-12.178970224781091,0.5
1534 22 30 1 1 1 0 18.39640645425415,-12.954621938515853,0 -7.767371614018419,5.469729262928915,0 -21.4827851210514,22.46641812667815,0.5
186 25 31 1 0 1 0 19.7080291499638,16.181581721950955,0 -28.15264347276727,-15.351829385947934,0.5
1241 24 4 1 1 0 1 -3.0706642223254623,-24.306810182204707,0 0.9399992517322844,7.440860259858583,0 2.5060242848684906,-28.035153687533967,0.5
588 29 6 1 1 0 1 -16.71647118966699,24.306575056248327,0 1.4166501008192365,-2.059879242054943,0 -19.393541209288074,17.610808026994253,0.5
113 1 21 1 1 1 1 1.3710687938865624,0.6084162739691036,0 -27.87839880902677,-12.37113090403844,0 -22.085651141583806,-3.236358084677569,0.5 7.163816461329523,9.743189093329974,0.5
313 24 16 1 0 1 1 9.85462963463864,22.430699381965375,0 -12.130023888299176,-12.693010693657016,0.5 0.7413291038819043,16.60422931544062,0.5
1004 30 27 1 0 1 1 -25.69142343312902,-16.437784582469405,0 26.398060718225068,9.76690280062736,0.5 -0.5568753427627597,-7.4792974170454585,0.5
994 6 30 1 1 1 1 -5.6009282098286395,-3.2984243493440557,0 21.97287220778928,12.93997244742668,0 29.32597792243659,10.30713436861875,0.5 1.7521775048186732,-5.931262428151988,0.5
1103 11 19 1 1 1 1 -6.828117856605767,-9.253475376111478,0 12.171862266123325,16.495325670459593,0 16.406013083520115,12.128179364742541,0.5 -2.5939670392089758,-13.62062168182853,0.5
1009 17 0 1 1 0 1 -14.564179559602803,-9.702302497636731,0 12.067463063670893,8.039050640899005,0 -22.889019493809595,-22.45757748760993,0.5
741 7 31 1 1 1 0 -6.899567199302974,2.9404034523008087,0 22.538586184389715,-9.605317944182643,0 26.625859475231845,-17.869348259105777,0.5
706 31 11 1 0 1 1 -27.142959786092632,15.984671846821197,0 6.864635125686924,-11.005761427142843,0.5 -20.709165291930987,5.232635369627898,0.5
60 31 21 1 0 1 1 30.728626991383752,6.92831027194956,0 -22.293185458617398,1.1242251143297448,0.5 8.923197516756572,8.16250856519914,0.5
131 11 0 1 1 0 1 10.178182311526395,5.352999610809922,0 -18.1437162944601,-9.54230365405247,0 25.086499578106256,19.972920139971386,0.5
1499 24 3 1 1 0 1 18.04459060042339,-16.572348960334853,0 -5.523854265435732,5.073168049082098,0 25.04918064792146,-14.858955174163386,0.5
1214 9 30 1 1 1 0 -2.1237281460466675,-9.259577677285783,0 5.02988245116316,21.930578709361065,0 12.6664394229619,28.386815819045935,0.5
1213 25 27 1 1 1 0 -5.792356893186189,-24.83341703475296,0 1.476483129635695,6.330086695133107,0 12.089816343966195,25.418228513591735,0.5
1081 24 31 1 1 1 0 -16.100006382062496,-18.46726277761669,0 4.928573382264029,5.65324370743368,0 25.22260317145587,19.800764865410237,0.5
1077 0 2 0 1 0 1 21.048758214675306,23.435011790484314,0 -15.24851735206399,-25.9563618129314,0.5
13 21 1 1 1 0 1 21.47518732939442,1.0326321549406619,0 -10.487882184122856,-0.5043087268314861,0 30.176624214738876,7.457972311723568,0.5
871 1 29 0 1 1 0 30.408176827725196,2.3649063435570876,0 29.87641490095855,-3.694567994472691,0.5
558 23 6 1 1 0 1 -11.092183149381901,20.71746782260246,0 4.012066245521114,-7.49355219115408,0 -17.32576498914269,19.648609811917925,0.5
32 19 26 1 1 1 0 19.363773952076976,2.3009255383139315,0 -12.412675610305753,-1.474952268149956,0 -27.022849382560175,2.8311854844688544,0.5
874 10 25 1 1 1 0 -10.458718174230356,-0.9301688836032173,0 21.415470547233586,1.9046315235684925,0 25.931269213761276,-3.7174288108095332,0.5
849 23 3 1 1 0 1 -23.499839491045396,0.08685559914671614,0 8.499941943569612,-0.03141585501051435,0 -28.521981237858473,-5.8946235051315305,0.5
1296 0 26 0 1 1 0 -2.442444256460611,31.405166231912904,0 3.927181733183214,26.88544668839542,0.5
448 30 18 1 0 1 1 -2.5896164034155644,30.38986487109084,0 -4.407583139782201,-18.94262946018603,0.5 -7.1245577269723,12.941818929155177,0.5
1119 26 29 1 0 1 0 -14.446622115050499,-22.215875167657337,0 21.11209824150693,21.45994659455051,0.5
1563 19 27 1 1 1 0 17.05314275651704,-9.457289364603916,0 -10.931501766998103,6.062364977310203,0 -21.13936869828693,18.584323798241535,0.5
791 12 14 1 1 1 1 -12.203977788204456,2.7042422496907053,0 19.038205349598954,-4.2186179095175005,0 12.85857795446563,-8.994830347979358,0.5 -18.383605183337778,-2.0719701887711515,0.5
1071 27 9 1 0 1 1 -18.825045413038946,-20.04663725408881,0 10.877009270851012,2.8179193249312746,0.5 -11.028498118867034,-20.509076752553888,0.5
1084 17 7 1 1 1 1 -11.353040260112282,-13.317600266274312,0 9.406804786950177,11.034583077770144,0 9.4316230599136,1.8150720249362076,0.5 -11.32822198714886,-22.53711131910825,0.5
261 8 3 1 1 0 1 4.8424625915692445,6.985739477625291,0 -13.387984811985557,-19.313515026375804,0 11.305381999290791,26.8409824307925,0.5
352 28 3 1 1 0 1 7.596554720311259,27.46893438743696,0 -0.9329102288101546,-3.3733779072291004,0 1.813621165061372,29.068209065397227,0.5
1068 30 3 1 0 0 1 -21.12392319643639,-22.000678825687547,0 -15.410745512928257,-24.713537236416833,0.5
966 25 25 1 1 1 1 -23.192055304758917,-10.600875942157035,0 5.911700371801293,2.702184063687087,0 25.68637905585469,5.1439217528019965,0.5 -3.41737662070552,-8.159138253042126,0.5
1579 30 29 1 0 1 0 27.500477730747644,-13.189909953470222,0 -24.004086338892925,18.167383934815,0.5
1676 15 27 1 1 1 0 15.439060161959096,-1.3731064472238024,0 -16.435128559504843,1.4616939599479188,0 -26.860355856163377,8.412566985187688,0.5
886 5 22 1 1 1 1 -5.451386289286946,-0.7296489052786324,0 26.26577030292801,3.515581089069774,0 23.097106352841468,-2.9620395212640807,0.5 -8.620050239373487,-7.207269515612487,0.5
947 31 19 1 0 1 1 -29.497238366442687,-11.052733994503875,0 20.36547784484621,1.223647069656173,0.5 -9.599970654397154,-10.004527146982685,0.5
217 22 15 1 1 1 1 15.643101430436655,16.172302793265736,0 -6.604865048406587,-6.828305623823311,0 -15.088972841393891,-6.969425987244398,0.5 7.158993637449351,16.031182429844648,0.5
1330 27 0 1 0 0 1 5.551766251817786,-26.93376860903756,0 12.235754494054023,-29.64011322450096,0.5
504 23 9 1 0 1 1 -6.7645258312333745,22.505359145736296,0 -3.011453594795776,-10.825024122208301,0.5 -12.222722811794414,19.82057131028368,0.5
1279 21 16 1 1 1 1 0.3178436781367261,-21.49765046223118,0 -0.15522598234584298,10.498852551322205,0 5.755417771354935,16.586897427703946,0.5 6.228487431837504,-15.409605585849441,0.5
745 22 23 1 1 1 1 -20.826847345085014,8.514248625951987,0 8.793557767924783,-3.5949049754019504,0 19.482018704612706,-14.446485634683636,0.5 -10.138386408397091,-2.3373320333296976,0.5
1687 30 24 1 0 1 0 30.464800630071153,-1.4648967779390871,0 -24.183548680954384,7.169795896391298,0.5
643 0 20 0 1 1 1 22.722012557677296,-21.816510842221202,0 10.631815631081187,-18.526049130526935,0.5 -12.450863792590988,3.6367555345866673,0.5
213 28 6 1 0 1 1 20.115267060805145,20.189750644138414,0 -8.838166307370663,-0.36988690603750296,0.5 13.747396708270202,22.299306799661768,0.5
654 30 11 1 0 1 1 -22.84107448428795,20.212256588595192,0 4.636026788122633,-12.11434090736303,0.5 -19.328379228179482,9.091961087228647,0.5
1460 21 17 1 1 1 1 13.58178663444489,-16.666885486389294,0 -6.632965565659132,8.139641749166865,0 -6.403718752765107,17.35633561946428,0.5 13.811033447338916,-7.45019161609188,0.5
1178 10 30 1 1 1 0 -3.684244664834628,-9.832412788814228,0 7.543929551804238,20.133035710429134,0 16.32037514384205,26.45553543522154,0.5
415 15 12 1 1 1 1 0.5727482405317486,15.489414432216854,0 -0.6096997399208937,-16.48873149235988,0 -6.45779610322245,-12.269754255452916,0.5 -5.275348122769809,19.70839166912382,0.5
292 0 31 0 1 1 0 -14.868245498107658,-27.77022282604159,0 -20.15781175068701,-24.938176064497274,0.5
1369 14 26 1 1 1 0 4.936903224394159,-13.633671059291645,0 -5.958331477717088,16.45443058880026,0 -3.381097178668645,26.95956568397197,0.5
695 28 28 1 0 1 0 -23.94980604167994,15.448520659464812,0 20.69748590284524,-20.490585089292168,0.5
271 1 15 0 1 1 1 -16.437784582469416,-25.691423433129014,0 -13.407678741870493,-9.822634613727319,0.5 3.8385214758023363,17.1323014472605,0.5
226 15 25 1 1 1 0 10.399875006513838,11.49315447772668,0 -11.07083468435344,-12.234648314999369,0 -21.558434808545996,-14.882334783415956,0.5
1240 9 30 1 1 1 0 -1.2254925570369377,-9.420624607352055,0 2.9024823719295894,22.312005648991708,0 9.884344277235677,29.471167913896426,0.5
145 19 28 1 1 1 0 16.76609710324326,9.957308267027686,0 -10.747498143104655,-6.382889914761337,0 -27.56808292536406,-9.394189896965614,0.5
365 22 13 1 1 1 1 4.9487930513925456,21.949019279559824,0 -2.0894903994768526,-9.267363695814147,0 -8.822347638718147,-11.849733420697882,0.5 -1.784064187848748,19.366649554676087,0.5
915 16 7 1 1 0 1 -16.02613702661588,-3.925930718203204,0 15.054855994699766,3.6879955231605854,0 -22.368774111689078,-11.657098470040836,0.5
551 15 30 1 1 1 0 -6.960179203243263,13.84940090613092,0 7.409223022807345,-14.742910642010337,0 8.334778081427999,-29.946309861706624,0.5
1571 0 6 0 1 0 1 -27.986991693445322,14.456081625081627,0 25.409675489947475,-6.371686707266971,0.5
438 12 6 1 1 1 1 -0.6003675319422422,12.485574028717686,0 0.9365733498298979,-19.47749548479959,0 -5.680884417174524,-6.780674910265473,0.5 -7.217825298946664,25.1823946032518,0.5
321 13 0 1 1 0 1 5.062328879801647,12.514904167141122,0 -6.937265501950404,-17.15005385867487,0 6.2499210896966755,31.451367003241124,0.5
932 22 23 1 1 1 1 -21.474548013524405,-6.715190810009422,0 9.067031383488082,2.8353027864484224,0 24.21968991901689,1.287097597958888,0.5 -6.3218894779955965,-8.263395998498957,0.5
788 1 26 0 1 1 0 29.702714492547656,-6.928113146752106,0 24.444369022032795,-11.862665093253009,0.5
674 16 29 1 1 1 0 -13.1304434143034,9.992069642660448,0 12.334658964951679,-9.38648966431739,0 19.84216138581743,-22.639316057230523,0.5
1600 27 29 1 0 1 0 25.642986308619786,-9.934145820146709,0 -25.34048077030558,16.25146252894715,0.5
1644 3 21 0 1 1 0 -27.891722337625758,5.856775993734797,0 -19.808118396370002,10.290211154072026,0.5
665 6 29 0 1 1 1 19.767701390833814,-16.108630659457898,0 19.078251257758826,-23.28669854113768,0.5 -5.72827597779733,-3.0719463410336516,0.5
43 2 4 0 1 0 1 -29.128228138692453,-4.6686534997025735,0 26.203876366638205,10.276520002507645,0.5
149 12 0 1 1 0 1 10.651962661222926,6.541077240326136,0 -16.617061751507766,-10.204080494908773,0 23.703228830925227,21.596456723008867,0.5
976 23 4 1 1 0 1 -20.997478793166234,-10.552529759755915,0 7.594832754975021,3.8168724662946922,0 -21.877254819299406,-17.709763453288726,0.5
917 23 20 1 1 1 1 -22.783148929403623,-5.76004556063704,0 8.240713442550247,2.0834207346985036,0 21.345311762408365,-0.7922535992920192,0.5 -9.678550609545509,-8.635719894627561,0.5
1513 0 30 0 1 1 0 -24.271167147437364,20.078855677083723,0 -19.676109966169438,24.06451114398977,0.5
428 22 8 1 1 0 1 -0.24947430467500867,22.49861690351891,0 0.10533359530722589,-9.499416025930207,0 -6.260193225821164,23.43202895131753,0.5
580 18 11 1 1 1 1 -10.027987094740315,15.546365325301014,0 7.317720312378068,-11.344644967111552,0 1.1915491696058131,-12.916276962670462,0.5 -16.15415823751257,13.974733329742104,0.5
736 16 17 1 0 1 1 -15.056918063940486,6.748275217845123,0 13.515540291629563,-12.632504527026217,0.5 -15.685755347527746,0.4550595318249302,0.5
322 21 21 1 1 1 1 7.988507241828891,19.96080539575614,0 -3.901364001823412,-9.748300309555324,0 -13.55896456157479,-17.73145453757133,0.5 -1.6690933179224872,11.977651167740131,0.5
494 24 0 1 0 0 1 -6.180567357616431,23.7076061030625,0 -13.752388097277247,28.967599514317147,0.5
1403 20 30 1 1 1 0 9.34054414590195,-18.24840363041263,0 -5.239817447701094,10.236909353646109,0 -8.555910959391888,29.883881736731553,0.5
541 31 0 1 0 0 1 -13.095199693252809,28.649009494113955,0 -18.552153882607847,26.15468574301818,0.5
1472 25 13 1 1 1 1 16.96923732156138,-19.03404803830568,0 -4.325491866280352,4.851816166626938,0 -4.505114337695865,14.069610684176274,0.5 16.789614850145867,-9.816253520756346,0.5
134 22 3 1 0 0 1 19.796485977858485,10.693415868114942,0 22.22397134045676,18.82405636037452,0.5
1410 5 29 1 1 1 0 2.631813630057077,-4.829446864460338,0 -12.680556581184097,23.269153074217993,0 -8.84760379998577,28.774466233076808,0.5
241 26 25 1 0 1 0 16.66430109853666,20.604637072690938,0 -20.70066039429549,-16.054054292920714,0.5
1126 27 30 1 1 1 0 -14.390369928717503,-23.434317854690438,0 2.3547878065174093,3.8347065580402533,0 21.07317054378278,22.851071818027393,0.5
406 6 18 1 1 1 1 0.45607986577305826,6.483979577083539,0 -1.7892363964943054,-25.4371506485585,0 -7.283285381431202,-18.03340661252417,0.5 -5.037969119163838,13.887723613117865,0.5
593 14 8 1 1 1 1 -8.43594062298691,11.793426381058188,0 10.181307648432478,-14.233445632311605,0 0.06516806958893895,-10.404121929442486,0.5 -18.55208020183045,15.622750083927308,0.5
1693 17 1 1 1 0 1 17.494143450719793,-0.4527084333628316,0 -14.495147430596399,0.37510127335777477,0 30.645007191264607,5.208985913528707,0.5
163 3 3 0 1 0 1 -23.48262335942635,-16.149811149339303,0 20.08266311746018,21.093521330271166,0.5
1605 8 13 1 1 1 1 7.98140106522798,-2.92356580838839,0 -22.066226474453828,8.082799587897313,0 -10.612649356499695,10.27724056524837,0.5 19.434978183182118,-0.7291248310373337,0.5
782 24 25 1 0 1 1 -23.730287447651463,6.0929022355389435,0 23.206731285790962,-12.153091089475584,0.5 -7.787929870325231,-4.19501470020023,0.5
26 30 4 1 1 0 1 30.35928376590057,2.9264123464621403,0 -1.49307952947052,-0.14392191867846593,0 26.797437032245668,8.610886626987288,0.5
1502 22 7 1 1 0 1 16.73929413606022,-15.034827296196651,0 -7.06770196855876,6.348038191727475,0 22.236518671584683,-11.90744461957585,0.5
1150 6 27 1 1 1 0 -2.897299312547497,-5.818561393807906,0 11.36632807230172,22.826663929554094,0 17.628784531985172,21.942560377604988,0.5
1658 17 30 1 1 1 1 17.289575522189864,-2.705656715567064,0 -14.325648289814458,2.2418298500412814,0 -29.205606464765054,10.643427597596265,0.5 2.4096173472392675,5.695941031987919,0.5
425 10 27 1 1 1 0 0.0000000000000006429395695523604,10.5,0 -0.0000000000000013164953090834046,-21.5,0 -6.000000000000002,-27.5,0.5
938 5 25 1 1 1 0 -5.211644634512678,-1.757486899966887,0 25.11065142083381,8.467891427113182,0 26.080338105431743,2.462917844014463,0.5
1565 2 3 0 1 0 1 -25.903396818469083,14.116091288487969,0 27.896384984993105,-8.369092230884494,0.5
358 30 26 1 0 1 0 7.475803812741694,29.569618823268534,0 -12.312344720566102,-24.220986096398885,0.5
635 25 7 1 0 0 1 -17.863847458628918,18.197058937499683,0 -21.44496534750614,13.280190557528188,0.5
1421 3 31 0 1 1 0 -14.643457065459968,24.45034079868889,0 -11.037433430521252,30.106893949174033,0.5
1258 28 9 1 1 1 1 -1.7895298065854264,-28.44376176020574,0 0.21976681835259623,3.4930935494989503,0 6.584670306098104,9.104510802892701,0.5 4.575373681160082,-22.832344506811992,0.5
714 20 4 1 1 0 1 -17.9642869408992,9.87595031908517,0 10.07752682050443,-5.54016725216973,0 -26.98895574581654,7.990385957533999,0.5
379 0 0 0 1 0 1 -5.329728386744244,-31.045837004718244,0 -0.5837643760592313,32.0610233640981,0.5
15 31 30 1 0 1 0 31.451603524974168,1.7454614598530533,0 -30.785608770502552,4.3007316388675205,0.5
997 16 21 1 1 1 1 -14.124030007545427,-8.530051368307012,0 13.268028188906309,8.013078558106587,0 21.50587596194356,5.978904507474436,0.5 -5.886182234508176,-10.564225418939163,0.5
721 27 27 1 1 1 0 -24.433087986341153,12.620388720309354,0 3.998141670492189,-2.0651545178688036,0 21.679548629182747,-17.951244280965604,0.5
733 25 24 1 0 1 1 -23.152716242461555,10.686520977196315,0 19.730291061848245,-15.715139662591335,0.5 -9.32409794829959,-2.304603534344979,0.5
433 27 4 1 1 0 1 -0.8129996239734797,27.48797976591621,0 0.13303630210475123,-4.4980330526044705,0 -6.8103770274461075,27.310598029776543,0.5
794 0 2 1 1 0 1 -0.4893284620636098,0.1027504560304352,0 30.827693110007417,-6.473278729917418,0 -30.1033847341182,0.19033536103235882,0.5
1166 24 3 1 0 0 1 -9.605317944182623,-22.538586184389725,0 -5.653879359300671,-28.570678119191953,0.5
1325 18 31 1 1 1 0 3.3993660796065543,-18.18500234415218,0 -2.480618490523702,13.270136845732674,0 0.10972878688143961,32.06614974694233,0.5
838 6 14 0 1 1 1 25.474923704538575,-1.1306026038969839,0 14.219716787938331,-6.636991371911282,0.5 -17.74881491971792,-5.218195947413107,0.5
684 14 10 1 1 1 1 -11.855461937186012,8.348534138154655,0 14.308316131086565,-10.0758170632901,0 5.130423828381049,-10.951198625775168,0.5 -21.03335423989153,7.4731525756695865,0.5
1021 3 6 1 1 0 1 -2.823936585352606,-2.0676997272106656,0 22.99491219501408,16.836983493001135,0 -17.02976701806499,-19.90570358742503,0.5
1227 21 17 1 1 1 1 -3.79428653919196,-21.16254686134225,0 1.8530236586751432,10.335197304376447,0 8.994199795530827,16.166458178527332,0.5 3.3468895976637243,-15.331285987191366,0.5
136 27 25 1 0 1 0 24.098433701206247,13.24822603779717,0 -25.236342385728815,-7.026878609330558,0.5
1345 21 31 1 1 1 0 5.500619718280365,-20.78444569178753,0 -2.6863491647415736,10.150543244826467,0 -2.258737068609596,31.98668640004602,0.5
1196 2 24 0 1 1 1 8.491638809420644,28.251408289328538,0 12.798427137856848,21.735921024814417,0.5 3.5871579208581825,-8.909674407677556,0.5
301 22 14 1 1 1 1 9.95460306869332,20.17810391847464,0 -4.203054629003846,-8.519643876689292,0 -11.796016355862264,-10.349106151365438,0.5 2.3616413418349014,18.348641643798494,0.5
1079 2 21 0 1 1 1 19.549559651264197,22.092186796278522,0 18.741310280672927,12.124903668217051,0.5 -2.464991713918743,-11.839502348085073,0.5
913 10 28 1 1 1 0 -10.216639574260839,-2.422865206660764,0 20.91978579491505,4.961104946972041,0 29.115373248228426,0.7382686613587381,0.5
610 4 10 0 1 1 1 17.372052671964394,-21.318109343056076,0 1.9817417089923524,-11.92990778668637,0.5 -18.23301049111167,12.87661944886979,0.5
166 17 16 1 1 1 1 14.308316131086567,10.075817063290097,0 -11.855461937186014,-8.348534138154653,0 -16.94526391672394,-4.594347700443841,0.5 9.218514151548641,13.83000350100091,0.5
1698 28 30 1 0 1 0 28.499221363475094,-0.2106695887989956,0 -30.454815229936713,6.22528949611298,0.5
70 17 14 1 1 1 1 16.91757207471078,4.477248607902623,0 -14.017416861903218,-3.7097202751193157,0 -15.552473527469832,2.0905901504958093,0.5 15.382515409144165,10.277559033517747,0.5
810 13 17 1 1 1 1 -13.35273671301047,1.9885729237376084,0 18.2981947548662,-2.7250814140107966,0 16.42529295816723,-8.512329366183035,0.5 -15.225638509709443,-3.7986750284346296,0.5
1248 19 28 1 1 1 0 -1.9427113178216988,-19.402986180884827,0 1.2453277678344223,12.43781165441335,0 8.809496904780891,27.760453243501914,0.5
1420 30 1 1 0 0 1 15.574251392017663,-26.223895469175357,0 20.733050500707897,-23.160108310089914,0.5
1566 16 15 1 1 1 1 14.517423050429553,-7.841838303284294,0 -13.637579229191399,7.366575375812519,0 -10.786001664360747,12.645638303241448,0.5 17.369000615260205,-2.5627753758553657,0.5
1386 13 7 1 1 1 1 5.384383444409371,-12.379758274036302,0 -7.378599534931361,16.964853931086783,0 2.5107906526775943,9.27070279420211,0.5 15.273773632018326,-20.073909410920972,0.5
709 28 1 1 0 0 1 -24.716760965582797,14.189141178036206,0 -29.438458123455877,9.981341759179209,0.5
106 6 10 1 1 1 1 6.007512788773573,2.481892441811685,0 -23.567934786727093,-9.736654964030455,0 -11.99542137430656,1.5361855528644224,0.5 17.580026201194112,13.754732958706562,0.5
518 23 18 1 1 1 1 -7.919467081907808,22.12537098307232,0 2.8644880934560155,-8.002793759834669,0 0.5854431964621503,-19.439836837373818,0.5 -10.198511978901674,10.68832790553317,0.5
1030 20 7 1 1 1 1 -16.128271229686412,-12.65420353644075,0 9.04756678738506,7.098699544832616,0 9.604256362989883,-0.09088296852745525,0.5 -15.571581654081589,-19.843786049800823,0.5
1322 6 8 1 1 0 1 1.1234552266898818,-6.402175282950568,0 -4.407401273937229,25.11622611003684,0 9.971423003833173,-22.10929042910755,0.5
777 29 10 1 1 1 1 -28.432756646645274,7.863100499971311,0 2.4095556480207856,-0.6663644491501111,0 8.520859043727034,-8.581664241680352,0.5 -22.321453250939026,-0.05219929255893074,0.5
564 11 30 1 1 1 0 -5.651563759305636,10.015479373175461,0 10.074526701370916,-17.85368062174756,0 9.763462471284273,-29.51143508153786,0.5
496 21 29 1 1 1 1 -5.57740110486639,20.763973533874367,0 2.7238470512138186,-10.140545214217713,0 1.8581158786191772,-30.046587250162425,0.5 -6.443132277461032,0.8579314979296544,0.5
819 2 10 0 1 1 1 29.306579658236878,-3.3725937696995807,0 9.745204196382703,-7.161075001059894,0.5 -22.04498390746747,-3.5026682000298406,0.5
421 7 20 1 1 1 1 0.11087570167560729,7.499180393801575,0 -0.3621939588069838,-24.497322619751813,0 -6.30240456628792,-20.409059181717154,0.5 -5.829334905805329,11.587443831836234,0.5
1532 27 6 1 0 1 1 22.366843136489653,-15.999197733251055,0 -1.795974326824597,8.661667057638901,0.5 24.23089768654518,-9.955581213780508,0.5
625 5 31 1 1 1 0 -3.7053260400560646,4.064549044713625,0 17.852934556633766,-19.583736306347465,0 16.787359271542595,-27.320954754330103,0.5
1037 28 12 1 1 1 1 -21.959627419109992,-18.166583707837656,0 2.6967963497152625,2.230983964120414,0 13.455959473189504,3.3447204152038843,0.5 -11.200464295635753,-17.052847256754184,0.5
416 28 23 1 0 1 1 0.947846963581297,28.484233992397087,0 -6.778238863106773,-23.287453229468206,0.5 -5.713989640840053,8.694844586556597,0.5
1411 28 20 1 0 1 1 13.729979711898876,-24.97474038125012,0 -4.6181102388219735,20.854808985509496,0.5 10.798007332432904,-7.1870047758941435,0.5
957 27 14 1 1 1 1 -25.377417679817228,-10.594181039801992,0 4.152668347606455,1.7335932610585076,0 15.6922779125877,0.04913159993547289,0.5 -13.837808114835983,-12.278642700925026,0.5
92 1 7 0 1 0 1 -28.75369988887427,-10.172253570401788,0 21.096135273934717,13.827620059281621,0.5
1152 8 16 1 1 1 1 -3.7324282563592583,-7.636686409112985,0 10.319066355816773,21.11319183695943,0 12.635904080541845,12.189500730848083,0.5 -1.4155905316341864,-16.56037751522433,0.5
116 28 5 1 1 1 1 25.920532399436436,11.848037817704924,0 -3.1832232771237727,-1.4550221881392011,0 -7.49653175800456,3.17049075085058,0.5 21.60722391855565,16.473550756694706,0.5
927 19 26 1 1 1 0 -18.715641201441738,-5.474922320809358,0 11.997205898360088,3.509565590262409,0 27.118667987849342,1.681620220143465,0.5
1533 19 31 1 1 1 0 15.901947309726529,-11.286189425961327,0 -10.193555967773415,7.234736811513671,0 -22.21508736926244,23.124443629545695,0.5
1635 22 17 1 1 1 1 21.85382321811256,-5.353541888458933,0 -9.227169803203081,2.260384352904883,0 -15.569806888276275,9.991552104742519,0.5 15.511186133039365,2.3776258633787037,0.5
1445 4 11 1 1 1 1 2.6450336353161283,-3.640576474687264,0 -16.164094438043005,22.247967345311057,0 -1.9054284351137527,12.830406949066735,0.5 16.90369963824538,-13.058136870931587,0.5
1645 20 4 1 1 1 1 20.077900235827997,-4.138589387718722,0 -11.263212327415706,2.321647705305624,0 -3.196049499264081,6.7849294468147425,0.5 28.145063063979624,0.32469235379039674,0.5
314 2 19 0 1 1 1 -11.765874934079743,-27.05206437659784,0 -13.279557541496342,-15.488813753870488,0.5 -0.5165745621556015,13.855798451252593,0.5
1588 4 27 1 1 1 0 4.119924376279354,-1.810034014525467,0 -25.177315632818274,11.061318977655631,0 -22.76393694678432,16.554551479361436,0.5
1523 16 0 1 1 0 1 13.0934232122066,-10.040531290028898,0 -12.299882411466806,9.432014242148359,0 28.647637510586748,-14.407042203798223,0.5
1244 6 26 1 1 1 0 -0.74311388145923,-6.457381958594566,0 2.9152929195708253,25.332806145255606,0 8.990278401574923,25.640298248307786,0.5
435 9 0 1 1 0 1 -0.35103924419687493,9.493512071358717,0 0.8314087362557564,-22.484633853218014,0 -7.159874591616196,31.256778398170354,0.5
1289 4 29 1 1 1 0 0.23274356398824178,-4.493977128715949,0 -1.4223217799281442,27.463193564375246,0 4.46620614103168,29.770841484677767,0.5
1643 6 15 0 1 1 1 -24.936213152687838,5.332473497704247,0 -13.902606387468078,9.108651691393836,0.5 17.38989639237548,2.4169202432943897,0.5
100 26 0 1 0 0 1 24.71051407921543,9.572904153959552,0 27.20542522911429,16.973945861321454,0.5
1198 10 29 1 1 1 0 -2.9480350958204267,-10.077652954622472,0 6.03645281525135,20.635194145179348,0 14.041233624232135,26.628814436803843,0.5
655 26 13 1 1 1 1 -19.910295073257142,17.488000174286146,0 4.132325392562803,-3.6295849418329738,0 6.183433299745456,-13.416972558203993,0.5 -17.85918716607449,7.700612557915127,0.5
273 22 5 1 1 0 1 11.98580655558058,19.041807719126922,0 -5.060673879022912,-8.039874370298033,0 9.038801218138836,25.623233061793197,0.5
492 10 16 1 1 1 1 -2.5736373781569757,10.179704840797363,0 5.269828917178569,-20.844157531156508,0 -1.7726868862089606,-17.46732896591413,0.5 -9.616153181544506,13.556533406039742,0.5
828 21 7 1 1 0 1 -21.428964339244732,1.7462781414704969,0 10.46530816567766,-0.8528335109507078,0 -24.906385821410183,-3.990231235787964,0.5
1608 28 28 1 0 1 1 26.868211371571036,-9.505220549391836,0 -24.867112308541174,15.161686101301528,0.5 5.300703968310514,4.489157765142274,0.5
696 2 1 1 1 0 1 -2.105854379764674,1.3473593920056894,0 24.84908168122315,-15.898840825667136,0 -28.92508597394267,11.383734071034194,0.5
431 18 14 1 1 1 1 -0.41022141610218155,18.495451289162183,0 0.2993507631015919,-13.496680670469702,0 -5.6769998487292685,-14.629479577808906,0.5 -6.386572027933043,17.362652381822983,0.5
1157 23 14 1 0 1 1 -9.927155714624144,-21.300271815580317,0 11.56363356406519,10.608127959071052,0.5 -1.9541954941464095,-18.39649749193193,0.5
521 28 13 1 0 1 1 -9.901386049513404,26.72475545816091,0 -0.9361340730012104,-14.743597016921147,0.5 -12.053479812805733,15.263145953645486,0.5
354 21 29 1 1 1 0 5.577401104866398,20.763973533874363,0 -2.723847051213822,-10.140545214217713,0 -13.447310409153719,-26.93361919163234,0.5
1277 1 18 0 1 1 1 -0.22545341959189452,30.49916672231545,0 5.863085641686644,18.54384606165204,0.5 6.099626934373222,-13.45527967979368,0.5
211 14 11 1 1 1 1 10.309733235645625,10.196048284008073,0 -12.442781491296445,-12.305575515182158,0 -12.395739442342975,-3.8204245415323506,0.5 10.356775284599095,18.68119925765788,0.5
103 23 6 1 0 1 1 21.817624502338106,8.731624194557158,0 -8.264012954576197,3.1553272233790257,0.5 21.445092750735267,15.045198467031327,0.5
716 5 26 1 1 1 0 -4.839141016809851,2.613946101094764,0 23.3158612628111,-12.594467578002044,0 20.46428369798045,-17.87353050543097,0.5
94 20 19 1 1 1 1 19.275190118308878,6.979759731040012,0 -10.81291152978303,-3.9154749710712267,0 -20.377793448451865,-0.9977645875818038,0.5 9.710308199640043,9.897470114529435,0.5
400 18 29 1 1 1 1 1.7069646500710873,18.42108226145814,0 -1.2456228527545772,-13.442411379982966,0 -8.696321661937617,-28.820548043923704,0.5 -5.743734159111952,3.0429455975173982,0.5
731 11 11 1 1 1 1 -10.405511103359222,4.896461852998338,0 18.548954575553395,-8.728475477083993,0 7.850835353968785,-10.325424167794456,0.5 -21.103630324943833,3.2995131622878766,0.5
815 0 4 0 1 1 1 31.236807908588396,-4.063475320701409,0 3.6884058306171217,-6.530364647450372,0.5 -28.044224425726647,-2.402389718483861,0.5
1048 21 20 1 1 1 1 -15.995325507790886,-14.366612749699014,0 7.811670596828107,7.0162527382251,0 19.26064415850731,9.234586433585324,0.5 -4.546351946111679,-12.14827905433879,0.5
238 29 17 1 0 1 1 18.804007697586343,22.730140661885784,0 -15.777999277256805,-9.659437810084174,0.5 4.619568394701263,14.996985958741082,0.5
636 28 31 1 0 1 0 -20.040508696153804,20.263958428682777,0 17.883939416026255,-26.616061146681762,0.5
473 28 31 1 0 1 0 -5.029635644975395,28.052678397593215,0 -0.3467560550468187,-32.06446257522943,0.5
235 17 4 1 1 0 1 11.303741093518777,13.359469947969302,0 -9.365956906058415,-11.069275099745994,0 13.182632021940032,24.86902115030106,0.5
973 9 0 1 1 0 1 -8.535120104302747,-4.171537462989761,0 20.214758141769664,9.879957149186275,0 -25.666006158694522,-19.222542179999362,0.5
729 1 14 0 1 1 1 27.500477730747647,-13.18990995347022,0 10.479261225410477,-11.680542974091937,0.5 -18.373699016685414,2.1580510754505884,0.5
144 15 19 1 1 1 1 13.356059577283677,7.865473448435827,0 -14.217740840334237,-8.372923348334913,0 -19.84748402888043,-4.725185469728811,0.5 7.726316388737484,11.51321132704193,0.5
1365 4 0 1 1 0 1 1.4694242077803739,-4.253327226723688,0 -8.979814603102284,25.99255527442254,0 15.957072423427533,-27.814058310025317,0.5
614 9 26 1 1 1 0 -6.109470364752377,7.274913873181761,0 14.46979823230826,-17.230059173325223,0 12.44752436072078,-24.151793666087467,0.5
1164 12 30 1 1 1 0 -4.985540226304978,-11.462739142626203,0 7.777442753035765,17.881873062496876,0 17.666832940644724,25.57602419938155,0.5
413 23 4 1 1 0 1 1.041927889865841,23.47689047281006,0 -0.37686753463232553,-8.491641234846192,0 -4.7748223772574345,27.738981078360496,0.5
753 20 2 1 1 0 1 -19.196615444827778,7.193049107534281,0 10.768833054415582,-4.035125109104597,0 -29.72968050085976,4.732451512355837,0.5
746 24 30 1 1 1 0 -22.71223348851537,9.18718944852891,0 6.9527245373006235,-2.8124049332231356,0 26.02448917177736,-16.999293024947917,0.5
951 19 0 1 1 0 1 -18.157048989803005,-7.111369205848736,0 11.639133967822438,4.55857000374919,0 -27.142503997112936,-17.07438071400273,0.5
1695 12 2 1 1 0 1 12.49786563072566,-0.23098631198912623,0 -19.496670383932027,0.36033864670303695,0 29.605836318267333,5.453847806453979,0.5
151 4 14 0 1 1 1 -23.32730521850216,-14.563201270422715,0 -15.47727757421155,-2.5891849858224143,0.5 11.667223043681874,14.357085583396744,0.5
315 10 1 1 1 0 1 4.152237672140697,9.644113350332193,0 -8.502200947716666,-19.747470193537346,0 6.550339895076011,30.38656030647391,0.5
980 1 2 0 1 0 1 27.0465974205619,14.097218447979536,0 -23.38660043339996,-18.955656679959596,0.5
1415 10 25 1 1 1 0 5.193886355697678,-9.125433936208047,0 -10.635100633095247,18.685412345568857,0 -7.399190328861192,25.129703191189645,0.5
1601 22 31 1 1 1 0 21.01052257871463,-8.0503379413117,0 -8.871109533235067,3.3990315752204956,0 -27.267974825850697,16.87327913882695,0.5
875 17 2 1 1 1 1 -17.425348085163105,-1.6146962906077782,0 14.438145556278002,1.3378912122178734,0 3.042945597517396,-5.743734159111953,0.5 -28.820548043923708,-8.696321661937604,0.5
505 8 11 1 1 1 1 -2.476812848559259,8.131137565753747,0 6.847659051899129,-22.48020385826036,0 -2.3886444277754113,-12.749289305591017,0.5 -11.713116328233799,17.862052118423087,0.5
795 6 24 0 1 1 0 24.97494907383483,-5.148001433503762,0 22.784244851291405,-10.822577629954946,0.5
1395 24 29 1 1 1 1 10.513454914928907,-22.129556383980162,0 -3.2184045657945632,6.774353995095968,0 -7.239574762715176,29.22051603334646,0.5 6.492284718008295,0.3166056542703277,0.5
125 30 30 1 0 1 0 27.3024803863294,13.595019851184416,0 -29.97691052098863,-8.224040103054042,0.5
185 8 6 1 1 0 1 6.589233796944603,5.369543553152633,0 -18.21729343861155,-14.845208646951397,0 15.977435353314306,20.759854516124676,0.5
1076 26 30 1 1 1 0 -17.78043146274947,-19.649586687726252,0 3.6902782281178146,4.078216104999789,0 24.913233197744013,18.58980396977939,0.5
764 4 0 0 1 0 1 26.12246721917187,-8.594574240955225,0 -31.79727864907801,4.145246737274849,0.5
126 8 23 1 1 1 1 7.5948327549750205,3.816872466294694,0 -20.997478793166234,-10.552529759755918,0 -23.691741710550723,-5.191471344479433,0.5 4.900569837590531,9.177930881571179,0.5
1539 17 3 1 1 0 1 14.492063058559257,-9.809694608230274,0 -12.00770939137767,8.128032675390799,0 26.964683703904026,-11.007081027611843,0.5
124 23 31 1 1 1 0 21.07490853707351,10.397029871746357,0 -7.622839258090419,-3.76062782595081,0 -30.903906304182712,-8.555616584577411,0.5
755 11 16 1 1 1 1 -10.798366147073148,3.9554125642901785,0 19.249261392608656,-7.050952831995535,0 13.42961443834486,-11.30908732115016,0.5 -16.618013101336945,-0.3027219248644464,0.5
891 24 13 1 1 1 1 -24.21924048956762,-3.698430762970751,0 7.414053211092129,1.1321726825420666,0 14.251033925999485,-3.893331740297983,0.5 -17.382259774660266,-8.7239351858108,0.5
174 22 27 1 1 1 0 18.00537984055915,13.492823900028718,0 -7.602271488236085,-5.696970091123236,0 -25.604661734024397,-11.689794586997106,0.5
1027 11 1 1 1 0 1 -9.12571920850763,-6.9979460506262035,0 16.267586415165777,12.474599481551058,0 -20.55189213528048,-23.321014764795216,0.5
453 11 3 1 1 0 1 -1.1879860656117152,11.438474072528747,0 2.1177142908730575,-20.39032334668168,0 -8.912038896096206,27.727703884643393,0.5
139 2 4 0 1 0 1 -25.691881870319662,-14.497489643436202,0 21.00141740926012,18.740076488691983,0.5
761 7 3 0 1 0 1 23.186414220768324,-7.914555930875239,0 -28.910209831720355,3.528422804299362,0.5
277 10 17 1 1 1 1 5.461396996749748,8.96789511780177,0 -11.182860517154246,-18.362832860260767,0 -14.226839823802973,-11.825693579145952,0.5 2.417417690101022,15.505034398916585,0.5
247 13 1 1 1 0 1 8.254518365749638,10.682365213261617,0 -11.311747390101354,-14.638796773728883,0 13.90137917598476,27.80290734807238,0.5
1389 22 20 1 1 1 1 9.202193478879689,-20.532160996282496,0 -3.885370579971424,8.66913464287483,0 -2.9089777928594955,21.160998279869744,0.5 10.178586265991617,-8.04029735928758,0.5
1297 17 30 1 1 1 0 1.4213891849178333,-17.44218027612943,0 -1.1777224675033475,14.452092228792958,0 3.5028978009590106,30.886561916083128,0.5
1383 30 17 1 0 1 1 11.853856257098471,-28.102243537412583,0 -1.2730827303195982,18.45614424417413,0.5 11.163750064013225,-11.028176844258741,0.5
23 11 3 1 1 0 1 11.458473639919497,0.9764127422714413,0 -20.425974749421712,-1.7405618449186562,0 27.88765411165887,8.398139564717658,0.5
710 23 20 1 1 1 1 -20.423590238179916,11.624412319894802,0 7.387256043596991,-4.20457466889812,0 14.848388338864659,-15.354978467528635,0.5 -12.96245794291225,0.4740085212642855,0.5
458 23 8 1 1 1 1 -2.85914015484993,23.325422130690896,0 1.0341570772861448,-8.436854813228623,0 -4.921269849698765,-9.166848044254136,0.5 -8.81456708183484,22.595428899665382,0.5
1486 13 23 1 1 1 1 9.492872540283376,-9.598717150428689,0 -13.008751258906848,13.153797576513389,0 -12.25853346622868,20.927932464946252,0.5 10.243090332961543,-1.8245822619958227,0.5
805 19 6 1 1 0 1 -19.23091457339135,3.228300585590536,0 12.327509341917532,-2.069423452301626,0 -26.141442314616548,-1.6955806414250993,0.5
708 11 30 1 1 1 1 -9.952200603688496,5.762265452401716,0 17.740879337009925,-10.271864502107407,0 23.38856745200772,-20.47498260177246,0.5 -4.3045124886906985,-4.4408526472633385,0.5
196 24 19 1 0 1 1 18.34774835623131,16.236074964609248,0 -18.579491540170046,-8.429264149897653,0.5 5.384914476132076,12.77703784469402,0.5
1528 30 5 1 1 1 1 24.54182599751305,-18.109356054476166,0 -1.206975049058019,0.8906240682529262,0 -0.8630789068676985,8.093521779826139,0.5 24.885722139703372,-10.906458342902953,0.5
1078 8 10 0 1 1 1 15.638316747321285,17.54118152549738,0 11.465932553185436,3.8447874695231823,0.5 -9.828796634656312,-20.04107673540942,0.5
155 7 29 0 1 1 0 -20.58842975512837,-13.280307233575007,0 -28.04247025215253,-10.948509586109896,0.5
462 15 1 1 1 0 1 -2.113050611285236,15.35529280457221,0 2.2493764571746064,-16.345956856480093,0 -10.101922611073094,29.397298507854256,0.5
905 3 29 1 1 1 0 -3.4279341866047806,-0.706588432049535,0 27.91317837663893,5.753648660974785,0 30.103882599182352,0.07907246452360006,0.5
1327 24 3 1 0 0 1 4.6797585157448784,-24.048905593276242,0 11.333328622791285,-26.829194216894027,0.5
121 5 3 0 1 0 1 -23.89385770048566,-11.460085697277401,0 23.10243133132743,17.73492787076679,0.5
279 13 23 1 1 1 1 6.936374399428401,11.58174037832632,0 -9.505401954772253,-15.871273851780511,0 -17.221869678261136,-17.07797425882208,0.5 -0.7800933240604815,10.37503997128475,0.5
1481 29 25 1 1 1 0 20.352547904699552,-21.35471361987582,0 -1.7247921953135215,1.8097214932098151,0 -13.249548808494364,22.598660499492567,0.5
1162 5 17 0 1 1 1 10.74868750678752,24.22221535866259,0 12.582465038519139,13.5621374994668,0.5 -0.3970821394884334,-15.687330103446516,0.5
341 5 7 1 1 1 1 1.6802488729145708,5.237056780775755,0 -8.095744569497477,-25.233091761919546,0 -8.004401314820694,-5.308442294241952,0.5 1.7715921275913553,25.16170624845335,0.5
623 10 8 1 1 1 1 -7.016252738225101,7.8116705968281055,0 14.366612749699017,-15.995325507790882,0 1.2160118756137832,-10.33302061927519,0.5 -20.166853612310334,13.473975485343798,0.5
324 5 30 0 1 1 0 -9.664168407948281,-24.67496401178357,0 -16.709695113702793,-26.21137327968714,0.5
1192 3 1 0 1 0 1 8.606385042554894,27.1694706702079,0 -3.490453325497434,-30.887970726198958,0.5
177 18 30 1 1 1 1 14.68050481368619,11.257565385789977,0 -10.71280080998722,-8.21498014638728,0 -27.854096709846957,-13.798525155917684,0.5 -2.4607910861735447,5.674020376259573,0.5
767 0 31 0 1 1 1 30.029414951282416,-9.51232031019225,0 28.2175444160077,-15.232208872341282,0.5 -2.2885279154538,-5.56889935087614,0.5
1324 15 18 1 1 1 1 2.7917857699909714,-15.246505573884,0 -2.9719009809581305,16.230151094779742,0 2.5697417224820027,19.278133402374184,0.5 8.333428473431105,-12.19852326628956,0.5
1271 12 3 1 1 1 1 -0.18479283612600814,-12.498633989669292,0 0.2882768243565727,19.497869023884096,0 6.051086309156542,3.4109169557669174,0.5 5.578016648673961,-28.585586057786468,0.5
1285 29 4 1 0 0 1 1.0900692319797658,-29.479853274219177,0 7.012068594059614,-27.25951015759826,0.5
46 22 14 1 1 1 1 22.17559786051303,3.806948847674456,0 -9.363030207772168,-1.607378402351437,0 -15.306127202821587,3.4601257276354924,0.5 16.232500865463614,8.874452977661386,0.5
1681 1 16 0 1 1 1 -30.42482724631507,2.1400670624736002,0 -16.03833597342154,7.142953115039502,0.5 15.882794252220496,4.897636852772118,0.5
493 28 3 1 0 0 1 -7.087661784198357,27.604620092165987,0 -12.899160750970143,26.11248076917686,0.5
949 9 21 1 1 1 1 -8.87110953323507,-3.399031575220488,0 21.01052257871464,8.050337941311682,0 22.22347835956599,2.0897391229294815,0.5 -7.658153752383717,-9.35963039360269,0.5
599 22 22 1 1 1 1 -13.492823900028716,18.00537984055915,0 5.6969700911232355,-7.602271488236085,0 8.69138927587961,-21.60346621390014,0.5 -10.498404715272342,4.004185114895094,0.5
1340 19 4 1 1 0 1 4.639736303331067,-18.93998012236422,0 -2.974189938032735,12.141012898951423,0 12.370904055168701,-25.28261720743742,0.5
265 15 22 1 1 1 1 8.641086309814726,12.867852477641033,0 -9.19857574915761,-13.698036508456585,0 -17.52461657010823,-15.334204057292578,0.5 0.31504548886410877,11.231684928805045,0.5
256 3 31 0 1 1 0 -16.666547051355217,-23.118741518191744,0 -23.288023902696132,-22.04354650929504,0.5
503 2 27 0 1 1 0 8.38716408696207,-28.282600279648506,0 2.0661495157140974,-28.070999736003603,0.5
118 20 2 1 1 0 1 18.581088179548786,8.659859240416806,0 -10.423537271454197,-4.857969817794793,0 24.2040461392287,17.90011593510188,0.5
680 31 2 1 0 0 1 -25.48403532281084,18.51523544721291,0 -27.392712847815787,12.48556297637828,0.5
748 19 5 1 1 0 1 -18.1306414748209,7.178428777351224,0 11.622206073603142,-4.601556908558477,0 -26.84782419214673,4.176641730814462,0.5
1160 1 29 1 1 1 0 -0.6185344762108551,-1.3665339738691327,0 12.576867682954054,27.7861908020057,0 17.630647260956682,24.40103024791619,0.5
362 26 9 1 1 1 1 6.11485028347716,25.784852258848787,0 -1.269119870155637,-5.351573110327107,0 -8.030195896080215,-7.859131877667943,0.5 -0.6462257424474194,23.277293491507947,0.5
479 17 14 1 1 1 1 -3.4695700982511646,17.15261156014796,0 2.8747866528366792,-14.212163864122594,0 -3.0061087392140493,-15.401730754951565,0.5 -9.350465490301893,15.96304466931899,0.5
59 24 28 1 1 1 0 23.919796464880736,5.3003148093937815,0 -7.322386672922675,-1.6225453498144229,0 -29.1231056369577,-0.30776299095666637,0.5
624 20 21 1 1 1 1 -13.75467339571185,15.200623664090124,0 7.716036295155428,-8.527179128635922,0 9.976670049915318,-19.967875568400427,0.5 -11.494039640951959,3.7599272243256197,0.5
1427 6 3 0 1 0 1 -13.583914096324651,21.580715415010513,0 20.25983702883591,-20.923408029405948,0.5
844 18 12 1 1 1 1 -18.495451289162183,0.4102214161021808,0 13.496680670469702,-0.2993507631015914,0 12.363881763130498,-6.275701374932452,0.5 -19.628250196501387,-5.56612919572868,0.5
711 3 16 0 1 1 1 24.820970620478317,-14.006049316540059,0 11.42139366100533,-13.334232892834416,0.5 -16.447766333917695,2.3918575678421403,0.5
1328 14 13 1 1 1 1 2.82223910234349,-14.222691955083729,0 -3.4061506407593845,17.16531787682519,0 3.2576499206113967,14.409639724668363,0.5 9.486039663714271,-16.978370107240554,0.5
1664 21 11 1 1 1 1 21.30996458539442,-2.8522639024528527,0 -10.407192006820532,1.3929660918955793,0 -10.602372526386917,7.472596390259271,0.5 21.114784065828033,3.227366395910839,0.5
1696 20 29 1 1 1 0 20.49775974305764,-0.3030602512466546,0 -11.498743270495748,0.17000940923592817,0 -29.408075654279045,6.43545540829864,0.5
801 15 1 1 1 0 1 -15.246505573884,2.7917857699909754,0 16.230151094779742,-2.9719009809581354,0 -31.08187965312309,-0.4083591908760811,0.5
993 26 2 1 1 0 1 -22.88409895061215,-13.362934379042349,0 4.749529970881767,2.7734392107446384,0 -22.44918161391714,-20.05702482586499,0.5
1504 19 10 1 1 1 1 14.6033099161841,-12.922590277954304,0 -9.361096100118013,8.283711716637375,0 -3.887139100113191,11.451643970032041,0.5 20.077266916188922,-9.754658024559639,0.5
223 20 30 1 1 1 0 13.922368550327551,15.047180930288913,0 -7.810109186769115,-8.441101497479146,0 -25.11782079837677,-18.312429613260807,0.5
430 29 2 1 1 0 1 -0.5451276962943288,29.494962888512553,0 0.04619726239782448,-2.499573126145132,0 -6.544103199042645,29.384089458757774,0.5
61 28 24 1 0 1 1 27.77873303185735,6.371184438140006,0 -25.221265470503337,0.37117120900750766,0.5 5.968890916143512,7.524781806217338,0.5
1080 11 5 1 1 0 1 -7.5891321511053125,-8.64031672990404,0 13.528452965013818,15.402303735915897,0 -12.980008836944918,-23.869842282529472,0.5
1221 7 19 0 1 1 1 4.857398137551642,24.01365618420714,0 9.746987787244892,17.923343133335894,0.5 3.4026310361570338,-13.441432290934658,0.5
725 14 31 1 1 1 0 -12.979867724648402,6.463206158759807,0 15.66535759871359,-7.800421226089421,0 25.523213543025232,-19.411737955091333,0.5
1245 30 11 1 0 1 1 -3.374906797690799,-30.312703675305844,0 7.235660663123911,10.765463982946638,0.5 3.6947748425958595,-21.038028397702117,0.5
1175 7 26 1 1 1 0 -2.7093124964036472,-6.993541720532669,0 8.850420821585248,22.845569620406717,0 15.16773753038569,22.54306408209251,0.5
1292 6 6 0 1 0 1 -1.6011582479974773,25.449681574920923,0 7.589318618567106,-25.072938457745046,0.5
1110 1 9 0 1 1 1 17.468421772455414,25.00208472867024,0 10.359426728208128,4.351123747135567,0.5 -7.968097754368046,-21.880571705895505,0.5
670 11 30 1 1 1 0 -9.047566787385056,7.098699544832619,0 16.128271229686405,-12.654203536440756,0 20.29205128228248,-23.547455377539585,0.5
432 20 9 1 1 1 1 -0.5303155933678823,20.493139470843186,0 0.2974941133527144,-11.496151410473006,0 -5.752236033564109,-9.652035050400857,0.5 -6.580045740284705,22.337255830915332,0.5
685 30 1 1 0 0 1 -25.00208472867024,17.46842177245541,0 -28.43849556915327,12.549978875012085,0.5
762 9 1 1 1 0 1 -9.001931641430987,3.0356591908518977,0 21.320364413915495,-7.189719136228178,0 -30.81819686407963,4.060633207620731,0.5
854 12 13 1 1 1 1 -12.498633989669292,-0.18479283612600428,0 19.497869023884096,0.2882768243565667,0 13.587225270183318,-5.799768052025175,0.5 -18.40927774337007,-6.272837712507746,0.5
1521 7 26 1 1 1 0 5.9176576065732895,-4.607746569784983,0 -19.331014848139414,15.051972127964278,0 -17.22285962073097,21.01483063183224,0.5
1402 6 1 0 1 0 1 -11.53475030617893,22.742021356381343,0 19.14752990104884,-24.487182334610093,0.5
464 8 13 1 1 1 1 -1.2209827230929398,8.411848856815519,0 3.375658116786363,-23.256288015901728,0 -3.9985678093104036,-14.22186540065496,0.5 -8.595208649189706,17.44627147206229,0.5
233 27 19 1 0 1 1 17.917718249129013,20.86157646835035,0 -17.25690780611338,-10.883433877747553,0.5 3.59280070196402,13.391855103605582,0.5
726 21 10 1 1 1 1 -19.281299299875762,9.512176265640289,0 9.416448495288163,-4.645481432056885,0 6.761887676969943,-10.02630914365012,0.5 -21.935860118193983,4.131348554047053,0.5
1319 17 30 1 1 1 0 2.83338587495745,-17.26910317542841,0 -2.3476625821076014,14.308685488212111,0 0.9826485637924716,31.06902640573207,0.5
107 31 26 1 0 1 0 29.068678433245193,12.135152827409543,0 -26.766060172871583,-4.67204696275815,0.5
1507 13 24 1 1 1 0 10.20855783236239,-8.833761768539635,0 -13.989505177681794,12.105525386517275,0 -14.600525650491907,20.56877854247373,0.5
1344 12 1 1 1 0 1 3.15335069266144,-12.095717399521684,0 -4.919227080551846,18.869319143253826,0 13.50012004186432,-27.999942122355417,0.5
511 20 15 1 0 1 1 -6.406864434166622,19.47311192701903,0 -0.8552328210990989,-16.598752267014376,0.5 -10.856191937846997,13.79830049711289,0.5
1435 29 28 1 0 1 0 16.44593846061512,-24.490428909058746,0 -10.90734483637893,27.005181514300507,0.5
512 31 29 1 0 1 0 -9.9552184564514,29.885508620137777,0 3.630663261729829,-29.8842480962785,0.5
1617 6 19 1 1 1 1 6.196545942328118,-1.9628597465476079,0 -24.309526389133385,7.700449774917539,0 -16.77776729170964,11.608467801791857,0.5 13.728305039751866,1.9451582803267096,0.5
57 29 12 1 1 1 1 28.847776000168285,6.168939928716668,0 -2.4447267796752783,-0.5227915193827685,0 -13.478333544895037,3.253386674306826,0.5 17.814169234948526,9.945118122406264,0.5
1097 3 26 1 1 1 0 -2.140060317046203,-2.7695020923270857,0 17.426205438804796,22.551659894663413,0 20.951031701624828,17.30041244125444,0.5
1614 29 4 1 0 0 1 28.022283016929826,-9.219634185751959,0 27.997647053562105,-2.895126847681353,0.5
717 15 7 1 1 1 1 -13.664712819163322,7.31612080065615,0 14.546307194593213,-7.78812859424687,0 3.779911054179872,-8.829624704509746,0.5 -24.43110895957666,6.274624690393274,0.5
266 3 25 0 1 1 0 -15.800892639008403,-23.718806711353125,0 -19.131073774134492,-17.895586501945765,0.5
157 20 24 1 1 1 0 17.144443158183545,11.239131140609285,0 -9.61761445459077,-6.304878444732037,0 -23.779202157031833,-8.414246536381764,0.5
21 18 31 1 1 1 0 18.444303977472657,1.4344513887149628,0 -13.459356956534101,-1.0467618241974053,0 -31.870393709333975,3.5394921686656553,0.5
514 29 1 1 0 0 1 -9.529771426972221,27.91833549031288,0 -15.531120049645086,26.926461148905407,0.5
1648 27 1 1 0 0 1 26.99366954347333,-5.252790170734059,0 31.08449680364876,0.0637060746709528,0.5
343 3 30 1 1 1 0 1.0445852371125781,3.3404852465482406,0 -8.505908359345279,-27.201094150464243,0 -14.829360346063737,-27.319225313441674,0.5
763 14 24 1 1 1 1 -13.756821428317389,4.582560876779218,0 16.603060344520987,-5.530676920250781,0 21.348052395386254,-13.435425520758288,0.5 -9.011829377452118,-3.322187723728289,0.5
407 2 25 0 1 1 1 -1.9611240225033308,-29.434741251934938,0 -7.681935935099816,-25.04471721319732,0.5 -5.554614961536881,6.884493636359223,0.5
179 16 20 1 1 1 1 13.018846734461246,10.137042453526954,0 -12.229825720251473,-9.522676244222291,0 -19.861128047128318,-7.860381205486976,0.5 5.387544407584399,11.79933749226227,0.5
743 15 25 1 1 1 1 -14.303635419533348,5.971265676979302,0 15.226450607890337,-6.356508623881192,0 21.22032962169191,-15.360586276140147,0.5 -8.309756405731779,-3.0328119752796527,0.5
1469 10 1 1 1 0 1 6.900002735169638,-7.914541190407155,0 -14.128577029156878,16.20596529464322,0 24.565460053820658,-19.046999037752418,0.5
694 26 30 1 1 1 0 -22.215875167657348,14.446622115050474,0 4.610842015928884,-2.9983555333123624,0 22.2982815065376,-21.65725379301825,0.5
918 18 18 1 1 1 1 -17.918788480879677,-4.6007629125498175,0 13.07587267523652,3.3573134767255426,0 19.410927803868805,-1.210736054221969,0.5 -11.583733352247389,-9.168812443497329,0.5
1433 1 6 0 1 1 1 -16.815795527810877,25.445609066533574,0 1.4219994579813355,8.730860068830607,0.5 19.064801323225534,-17.966172394417733,0.5
1405 30 9 1 0 1 1 14.097218447979534,-27.0465974205619,0 0.9297052218874029,11.197573317482467,0.5 15.720229495177406,-17.179184631959522,0.5
658 1 16 0 1 1 1 23.137384810352202,-19.872378421761272,0 8.607625535745695,-15.302247633481123,0.5 -15.667663445607436,5.54746087459628,0.5
928 28 9 1 0 1 1 -27.323868066779063,-8.10285343994641,0 10.813819904353668,-3.0514421305678416,0.5 -19.865610907468437,-12.149382835069073,0.5
1067 12 27 1 1 1 0 -8.69061190579814,-8.984612662925409,0 13.5573545730451,14.015995754163638,0 23.431960270960104,15.594654143652793,0.5
378 5 25 1 1 1 1 0.9506159610452897,5.417225239419711,0 -4.58024053958185,-26.101176153567696,0 -10.31710153512239,-24.079190516169252,0.5 -4.78624503449525,7.439210876818155,0.5
141 6 2 0 1 0 1 -22.11499665341619,-12.69554736982186,0 22.596828119876328,19.89053440510753,0.5
97 0 8 0 1 1 1 -29.49723836644268,-11.052733994503889,0 -10.064854923231305,2.636037817313429,0.5 19.900593576012053,13.8642120339523,0.5
639 30 8 1 0 0 1 -21.68599059911665,21.4468601836032,0 -20.927932464946245,12.258533466228698,0.5
1583 29 8 1 0 1 1 26.784514868730028,-12.362837993227126,0 -5.203096556774321,9.00987159846816,0.5 23.851292453373503,-4.400664529778213,0.5
56 4 4 0 1 0 1 -26.91306541349854,-5.651275081673927,0 25.68005994113332,11.523216626437245,0.5
1358 27 6 1 0 1 1 8.3044066200091,-26.216155909849732,0 3.757028815601427,8.00841647760283,0.5 13.42033833706656,-22.497655853858674,0.5
889 1 27 0 1 1 0 30.183692956808628,4.381173300509959,0 28.076675282468756,-1.9875374418632101,0.5
1573 31 22 1 0 1 1 28.093085204941655,-14.248809201750454,0 -17.352430536529667,15.528784706953498,0.5 11.186576655792013,1.0538039305720828,0.5
393 8 31 1 1 1 0 1.0029675423419702,8.440619415007912,0 -2.7729102641219177,-23.335830147374814,0 -9.67496400868465,-30.571965449258517,0.5
1145 7 31 0 1 1 0 11.323995146737666,21.72595530504152,0 19.88006444704023,25.160147805240076,0.5
888 27 9 1 1 1 1 -27.229219256378784,-3.8496257854563987,0 4.455690423771074,0.6299387648928653,0 10.246375914484977,-4.611049839143161,0.5 -21.438533765664882,-9.090614389492425,0.5
293 21 11 1 1 1 1 10.078043556373373,18.99165706503361,0 -4.9218352252056015,-9.274995310830368,0 -10.69057875760444,-7.34585092603006,0.5 4.309300023974535,20.92080144983392,0.5
582 4 31 1 1 1 0 -2.467126347938623,3.7634143517963885,0 15.076883237402697,-22.99864326097793,0 12.251998633175177,-29.633402259826216,0.5
326 1 31 0 1 1 0 -10.91268032044473,-28.480930606702064,0 -16.87327913882693,-27.267974825850708,0.5
1144 12 1 1 1 0 1 -5.8184778378368724,-11.063241642963474,0 9.07682542702552,17.258656963023018,0 -8.886729935699503,-29.787178970992578,0.5
542 25 31 1 1 1 0 -10.686520977196311,23.15271624246156,0 2.72401515105004,-5.9016727676862795,0 7.753298561839783,-31.114889705910468,0.5
0 18 10 1 1 1 1 18.5,0,0 -13.5,-0,0 -10.5,6,0.5 21.5,6,0.5
990 14 27 1 1 1 0 -12.60178972143016,-7.172509729296795,0 15.209056560346744,8.656477259496132,0 26.8678810838007,8.388502015660752,0.5
386 25 4 1 0 0 1 3.662948169278822,25.235546570446555,0 -1.9875374418632048,28.076675282468752,0.5
456 20 28 1 1 1 0 -2.343666856909874,20.365589254029018,0 1.3147399441201733,-11.424598849821155,0 -2.7023917123045216,-28.999087555184694,0.5
1437 24 13 1 1 1 1 13.808466033922155,-20.237990655942557,0 -4.227081438955762,6.195303262023232,0 -2.652503980501785,14.533211022806427,0.5 15.383043492376132,-11.900082895159361,0.5
1594 10 15 1 1 1 1 9.704443735711155,-4.009210867541955,0 -19.87100383978951,8.209336538300194,0 -12.034629780787732,11.463755320111165,0.5 17.540817794712932,-0.7547920857309842,0.5
535 23 7 1 0 0 1 -9.293103361457748,21.58444416502919,0 -15.19947648280383,20.13022390955186,0.5
1338 28 16 1 1 1 1 6.576348418079215,-27.730878844422275,0 -0.8076217355535878,3.4055465247536127,0 2.0307201462535645,17.43921373478747,0.5 9.414690299886367,-13.69721163438842,0.5
219 1 27 0 1 1 0 -21.042464782824972,-22.078602217159737,0 -23.3160457321523,-15.767435156555507,0.5
164 10 31 0 1 1 0 -17.669811619875738,-12.248581849263383,0 -29.306537540542607,-13.014486443374054,0.5
1650 7 31 0 1 1 0 -24.08284094225559,4.501863186505988,0 -29.861155533143478,11.685948409325395,0.5
1217 22 1 1 1 0 1 -4.786412553947292,-21.98500067917706,0 2.0209297449999677,9.282555842319203,0 -0.6255812809035577,-31.07826649060374,0.5
776 27 6 1 0 1 1 -26.477839505840127,7.42792131776932,0 4.637761050230724,-7.532673658201503,0.5 -26.172815829292333,1.1107256933846141,0.5
1093 6 17 1 1 1 1 -4.049999907924159,-5.084043739565416,0 15.888461177240929,19.94509467060279,0 15.596809357856195,9.949348614592282,0.5 -4.341651727308892,-15.079789795575923,0.5
419 4 29 1 1 1 0 0.0997835877005312,4.498893556823234,0 -0.6097885915032462,-27.493238402808654,0 -6.652661595134461,-29.359701866684937,0.5
1282 26 12 1 1 1 1 0.6855299133779907,-26.49113151108997,0 -0.14227979334260185,5.498159370226221,0 5.674628873559054,12.65103107052425,0.5 6.502438580279646,-19.338259810791943,0.5
291 14 13 1 1 1 1 6.891312448340741,12.757735407953245,0 -8.317101230756066,-15.39726687166771,0 -11.695112448297895,-9.026314021884438,0.5 3.5133012307989135,19.128688257736517,0.5
1011 9 11 0 1 1 1 18.632652503861912,12.61246449629605,0 12.886679589875035,1.477663408188139,0.5 -13.613092860061908,-16.460063875432912,0.5
414 26 15 1 0 1 1 1.0770847040322258,26.47810205698928,0 -6.625034915261704,-15.243323534307187,0.5 -5.324404329260526,16.730233666585526,0.5
899 9 3 1 1 0 1 -9.344632448509548,-1.7110945041880152,0 22.132024220154193,4.052592246761089,0 -26.95320607972569,-11.035156637938497,0.5
1622 1 11 1 1 1 1 1.438098319304161,-0.42646597052349583,0 -29.24133249251794,8.671474733977748,0 -9.319556565904584,9.021965717896778,0.5 21.359874245917517,-0.07597498660446611,0.5
373 10 11 1 1 1 1 2.0056107924620914,10.306673825689819,0 -4.10672686075571,-21.104141643079153,0 -8.08614924451933,-10.14219849911051,0.5 -1.9738115913015273,21.26861696965846,0.5
907 31 4 1 0 0 1 -30.803557423908508,-6.587173144222882,0 -25.637294929909416,-11.618050984431122,0.5
1597 30 10 1 0 1 1 28.316491375374984,-11.332533529106106,0 -7.518949451370514,9.471821321569312,0.5 22.190156253940945,-2.4180499220829965,0.5
1567 6 17 1 1 1 1 5.730363440294297,-3.0680506583396743,0 -22.48065657346224,12.036198736563337,0 -12.59585480847879,13.549702640416935,0.5 15.615165205277748,-1.5545467544860756,0.5
112 12 11 1 1 1 1 11.444234378553764,5.027872262570734,0 -17.853005630543873,-7.843480729610346,0 -12.942074314303415,0.8675900201407307,0.5 16.35516569479422,13.738943012321812,0.5
1631 30 29 1 0 1 1 29.513550454832906,-7.6941756900939255,0 -27.03228473039368,13.247851986451417,0.5 3.9327518123818304,5.175274213238119,0.5
1604 5 22 0 1 1 0 -24.84933402250049,9.206551940775634,0 -19.01398882496631,13.44314803028131,0.5
1299 30 4 1 0 0 1 2.701919138085534,-30.38008612514532,0 8.412566985187675,-26.860355856163377,0.5
1158 3 24 0 1 1 0 11.943758739219426,25.87656521216291,0 15.715139662591346,19.730291061848234,0.5
153 11 26 1 1 1 0 9.709771143273173,6.162008142258461,0 -17.30872247279131,-10.984449297069432,0 -25.58965079567738,-9.133442513931321,0.5
1576 4 28 0 1 1 0 -24.662127011468996,12.16673708395851,0 -22.90437081174965,17.98999159860478,0.5
1407 7 4 0 1 1 1 -11.484282192146402,21.64165572527086,0 3.1906393668149526,6.78747526190193,0.5 18.190518148393927,-21.47917711396205,0.5
724 19 29 1 1 1 0 -17.423439849648577,8.756354481499592,0 11.168871698492676,-5.613047744551021,0 23.664274291058227,-18.607851092416894,0.5
1111 29 21 1 1 1 1 -16.80619370015208,-24.244625245876012,0 1.4242537034027185,2.054629258125086,0 17.179692068763586,14.251602731709212,0.5 -1.0507553347912122,-12.047651772291886,0.5
1370 20 20 1 1 1 1 7.050952831995521,-19.249261392608663,0 -3.95541256429017,10.798366147073152,0 -1.4170226683051812,21.31295490441223,0.5 9.58934272798051,-8.734672635269584,0.5
958 15 6 1 1 0 1 -14.281468027209677,-6.024090884754956,0 15.202853061223205,6.412741909577856,0 -21.16341221840755,-15.438911337065125,0.5
1049 5 30 1 1 1 0 -4.07821610499979,-3.6902782281178133,0 19.64958668772626,17.780431462749466,0 26.64132010385463,16.01530715047174,0.5
304 25 29 1 1 1 0 11.027629633229198,22.992202692920166,0 -2.810964416313325,-5.860757549175728,0 -18.167383934814993,-24.00408633889293,0.5
501 14 26 1 1 1 0 -4.019632175138979,13.931710489978878,0 4.85128021137463,-16.814133349974508,0 1.5813786000903232,-27.124698002432698,0.5
156 14 4 1 1 0 1 12.15585622381251,7.904755496914415,0 -14.67086095977372,-9.540222151448432,0 19.783276770576382,20.02178713848424,0.5
69 19 10 1 1 1 1 18.869319143253826,4.9192270805518525,0 -12.095717399521682,-3.1533506926614443,0 -11.674010948075708,3.1571297699347944,0.5 19.291025594699803,11.229707543148091,0.5
972 7 3 0 1 0 1 22.051237222412965,10.676747489796178,0 -23.036725546938467,-17.820192930353834,0.5
657 10 19 1 1 1 1 -7.939989425170749,6.870703597753049,0 16.25807358487344,-14.068583557303862,0 10.819578305172506,-17.29701492449609,0.5 -13.378484704871681,3.6422722305608204,0.5
1478 4 28 0 1 1 0 -18.750824805467012,20.116077378919655,0 -15.043710642992432,24.93866015025499,0.5
410 29 10 1 0 1 1 1.6346385100211174,29.4546763170393,0 -6.57260211042229,-10.151398992162237,0.5 -4.799434913111247,21.79943633479565,0.5
1270 5 30 0 1 1 0 0.48969098141694595,26.495475137138396,0 6.562582104001782,30.383918709215827,0.5
1257 4 4 0 1 0 1 1.828166461655651,27.439165573837656,0 4.158560572636201,-27.838038256380706,0.5
1476 31 24 1 0 1 0 21.307305806144807,-23.200187914830085,0 -12.153265547986262,22.10312503968908,0.5
677 22 21 1 1 1 1 -18.055126107764366,13.426184165008518,0 7.623275467722733,-5.668833314114708,0 13.672360281194793,-17.64416516418975,0.5 -12.00604129429231,1.4508523149334769,0.5
882 13 28 1 1 1 0 -13.405689659130214,-1.5929484496019501,0 18.370759903252516,2.1829293568619317,0 29.008877480209097,-2.5951931215648667,0.5
1385 5 1 0 1 0 1 -10.479456982069367,24.339905122266963,0 17.572183724027074,-25.6411458240274,0.5
1647 18 28 1 1 1 0 18.14619318407234,-3.600787820231357,0 -13.241816647836574,2.6276019228715306,0 -26.78712317971209,11.432411458433931,0.5
645 1 30 0 1 1 0 22.15622400749483,-20.960718922062515,0 18.032803891679254,-25.319320366159857,0.5
1606 17 6 1 1 0 1 16.454430588800257,-5.9583314777170955,0 -13.633671059291641,4.936903224394165,0 26.019312507469095,-3.0406210942276797,0.5
1235 1 3 0 1 0 1 4.492701790666464,30.16729405531995,0 1.7364512556696878,-29.072921026905487,0.5
1685 4 5 0 1 0 1 -27.457749109104434,1.523815560189176,0 26.791754354632822,4.522377538531398,0.5
1392 19 3 1 1 0 1 8.172045453150126,-17.705018303058836,0 -5.238490675096235,11.349370707088998,0 17.391456678622134,-23.36208968811672,0.5
989 7 23 1 1 1 1 -6.531834373810084,-3.6858024517210666,0 21.337325621112942,12.040288008955484,0 23.41505633264845,6.323380183011273,0.5 -4.454103662274576,-9.402710277665276,0.5
566 1 0 0 1 0 1 15.184870383512425,-26.451270507027207,0 -20.886263610583757,24.331337661320735,0.5
652 21 5 1 1 0 1 -15.99532550779088,14.36661274969902,0 7.811670596828105,-7.016252738225102,0 -23.72445592812337,13.243873712571103,0.5
364 5 31 0 1 1 0 -5.924083775814392,-25.829348257691922,0 -12.889989754124713,-29.361508206128647,0.5
700 27 15 1 0 1 1 -23.380971232564384,14.47688447912729,0 10.01977262654488,-13.261001338976703,0.5 -17.187175716802766,3.584827873098691,0.5
697 0 13 0 1 1 1 26.596329653313468,-16.878544041838406,0 8.183466224403219,-12.299629285228548,0.5 -18.835027391661257,4.846828154099355,0.5
529 5 30 0 1 1 0 9.937164097388408,-24.56629336512887,0 5.874933765266914,-30.52433706493438,0.5
1290 24 13 1 0 1 1 1.3575811354412555,-24.462358297202133,0 5.242726712439014,13.811727503056176,0.5 7.015893909750042,-18.13910782390171,0.5
105 19 2 1 1 0 1 18.04993436574035,7.37901547582505,0 -11.570470747269454,-4.730138125528879,0 25.03584466330205,16.71695193493749,0.5
310 15 23 1 1 1 1 6.391522920845507,14.120851063314367,0 -6.803879238319411,-15.031873712560456,0 -15.156509356113267,-18.93489435243965,0.5 -1.9611071969483485,10.217830423435172,0.5
778 18 19 1 1 1 1 -17.848815258709106,4.865161236842308,0 13.024811134733671,-3.5502527944524953,0 17.235725952636418,-10.916947874090791,0.5 -13.63790044080636,-2.501533842795988,0.5
383 23 26 1 1 1 0 3.6333104466186397,23.21742998694067,0 -1.3141761189897208,-8.397793825063646,0 -10.024991776895233,-25.253703488264506,0.5
405 21 1 1 1 0 1 1.5878293407097916,21.441287227794444,0 -0.7754515384861773,-10.471326320550775,0 -3.73111295233107,30.859824953115776,0.5
1188 6 20 0 1 1 1 8.058986369508283,24.193030787730578,0 12.171270796129539,17.553067173781457,0.5 2.0580329990995385,-12.806814599056917,0.5
596 31 31 1 0 1 0 -18.60929754489599,25.415429268173458,0 13.768263398577238,-28.96005737196317,0.5
1443 17 17 1 1 1 1 10.181307648432483,-14.233445632311602,0 -8.435940622986916,11.793426381058184,0 -5.301269145925648,17.72417968320274,0.5 13.315979125493751,-8.302692330167048,0.5
86 16 0 1 1 0 1 15.673480331503121,5.156744544573134,0 -14.723572432624145,-4.844214572174763,0 28.046918980297548,15.544141523822573,0.5
350 17 24 1 1 1 0 4.789102326261452,16.831948755524333,0 -3.9681133560452033,-13.946471826005876,0 -12.475697115802948,-21.92275031730157,0.5
1059 18 10 1 1 1 1 -13.249597795856111,-12.911164093452026,0 9.668625418597703,9.421660284410937,0 11.707446563091963,3.0307911462761945,0.5 -11.21077665136185,-19.30203323158677,0.5
388 21 0 1 1 0 1 2.931005686621454,21.299277116019518,0 -1.4314213818383847,-10.401972545032788,0 -1.6497201659321536,32.02387271043458,0.5
961 10 11 0 1 1 1 19.715911325317073,8.575129189244556,0 12.938779319842496,-0.9154177802600021,0.5 -16.40583288528059,-13.678400759600734,0.5
1205 20 28 1 1 1 0 -5.244776940685936,-19.81772728751834,0 2.942191942336013,11.117261649095655,0 13.091829587056548,26.016417856105228,0.5
1118 3 4 0 1 0 1 15.625133536944617,23.834957561377124,0 -10.058997435007516,-26.288145058229425,0.5
391 12 29 1 1 1 0 1.5666654195538032,12.401433766430973,0 -2.443998054503933,-19.34623667563232,0 -9.650018598033842,-28.51538428739127,0.5
992 22 16 1 1 1 1 -19.471696833303586,-11.273997624264215,0 8.221383107394846,4.760132330244891,0 17.285643710893087,3.075145768912801,0.5 -10.407436229805345,-12.958984185596304,0.5
1471 12 26 1 1 1 0 8.28371171663737,-9.361096100118015,0 -12.9225902779543,14.603309916184106,0 -13.068142711214577,23.82170535623613,0.5
1268 1 20 0 1 1 1 0.789006126718076,30.489792871254494,0 6.528307633614673,20.337925150833073,0.5 5.7004979268940685,-11.65136573048312,0.5
1527 0 22 0 1 1 1 -25.277176550870106,18.79665783101194,0 -14.47481033042875,18.24088446041236,0.5 11.203591245058337,-0.8541330187108827,0.5
523 0 4 0 1 0 1 11.161679792321396,-29.456186179030105,0 -15.35502575755616,23.589683846647603,0.5
1173 0 31 0 1 1 0 11.595923409567375,29.28795930547991,0 17.174582324896882,27.07921198937184,0.5
1183 2 28 0 1 1 0 9.838737059896811,27.810955630222654,0 15.161686101301527,24.86711230854118,0.5
848 21 8 1 1 0 1 -21.499412607533845,0.15892618102378198,0 10.499713133911877,-0.07761511166277725,0 -23.543709458752932,-5.82612606470438,0.5
946 13 30 1 1 1 0 -12.659094690707798,-4.690130233980035,0 17.347648279858834,6.427215505824494,0 30.684679220034674,4.969955851269948,0.5
1274 27 1 1 0 0 1 -0.10163953091637166,-27.499812170372273,0 5.887231539246701,-30.521967577521913,0.5
1211 12 31 1 1 1 1 -2.9292966472368187,-12.151922529068687,0 4.569702769689437,18.95699914534715,0 13.214750364989753,29.21678238257942,0.5 5.715750948063497,-1.8921392918364204,0.5
1680 24 21 1 1 1 1 24.433094747951806,-1.8093869231344126,0 -7.47951880039341,0.5538939560615549,0 -20.9981720629452,7.571444381024518,0.5 10.914441485400019,5.208163501828551,0.5
816 18 0 1 1 0 1 -18.354121974317838,2.318664820939634,0 13.39354846774545,-1.6919986531181113,0 -32.00361249279187,-2.004691350611274,0.5
470 31 10 1 0 1 1 -5.2149470998000975,31.065323541632182,0 -4.17888878418705,-11.348431104315507,0.5 -9.476612822079213,20.209992810993374,0.5
372 1 6 0 1 0 1 -5.936433973894948,-29.916696871038184,0 -0.9220037669478005,26.18014341163421,0.5
955 7 31 0 1 1 0 22.67812266464813,9.271070726036603,0 31.42805258337288,6.366122117643439,0.5
797 23 0 1 1 0 1 -23.050569720308108,4.5739737175911905,0 8.337440111600806,-1.6544160255117073,0 -32.06539525511713,0.24581930988399403,0.5
1236 30 1 1 0 0 1 -4.3811733005099684,-30.183692956808624,0 1.5566023631245152,-31.045563114285994,0.5
1336 29 31 1 0 1 0 6.594734769302799,-28.753425418940065,0 -1.193681109132128,32.04411218008234,0.5
563 20 11 1 1 1 1 -10.00847099162093,17.890793956945632,0 5.614508117250765,-10.036299049018282,0 0.3781781786325311,-12.965607631931725,0.5 -15.244800930239165,14.96148537403219,0.5
244 30 21 1 0 1 1 18.915544931923343,23.925972497024844,0 -18.040657410442655,-13.144758658835869,0.5 1.8051602230506898,11.9579010101738,0.5
1686 23 4 1 1 0 1 23.46854722773885,-1.215438611938606,0 -8.48862346535235,0.43962673197779367,0 27.77351831635957,4.569647725026443,0.5
442 6 17 0 1 1 1 1.6011582479974917,-25.449681574920923,0 -4.889326278806644,-17.842210864670633,0.5 -6.898622903744673,14.094644445034056,0.5
845 29 15 1 0 1 1 -29.494962888512553,0.5451276962943342,0 15.386479952345038,-6.285398529614831,0.5 -16.60805606231265,-5.694073570922672,0.5
1691 27 7 1 0 0 1 27.48478718564631,-0.9145891753854548,0 24.685993494568997,5.1818650297066995,0.5
1019 24 17 1 1 1 1 -19.87400586651572,-14.327382552919387,0 6.083879346892567,4.385933434567159,0 17.704465223736385,5.3667412031426505,0.5 -8.253419989671901,-13.346574784343895,0.5
1308 25 28 1 1 1 0 3.1024712318584258,-25.31056443968587,0 -0.7908260002776379,6.451712504233654,0 2.4879590796137294,29.018271134203836,0.5
150 24 25 1 0 1 1 20.830319825375547,12.897587990495214,0 -24.839129938369297,-8.322717338994885,0.5 2.367818404978358,8.523111873080499,0.5
1684 11 23 1 1 1 1 11.47989782090927,-0.6796661102942922,0 -20.464165680751307,1.2115787183506947,0 -23.104313228661052,7.378394827597521,0.5 8.839750272999527,5.487149998952534,0.5
1496 2 14 1 1 1 1 1.822421568553528,-1.7113677648217225,0 -21.504574508931633,20.194139624896323,0 -6.462762462038329,14.299744800494457,0.5 16.864233615446828,-7.605762589223589,0.5
47 13 31 1 1 1 0 13.296825587666563,2.333330086202074,0 -18.221575805320846,-3.197526414425064,0 -32.06296196508956,0.4652633933802992,0.5
769 31 8 1 0 1 1 -30.09890879721118,9.290085533361001,0 6.352387669083461,-8.239973962439226,0.5 -24.224281585226308,1.19757324605449,0.5
1222 24 3 1 0 0 1 -4.768610897063147,-24.031445027555264,0 0.3380922285319139,-29.122769333375672,0.5
1058 10 30 1 1 1 0 -7.547074636857346,-7.300114000870435,0 15.453533780231709,14.947852477972797,0 26.093948612321114,16.892478971943255,0.5
950 11 26 1 1 1 0 -10.723430638150091,-4.15427916115226,0 19.11568070278929,7.4054541568366385,0 26.877964076338344,3.978070777533423,0.5
195 18 26 1 1 1 0 13.899639956802156,12.208603895256369,0 -10.142980509017791,-8.908981220862755,0 -23.86984228252948,-12.98000883694491,0.5
1199 28 14 1 0 1 1 -7.9006563442386835,-27.38301716995848,0 9.78447789513024,12.268414417507575,0.5 0.9135655086166299,-18.47742942244581,0.5
1497 11 25 1 1 1 0 8.41217781300276,-7.841254009558936,0 -14.99562131883101,13.977887582257233,0 -14.562000884714502,21.77609079319734,0.5
278 8 1 0 1 0 1 -12.148861039709997,-20.11604273801924,0 10.631659799278276,29.209892329695606,0.5
377 15 29 1 1 1 0 2.7354158770918797,15.256719830269994,0 -2.911894320775227,-16.241024335448703,0 -11.111941119730995,-27.97811224067184,0.5
41 8 13 1 1 1 1 8.402593639237747,1.28312904021434,0 -23.230700061422002,-3.5474744052984697,0 -14.251033925999483,3.8933317402979863,0.5 17.382259774660266,8.723935185810795,0.5
1318 5 26 0 1 1 1 -4.193875177698911,26.166035446622036,0 1.7305102064419282,27.115592090629338,0.5 6.7948123078141975,-4.481129958121802,0.5
884 2 18 0 1 1 1 29.267383688777098,3.6973303901469765,0 19.10612137570367,-3.634023386947238,0.5 -12.641549066359627,-7.644686861004975,0.5
841 8 1 1 1 0 1 -8.495297857381587,0.2826911996645979,0 23.486999958643214,-0.7815580226021236,0 -30.68267433507365,-4.982318300531682,0.5
1517 4 2 1 1 0 1 3.509335581310152,-2.816835774011423,0 -21.44593966356204,17.213996396736476,0 26.761425398381785,-13.786809298994683,0.5
392 10 3 1 1 0 1 1.2774881542946508,10.421997122223592,0 -2.615809077841428,-21.340279821695926,0 -2.487959079613715,29.018271134203836,0.5
1394 4 13 0 1 1 1 -11.708930518039475,24.882743942815548,0 -0.31905812133235045,14.769840957681701,0.5 13.305879208749948,-14.18462472123094,0.5
411 17 3 1 1 0 1 0.9051138599542857,17.47657772278425,0 -0.7499514839621225,-14.48059297030695,0 -4.517926933029048,28.772179900518672,0.5
260 24 29 1 0 1 0 14.032010931972376,20.083641831226917,0 -21.81412952981823,-20.74593340527999,0.5
1561 11 31 1 1 1 0 10.015479373175461,-5.651563759305639,0 -17.85368062174756,10.074526701370923,0 -24.485062408625495,20.705837796276555,0.5
570 2 9 0 1 1 1 15.06362019883675,-25.364095617726992,0 -0.30780277347162155,-11.23188574784498,0.5 -16.64800095526064,16.281709498502945,0.5
781 3 22 1 1 1 1 -3.3868008718660714,0.8829381939452041,0 27.57823567090944,-7.189639579268091,0 20.25868298666154,-11.481975598561007,0.5 -10.706353556113973,-3.4093978253477117,0.5
963 30 8 1 0 1 1 -27.878398809026766,-12.371130904038447,0 10.203054927900268,-2.0365829563879934,0.5 -19.04641267501306,-15.016130134395542,0.5
1343 1 24 0 1 1 0 -7.585041558528076,29.54178641442325,0 -0.2814032687671597,25.222426770640592,0.5
31 10 22 1 1 1 0 10.431155471575838,1.2004147315879845,0 -21.359032632274335,-2.4579920694420636,0 -23.038427285712785,3.388342987497655,0.5
328 30 4 1 0 1 1 10.70185355023393,28.560818100841324,0 -7.197483592822971,-2.1086085295863075,0.5 4.0306906238159055,27.85683996965705,0.5
1632 28 0 1 1 0 1 27.604620092165984,-7.087661784198377,0 -3.3900410639502083,0.8704146050769938,0 32.00250889854101,-2.0222324789211577,0.5
434 23 5 1 1 0 1 -0.7815580226021192,23.486999958643214,0 0.2826911996645963,-8.495297857381587,0 -6.878012227694274,26.28579364972053,0.5
234 28 14 1 0 1 1 18.48923699504,21.6886632907896,0 -13.972839163958511,-7.142112131445937,0.5 6.7870058831039435,17.210071212598525,0.5
1639 29 2 1 0 0 1 28.75342541894006,-6.5947347693028116,0 30.094727405916906,-0.7465804468065276,0.5
180 6 9 0 1 1 1 -20.061995919853825,-15.74059464288972,0 -11.177746239056848,-1.1436734740521333,0.5 13.998091778014615,18.60922960722124,0.5
1243 31 0 1 0 0 1 -3.7168797157378797,-31.2799425379705,0 2.2412045772088818,-31.987919626682476,0.5
1467 27 10 1 0 1 1 17.917718249129003,-20.861576468350364,0 -2.289693920209176,11.874649542271012,0.5 18.56001458786821,-12.40063943908214,0.5
842 5 4 1 1 0 1 -5.497595953183242,0.16259992479469818,0 26.488416865337438,-0.7834360012835457,0 -27.665361502055884,-5.184377779499137,0.5
936 18 1 1 1 0 1 -17.573296129261077,-5.781804489369874,0 12.823756634866193,4.219154627378016,0 -27.097011081418575,-15.231611551424194,0.5
900 21 11 1 1 1 1 -21.133921643203887,-3.9506146330562575,0 10.321217546680968,1.9293699370739863,0 12.406687753264292,-3.784719143212854,0.5 -19.048451436620567,-9.664703713343098,0.5
1569 14 18 1 1 1 1 12.83336030583763,-6.749434291890773,0 -15.488538300148864,8.145868972971622,0 -13.580728269424242,13.921703188621041,0.5 14.741170336562252,-0.9736000762413548,0.5
863 13 19 1 1 1 1 -13.4844199510151,-0.6483969344976238,0 18.478649562502174,0.8885439472745215,0 19.765671900131867,-5.0565021839545885,0.5 -12.197397613385409,-6.593443065726734,0.5
1052 19 8 1 1 0 1 -14.313172104421165,-13.243228621043276,0 9.175110323346901,8.489249116053383,0 -13.174367832186551,-20.36384129338687,0.5
8 13 8 1 1 0 1 13.494099157813412,0.3991089063142562,0 -18.49191366070727,-0.5469270197639807,0 23.312346427461456,6.692122536686333,0.5
906 14 1 1 1 0 1 -14.190525399844685,-2.979763224882617,0 17.126496172226343,3.5962659610652277,0 -28.616030713514977,-12.139719362619857,0.5
622 14 4 1 1 0 1 -9.649174163240792,10.823282217860088,0 11.645555024600954,-13.062581987072521,0 -22.778757434226364,16.534152828393633,0.5
860 1 1 0 1 0 1 30.4791703343622,1.1270207313689122,0 -30.25746133802733,-7.122923092227049,0.5
1295 13 1 1 1 0 1 0.9970091209107932,-13.46313384070814,0 -1.3662717582851611,18.44947970763708,0 8.236117128298373,-29.973594623417295,0.5
1151 28 8 1 0 1 1 -12.609163887011547,-25.55893163006787,0 9.141455537544047,4.968278439772197,0.5 -5.016202160153126,-23.72946935539173,0.5
1524 10 18 1 1 1 1 8.355736718193068,-6.358589772602108,0 -17.109365661061997,13.019969534375745,0 -11.088532442948487,15.977936295456896,0.5 14.376569936306577,-3.400623011520956,0.5
1082 9 28 1 1 1 0 -6.21635087415752,-7.183799956106868,0 14.72293628089939,17.01426305393732,0 23.186189436855845,17.625283526747435,0.5
67 26 0 1 0 0 1 25.6916360267743,6.495370525824749,0 29.068464592016678,13.53788632921228,0.5
1104 7 28 1 1 1 0 -4.430785129737145,-6.051292682898438,0 14.473898090474673,19.767556097468233,0 21.678017639319904,19.45028409122435,0.5
728 24 20 1 0 1 1 -22.05123722241296,10.676747489796183,0 15.836321555946475,-14.333908035726513,0.5 -12.965294408021476,-0.3887684572172114,0.5
1637 5 31 0 1 1 0 -25.78485225884878,6.1148502834771765,0 -29.265424318976358,13.106675376702782,0.5
1372 11 10 1 1 1 1 4.035125109104588,-10.768833054415584,0 -7.193049107534267,19.19661544482778,0 1.9342769287735067,11.937695454434015,0.5 13.162451145412362,-18.02775304480935,0.5
147 29 1 1 0 0 1 25.252053649853938,15.250697900912549,0 23.0062186072905,20.903681622947673,0.5
194 7 28 1 1 1 0 5.653243707433682,4.928573382264027,0 -18.467262777616696,-16.10000638206249,0 -25.425184794059213,-14.205983886656357,0.5
1127 11 28 1 1 1 0 -5.9815300440592445,-9.821980367116227,0 10.66272746984474,17.50874761094632,0 19.948303344207464,21.220631321604955,0.5
1356 24 4 1 1 0 1 7.225622081502984,-23.410262397830923,0 -2.2119251269907094,7.166406856478854,0 13.843517617482352,-24.507285038829895,0.5
1610 7 15 0 1 1 1 -23.157003789940077,8.000198464582045,0 -12.691117059452202,10.73245301798621,0.5 17.554765441694023,0.28321420710353973,0.5
942 4 12 1 1 1 1 -4.2423491639322695,-1.5008242972723935,0 25.925467112919424,9.17170403888685,0 13.78540229617505,-1.4875091705974892,0.5 -16.382413980676642,-12.160037506756732,0.5
1024 13 25 1 1 1 0 -10.803227904335495,-8.095694340017225,0 14.80442342445975,11.094099651134716,0 24.004183525974703,10.490432462550093,0.5
374 12 4 1 1 0 1 2.3422664323215594,12.278590634108607,0 -3.6539356344216323,-19.15460138920943,0 -0.7407373532647012,28.137187282553285,0.5
52 11 0 1 1 0 1 11.288261809088848,2.196621344125147,0 -20.122553659680122,-3.915716309092654,0 29.773958167091116,11.906360277780454,0.5
1616 10 30 1 1 1 0 9.998017490571893,-3.207747848291462,0 -20.4721310521234,6.568245594120612,0 -27.20886155930419,15.030896601554376,0.5
1069 15 31 1 1 1 0 -10.693711610943843,-11.220273257900844,0 11.383628489069253,11.944161855184769,0 26.075713244653944,18.662989545691197,0.5
181 12 28 1 1 1 0 9.805726433206903,7.752272513083335,0 -15.296933235802769,-12.093545120410004,0 -26.078147073991737,-12.968432641890693,0.5
300 19 0 1 1 0 1 8.691897937642498,17.455684181423717,0 -5.571729447206729,-11.18954114193828,0 8.669778458830583,30.872073812343693,0.5
988 5 20 0 1 1 1 23.127123895563866,12.937779574534371,0 20.820102539859075,4.772141053002694,0.5 -7.10699046610484,-10.850838055868998,0.5
509 0 3 0 1 0 1 9.623243544874363,-29.994052471715687,0 -14.419897011403602,25.304477275385743,0.5
1091 4 2 0 1 0 1 17.293142649424848,21.382170547132098,0 -13.885624904554195,-26.71028680134349,0.5
66 3 4 1 1 0 1 3.396382477183292,0.8453319281100679,0 -27.656257314206808,-6.883417128896267,0 25.23672187253718,12.464263681750463,0.5
437 16 26 1 1 1 0 -0.7315663907568688,16.483774161760255,0 0.687229033741301,-15.484757545895997,0 -4.819159734273,-26.73996446249624,0.5
178 1 29 0 1 1 0 -24.134232518850325,-18.649097048545478,0 -27.011621035978933,-13.289933371114412,0.5
830 19 8 1 1 1 1 -19.446748881022867,1.440124285760049,0 12.46586466732235,-0.9231565934359288,0 8.033672808929952,-6.611361523851159,0.5 -23.878940739415263,-4.2480806446551815,0.5
192 9 30 1 1 1 0 7.206726416339212,6.1897572133354775,0 -17.068562565013924,-14.659951294741921,0 -27.046705155616717,-15.320761737757556,0.5
1581 6 10 0 1 1 1 -23.0730898378835,10.857371934909342,0 -6.946008301502774,9.899644876229377,0.5 22.008457377409858,-3.7252924538529335,0.5
294 23 20 1 1 1 1 10.938738335133321,20.798894288771333,0 -3.956564929729074,-7.523004317215163,0 -14.85265964267494,-15.3508469322984,0.5 0.04264362218745532,12.971051673688095,0.5
817 11 31 1 1 1 0 -11.414568276721077,1.3991536927989014,0 20.347708667198443,-2.494143539337172,0 30.535998135645265,-9.787891389868857,0.5
1031 19 10 1 1 1 1 -15.296933235802774,-12.093545120409999,0 9.805726433206905,7.752272513083333,0 11.957901010173801,1.8051602230506854,0.5 -13.14475865883588,-18.04065741044265,0.5
228 12 1 1 1 0 1 8.318253589000681,9.330415705051799,0 -12.976475598841064,-14.555448499880807,0 15.8179392187368,26.75897604304672,0.5
369 28 20 1 0 1 1 5.856775993734798,27.891722337625758,0 -10.084710242011155,-18.82946147224278,0.5 -3.508681056063311,12.487560099828247,0.5
827 1 27 0 1 1 0 30.38986487109084,-2.589616403415563,0 26.891265099491957,-8.313234108867968,0.5
1137 22 9 1 1 0 1 -10.984907185925406,-19.63623726981838,0 4.638071922946283,8.290855736145538,0 -5.748577247307171,-22.565545852731823,0.5
1428 26 30 1 1 1 0 14.199410066943393,-22.37469002580341,0 -2.947047372384478,4.6438035902610855,0 -11.276749693847282,28.96696249768545,0.5
1148 31 5 1 0 1 1 -14.248809201750454,-28.093085204941655,0 7.83895116950087,2.1910829656087736,0.5 -6.636029606880543,-26.347924226712905,0.5
672 24 3 1 1 0 1 -19.386514646289598,14.98042221932342,0 5.934647340700898,-4.585843536527578,0 -26.220334723885475,12.678487566244078,0.5
1654 8 3 0 1 0 1 -23.161179987646943,3.976146574237769,0 29.104276982696362,1.09135755574916,0.5
1482 18 30 1 1 1 0 12.81287144701879,-13.344674041810487,0 -9.349933218094794,9.738005381861706,0 -16.795920804497847,26.156204700396355,0.5
290 27 27 1 0 1 0 13.159068150285378,24.147234322301692,0 -18.427555638787567,-21.276164907693975,0.5
1141 1 2 0 1 0 1 14.495519287889149,26.83523654776372,0 -8.741193432988444,-28.80697029135622,0.5
1574 21 30 1 1 1 0 19.210459321407402,-9.654442120627758,0 -9.381852226733848,4.7149601054228585,0 -24.557784026937636,19.05689491198098,0.5
298 11 21 1 1 1 1 5.2019462165120665,10.256205709740605,0 -9.273034559869336,-18.28280148258108,0 -15.07644155769157,-16.46058656176962,0.5 -0.601460781310168,12.078420630552065,0.5
1 24 31 1 0 1 0 24.499832660877118,0.09055158208911815,0 -31.521960747353628,5.883535556304305,0.5
1498 1 17 0 1 1 1 -22.38726918896644,20.71376784317025,0 -8.770314876980038,16.289001717681245,0.5 14.717967550788028,-5.443476019415409,0.5
1398 15 31 1 1 1 0 6.80619270277276,-13.925722275441329,0 -7.245301909403262,14.824155970631091,0 -8.441337837722193,30.93531663826054,0.5
257 19 9 1 1 0 1 11.344885665396196,15.860125133147214,0 -7.2723626060232025,-10.166746880222572,0 8.21021418833493,21.79087843529177,0.5
111 10 18 1 1 1 1 9.628700879806011,4.187853790096178,0 -19.715911325317073,-8.575129189244556,0 -19.35791323971317,-1.8764847464707834,0.5 9.986698965409914,10.88649823286995,0.5
332 28 29 1 0 1 0 9.604460078058413,26.832896724151535,0 -15.590489566583592,-25.75241027698666,0.5
465 29 18 1 0 1 1 -4.345400092611812,29.178202446948806,0 -3.209468236216078,-19.182004943194023,0.5 -7.923122573964484,12.468926524682644,0.5
461 10 2 1 1 0 1 -1.3929660918955762,10.407192006820532,0 2.8522639024528464,-21.30996458539442,0 -9.860538262080256,28.443273109507828,0.5
1143 23 20 1 1 1 1 -11.015535980222067,-20.758322838525107,0 3.984342801356918,7.508329537338869,0 14.909294664923534,15.295846906741799,0.5 -0.0905841166554513,-12.970805469122176,0.5
108 17 20 1 1 1 1 16.124238095236727,6.8013929344007655,0 -13.360082993196146,-5.635439859932062,0 -21.220299346214716,-2.439035804788304,0.5 8.26402174221816,9.997796989544524,0.5
1107 31 7 1 0 1 1 -18.326353767178478,-25.620202138160877,0 9.243456066120757,2.6093140772424035,0.5 -9.373792205298649,-23.417557936127377,0.5
1353 0 14 1 1 1 1 0.14215532350783172,-0.47936610643472044,0 -8.9557853809934,30.200064705387387,0 1.6298888954895254,15.607480968700873,0.5 10.727829599990756,-15.071949843121233,0.5
864 23 22 1 0 1 1 -23.46854722773885,-1.2154386119385974,0 22.78021039556407,-4.828251685013389,0.5 -9.176960297527126,-6.483317028929777,0.5
299 4 5 0 1 0 1 -12.34870503801225,-24.571517736683887,0 6.538602803171684,26.372270918188963,0.5
1042 14 2 1 1 0 1 -10.999740319675642,-9.44752416772257,0 13.275548661677497,11.402184340354825,0 -18.469461684420413,-23.772441714887563,0.5
1412 18 2 1 1 0 1 8.972300166419092,-16.178622615157195,0 -6.5473541754950135,11.806021908357954,0 19.554302194611157,-22.888408981006634,0.5
176 13 14 1 1 1 1 10.743090066248236,8.175329707631276,0 -14.722012313006843,-11.203229599346562,0 -15.172354385658302,-4.006202989864006,0.5 10.292747993596777,15.372356317113832,0.5
218 3 0 0 1 0 1 -19.738747904866802,-20.558011361708033,0 17.48850845028267,26.877538432386096,0.5
1423 11 2 1 1 0 1 5.98153004405924,-9.821980367116229,0 -10.662727469844732,17.508747610946322,0 20.468436391516953,-22.07471657091942,0.5
732 2 27 0 1 1 0 26.738639087643378,-12.461748663038817,0 22.391257048541014,-17.055251618963652,0.5
390 1 7 0 1 1 1 -3.934476104171204,-30.245163213077653,0 -6.917362297040982,-6.66333991714935,0.5 -2.7893873680744727,25.069290339194417,0.5
1200 17 12 1 1 1 1 -4.789102326261454,-16.831948755524333,0 3.968113356045205,13.946471826005876,0 9.191741234937954,10.380842599227739,0.5 0.43452555263129344,-20.397577982302472,0.5
129 0 14 1 1 1 1 0.444237963388021,0.22946161309653362,0 -27.986991693445326,-14.456081625081618,0 -15.636440295411013,-1.3235312191432236,0.5 12.794789361422332,13.362012019034928,0.5
287 2 29 0 1 1 0 -14.402433865991096,-25.745288864872983,0 -19.63876380460933,-22.81598028195954,0.5
628 21 2 1 1 0 1 -14.659735757001485,15.727115041700818,0 7.159405834814678,-7.680684090132958,0 -24.50348349217436,17.487975776193732,0.5
1490 15 11 1 1 1 1 11.060957393382154,-10.858417082696016,0 -11.774567547793904,11.558960120289308,0 -4.0032585501753974,12.337905858793363,0.5 18.83226639100066,-10.079471344191962,0.5
668 20 17 1 1 1 1 -16.034291794014003,12.77307663268389,0 8.994846616154197,-7.165384452481208,0 9.949348614592278,-15.596809357856198,0.5 -15.07978979557592,4.341651727308899,0.5
1293 20 17 1 1 1 1 1.3628149986887503,-20.45465070049716,0 -0.7645059748741769,11.474560149059382,0 4.823348376874627,17.860159865894286,0.5 6.950669350437554,-14.06905098366226,0.5
1592 18 3 1 1 0 1 17.045623129250252,-7.190043959223671,0 -12.438697959182617,5.246788835109165,0 28.591379618322932,-5.548244003371519,0.5
1267 28 7 1 0 0 1 -0.8425632466634377,-28.48754266649498,0 5.273068647568971,-24.666672800319567,0.5
1487 26 27 1 0 1 0 18.703669372327596,-18.77292603753221,0 -15.158994396747758,23.716131406267973,0.5
483 27 1 1 0 0 1 -5.850059788157807,26.870556385660848,0 -12.350914976464662,28.52551312849851,0.5
1503 3 2 0 1 0 1 -21.273347807518107,18.96561818292155,0 26.012542786642577,-15.15247893161674,0.5
594 28 14 1 0 1 1 -16.666547051355213,23.118741518191744,0 3.6123678293157937,-15.270913484979355,0.5 -15.100948158170763,10.68697172842892,0.5
775 20 3 1 1 0 1 -19.71742568504279,5.6100912964777025,0 11.060994896487419,-3.1471243858289553,0 -29.05400877085784,2.028441358017453,0.5
799 25 16 1 1 1 1 -25.048324893581558,4.778223521935988,0 6.384867129736476,-1.2179785448072127,0 15.083451749509011,-8.985515195036594,0.5 -16.349740273809022,-2.9893131282933934,0.5
969 14 1 1 1 0 1 -13.119992260757286,-6.173799727693548,0 15.834473418155344,7.451137602388765,0 -25.042549350823165,-18.415230707530824,0.5
666 25 26 1 0 1 1 -19.82710359824977,16.035459547648486,0 16.83158776736188,-21.329501945183665,0.5 -8.049483414755477,-1.2065723167620375,0.5
595 0 20 0 1 1 1 18.515235447212902,-25.484035322810843,0 7.195495705746012,-20.111559898441264,0.5 -11.613632367613125,5.776983921557058,0.5
1438 28 9 1 0 1 1 16.149811149339282,-23.48262335942636,0 -0.43956020218122926,11.227501361774952,0.5 17.693561088304982,-15.138952936528332,0.5
890 0 15 0 1 1 1 31.156385663691097,4.640003488721079,0 16.214730118080585,-3.651373330379996,0.5 -15.436201349796082,-8.365027668128393,0.5
1034 6 8 1 1 1 1 -5.053967583867588,-4.087470080773144,0 19.827103598249767,16.03545954764849,0 10.38208383807898,0.6799523359024917,0.5 -14.498987344038376,-19.442977292519142,0.5
548 27 1 1 0 0 1 -12.075503182338771,24.706926617718487,0 -18.783432973368853,24.76757246350477,0.5
1530 25 13 1 1 1 1 20.629933356561157,-14.98852393345807,0 -5.258610463437158,3.820604139901077,0 -7.395017910306949,12.789202872198075,0.5 18.493525909691364,-6.019925201161073,0.5
232 4 11 1 1 1 1 2.9445872561798776,3.4028526107874644,0 -17.99469989887703,-20.795210399256728,0 -12.06219313573186,-4.770062552661461,0.5 8.877094019325046,19.42800045738273,0.5
1341 22 19 1 1 1 1 5.434276680707567,-21.833887353321167,0 -2.2944723762987507,9.218752438068936,0 1.112663504272419,20.37184282106703,0.5 8.841412561278737,-10.680796970323074,0.5
466 25 4 1 1 1 1 -3.8493871206430166,25.207780917713237,0 0.9812163248697886,-6.4255127829465115,0 -5.251938959348465,-5.3541700726889285,0.5 -10.08254240486127,26.27912362797082,0.5
349 26 13 1 0 1 1 7.346224320081592,25.461401929961394,0 -9.507261883051692,-11.307606797509028,0.5 -0.636349496538072,19.438237042444353,0.5
1331 20 1 1 1 0 1 4.212768697247828,-20.062466944608005,0 -2.3632604887000013,11.254554627463026,0 12.139719362619843,-28.616030713514984,0.5
750 13 10 1 1 1 1 -12.588375096958803,4.87676249352657,0 17.25073624398058,-6.682970824462336,0 7.623508411622814,-9.387870871391243,0.5 -22.215602929316567,2.171862446597662,0.5
1286 22 3 1 1 0 1 0.9145058807820778,-22.48140740687769,0 -0.38612470521909953,9.492149794015024,0 7.153416090824683,-28.23258114716985,0.5
1229 4 15 0 1 1 1 4.652937480491004,27.10350849618259,0 8.536057524534769,14.261336611195787,0.5 3.121730274508873,-17.277291457089408,0.5
790 21 9 1 1 1 1 -20.973507311579386,4.728846693552875,0 10.242875663794583,-2.30943675731652,0 7.9476855487761355,-7.942562207359471,0.5 -23.268697426597836,-0.9042787564900765,0.5
478 25 20 1 0 1 1 -4.963248076535117,25.012320334802414,0 -1.895189664307631,-21.27576687539844,0.5 -8.123579407410523,10.112242956510473,0.5
1147 19 7 1 1 1 1 -8.88490784610186,-17.35823759966079,0 5.695453747501193,11.127075384397942,0 8.758268433011729,3.942427431838193,0.5 -5.822093160591327,-24.54288555222054,0.5
323 23 17 1 1 1 1 8.650926988089935,21.849747418373905,0 -3.129058697819764,-7.903100130050136,0 -12.020838587311374,-14.062341186936331,0.5 -0.24085290140167626,15.690506361487714,0.5
89 25 18 1 1 1 1 24.132798474677237,8.237599030094632,0 -6.151497650407923,-2.0997801449260827,0 -19.44636729263124,-0.2979918121053835,0.5 10.837928832453917,10.039387362915331,0.5
1043 4 7 1 1 0 1 -3.402852610787465,-2.9445872561798767,0 20.795210399256728,17.994699898877027,0 -14.600525650491917,-20.56877854247373,0.5
738 30 21 1 0 1 1 -27.923931883671184,12.268008320672594,0 17.270704445078522,-14.14117279332747,0.5 -12.026535564019115,-1.2698198011463893,0.5
1015 12 15 1 1 1 1 -10.246756036340264,-7.159189251006315,0 15.984939416690812,11.168335231569852,0 16.142388325544957,3.958951773804505,0.5 -10.089307127486117,-14.368572708771662,0.5
327 26 27 1 1 1 0 9.389984587191025,24.780601071247546,0 -1.9488647256434202,-5.143143618560811,0 -15.355025757556167,-23.5896838466476,0.5
409 0 8 0 1 1 1 -1.8616941281973964,-31.444937509447133,0 -6.49187381417018,-8.13053346225766,0.5 -4.600628985525206,23.81353003940292,0.5
282 28 31 1 0 1 0 14.371457728404039,24.611200758205516,0 -21.065548175226677,-24.176283421510508,0.5
307 30 2 1 0 0 1 12.884180821107927,27.64503363298722,0 7.023381390975755,29.27323203605805,0.5
977 18 28 1 1 1 0 -16.499113533060978,-8.368348261345492,0 12.039893659260713,6.1066325150358995,0 28.131612176233016,7.54071590540436,0.5
739 9 1 1 1 0 1 -8.711681748395915,3.7890105719917826,0 20.632930456727166,-8.973972407348958,0 -30.362142816634325,6.662603363723566,0.5
1215 5 21 0 1 1 1 5.82857848275123,25.851067151481566,0 10.581918501435505,19.65382916454137,0.5 3.543635050566094,-11.562553810832597,0.5
968 31 19 1 0 1 1 -28.55142817833106,-13.306612979177046,0 20.20928658261962,2.7990598102846356,0.5 -8.795338868383364,-10.718769247926968,0.5
1525 12 10 1 1 1 1 9.975215341002992,-7.532932954740707,0 -15.561335931964669,11.751375409395502,0 -4.763373068166975,11.115767045663631,0.5 20.773178204800686,-8.16854131847258,0.5
571 30 7 1 1 0 1 -15.671068087597499,26.166154188070575,0 0.7707082666031557,-1.2868600420362577,0 -17.735675189329907,17.93588095351292,0.5
851 27 31 1 0 1 0 -27.499812170372273,-0.10163953091636324,0 31.521960747353628,-5.883535556304298,0.5
1548 2 6 0 1 0 1 -24.96592567618863,15.7147241506501,0 24.776930496498665,-8.506098704557486,0.5
172 25 25 1 0 1 0 20.518575833986322,15.140609160299745,0 -24.081072106998025,-10.312708964067669,0.5
1578 13 1 1 1 0 1 12.150681734798976,-5.883105759683618,0 -16.650934229168968,8.062033818825698,0 30.066253886627443,-7.891158167522703,0.5
1505 8 23 1 1 1 1 6.386321061233418,-5.6093585464691476,0 -17.65629940458651,15.508226569649997,0 -13.696752195314168,20.016217906991233,0.5 10.345868270505758,-1.1013672091279112,0.5
1189 18 26 1 1 1 0 -5.781804489369872,-17.573296129261077,0 4.219154627378014,12.823756634866193,0 13.981491661830706,23.297379485902667,0.5
267 20 0 1 1 0 1 11.302419944922079,17.10278642176846,0 -6.340381920322142,-9.594246041479868,0 12.361439499240719,29.587916680743366,0.5
937 31 24 1 0 1 0 -29.885508620137777,-9.955218456451398,0 25.140516569272506,2.0504698559438914,0.5
1275 14 9 1 1 1 1 -0.000000000000002663606788145493,-14.5,0 0.000000000000003214697847761802,17.5,0 6.000000000000002,9.499999999999998,0.5 5.999999999999996,-22.5,0.5
1361 25 18 1 1 1 1 7.969514296158463,-24.22265142141392,0 -2.031444820589412,6.174401342713352,0 -0.08235709609600139,19.44847596365131,0.5 9.918602020651875,-10.948576800475966,0.5
984 4 11 0 1 1 1 24.19570508404926,13.069730505473814,0 12.969781509069431,0.1864607384964847,0.5 -15.185220770551522,-15.021952940600318,0.5
792 27 31 1 0 1 0 -26.870556385660848,5.850059788157813,0 29.502624269795266,-12.56364442330677,0.5
424 6 31 0 1 1 0 -0.09424756503153017,-25.499825830708836,0 -6.116382481676322,-31.477608952044672,0.5
285 6 7 0 1 0 1 -12.613724006694362,-22.16176813079097,0 6.904534485461414,24.260614244884117,0.5
173 3 11 0 1 1 1 -22.869826403168197,-17.006499942344124,0 -12.808491343526281,-2.047571611156079,0.5 12.869910231960816,17.04744586796715,0.5
758 29 30 1 0 1 0 -27.81095563022265,9.838737059896822,0 26.752600825844404,-15.82871912231149,0.5
1465 2 3 0 1 0 1 -19.054877843360238,22.520249340862527,0 22.989339477320065,-17.881282683200702,0.5
911 12 31 1 1 1 0 -12.183654838533926,-2.7943791395350908,0 19.006501548112922,4.359231457674742,0 32.04411218008234,1.1936811091321449,0.5
1580 26 4 1 1 0 1 23.936050782672417,-11.371696132474133,0 -4.967859596403709,2.3601633482493485,0 27.414021634654198,-6.381333545169969,0.5
444 8 24 1 1 1 0 -0.5964121321647674,8.479050216186167,0 1.6489041301025922,-23.44208000945587,0 -4.266141654009435,-24.860612128182314,0.5
1124 25 24 1 1 1 1 -13.504059359846535,-21.630773929883816,0 3.442211209372646,5.5137266880096,0 18.06408227041345,17.605082553846046,0.5 1.1178117011942694,-9.539418064047364,0.5
1441 20 10 1 1 1 1 11.803099988425547,-16.76117032498712,0 -6.621251213019209,9.402607743285458,0 -1.1397818501729526,12.039555528922833,0.5 17.284569351271806,-14.124222539349745,0.5
1452 28 28 1 0 1 0 17.34273586459536,-22.615912821084137,0 -12.581491060156596,26.26701510836737,0.5
255 17 7 1 1 1 1 10.28624191511828,14.15779740156158,0 -8.52288615824086,-11.730746418436738,0 -9.262491358443233,-2.5409159440572675,0.5 9.546636714915907,23.347627875941054,0.5
1607 21 9 1 1 1 1 20.24236068664063,-7.24546988344758,0 -9.885804056266355,3.5384852919162597,0 -6.922307312669791,8.8505175819812,0.5 23.20585743023719,-1.9334375933826404,0.5
1072 29 0 1 0 0 1 -20.11452115495553,-21.579064824659255,0 -17.089255167225208,-27.133141318864396,0.5
1501 0 22 0 1 1 1 -23.357055874089696,21.135229851947482,0 -12.657853271597878,19.54555577502719,0.5 11.069949521128159,-1.9251539158400925,0.5
1679 31 1 1 0 0 1 31.405166231912904,-2.4424442564606244,0 30.873404305146263,3.617030081569155,0.5
1025 21 21 1 1 1 1 -17.15737038652515,-12.956644682154009,0 8.379180886442516,6.32766368198219,0 20.77317820480069,8.16854131847257,0.5 -4.763373068166978,-11.115767045663627,0.5
1380 16 4 1 1 0 1 6.243782325698113,-15.273021386395682,0 -5.865371275655804,14.347383726614124,0 15.96012983485286,-23.184569343738943,0.5
796 18 5 1 1 0 1 -18.13276079215641,3.6678312467226672,0 13.232014632114138,-2.67652550436519,0 -27.163521539053026,-0.6269749575560972,0.5
853 8 2 0 1 0 1 23.4985554325642,0.26056205154944684,0 -29.43166012558924,-6.326719707067824,0.5
1599 23 30 1 0 1 0 21.88157185950618,-8.570111607048485,0 -26.211373279687134,16.709695113702804,0.5
1417 4 8 0 1 0 1 -13.779330429656271,23.79874057403771,0 16.96751667422359,-17.330706214979948,0.5
1260 13 0 1 1 0 1 -0.7480549113655947,-13.479258653560358,0 1.0251122859454445,18.47157667339753,0 4.24532016395155,-31.784072374469986,0.5
578 20 28 1 1 1 0 -10.984449297069435,17.308722472791306,0 6.162008142258464,-9.709771143273173,0 10.205096103889321,-27.278306646681408,0.5
807 2 30 0 1 1 0 29.128228138692457,-4.66865349970257,0 29.16606905870863,-10.751298324511293,0.5
98 29 14 1 0 1 1 27.585952135917083,10.45300171026925,0 -15.68523105872587,0.47278603446096135,0.5 14.23851363108249,11.811635347295402,0.5
1006 11 10 1 1 1 1 -9.640851487851302,-6.269288842380397,0 17.18586569573493,11.175688805982446,0 12.073449884932266,0.6941238189466388,0.5 -14.753267298653968,-16.750853829416204,0.5
1246 5 23 1 1 1 1 -0.5883825183386534,-5.468437255022084,0 2.83493395199533,26.347924956015493,0 8.479565947471064,22.7232691605431,0.5 5.056249477137081,-9.09309305049448,0.5
843 3 10 1 1 1 1 -3.4988286901439585,0.0905416866725659,0 28.49046219117223,-0.7372680200480366,0 10.341271750421761,-6.269617100264483,0.5 -21.64801913089443,-5.441807393543881,0.5
1694 3 0 0 1 0 1 -28.492992526547148,0.6319627221033758,0 31.625299681363348,5.300039628527248,0.5
1321 22 9 1 0 1 1 3.8069488476744495,-22.175597860513033,0 4.306114360452041,10.378216567152023,0.5 9.720441610477925,-21.16041150113318,0.5
970 19 30 1 1 1 0 -17.613320387249516,-8.367851871065866,0 11.290589991826613,5.364007609657606,0 30.12376323269259,7.668695371487784,0.5
1376 9 0 1 1 0 1 3.4645132028493837,-8.845741815545054,0 -8.20542600674854,20.95044114208039,0 17.07438071400273,-27.142503997112936,0.5
1424 7 15 0 1 1 1 -12.820511391039222,20.87784681599694,0 -2.9979937006174,16.348150775272977,0.5 13.747164034617501,-10.92087363745772,0.5
770 5 21 1 1 1 1 -5.261324307252424,1.6026436078912862,0 25.35001711676168,-7.721828292567107,0 18.818656537923527,-12.004506075123128,0.5 -11.792684886090576,-2.6800341746647343,0.5
1347 16 3 1 1 0 1 4.339197859886378,-15.919213609118934,0 -4.076216171408415,14.954412784323846,0 13.283783070392445,-25.9189333757922,0.5
206 5 10 0 1 1 1 -19.183047828024037,-18.282797270323332,0 -11.740331540233676,-2.9007956366132364,0.5 11.424103572851957,19.176544463399843,0.5
1619 5 1 1 1 0 1 5.255365028084492,-1.6220784264598558,0 -25.32130422622528,7.81546878203385,0 30.912927984606576,-3.2620366979124817,0.5
363 9 28 1 1 1 0 2.1579368817752456,9.251665169809925,0 -5.110903141046634,-21.91183856007614,0 -12.316967594679376,-26.392088005150676,0.5
1191 11 23 1 1 1 1 -3.5132476433668387,-10.950209632531122,0 6.262745799045234,19.519938910164175,0 12.892398036026734,20.543516565589595,0.5 3.1164045936146607,-9.926631977105702,0.5
488 18 31 1 1 1 0 -4.268857745068958,18.000745916554813,0 3.115112408563834,-13.13567945262108,0 1.4305158632618005,-32.03441312658867,0.5
1301 4 14 0 1 1 1 -2.638568509105206,27.373124706959533,0 4.581072903990243,15.008789792928889,0.5 7.651407169130847,-16.843573502442204,0.5
1094 15 13 1 1 1 1 -9.612817916223342,-12.159100777176556,0 10.232999717270008,12.943558891833108,0 13.079203002069319,6.86909374158345,0.5 -6.766614631424032,-18.233565927426213,0.5
384 13 2 1 1 0 1 2.0379108285757166,13.34529577996583,0 -2.792692616937093,-18.28799792069392,0 -1.478030017541581,30.067680776329357,0.5
662 2 1 0 1 0 1 22.660486119500728,-18.887889475214397,0 -27.27024283037487,14.919244483967278,0.5
138 4 8 0 1 1 1 -23.999845552000238,-13.425997671686611,0 -10.347442662622608,1.086476112824191,0.5 17.579650343341306,16.709455221695883,0.5
1219 3 5 0 1 1 1 5.8567759937347965,27.891722337625758,0 7.002196561098103,4.149607610334487,0.5 0.4261673751502615,-27.16741396173654,0.5
895 29 31 1 0 1 0 -29.092922046925377,-4.883839347431829,0 32.05864679873696,-0.702257384320327,0.5
1062 2 22 0 1 1 1 20.898162947441513,20.821065905043927,0 20.17406988975246,11.630000175553873,0.5 -2.4951238159468074,-10.955562840086994,0.5
1018 25 30 1 1 1 0 -20.74016363565405,-14.835619716287333,0 5.286708377715738,3.781628555132065,0 28.297596438634216,12.86452625618978,0.5
1510 5 4 1 1 0 1 4.1986905550760625,-3.5526043436773342,0 -20.230054492639212,17.117093655899883,0 24.86902115030104,-13.182632021940057,0.5
227 2 21 1 1 1 1 1.6705363662440722,1.8599215706733578,0 -19.712329121680053,-21.947074533945624,0 -18.83042451931508,-11.986038228805105,0.5 2.5524409686090443,11.820957875813878,0.5
508 15 6 1 1 0 1 -4.680665549459673,14.776378785551668,0 4.982643972005458,-15.72969354590984,0 -13.420338337066557,22.497655853858678,0.5
295 13 28 1 1 1 0 6.239752427794229,11.971444759920836,0 -8.550771845495795,-16.405313189521145,0 -18.493452796419298,-22.499826747479887,0.5
978 20 17 1 1 1 1 -18.248403630412625,-9.340544145901958,0 10.236909353646107,5.239817447701099,0 18.31172333695769,2.632639061990661,0.5 -10.17358964710104,-11.947722531612397,0.5
568 10 31 1 1 1 0 -5.294747584148856,9.067284489865191,0 10.841626005638133,-18.566344431628725,0 10.702937329666456,-30.227423517680634,0.5
608 13 12 1 1 1 1 -8.450507322034268,10.52800674393046,0 11.580324848713625,-14.427268500941741,0 3.1454297082848575,-13.503935424543434,0.5 -16.885402462463034,11.451339820328768,0.5
1628 23 1 1 1 0 1 22.67281938268454,-6.1800696792321235,0 -8.200807010758238,2.235344352062683,0 31.004315287117922,-2.2321365498073416,0.5
934 11 10 1 1 1 1 -10.950209632531124,-3.5132476433668303,0 19.51993891016418,6.262745799045219,0 11.831016261024157,-2.5054050034639155,0.5 -18.639132281671145,-12.281398445875965,0.5
1448 30 26 1 0 1 1 18.19993853478933,-24.47472650163614,0 -10.998361054495092,24.84524208203586,0.5 8.096656424628137,-0.8331594934512401,0.5
904 26 24 1 1 1 1 -25.97395464822405,-5.253920434494625,0 5.390820776046501,1.090436316593224,0 25.20322307503611,-1.0234972544990937,0.5 -6.161552349234439,-7.367854005586944,0.5
258 26 28 1 0 1 0 15.33764204040898,21.61033865167964,0 -21.38810679478241,-19.768633936996828,0.5
1375 0 2 0 1 0 1 -11.379112484895309,29.372875226237213,0 16.251462528947137,-25.340480770305586,0.5
160 6 5 1 1 1 1 5.3961962003010795,3.623681355728756,0 -21.169692785796542,-14.21598070324358,0 -7.910948805542842,1.9149122685074342,0.5 18.65494018055478,19.754574327479773,0.5
1055 23 0 1 1 0 1 -17.07118898938127,-16.150062120277674,0 6.174685379137906,5.841511830738733,0 -18.759237465695485,-26.00655705212912,0.5
429 0 30 0 1 1 0 0.4656779470375468,-31.496557653966615,0 -5.548449794893793,-30.585367496133557,0.5
1115 19 0 1 1 0 1 -10.871044067186272,-16.188588600903234,0 6.968617991786072,10.377300385194381,0 -12.579813154407598,-29.495733606747155,0.5
1677 17 30 1 1 1 0 17.436807712920974,-1.4858454773695877,0 -14.447640676420235,1.2311291098205155,0 -29.880432135992695,8.567950476417044,0.5
897 7 30 1 1 1 0 -7.387125326481424,-1.2962944923344828,0 24.131276066505986,4.234562008292643,0 31.078011921558712,-0.6381026590249093,0.5
536 24 1 1 0 0 1 -9.77165884355775,22.46696871954736,0 -17.666832940644717,25.576024199381553,0.5
289 1 30 0 1 1 0 -14.693487060102312,-26.727353741337843,0 -19.951327140365493,-23.836831696727554,0.5
641 2 1 0 1 0 1 21.127737025824604,-20.588072473342425,0 -26.03133607212559,16.988806382440554,0.5
1500 31 29 1 0 1 0 23.278780892450747,-21.221412774866568,0 -17.75858919613008,24.308074990897406,0.5
1287 18 24 1 1 1 1 0.820241104787994,-18.48180739348877,0 -0.5985543197101578,13.48672431416748,0 4.90783444830415,24.74193123076772,0.5 6.326629872802301,-7.22660047688853,0.5
6 2 4 0 1 0 1 -29.492746650285646,-0.6541368527034784,0 27.360193619207948,6.6083133339342215,0.5
169 28 24 1 0 1 1 23.118741518191744,16.666547051355213,0 -23.38275261416944,-9.460279075405342,0.5 2.5751325992388345,9.253036912081214,0.5
165 30 28 1 0 1 0 25.002084728670244,17.468421772455407,0 -26.799014603338833,-11.40450859485107,0.5
532 17 29 1 1 1 1 -6.741751570783076,16.14926579624733,0 5.5860227300774055,-13.38082023117636,0 5.8277758034638145,-29.534505737942553,0.5 -6.499998497396667,-0.0044197105188645835,0.5
682 15 14 1 1 1 1 -12.606766131475991,9.017729631468768,0 13.420105881893798,-9.599518639950624,0 8.30269233016705,-13.315979125493747,0.5 -17.72417968320274,5.3012691459256445,0.5
1529 20 20 1 1 1 1 16.5401999999224,-12.110812687948199,0 -9.278648780444273,6.7938705322636235,0 -12.995571896132684,16.951846834266952,0.5 12.82327688423399,-1.952836385944872,0.5
1165 22 1 1 1 0 1 -8.897652154587206,-20.665957179283268,0 3.7567864652701535,8.725626364586269,0 -6.550339895076007,-30.38656030647391,0.5
1172 3 20 1 1 1 1 -1.300454667274471,-3.2494334365184407,0 10.589416576377836,26.459672268793017,0 13.187406085210657,16.803044984280344,0.5 1.2975348415583507,-12.906060721031112,0.5
1357 13 28 1 1 1 0 4.0291144860056525,-12.884728808114643,0 -5.52137911045219,17.656850588897843,0 -2.7793622224054246,28.991811699800092,0.5
1089 19 20 1 1 1 1 -12.374150728550736,-15.070845820560546,0 7.932147902917139,9.660798602923428,0 17.645905890187354,12.036278715394195,0.5 -2.660392741280522,-12.69536570808978,0.5
881 6 7 0 1 1 1 25.33280614525561,2.915292919570806,0 8.136776612033016,-5.1032211754804955,0.5 -23.653411491817163,-8.761627976510526,0.5
490 12 4 1 1 0 1 -2.974189938032731,12.141012898951423,0 4.639736303331061,-18.939980122364222,0 -12.37090405516869,25.282617207437422,0.5
930 30 27 1 0 1 0 -29.17643479476344,-8.887387280124413,0 28.05496001759807,2.2735915224537937,0.5
1223 15 28 1 1 1 0 -2.9606635507773778,-15.214613742684968,0 3.1516741024404347,16.196201726084,0 11.333328622791296,26.829194216894024,0.5
1474 20 7 1 1 0 1 13.754673395711848,-15.200623664090125,0 -7.716036295155426,8.527179128635924,0 20.88747513070639,-14.140840946143268,0.5
952 6 28 1 1 1 0 -6.043547158273633,-2.392809592450409,0 23.709300390150407,9.387176093459297,0 28.70737716392323,4.912890836183825,0.5
834 28 23 1 0 1 1 -28.450181556166452,1.6843899255119255,0 23.104313228661056,-7.378394827597508,0.5 -8.839750272999524,-5.487149998952539,0.5
1366 7 30 1 1 1 0 2.475223993740386,-7.079778681626418,0 -8.085731712885261,23.127277026646297,0 -4.402087962576435,30.771279166939742,0.5
1351 3 0 0 1 0 1 -7.900656344238674,27.383017169958485,0 14.497150100465584,-28.602143957482816,0.5
250 11 0 1 1 0 1 6.930298318361449,9.177198113722755,0 -12.354010045774757,-16.35935315924491,0 14.19488768226514,28.75335047760308,0.5
579 8 21 1 1 1 1 -4.581021932819343,7.159904891199892,0 12.665178284853479,-19.795031169787936,0 6.533240259813709,-21.34401020678985,0.5 -10.712959957859113,5.610925854197976,0.5
93 18 9 1 1 1 1 17.417845241993103,6.2344740857572125,0 -12.710319500913887,-4.549481089606615,0 -10.96629050343123,2.4475441966089244,0.5 19.161874239475758,13.231499371972752,0.5
201 30 27 1 1 1 0 22.463674012771982,20.630883399600528,0 -1.1047708530871465,-1.0146336098164195,0 -24.312666745863368,-14.182532767619106,0.5
1454 23 14 1 1 1 1 14.437605918659607,-18.54199383392965,0 -5.222112779089645,6.706678620783065,0 -4.174183949658996,15.127001961869682,0.5 15.485534748090256,-10.121670492843032,0.5
534 22 31 1 0 1 0 -8.821210356902423,20.698701597908922,0 6.830040740221012,-31.33050499891314,0.5
1545 18 1 1 1 0 1 15.54636532530101,-10.027987094740318,0 -11.344644967111549,7.3177203123780705,0 28.88281432379042,-11.490562942582358,0.5
1462 6 27 1 1 1 0 4.143255933366481,-5.008336078042633,0 -16.25431173859158,19.648087690782635,0 -12.906080261434218,25.01365811482635,0.5
190 23 1 1 1 0 1 17.93985964441592,15.179309468439502,0 -6.488885403299376,-5.490388531137692,0 19.408079248682917,24.281195602293636,0.5
1007 24 1 1 0 0 1 -20.489700359780333,-13.432132338776954,0 -22.218084364924017,-21.739519938423637,0.5
893 20 19 1 1 1 1 -20.2416500624812,-3.244318533691611,0 11.355071986269941,1.81998356768066,0 20.203809142465026,-2.8383262911171117,0.5 -11.392912906286114,-7.902628392489382,0.5
1593 25 14 1 1 1 1 23.531787303103243,-9.823695145998219,0 -5.998298724320435,2.504079154862291,0 -11.069362549765009,11.12291386021936,0.5 18.460723477658668,-1.2048604406411512,0.5
1596 31 5 1 0 1 1 29.201443056662622,-11.812100719537161,0 -2.848740714108618,7.6246099142041315,0.5 26.816217311707383,-4.374984467547906,0.5
892 8 5 0 1 1 1 23.217429986940672,3.633310446618631,0 6.361520323739808,-5.0775052112868755,0.5 -25.253703488264513,-10.024991776895224,0.5
1101 27 1 1 0 0 1 -16.491229211146205,-22.00657536068341,0 -13.488837773667594,-28.005379046098952,0.5
1447 10 1 1 1 0 1 6.23436847777048,-8.448825343406135,0 -12.765611644958602,17.299975703164943,0 22.93725625070823,-20.979329724501355,0.5
1138 8 0 0 1 0 1 11.39724615734318,20.551223321956435,0 -10.030038894662619,-30.45731964194412,0.5
783 31 0 1 1 0 1 -30.539114522392094,7.720912134470932,0 0.48474784956177924,-0.12255416086461797,0 -32.00976445276751,1.9039379397295813,0.5
154 26 31 1 1 1 0 22.32205642550554,14.282009555260311,0 -4.632879635482282,-2.9641906624125176,0 -29.767427725848542,-11.922677827836473,0.5
1167 8 4 0 1 0 1 9.133299083338175,21.65254829931789,0 -5.1595929785486145,-27.669994584309404,0.5
1625 26 5 1 1 0 1 25.488379544079702,-7.252069236910204,0 -5.2900410374505045,1.5051464453964574,0 27.130357484512203,-1.4811153778732908,0.5
1609 25 17 1 0 1 1 24.071247517529816,-8.415761578717323,0 -14.539304395469324,11.43934559736204,0.5 15.667751312803382,0.878389890736381,0.5
1494 25 6 1 0 0 1 18.459159230740106,-17.592880392197927,0 22.59866049949256,-13.249548808494373,0.5
1046 8 28 1 1 1 0 -6.3655453480802535,-5.632923967313411,0 17.598860668221878,15.573378027278252,0 25.319480732255023,14.393536585876548,0.5
24 29 27 1 0 1 0 29.38401772759957,2.6133316253614147,0 -27.92340600885277,3.5402537853613056,0.5
1663 12 0 1 1 0 1 12.383300648848557,-1.7040730736171215,0 -19.317949012203748,2.6583539948427095,0 32.02387271043458,1.6497201659321616,0.5
1542 24 31 1 1 1 0 20.439915479674507,-13.5077701780776,0 -6.2571169835738285,4.135031687166612,0 -22.971865981276785,22.372826672958837,0.5
502 28 0 1 0 0 1 -8.001809545798293,27.353629448261,0 -14.602764118674113,28.548367380541464,0.5
1146 5 25 0 1 1 0 12.161465494116287,23.54461205956511,0 17.033397828579474,19.902596775630663,0.5
1013 14 22 1 1 1 1 -11.947299603918669,-8.21657058475157,0 14.419154694384602,9.916550705734656,0 21.938873420460652,7.8061407264412646,0.5 -4.427580877842616,-10.326980564044963,0.5
460 24 21 1 0 1 1 -3.1604808049899753,24.295295040013198,0 -3.1763850176650905,-22.094356252662188,0.5 -7.304359946631589,9.63827400368158,0.5
1682 13 6 1 1 1 1 13.470135827156668,-0.8974635357218658,0 -18.459075022399876,1.2298574378410754,0 -6.086748271273121,6.418839107046825,0.5 25.84246257828342,4.2915181334838834,0.5
722 13 18 1 1 1 1 -12.017241415149774,6.1510900473012935,0 16.46807156890895,-8.429271546301772,0 13.734253770108376,-13.770267730812783,0.5 -14.751059213950349,0.8100938627902821,0.5
1541 5 25 0 1 1 1 -22.05432904739852,14.692058067849915,0 -17.89558650194577,19.13107377413449,0.5 8.73605612132792,1.3897206355987426,0.5
1359 19 5 1 1 1 1 5.957246003969849,-18.567746768204948,0 -3.818747438442211,11.90240177449035,0 4.032903978840796,7.070055551228016,0.5 13.808897421252855,-23.400092991467282,0.5
1309 26 2 1 0 0 1 3.321330689454062,-26.291039584833662,0 9.650018598033842,-28.515384287391274,0.5
1014 31 7 1 0 0 1 -25.88832865237609,-17.945596662874248,0 -16.717157841459326,-18.888796512846845,0.5
135 20 21 1 1 1 1 18.000665585715808,9.809487166576373,0 -10.097934352962525,-5.502883044664795,0 -21.74981624840722,-5.019511247175472,0.5 6.348783690271109,10.292858964065696,0.5
1291 31 0 1 0 0 1 1.8616941281973958,-31.444937509447133,0 7.8512060347587544,-31.0903291040762,0.5
1630 4 13 1 1 1 1 4.350232819211343,-1.1512924991749618,0 -26.58475611740265,7.035676383846989,0 -11.515641792067413,9.254187923140009,0.5 19.41934714454658,1.0672190401180588,0.5
809 16 23 1 1 1 1 -16.310917064402684,2.4907799015925436,0 15.322376636257065,-2.339823543920268,0 22.32496191538835,-9.478716974172174,0.5 -9.308331785271399,-4.648113528659362,0.5
576 12 4 1 1 0 1 -6.619636941101234,10.603320553864618,0 10.326633628117925,-16.541180064028804,0 -19.65279513627773,20.149879486773568,0.5
964 5 24 0 1 1 0 24.182322951177156,10.838138986236089,0 24.81116023476441,4.544923300215897,0.5
1026 30 28 1 0 1 0 -24.2714257052275,-18.470189339463246,0 26.313336676582402,12.4843226866668,0.5
1065 26 28 1 0 1 1 -18.564390496222213,-18.91066909191143,0 24.247137497879308,16.13463117517519,0.5 1.8297602948939944,-6.700893766000879,0.5
71 14 11 1 1 1 1 14.003610057729224,3.761503070723848,0 -16.900908690362858,-4.539745085356368,0 -12.662795454360632,2.8113362091759377,0.5 18.24172329373145,11.112584365256154,0.5
1003 1 2 0 1 0 1 25.752001727811464,16.34271724685939,0 -21.692713032435467,-20.872858004892485,0.5
198 8 21 0 1 1 1 -17.483262764329567,-15.703041842694276,0 -20.004612786776654,-9.90280098008296,0.5 3.802383317842332,11.480064507841162,0.5
318 19 24 1 1 1 1 7.512237464586858,17.99489617296131,0 -4.815536836273627,-11.535189854462379,0 -14.97534332923825,-20.29751443333492,0.5 -2.6475690283777653,9.232571594088768,0.5
1095 20 0 1 1 0 1 -12.654203536440757,-16.128271229686405,0 7.09869954483262,9.047566787385056,0 -14.723794342427581,-28.48613487579348,0.5
774 22 29 1 1 1 0 -21.61817144996722,6.237360271767391,0 9.12767238998616,-2.6335521147462315,0 26.680528717485718,-13.942718076308504,0.5
331 0 8 0 1 1 1 -10.724996659890753,-29.61797505984047,0 -8.53556577676553,-5.949295493628554,0.5 2.3596689253457104,24.138806154463353,0.5
1409 24 18 1 0 1 1 11.643941723058488,-21.556173620334796,0 -3.5133012307989073,19.128688257736517,0.5 11.695112448297891,-9.026314021884442,0.5
79 31 25 1 0 1 1 30.166758003859293,9.067343135483037,0 -26.147821838454295,-1.5941810137035457,0.5 4.497773594037689,7.617088203295095,0.5
975 24 7 1 0 1 1 -21.931500638199033,-10.920589716525175,0 9.388154819822196,-2.0279420798063423,0.5 -19.257070503539808,-16.291569464655552,0.5
224 5 31 1 1 1 0 3.720323235993538,4.050826461319538,0 -17.92519377342341,-19.517618404539594,0 -25.7263892184934,-19.141653475564404,0.5
1263 19 28 1 1 1 0 -0.8645784618035685,-19.48082400935303,0 0.5542169626945951,12.487707698303224,0 7.257714370129223,28.20594941003794,0.5
1387 20 2 1 1 0 1 8.245710510616007,-18.76854438082817,0 -4.625642481565078,10.528695628269462,0 17.359011041372742,-24.595014447352924,0.5
1470 8 18 0 1 1 1 -15.508226569649988,17.656299404586516,0 -7.700612557915136,17.859187166074488,0.5 13.416972558203998,-6.183433299745448,0.5
73 5 28 0 1 1 0 -25.541289869020332,-7.063463160991166,0 -29.068209065397223,-1.8136211650613676,0.5
1668 8 17 1 1 1 1 8.440619415007912,-1.002967542341968,0 -23.335830147374818,2.7729102641219114,0 -16.66976876571608,8.023017468356695,0.5 15.106680796666652,4.247139661892816,0.5
1128 13 2 1 1 0 1 -6.979132937705746,-11.556024551628072,0 9.563996988707874,15.836033644823653,0 -10.114686989077857,-28.353890511056488,0.5
1577 11 2 1 1 0 1 10.331987494682275,-5.049755876250762,0 -18.417890751390143,9.00173873592527,0 29.138449247881013,-7.563119424461201,0.5
629 3 11 0 1 1 1 19.50959251896763,-20.775605881510227,0 3.4984799536514517,-12.490421850918363,0.5 -18.40702743606659,10.836574226566803,0.5
956 1 2 0 1 0 1 28.189098470399074,11.64580299619329,0 -24.973888095069277,-16.809369810167098,0.5
1100 0 31 0 1 1 0 18.98299104594658,25.13754265932754,0 23.771094409628017,21.521734841052,0.5
1603 1 1 0 1 0 1 -28.560818100841328,10.70185355023392,0 30.666100766461113,-5.08333195662579,0.5
231 8 5 1 1 0 1 5.58571649989923,6.4070095350915075,0 -15.442863264427283,-17.713496949958873,0 12.891697651385947,23.917653138743567,0.5
703 24 23 1 0 1 1 -20.97204455665835,12.665833849910427,0 17.014205876816682,-17.2848719515447,0.5 -10.377852319635043,-0.7417420251310807,0.5
1633 31 19 1 0 1 1 30.53911452239209,-7.720912134470936,0 -17.434516202533974,10.596586468461453,0.5 13.589346169419896,2.7531201731258994,0.5
39 5 10 1 1 1 1 5.442961024998277,0.7900476443542549,0 -26.225175847718972,-3.8065931955250463,0 -11.252977568837716,4.429502888049089,0.5 20.41515930387953,9.026143727928389,0.5
693 22 0 1 1 0 1 -18.817071758981943,12.335631739693119,0 7.944985853792375,-5.208377845648206,0 -29.63340225982622,12.25199863317518,0.5
25 24 30 1 1 1 0 24.395487319228344,2.2605748068508986,0 -7.468006322212759,-0.6920126959747649,0 -30.92350253377836,3.1602200941394964,0.5
1177 16 3 1 1 0 1 -5.846594176930262,-15.429430855682433,0 5.492255135904186,14.494313834125922,0 -4.4879605399041145,-28.776869360517026,0.5
835 25 21 1 1 1 1 -25.460821901169567,1.4129926103572443,0 6.49001342578832,-0.3601745869538074,0 21.134498635804007,-7.182128334497967,0.5 -10.816336691153879,-5.408961137186915,0.5
1414 8 26 1 1 1 0 4.177242778617209,-7.4027456236514295,0 -11.54884768205934,20.466414371271597,0 -7.797701163699698,26.027790082172487,0.5
575 14 16 1 1 1 1 -7.633266361721661,12.328148468079405,0 9.212562850353729,-14.878799875268246,0 3.5848278730986882,-17.18717571680277,0.5 -13.261001338976701,10.019772626544881,0.5
648 24 6 1 1 1 1 -17.98321623375992,16.63892826746463,0 5.505066194008139,-5.0935494696320305,0 0.696217792434763,-8.818462495554272,0.5 -22.792064635333297,12.914015241542392,0.5
1226 13 10 1 1 1 1 -2.431555348056657,-13.279214532092517,0 3.3321314028924562,18.197442136571226,0 7.79308284052963,9.247586703602332,0.5 2.0293960895805165,-22.22906996506141,0.5
1425 23 26 1 1 1 0 12.371155827617862,-19.980102689645932,0 -4.474673384457525,7.22684565370172,0 -8.849149501872244,25.689347074098908,0.5
1450 19 5 1 1 1 1 11.751375409395495,-15.561335931964674,0 -7.532932954740702,9.975215341002997,0 1.4736128635955295,8.004902568316854,0.5 20.757921227731728,-17.531648704650813,0.5
1122 1 31 0 1 1 0 16.342717246859387,25.752001727811468,0 21.944511594850475,23.381368883439503,0.5
965 2 0 1 1 0 1 -2.2775566231152213,-1.0308907936847578,0 26.875168152759613,12.164511365480141,0 -26.223075546408374,-18.45535989590448,0.5
49 31 26 1 0 1 0 30.984833908215872,5.673629145465527,0 -27.14729756954012,1.1288200347447237,0.5
1595 20 20 1 1 1 1 18.975572025521906,-7.757426525867361,0 -10.644833087487898,4.3517270754865685,0 -16.705105725268044,13.311252484556698,0.5 12.91529938774176,1.202098883202769,0.5
140 16 10 1 1 1 1 14.339967614041218,8.16182141609635,0 -13.47087866773569,-7.667165572696572,0 -12.09336899660672,0.020647322135492807,0.5 15.717477285170187,15.849634310928415,0.5
472 5 7 1 1 1 1 -0.9506159610452889,5.417225239419711,0 4.580240539581847,-26.101176153567696,0 -4.613405768850654,-8.424160920349012,0.5 -10.144262269477789,23.094240472638393,0.5
1225 2 31 1 1 1 0 -0.4593737945414272,-2.457432749209754,0 5.42061077558884,28.9977064406751,0 11.685948409325393,29.861155533143478,0.5
1060 14 2 1 1 0 1 -10.34734723897041,-10.157874045102718,0 12.488177702205668,12.25950315788259,0 -16.848241329586955,-24.947680535472596,0.5
146 22 27 1 1 1 0 19.302900630543867,11.560623999047333,0 -8.150113599562966,-4.8811523551533185,0 -26.675267170410685,-8.982211386246153,0.5
589 30 7 1 0 1 1 -17.375895181513172,25.06647694912604,0 -0.6583491092920477,-9.582096662541783,0.5 -18.888796512846852,16.71715784145931,0.5
772 23 12 1 1 1 1 -22.530207002431858,6.681300204868099,0 8.149223809390246,-2.416640499633142,0 10.278288778774026,-9.306276364912442,0.5 -20.401142033048078,-0.20833566041120122,0.5
910 7 30 0 1 1 0 23.9000432155207,5.388685767071873,0 31.07279317044133,0.8552921062272629,0.5
540 1 17 0 1 1 1 12.576867682954052,-27.7861908020057,0 1.7500996603167778,-18.417034266649967,0.5 -11.445302498848129,10.735690509224861,0.5
212 26 7 1 1 1 1 18.77292603753221,18.703669372327596,0 -3.896267668167062,-3.8818936433132745,0 -9.54788534020593,-1.0430175119722156,0.5 13.121308365493341,21.542545503668652,0.5
543 4 4 1 1 0 1 -1.9009447113110052,4.078775454047295,0 11.616884346900587,-24.92584999695569,0 -17.055251618963645,22.391257048541018,0.5
65 25 1 1 0 0 1 24.767666313860904,6.067347473586779,0 28.19646030318576,13.084709640296555,0.5
612 29 30 1 0 1 0 -18.804007697586346,22.730140661885784,0 14.8183522306803,-27.32519784315371,0.5
831 27 10 1 0 1 1 -27.432221287661125,1.9295686628860171,0 10.053124056113663,-6.721956315864362,0.5 -21.868006169528375,-4.476640053596997,0.5
559 16 1 1 1 0 1 -7.841838303284289,14.517423050429555,0 7.3665753758125145,-13.6375792291914,0 -19.77458221531807,23.983658982933072,0.5
1202 31 27 1 0 1 0 -8.396192059291401,-30.3604011650619,0 13.112942495901109,24.905837450268375,0.5
565 29 3 1 0 0 1 -14.59234738029347,25.638123916013086,0 -19.312225214726862,21.80109990930889,0.5
929 25 22 1 0 1 1 -24.420708860267048,-7.340230157295793,0 23.27479726665817,0.7306245246099241,0.5 -7.370798165833811,-8.480644692388719,0.5
935 16 7 1 1 1 1 -15.692432518870033,-5.098780407186638,0 14.74137600257488,4.7897634128116895,0 8.987025838463339,-3.388711639958813,0.5 -21.446782682981574,-13.27725545995714,0.5
1613 3 5 0 1 0 1 -27.039269703934178,9.007102412979846,0 27.038009180074905,-2.682547218258276,0.5
998 4 29 1 1 1 0 -3.843383621915045,-2.3405987128927483,0 23.487344356147496,14.30365880101124,0 28.316313138633404,10.219413399743512,0.5
1265 6 26 0 1 1 0 0.9422632344231968,25.482585033647084,0 6.975117094670479,26.26019309745524,0.5
221 7 28 0 1 1 0 -16.771404095252873,-17.859731371824584,0 -23.883404283496095,-16.668323245938097,0.5
600 17 26 1 1 1 0 -10.546106136636984,13.965301477404193,0 8.738202227499217,-11.571249795563475,0 11.181714500368855,-24.76326434120189,0.5
1413 22 28 1 0 1 0 10.9849071859254,-19.636237269818384,0 -8.677885830220603,27.801875791350056,0.5
110 30 13 1 0 1 1 28.013853065250654,12.061261809551548,0 -14.772281548793215,0.17233062172321478,0.5 14.619301995076322,12.826769241580575,0.5
757 10 4 1 1 0 1 -9.885804056266355,3.538485291916258,0 20.24236068664063,-7.245469883447576,0 -27.91338317131641,3.6184305895332356,0.5
216 0 3 0 1 1 1 -21.983873996958856,-22.56012597672797,0 -6.739819519038852,1.6807239067684208,0.5 15.593004858824115,24.59894712122223,0.5
1212 27 25 1 0 1 1 -6.3455993507782,-26.75786555163553,0 11.722180972896627,23.427344562255886,0.5 4.338210819263813,-7.709080806920005,0.5
638 26 2 1 0 0 1 -18.77292603753221,18.703669372327592,0 -25.13295601287418,16.57059208522531,0.5
898 25 6 1 0 1 1 -25.099764882057087,-4.50020031392534,0 7.456849945761691,-4.758717147130502,0.5 -24.040894219957007,-10.406027344997597,0.5
926 8 3 1 1 0 1 -8.166864769987617,-2.356336102667679,0 22.578979069965765,6.514576283845936,0 -25.71972109748718,-13.665502064229948,0.5
1404 1 24 0 1 1 1 -13.997158398888548,27.098515766669284,0 -5.912763481073894,24.521199563171432,0.5 8.772779757104255,-3.9100300936619123,0.5
1362 15 21 1 1 1 1 4.898599557936401,-14.705567733718588,0 -5.2146382390935875,15.65431403911979,0 -1.1023538124723276,22.294277653068907,0.5 9.010883984557662,-8.065604119769471,0.5
128 29 27 1 0 1 0 26.259897907179145,13.441270844102815,0 -27.213383644476046,-7.189002059991613,0.5
837 10 16 1 1 1 1 -10.487882184122856,0.5043087268314878,0 21.47518732939442,-1.0326321549406654,0 16.192781302575067,-6.785560675948256,0.5 -15.770288210942208,-5.248619794176103,0.5
605 16 3 1 1 0 1 -10.185090651281582,12.981291477552475,0 9.567812429991788,-12.194546539518992,0 -22.312898934959993,18.71856140621552,0.5
1559 13 28 1 1 1 0 11.707939404749746,-6.7211721369645145,0 -16.044213258360763,9.210495150655076,0 -21.729573349154126,19.39266980236942,0.5
58 30 30 1 0 1 0 29.801889809551124,6.4882481286841145,0 -31.07826649060374,-0.6255812809035657,0.5
1281 7 0 1 1 0 1 0.16630597950088516,-7.498155928038724,0 -0.5432661997028915,24.493976031593164,0 6.697009856334696,-31.35921011416193,0.5
137 31 12 1 0 1 1 27.547384452835228,15.277159742821699,0 -13.841436956107,-0.8152441291511074,0.5 14.14320756740815,14.704410212763,0.5
1591 8 17 0 1 1 1 -21.618643891149325,9.213264150542518,0 -13.746667369866302,12.380595148144256,0.5 15.691486013826397,-0.16512624833917222,0.5
443 4 10 0 1 1 1 1.828166461655638,-27.439165573837656,0 -5.2886998398415175,-10.87564499255379,0.5 -7.416020813404442,21.053565857002756,0.5
510 7 16 0 1 1 1 7.5709163621862094,-23.300884649231264,0 -0.6075586905842911,-17.546534485119718,0.5 -10.496102510582606,12.887274036325197,0.5
1349 10 9 1 1 1 1 2.8361154122392005,-10.109720538593502,0 -5.807283939346934,20.70085634092955,0 3.2109739824084382,10.767527389530805,0.5 11.854373333994573,-20.043049489992242,0.5
450 27 27 1 0 1 0 -2.537379885240802,27.38268984811345,0 -3.437025172529405,-27.936300004893262,0.5
1283 10 28 1 1 1 0 0.3104180382444206,-10.4954104560771,0 -0.6356178878338136,21.490602362443582,0 5.1548141568092,28.66492440263465,0.5
143 5 31 1 1 1 0 4.749529970881767,2.7734392107446393,0 -22.88409895061215,-13.362934379042352,0 -30.227423517680634,-10.70293732966646,0.5
1255 26 2 1 0 0 1 -1.9570919780841591,-26.427633094723383,0 3.8049654798059467,-29.862555779729988,0.5
1554 4 14 0 1 1 1 -23.592434103998045,14.129651554391206,0 -9.356814006604525,12.59762007864221,0.5 18.09620022350229,-3.8441562755584666,0.5
1455 29 30 1 0 1 0 18.209707528048884,-23.208975671987762,0 -14.106516121137778,27.69938993776,0.5
1646 25 16 1 0 1 1 24.993805416215594,-5.055659286023139,0 -14.982895437310528,9.152204341830407,0.5 16.381879986960023,2.807847590742546,0.5
1237 27 12 1 0 1 1 -3.849625785456407,-27.229219256378784,0 7.690750467508283,11.536999490618049,0.5 3.2111859171590096,-20.147910189531807,0.5
821 29 2 1 0 0 1 -29.33070891330027,3.1558698710891258,0 -29.97258075148789,-2.8096980434804206,0.5
646 25 29 1 1 1 0 -18.58869999924599,17.455951201181566,0 4.738296078239173,-4.449556188536477,0 17.3972918733595,-24.56795138942479,0.5
1220 16 26 1 1 1 0 -3.3310597510906774,-16.160261165422536,0 3.1291773419336666,15.18085139782117,0 11.22634244826898,24.74306438649413,0.5
945 8 1 0 1 0 1 22.066226474453828,8.082799587897316,0 -26.575451486955654,-16.124372182025155,0.5
76 7 27 1 1 1 0 7.206057149989073,2.079120090589129,0 -23.539786689964306,-6.7917922959244885,0 -28.085505622431242,-1.8585946121688819,0.5
1169 17 19 1 1 1 1 -6.682018112569925,-16.174072892851925,0 5.536529293272223,13.401374682648738,0 12.991073745841433,15.731560727725313,0.5 0.7725263399992857,-13.843886847775352,0.5
209 30 16 1 0 1 1 21.84393150127629,21.285973235150635,0 -16.004613415802055,-7.2181957171255,0.5 6.91360979865176,15.114628660737463,0.5
1264 10 21 1 1 1 1 -0.4267694110316402,-10.491323456542922,0 0.873861174969549,21.48223374434979,0 6.868903150136933,21.23836550947457,0.5 5.568272564135744,-10.735191691418144,0.5
1550 27 29 1 0 1 0 23.38097123256438,-14.476884479127294,0 -21.922812526759472,20.63105161925969,0.5
544 26 25 1 0 1 1 -11.283151226474427,23.977916890349515,0 5.4284096201132375,-25.627765587273934,0.5 -8.19652770996909,3.32670009163869,0.5
1063 6 5 1 1 0 1 -4.587692487552053,-4.604679971470162,0 17.99787052808882,18.0645137342291,0 -14.453195552508987,-23.007719102964867,0.5
735 12 26 1 1 1 0 -11.387783115576106,5.154453968423792,0 17.764941660298724,-8.040948190741116,0 21.667962300177923,-16.39357830853497,0.5
1194 4 30 0 1 1 0 8.110392132299276,26.276825140422464,0 14.728287668278645,27.373847781421436,0.5
1509 25 27 1 0 1 1 19.405646102285424,-16.5430015218779,0 -17.03518661496399,22.40652621432764,0.5 7.316996729080463,1.6466811672651769,0.5
1422 9 0 1 1 0 1 4.911241696904041,-8.132017277071608,0 -11.631888229509569,19.26004091938012,0 21.420654433148094,-23.86222042592962,0.5
1520 5 4 0 1 0 1 -20.848740857887304,16.357872864179516,0 25.33915512365955,-12.254681457268411,0.5
237 2 31 0 1 1 0 -18.887889475214397,-22.660486119500728,0 -24.77733678597484,-20.35518562416904,0.5
252 23 30 1 1 1 0 14.022903461231124,18.857576156998338,0 -5.072114017892108,-6.82082541848876,0 -23.014638830193164,-20.894410724300535,0.5
723 28 22 1 0 1 1 -25.4175532806615,12.891779753964682,0 17.352430536529674,-15.528784706953488,0.5 -11.186576655792013,-1.053803930572088,0.5
36 30 30 1 0 1 0 30.230414876954875,4.046234838363342,0 -31.026395500895205,1.9007320226769613,0.5
943 1 2 0 1 0 1 28.715907020583224,10.278457276518647,0 -25.752410276986662,-15.590489566583589,0.5
1332 3 7 0 1 1 1 -5.959823320963558,27.869885288298175,0 4.298969713072363,8.588879985544478,0.5 10.990701161171797,-22.703622794299083,0.5
1379 28 30 1 0 1 0 10.687138746247896,-26.420353241742376,0 -5.874933765266897,30.524337064934382,0.5
1699 7 6 0 1 0 1 -24.499832660877118,0.09055158208913261,0 25.522001728363318,5.905711453958768,0.5
644 8 16 1 1 1 1 -6.15305307691337,5.864293464065975,0 17.011382036172257,-16.21304663594711,0 7.804660586432323,-15.726960072772801,0.5 -15.359774526653304,6.3503800272402815,0.5
1458 4 29 0 1 1 0 -17.213996396736466,21.44593966356205,0 -13.78680929899467,26.761425398381792,0.5
200 10 15 1 1 1 1 7.75959363081692,7.073804258288851,0 -15.88869172024417,-14.48445633840098,0 -15.49681207879956,-6.008228973197682,0.5 8.151473272261532,15.55003162349215,0.5
1418 31 11 1 0 1 1 15.884242752446552,-27.20185346959558,0 -0.617703836049583,12.956405441746936,0.5 15.518669753737392,-14.677223479746985,0.5
914 11 1 1 1 0 1 -11.179768726743193,-2.6949529154578697,0 19.929152947672648,4.804046501468377,0 -28.244628580253927,-12.980406633210798,0.5
650 4 25 0 1 1 1 20.322745223568123,-18.526630200280326,0 14.802553527247458,-21.613292416311168,0.5 -8.845731823813626,-0.0550318196213313,0.5
1381 26 8 1 1 1 1 10.11848457046302,-24.49216752346149,0 -2.1000628353791173,5.083280052039178,0 2.299844765729557,10.146955900837765,0.5 14.518392171571694,-19.428491674662904,0.5
1075 28 25 1 0 1 1 -19.200325843926887,-21.06175414078878,0 21.613292416311168,14.802553527247458,0.5 0.05503181962133041,-8.845731823813628,0.5
240 1 3 0 1 0 1 -19.26718569072416,-23.64372127138946,0 13.352539821550877,25.883579356686703,0.5
1689 31 25 1 0 1 1 31.473970369628766,-1.2803082330949225,0 -25.23506015958616,7.031481973387083,0.5 6.738497041306556,5.730851387385892,0.5
718 25 8 1 0 1 1 -22.524988612016614,11.953028404070743,0 4.695852265792814,-9.284340121831411,0.5 -23.570800110071172,5.715538659747559,0.5
359 1 1 0 1 0 1 -7.36646394495916,-29.59704730116869,0 1.544093984073517,31.046187749357376,0.5
275 26 27 1 0 1 0 13.95045231624993,22.530754096834773,0 -19.57818729350497,-20.222378255300253,0.5
1629 8 21 0 1 1 1 -22.69550595563012,6.096229114621407,0 -19.207489504609327,11.371998370133658,0.5 11.697029243482753,3.0707502140534455,0.5
477 29 2 1 0 0 1 -5.634811274060157,28.956845510271393,0 -11.524339174454338,27.810782200293055,0.5
1261 23 10 1 1 1 1 -1.2154386119386047,-23.46854722773885,0 0.4396267319777932,8.48862346535235,0 6.535037820927167,10.175621881686224,0.5 4.879972477010769,-21.781548811404974,0.5
187 29 10 1 0 1 1 22.730140661885784,18.804007697586343,0 -11.914932987637926,-2.069872435706505,0.5 12.74149078118733,18.327695236251564,0.5
389 17 30 1 1 1 0 2.321610153159296,17.34532001136755,0 -1.923619841189131,-14.3718365808474,0 -9.993201699403649,-29.434434253014544,0.5
1537 29 29 1 0 1 0 24.30657505624833,-16.716471189666986,0 -20.906614814282165,21.66018137059885,0.5
42 12 21 1 1 1 1 12.349696801564185,1.9326119396907644,0 -19.26552701044013,-3.0148746259175927,0 -22.16913222974197,2.6037619284826943,0.5 9.44609158226235,7.551248494091052,0.5
1352 30 26 1 0 1 1 8.563340040240277,-29.273182391998613,0 -1.6816202201434631,27.118667987849342,0.5 7.302867690928302,-3.594179111952483,0.5
692 19 12 1 1 1 1 -16.268504157291943,10.751082386633202,0 10.428528305956375,-6.891719478611027,0 7.120502956223081,-11.897413065470086,0.5 -19.576529507025235,5.745388799774142,0.5
288 30 22 1 0 1 1 14.792170544636885,26.67286431147538,0 -16.159377807317448,-16.766767991487693,0.5 -0.639723465403339,11.217876532027457,0.5
587 11 0 1 1 0 1 -6.481524873065501,9.499465001768954,0 11.554022599812415,-16.93382891619683,0 -22.709984653232784,22.63860854933296,0.5
468 2 11 0 1 1 1 4.668653499702571,-29.128228138692453,0 -4.104401816460175,-12.304628630277241,0.5 -9.168703917832456,19.292093418473893,0.5
603 5 28 0 1 1 0 16.203313829064104,-20.969087270476507,0 12.67848756624407,-26.220334723885472,0.5
574 27 10 1 0 1 1 -14.390369928717496,23.43431785469044,0 0.3815628044869479,-12.087365710783804,0.5 -16.363594930747958,15.181658701946889,0.5
387 24 28 1 1 1 0 3.429666608861165,24.258758973864733,0 -1.0498979414881118,-7.426150706285123,0 -9.930532742682923,-27.379454330692976,0.5
83 29 30 1 0 1 0 28.122785430566076,8.908363465100669,0 -30.887970726198958,-3.4904533254974215,0.5
1442 3 24 0 1 1 0 -16.495199930251157,23.241307606523392,0 -9.287177286035543,23.45204336636246,0.5
607 20 11 1 1 1 1 -12.773076632683887,16.034291794014003,0 7.165384452481205,-8.994846616154197,0 2.472421000574667,-12.733308069622652,0.5 -17.466040084590425,12.295830340545548,0.5
771 30 16 1 0 1 1 -29.20908314659392,8.779490972451825,0 14.074522166691434,-10.495609833607169,0.5 -16.571073265800546,-1.2843406166085325,0.5
1397 27 21 1 0 1 1 11.984104325281432,-24.751388719034956,0 -3.9690876610669488,21.96579939676146,0.5 9.976051917442355,-6.835816567206488,0.5
452 2 30 1 1 1 0 -0.24906555356688495,2.4875623308826698,0 2.9389735320892423,-29.3532355044155,0 -2.9315498406024108,-30.946017765329092,0.5
922 1 29 0 1 1 0 29.42642515625015,8.020941498577852,0 30.03951446232284,1.9691548613293675,0.5
1010 18 21 1 1 1 1 -15.358404570087687,-10.313554627843383,0 11.207484416009935,7.526107431128954,0 21.193893298591654,7.004918760978734,0.5 -5.37199568750597,-10.834743297993603,0.5
1543 14 23 1 1 1 0 12.12655735578836,-7.949629343357789,0 -14.635500256985953,9.594380241983538,0 -16.363884262129638,17.90176784163022,0.5
1457 20 19 1 1 1 1 12.773076632683878,-16.03429179401401,0 -7.1653844524812,8.9948466161542,0 -7.457036271865929,18.990592672164706,0.5 12.481424813299148,-6.0385457380035055,0.5
75 12 0 1 1 0 1 12.022820539660238,3.4207873759010354,0 -18.75560004186997,-5.336428306405615,0 28.655529819511305,14.391338046307524,0.5
1314 0 1 0 1 0 1 -4.5248183267561854,31.17332223408104,0 10.318948964144441,-29.321822799331258,0.5
626 28 10 1 0 1 1 -19.27803858651197,20.99064620865579,0 2.6833518563663485,-11.791930410875704,0.5 -18.9621651530506,11.776514454983428,0.5
513 9 0 1 1 0 1 -3.0356591908518937,9.00193164143099,0 7.189719136228169,-21.320364413915502,0 -15.751037301096904,27.931251743154192,0.5
104 14 27 1 1 1 0 13.441934105447872,5.437316204231395,0 -16.22302392036812,-6.56227817752065,0 -27.74324725001413,-4.749971791977665,0.5
1329 12 2 1 1 0 1 2.4782643558936903,-12.251865400105686,0 -3.866092395194157,19.11291002416487,0 11.729599271959838,-27.724835453420447,0.5
813 26 21 1 1 1 1 -26.25259737555894,3.6126349160683175,0 5.448652285493364,-0.7497921523915376,0 20.481322040683292,-8.874989998068772,0.5 -11.219927620369008,-4.512562929608917,0.5
1326 25 28 1 0 1 1 4.778223521935969,-25.04832489358156,0 0.5533560386789906,29.119474533281974,0.5 6.549558105422167,-2.3137174900360646,0.5
1073 16 1 1 1 0 1 -11.205808833190469,-12.111145626817905,0 10.526668903906197,11.377136800950154,0 -16.30971488796375,-26.462108764672056,0.5
1334 11 25 1 1 1 1 2.4879028697154455,-11.227659565148102,0 -4.4349572894927505,20.01452357265531,0 0.34125514896910847,26.19415096778863,0.5 7.264115308177304,-5.048032170014782,0.5
1536 4 4 0 1 0 1 -22.600921839375943,15.666790737429908,0 26.019130727542468,-10.735680517929701,0.5
1667 6 25 0 1 1 0 -25.31056443968587,3.102471231858437,0 -24.580571208660356,9.057898158843347,0.5
440 25 28 1 0 1 0 -1.412992610357234,25.460821901169567,0 -4.41155458869946,-28.788681562567685,0.5
1087 0 30 0 1 1 0 20.16842435488995,24.196790263195695,0 24.137069346137068,19.587033552321557,0.5
590 8 5 0 1 1 1 13.459275791891873,-19.263901348319695,0 -1.768399627000548,-7.944983496472747,0.5 -20.095924109576714,18.286711956558328,0.5
569 0 1 0 1 0 1 15.984671846821193,-27.142959786092636,0 -20.647309525225467,23.236579123647562,0.5
1659 28 5 1 0 0 1 28.17340220215009,-4.302256193659851,0 27.102059491892508,1.9308990905584027,0.5
705 26 28 1 0 1 0 -22.78469606338187,13.531726619294032,0 21.440508607193173,-19.71178811434608,0.5
29 0 29 0 1 1 0 -31.31923155149012,-3.3698271504850026,0 -29.97258075148789,2.809698043480417,0.5
1335 7 21 1 1 1 1 1.6495976837975153,-7.316339759853275,0 -5.388685767071883,23.900043215520697,0 1.1242251143297421,22.293185458617398,0.5 8.16250856519914,-8.923197516756572,0.5
366 18 30 1 1 1 0 4.0022785295422425,18.061887126542597,0 -2.920581629665961,-13.180296011260815,0 -12.456260427583459,-28.47966952336734,0.5
675 8 1 0 1 0 1 18.75340484108563,-14.161913954912526,0 -27.95533325032284,13.592253045885883,0.5
1615 30 8 1 0 1 1 29.007223747002183,-9.425018328435904,0 -6.229878422259118,8.332983549957977,0.5 24.203930099185794,-1.555560270040349,0.5
119 15 28 1 1 1 0 14.024819313223302,6.599579019258627,0 -14.92964636568932,-7.0253583108237,0 -28.342246744671993,-6.705747494808456,0.5
44 26 3 1 1 1 1 26.150356237077307,4.290555753506998,0 -5.427432426563215,-0.8904927035580561,0 -4.42526722078538,5.354158199441108,0.5 27.152521442855143,10.535206656506162,0.5
916 30 5 1 0 0 1 -29.59704730116869,-7.366463944959162,0 -24.26632687905624,-12.222740273719012,0.5
1045 26 5 1 1 0 1 -19.910295073257142,-17.48800017428615,0 4.1323253925628025,3.629584941832974,0 -15.950747863984807,-21.995991511627388,0.5
423 12 13 1 1 1 1 0.0923989424556892,12.499658492752234,0 -0.14414235023087515,-19.499467248693485,0 -6.099626934373217,-13.455279679793684,0.5 -5.863085641686652,18.543846061652037,0.5
334 3 31 0 1 1 0 -9.405851176213467,-26.903158990180387,0 -16.059763719010753,-27.754891267838644,0.5
78 4 31 1 1 1 0 4.314294957912484,1.2793979115704854,0 -26.365135853909624,-7.818542792930745,0 -31.905928587481366,-3.2033921037767534,0.5
663 28 21 1 0 1 1 -21.959627419109992,18.16658370783766,0 12.741490781187329,-18.327695236251568,0.5 -11.914932987637926,2.0698724357065084,0.5
53 0 25 0 1 1 1 -30.897572178285337,-6.13107115336691,0 -26.180143411634205,0.9220037669478041,0.5 5.207866420274705,7.150393510050696,0.5
1562 8 11 1 1 1 1 7.418134079709166,-4.149853825794043,0 -20.508958926254753,11.473125283077648,0 -7.10699046610484,10.850838055868998,0.5 20.82010253985908,-4.7721410530026915,0.5
959 12 22 1 1 1 1 -11.49927866550496,-4.9006724205013406,0 17.938874718187737,7.645048975982091,0 23.051024359749572,3.3015565974600314,0.5 -6.387129023943126,-9.2441647990234,0.5
10 26 3 1 1 0 1 26.481902093790108,0.9792147338123396,0 -5.496243830786626,-0.20323324664029688,0 28.258827217741285,7.049020093448767,0.5
337 7 0 1 1 0 1 2.3965730454093905,7.106788137971833,0 -7.828805281670676,-23.215507917374655,0 4.380176280341974,31.76576861580921,0.5
