997 31 31 1 1 1 1 -31.49860099393192,0.2968761106440356,0 0.4999777935544749,-0.004712319216571993,0 31.442053163333057,-6.296609633297734,0.5 -0.5565256241533388,-5.995021203437127,0.5
1799 0 0 0 1 0 1 -25.42574233226161,18.59520440472328,0 28.967686028399378,-13.752205865244878,0.5
1163 0 0 0 1 0 1 27.45941330596303,15.434721276793452,0 -24.51946639609761,-20.665085716024507,0.5
1800 18 31 1 1 1 0 14.966814395936526,-10.874027167410757,0 -10.92172942406179,7.93510090594839,0 -21.957323809056,23.369337413462592,0.5
1043 15 0 1 1 0 1 -15.358785982446252,-2.0875088372058572,0 16.34967540066859,2.222186826703009,0 -30.40494873702076,-10.187693178494323,0.5
1098 31 15 1 0 1 1 -30.01884925779239,-9.545610993432389,0 16.589391411313535,-1.0208293697953117,0.5 -13.905947517237463,-10.717957998044087,0.5
998 0 9 0 1 1 1 31.49937821696832,-0.1979190349151125,0 9.462113614339948,-6.059571432809634,0.5 -22.53725473305644,-5.858510825911742,0.5
1819 31 14 1 0 1 1 26.54317298305361,-16.962015446039807,0 -8.9874258913663,12.86375434494917,0.5 17.977067297767526,-4.367499441503968,0.5
234 31 0 1 0 0 1 23.364865841270284,21.12659566090668,0 19.340752382049963,25.577046297339116,0.5
1087 6 31 1 1 1 0 -6.258722772630819,-1.7545339139932246,0 24.553450877243986,6.883171508742651,0 31.950303203358487,2.725458716154102,0.5
392 0 31 0 1 1 0 -10.48381565247408,-29.704201880625227,0 -16.141758867831268,-27.707284613487307,0.5
369 31 12 1 0 1 1 12.60091782297384,28.869826290067287,0 -10.499378746907198,-9.056105450412636,0.5 2.301553644685275,20.2719720506081,0.5
1367 21 13 1 1 1 1 -8.724264789823298,-19.650374140892314,0 4.260687455495098,9.596694347877643,0 10.961852070138066,9.903928472702626,0.5 -2.02310017518033,-19.34314001606733,0.5
1357 6 22 1 1 1 1 -2.8228723203837336,-5.855031328935086,0 11.074345256890032,22.969738290437643,0 15.176125412653004,17.66168784288262,0.5 1.278907835379238,-11.163081776490111,0.5
1761 9 24 0 1 1 1 -16.450100881421935,15.350706204961428,0 -13.81881041622528,21.101906991559403,0.5 9.576888615130358,-0.730208499941293,0.5
160 25 8 1 1 0 1 22.34582034111852,12.28471868959374,0 -5.695993420285113,-3.1313988816611498,0 17.7026849364205,16.579051421653492,0.5
1610 31 0 1 0 0 1 10.670244487726693,-29.6377442220581,0 16.315529101452043,-27.60531670058635,0.5
177 6 22 1 1 1 0 5.5207126017115575,3.4309958276429313,0 -21.658180206714572,-13.460060554599192,0 -22.27723207759502,-6.780481617184093,0.5
407 22 0 1 0 0 1 6.480655560332308,21.5464870340465,0 3.3271879087194973,31.893256663753714,0.5
1549 20 31 1 1 1 0 3.1432810666076927,-20.25758584176075,0 -1.7633040129750472,11.364011569768227,0 1.099129826947423,32.0474946543956,0.5
1386 0 5 0 1 0 1 11.041831086024661,29.50132143256806,0 -3.6698601645792124,-26.92177791997465,0.5
157 31 2 1 1 1 1 27.745455620074612,14.91441223898783,0 -0.4404040574615018,-0.23673670220615606,0 -5.042860713781382,4.101165178507241,0.5 23.142998963754735,19.25231411970123,0.5
1389 28 27 1 0 1 1 -9.73822507490727,-26.784640605960114,0 15.035404673533705,23.794676007524895,0.5 4.101257221006245,-6.279306427237338,0.5
1609 0 12 0 1 1 1 -10.577082265866284,29.671119472326904,0 1.4543869368454878,13.788936095215366,0.5 12.199359397408063,-16.353153527465935,0.5
558 0 31 0 1 1 0 5.707981554254832,-30.978523957352884,0 -0.1926896757171459,-32.065758539115706,0.5
329 8 25 0 1 1 0 -12.025960502687106,-20.189756659945402,0 -18.20427799056143,-18.837575821807878,0.5
40 24 22 1 0 1 1 24.306810182204707,3.0706642223254543,0 -23.074580180961576,3.132690452690021,0.5 8.673090261101715,7.143353926747757,0.5
337 18 31 1 1 1 0 9.064836305418375,16.126957020962415,0 -6.614880547197193,-11.76831998826987,0 -20.665085716024503,-24.51946639609761,0.5
420 28 6 1 0 0 1 7.0876617841983665,27.604620092165987,0 0.5300931559320148,26.19100993176922,0.5
1739 26 8 1 0 0 1 18.079720641399007,-19.374563260341397,0 20.41965338245,-13.087694821495425,0.5
1378 14 0 1 1 0 1 -5.422408483198111,-13.447954723352586,0 6.5442861004115125,16.23029018335657,0 -6.2150440607327555,-31.45827756446863,0.5
342 2 18 0 1 1 1 -14.049027008204204,-25.93983115062141,0 -14.08630462900021,-13.409922516517653,0.5 1.1533178883738406,14.728199409580144,0.5
1726 0 0 0 1 0 1 -20.532762346977684,23.888400331594735,0 25.082933838710012,-19.977397979789462,0.5
1044 27 26 1 1 1 0 -27.237689206657908,-3.789232993827551,0 4.457076415634931,0.620056308080872,0 27.073969525069085,-2.2913258510369947,0.5
1088 0 2 0 1 0 1 30.303871654961707,8.597985968795744,0 -26.742104698685583,-13.82424812727761,0.5
385 5 26 1 1 1 1 1.9441116407859143,5.14494216956427,0 -9.367083360150314,-24.789266816991482,0 -14.979747545129518,-22.66841775431594,0.5 -3.6685525441932896,7.265791232239812,0.5
1337 1 31 0 1 1 0 14.944730125149224,26.587685899424518,0 20.665085716024514,24.519466396097606,0.5
1429 4 0 0 1 0 1 6.083222551731786,26.818732322503646,0 -1.1166951434374317,-32.04688739888202,0.5
350 13 8 1 1 1 1 6.128871746483882,12.028588076542965,0 -8.398824245181617,-16.483620697484803,0 -9.204958392916355,-4.849612457163845,0.5 5.322737598749144,23.662596316863922,0.5
1002 7 21 0 1 1 1 24.49951639097536,0.1539370271561926,0 21.5372744722003,-5.864793969877307,0.5 -10.462093875196086,-6.065854576775191,0.5
1359 10 9 1 1 1 1 -4.50050772963885,-9.486592126546865,0 9.215325351165262,19.424926735310247,0 9.49279773246193,6.011388459463059,0.5 -4.223035348342183,-22.90013040239405,0.5
377 26 22 1 0 1 0 9.98708177592231,24.546042402005266,0 -14.037192240388059,-18.579753335456022,0.5
1480 25 9 1 1 0 1 -1.6011582479974868,-25.449681574920923,0 0.40813837694053584,6.487173734783765,0 4.575373681160082,-22.832344506811992,0.5
75 15 10 1 1 1 1 15.071733766163987,3.6184031397665337,0 -16.044103686561662,-3.851848503622439,0 -11.610556347311036,3.3830432018990524,0.5 19.50528110541461,10.853294845288024,0.5
1031 20 13 1 1 1 1 -20.40285874522932,-1.993327625409178,0 11.445506125372546,1.1182081801075876,0 14.019441893319556,-4.658889245285464,0.5 -17.82892297728231,-7.7704250508022294,0.5
803 24 7 1 0 0 1 -19.955757813227482,14.213294132600305,0 -23.436564539578576,9.326169770177248,0.5
116 28 15 1 0 1 1 26.62837486001344,10.157738543327646,0 -16.62056988035699,0.08158953468428543,0.5 13.277956278254594,11.48676965350831,0.5
231 4 31 0 1 1 0 -20.57081946984302,-18.250791389392607,0 -27.5449295140513,-16.417273161702145,0.5
607 31 6 1 0 0 1 -10.390445568053863,29.73699112044307,0 -14.075501863747043,22.093669846443653,0.5
1169 25 10 1 0 1 1 -21.98959292771125,-12.911537587504881,0 12.092547108470486,0.1424936118640696,0.5 -15.502236173363237,-16.060220223436176,0.5
1184 5 22 0 1 1 1 22.194493061116756,14.479450188458129,0 22.122746981353803,7.268704561268202,0.5 -4.678150299994733,-10.215914534228407,0.5
252 27 19 1 0 1 1 19.322874169468353,19.567231123255347,0 -17.97088847433327,-9.659045886787968,0.5 4.5139105592299025,13.110095783909163,0.5
1050 3 30 0 1 1 0 28.149117706961427,4.458382253646576,0 31.063101178393087,-1.1548788598437891,0.5
1073 11 20 1 1 1 1 -11.198901220986983,-2.614308979936432,0 19.963258698281145,4.660289920756249,0 21.32724599216102,-1.1826150641065247,0.5 -9.834913927107106,-8.457213964799205,0.5
838 31 0 1 0 0 1 -27.50776732651248,15.34837896034798,0 -30.431268080864474,10.10880423148846,0.5
1459 19 5 1 1 0 1 -2.5047638889059085,-19.338463172155976,0 1.6056178775037875,12.396450751382035,0 2.5463864603553468,-27.051172174131732,0.5
868 18 12 1 1 1 1 -16.931961693486976,7.4537690607027605,0 12.355755830382387,-5.4392368821344474,0 9.023076043479492,-10.52777748214629,0.5 -20.26464148038987,2.3652284606909184,0.5
797 13 19 1 1 1 1 -10.846458901513722,8.03768183606279,0 14.863665902074361,-11.014601034604565,0 12.09480426393636,-16.430633274985684,0.5 -13.615320539651723,2.62164959568167,0.5
268 0 28 0 1 1 0 -20.979373824178925,-23.497146080861736,0 -23.45698509442126,-17.26325143998368,0.5
702 5 24 0 1 1 1 15.71070573426807,-21.340658971344734,0 9.69314477967922,-23.287184120888842,0.5 -9.278273465474676,2.48266822186706,0.5
947 3 0 0 1 0 1 28.10584888252618,-4.723479500601424,0 -32.05877602818187,-0.6963329482881493,0.5
227 19 5 1 0 0 1 14.748052414903702,12.757152894249291,0 16.11694726304884,21.87450595830915,0.5
1879 28 18 1 0 1 1 26.46553896101899,-10.574745741755969,0 -14.953122678186507,12.436001052231557,0.5 14.762570190326041,0.5626023246459075,0.5
1563 12 24 1 1 1 0 2.4578836826927497,-12.255970292161805,0 -3.83429854500069,19.119313655772416,0 1.0654137221598772,25.201485940329658,0.5
43 4 27 0 1 1 1 -27.249459001114314,-3.7036447111716955,0 -28.05752693809723,2.2416917981623365,0.5 3.650934445017608,6.551387462071219,0.5
1731 31 31 1 0 1 0 20.90545195512244,-23.56293866545655,0 -16.417273161702145,27.5449295140513,0.5
1625 16 27 1 1 1 0 6.314276634023985,-15.244012286436229,0 -5.931593201658895,14.320132753924943,0 -4.980517194972256,27.702787738250922,0.5
1045 31 5 1 0 0 1 -31.185745218071567,-4.4383888060338395,0 -25.390219537863285,-9.674024592645274,0.5
501 19 31 1 0 1 0 -0.06126095597465081,19.499903771436234,0 -5.901010385405944,-31.518694078773812,0.5
1463 28 15 1 1 1 1 -3.3053543270554004,-28.30767798270667,0 0.405920706831365,3.476381506648188,0 7.757159998792938,14.699539746302491,0.5 4.045884964906173,-17.08451974305237,0.5
1568 5 5 0 1 0 1 -5.618188412934444,25.897605274557126,0 11.481797154343605,-24.625562615024798,0.5
302 4 30 0 1 1 0 -16.023988190885845,-22.349089521910084,0 -22.648224616490136,-21.291029137197906,0.5
1940 4 25 1 1 1 0 4.420292628279099,-0.843215915635761,0 -27.01289939503894,5.152986151107429,0 -23.924037006067213,10.67194702630811,0.5
1400 24 23 1 0 1 1 -7.570916362186216,-23.30088464923126,0 12.96823846558219,20.49572616668642,0.5 3.0796946455838667,-9.938082354758489,0.5
813 3 11 1 1 1 1 -2.913194458442321,1.9399221755784306,0 23.7217263044589,-15.796509143995792,0 6.246343776747459,-11.368077648515966,0.5 -20.38857698615376,6.368353671058257,0.5
1164 16 31 1 1 1 0 -14.358031952047176,-8.130001135546808,0 13.48784819737765,7.637273793998516,0 30.367152321379812,10.299808730754023,0.5
1331 17 18 1 1 0 1 -8.860859128679818,-15.09089710725282,0 7.341854706620421,12.503886174580908,0 -1.6614980339234648,-14.6795580411424,0.5
1428 0 9 0 1 1 1 7.064528969905517,30.69759649277718,0 7.977733465738587,7.912380725776194,0.5 0.8010691153583789,-23.272479203394276,0.5
193 28 27 1 1 1 0 23.419772645943322,16.240820459949827,0 -2.876112430203566,-1.9944867231517334,0 -26.017146334145274,-10.740488658700361,0.5
1339 24 3 1 0 1 1 -11.870355125687764,-21.432327666169584,0 6.94449832395611,0.1547353501006925,0.5 -8.559638983064644,-27.83850894856979,0.5
1743 4 19 0 1 1 0 -19.01314164626818,19.868327678467114,0 -9.147138037506432,18.236772349371556,0.5
410 18 28 1 1 1 0 5.161335461725746,17.765433185023443,0 -3.766379931529598,-12.96396475663873,0 -13.713008636179698,-25.694423405557497,0.5
821 28 31 1 1 1 0 -24.1112025115335,15.19539119100988,0 2.9610248698374475,-1.8661006725801608,0 23.45019410411389,-21.870948687228502,0.5
336 31 28 1 0 1 0 15.520911258771184,27.41078827209006,0 -19.26383176214346,-21.84387295879173,0.5
1740 14 11 0 1 1 1 -11.979574353752051,12.756950979874702,0 -3.49847995365145,12.490421850918365,0.5 18.407027436066585,-10.836574226566805,0.5
547 23 10 1 1 0 1 -3.4572944282079803,23.244292100141102,0 1.2505107506284183,-8.407509908561675,0 -9.097769481162477,20.383341003565356,0.5
910 31 23 1 0 1 0 -30.249251098823706,8.788219840235717,0 20.89295497717279,-12.318053105983543,0.5
1192 0 6 0 1 1 1 25.94127682529547,17.86897189749282,0 8.756575579345316,-1.2539474164466506,0.5 -17.59646754476437,-19.406553788502848,0.5
1233 23 18 1 1 1 1 -17.480360550465086,-15.706272473943137,0 6.322683603359712,5.680992171426241,0 17.771247022436718,7.901441594262021,0.5 -6.03179713138808,-13.485823051107356,0.5
380 9 15 1 1 1 1 3.497183250504442,8.832876615938387,0 -8.282802435405257,-20.919970932485654,0 -11.284589481942017,-12.202788215159828,0.5 0.49539620396768047,17.550059333264215,0.5
1334 4 7 1 1 1 1 -2.2418329740277074,-3.901818155240206,0 13.700090396835991,23.84444428202348,0 8.93881249703312,3.5139196266967336,0.5 -7.003110873830577,-24.232342810566955,0.5
307 0 4 0 1 0 1 -17.950380508365598,-25.885011871832088,0 10.740488658700363,26.01714633414527,0.5
816 21 3 1 1 0 1 -18.006852860906047,11.747478454786789,0 8.794044420442487,-5.737140640709827,0 -27.147915221606652,10.547070641673823,0.5
743 2 28 0 1 1 0 20.39591558417859,-21.313296964173823,0 15.36962075810328,-24.739134135051714,0.5
455 30 1 1 0 0 1 4.297487574096269,30.195721560355004,0 -1.6426543722030766,31.0411289519805,0.5
1832 4 8 0 1 1 1 -23.757893972802968,13.849638044983427,0 -4.321609836324533,9.46433771706098,0.5 23.32393951384619,-6.651604735283374,0.5
4 7 31 0 1 1 0 -24.498065582993494,-0.30786797714213887,0 -31.572909131720323,5.603696008897289,0.5
1307 13 23 1 1 1 0 -7.693020217870979,-11.093576516499464,0 10.5422869652306,15.202308559647413,0 18.322032164367762,15.891920505963817,0.5
1232 11 27 1 1 1 0 -8.578323172378095,-7.6591364754938915,0 15.291793481195736,13.653243282402155,0 24.50945270377052,13.839679481896821,0.5
1096 18 27 1 1 1 0 -17.664994077812896,-5.495269259175149,0 12.89067135407968,4.010061351289973,0 28.04102446999489,2.439456224888608,0.5
854 4 27 0 1 1 0 24.657628511593987,-12.175851353569792,0 22.00107912536058,-17.555697574281208,0.5
1682 0 25 0 1 1 0 -17.045319441996583,26.48975434239233,0 -8.752924435446314,24.69081436136457,0.5
1180 12 14 1 1 0 1 -10.554099068775189,-6.697834937237455,0 16.464394547289295,10.44862250209043,0 -11.560777926411287,-14.442936465144527,0.5
1419 29 3 1 0 0 1 -7.426080685720673,-28.55001445970153,0 -1.3675665350789838,-29.092606651383647,0.5
1906 26 0 1 1 0 1 25.352869366309005,-7.712458420949217,0 -5.261916283573567,1.6006989175554978,0 31.882646625072788,-3.427366945737596,0.5
1981 3 0 0 1 0 1 -28.449243360429037,1.7001624096198673,0 31.801829484604696,4.110187517878891,0.5
82 26 24 1 0 1 0 25.625539425704527,6.7514242306096275,0 -25.22016080427995,-0.43987385266825285,0.5
928 27 31 1 0 1 0 -26.799489001630874,6.167445926107978,0 29.351971927080896,-12.911690206624964,0.5
338 5 3 0 1 0 1 -12.912128331721304,-23.141455052462884,0 8.647053854312446,27.811480716434716,0.5
1403 18 15 1 0 1 1 -5.550738265463608,-17.64764303549678,0 10.374178450144141,12.985623646346944,0.5 0.7729014504233049,-17.54002917180965,0.5
1965 0 21 0 1 1 1 -31.30977009683816,3.456630799367914,0 -20.711754675740096,8.323053421188543,0.5 11.094995898825657,4.811555466275107,0.5
470 22 9 1 1 1 1 2.1174370496665764,22.4001442035693,0 -0.8940289765258878,-9.45783866372926,0 -6.867400764144367,-8.893188783818173,0.5 -3.8559347379519036,22.96479408348039,0.5
1271 2 21 0 1 1 1 19.439085838844655,22.189455643391284,0 18.680578962559583,12.21826377287609,0.5 -2.405887032119362,-11.851654213175472,0.5
812 16 15 1 1 1 1 -13.704832336730911,9.1884476720551,0 12.874236437535098,-8.631572055566911,0 9.53298273860597,-13.615147450741787,0.5 -17.04608603566004,4.204872276880223,0.5
898 2 27 0 1 1 0 27.99833627721369,-9.292102329831495,0 24.21022486930127,-14.356706160462654,0.5
1699 10 6 1 1 0 1 6.145027917267856,-8.514025598739922,0 -12.582676211548467,17.43348098789603,0 19.78879671264475,-17.165474787072466,0.5
378 2 29 1 1 1 0 0.9348980143445009,2.3186128833366535,0 -11.031796569265111,-27.359632023372512,0 -16.59646748927308,-25.11587678894571,0.5
136 8 29 0 1 1 0 -21.387490311097398,-9.737826153342178,0 -29.334379621167077,-6.763443815191908,0.5
522 30 21 1 0 1 1 -2.1063307842893795,30.427181444017368,0 -4.500884485307625,-21.863029041052776,0.5 -6.710805308168613,10.060571162506431,0.5
500 28 0 1 1 0 1 0.0000000000000017451216887849782,28.5,0 -0.0000000000000002143131898507868,-3.5,0 -5.999999999999998,31.5,0.5
1713 6 28 1 1 1 0 4.032123926847613,-5.098232697567166,0 -15.818332328402175,20.000759044301958,0 -12.973251650731385,26.075750067961526,0.5
514 1 25 0 1 1 1 1.3410276086948756,-30.470504507682804,0 -4.873010590963196,-25.739148544199367,0.5 -6.279990377134869,6.229905365500622,0.5
205 9 10 1 1 0 1 7.59700425562736,5.703992140595897,0 -17.992904815959538,-13.509455069832388,0 13.590698805517142,17.707142795429046,0.5
233 7 28 1 1 1 0 5.578838473552688,5.012640151258448,0 -18.224205680272114,-16.37462449411093,0 -25.209698320506973,-14.58496179593995,0.5
433 25 31 1 0 1 0 5.327865205261499,24.937198165683405,0 -12.449056586660301,-29.551158862253267,0.5
1177 2 17 1 1 1 1 -2.1233510006582916,-1.319613779862666,0 25.05554180776784,15.571442602379458,0 18.03053007627844,4.141254057458762,0.5 -9.148362732147692,-12.749802324783362,0.5
679 17 27 1 1 1 1 -9.330503362900801,14.805124349187238,0 7.730988500689235,-12.267103032183712,0 9.586176936265634,-26.464225130288792,0.5 -7.475314927324402,0.6080022510821586,0.5
713 28 31 1 0 1 0 -17.679312602331837,22.353789520102197,0 14.83423192466104,-28.42878054376176,0.5
454 27 4 1 0 0 1 3.960296520186933,27.213343261572902,0 -1.9771601914289727,28.077407956886415,0.5
1677 24 18 1 0 1 0 12.932215042654123,-20.808839806451257,0 -4.6690995694038255,18.879870476541754,0.5
105 2 18 1 1 1 1 2.3652133970688634,0.8097935454953733,0 -27.909518085412586,-9.555563836845405,0 -19.446083647498483,-0.31596008370049145,0.5 10.828647834982965,10.049397298640287,0.5
646 9 24 0 1 1 0 9.962060198375282,-20.17442332766781,0 5.467730439741668,-24.62425478747169,0.5
467 10 31 1 1 1 0 1.086612925129437,10.44362352591004,0 -2.2249693228840854,-21.384562457815797,0 -9.227623647336905,-30.70994890622758,0.5
1116 3 0 0 1 0 1 26.62837486001344,10.157738543327653,0 -27.29289041510377,-16.832947834207076,0.5
1014 11 17 1 1 1 1 -11.488878748798435,-0.5056333606554442,0 20.480175160901556,0.9013464255162265,0 17.74688506677437,-5.224755537506116,0.5 -14.22216884292562,-6.631735323677786,0.5
1922 7 4 0 1 0 1 -23.76810161400759,5.943681154487484,0 28.134076788250354,-0.850719267933072,0.5
1956 29 28 1 0 1 0 29.21861205805121,-4.064813575196838,0 -27.401408888246728,9.869791838692107,0.5
1081 26 23 1 0 1 1 -25.646623158714938,-6.670886039715162,0 24.25362114973932,0.1089087917364786,0.5 -6.715886060784377,-7.946500765655415,0.5
1849 0 31 0 1 1 0 -28.021640105917644,14.388804181530435,0 -25.280915499911846,19.726259439800465,0.5
1755 22 14 1 0 1 1 16.157841699671742,-15.658037923327077,0 -6.237354538012348,14.39949333716769,0.5 16.742686990409688,-7.869716153786373,0.5
239 1 13 0 1 1 1 -22.299025639260858,-20.808735077836587,0 -13.963582183509544,-4.823730154597666,0.5 9.43211684784611,17.008385336903018,0.5
397 30 4 1 0 0 1 9.69798233188853,28.917108062362978,0 3.055471008287106,27.980602154305345,0.5
780 28 28 1 0 1 0 -21.959627419109992,18.16658370783766,0 18.13508348061785,-22.789663164492396,0.5
1342 8 28 1 1 1 0 -4.048024731177478,-7.47418863661973,0 11.191597786196558,20.663933289478077,0 18.84868666567959,22.203085618423227,0.5
335 21 15 1 0 1 1 10.652361371296763,18.675577560421114,0 -12.891398447331465,-10.49103646319752,0.5 2.9632789425055766,17.3051719988246,0.5
17 19 14 1 1 1 1 19.47219653183044,1.0409429502958292,0 -12.482177263993872,-0.6672711219845059,0 -14.799615764785456,5.217410585215032,0.5 17.15475803103886,6.9256246574953675,0.5
639 1 29 0 1 1 0 12.899505211101745,-27.637886411749342,0 7.039609352688703,-29.26933378403987,0.5
715 21 13 1 1 1 1 -13.442717111217654,16.779253757774093,0 6.565047891524901,-8.194519277052464,0 3.7581934165020368,-14.287266437081684,0.5 -16.24957158624052,10.686506597744874,0.5
219 29 22 1 0 1 0 22.789102928497,18.732506178148437,0 -21.191520439324513,-9.652432930079925,0.5
403 12 19 1 1 1 1 3.750498828015952,11.92408313209242,0 -5.850778171704886,-18.601569686064174,0 -11.574338075109246,-16.801330248616516,0.5 -1.9730610753884088,13.724322569540078,0.5
1826 8 24 1 1 1 0 7.261358169444009,-4.418447412276031,0 -20.075519644933436,12.215707551586672,0 -17.810893020908473,17.861189484403152,0.5
129 0 23 0 1 1 0 -28.94842980519277,-12.419275816802955,0 -23.962023978503105,-3.75118739249882,0.5
278 19 25 1 1 1 1 12.523926736943395,14.946613632782322,0 -8.028158164707303,-9.581162585116873,0 -20.976400696858995,-15.692055754578915,0.5 -0.424315795208301,8.835720463320278,0.5
703 1 0 0 1 0 1 18.15920711110482,-24.504962703419896,0 -23.57523935148594,21.736101065281893,0.5
880 9 16 1 1 1 1 -8.832876615938387,3.4971832505044422,0 20.919970932485654,-8.282802435405259,0 13.132564701048079,-11.652714034626698,0.5 -16.620282847375965,0.127271651283003,0.5
849 24 24 1 1 1 1 -21.794608971269277,11.191292141190345,0 6.6718190728375335,-3.4259057575072487,0 19.053884365263478,-16.52874739946037,0.5 -9.412543678843331,-1.9115495007627783,0.5
1318 6 15 0 1 1 1 13.798591929235336,21.44408684860331,0 13.433046901755592,9.787913512860365,0.5 -3.8828331663044375,-17.122313120681042,0.5
749 9 31 1 1 1 0 -6.696377612452434,6.738584930936601,0 15.859841713703133,-15.95980641537616,0 17.947830021750743,-26.57302010518079,0.5
1904 31 10 1 0 1 1 30.078233159519254,-9.356809819676604,0 -8.243828230377542,8.848123875038725,0.5 22.311837201515033,-0.6572067354263957,0.5
33 11 18 0 1 1 0 -20.389931645824362,-2.121482377633662,0 -19.021591693344035,4.053276384815778,0.5
1913 2 28 0 1 1 0 -28.404972583478333,7.962884686584645,0 -25.822522390156767,13.470238951475672,0.5
1517 28 5 1 0 0 1 1.5213781581246495,-28.45936416190603,0 7.406059865324189,-26.141925661114453,0.5
241 12 2 1 1 0 1 9.085180818586286,8.585423081805102,0 -14.172882076994606,-13.39326000761596,0 17.320023652597186,24.622485265981457,0.5
1277 7 0 1 1 1 1 -4.834931164706935,-5.733536485673187,0 15.79410847137599,18.72955251986574,0 4.909157932852345,-3.485709166054003,0.5 -15.71988170323058,-27.948798171592934,0.5
166 14 5 1 1 0 1 12.572525166885105,7.223684027422617,0 -15.173737270378576,-8.71823934344109,0 19.988262948822044,18.404329498483445,0.5
223 26 26 1 1 1 0 20.258495582711927,17.08342344863117,0 -4.204593422827004,-3.545616187451752,0 -24.126440514477473,-12.496594260092621,0.5
1629 4 31 0 1 1 0 -10.842224919431139,25.272438718819092,0 -6.905289187242412,31.31400615125048,0.5
306 31 12 1 0 1 1 18.031611956229618,25.828491443751748,0 -12.075114225885102,-6.814808613000606,0.5 6.242713793141812,19.423658885413865,0.5
1200 8 29 1 1 1 0 -6.876644452187053,-4.996174644486021,0 19.011899367811264,13.812953428873117,0 27.392712847815787,12.48556297637827,0.5
309 11 9 1 1 0 1 6.493807925759886,9.491072574969495,0 -11.575918476354579,-16.91886850320649,0 7.753412424328736,21.957563520988952,0.5
731 14 19 1 1 1 1 -9.62314455077065,10.846432084099046,0 11.614139975068024,-13.090521480809194,0 8.453291464512645,-18.568571927210712,0.5 -12.78399306132603,5.36838163769753,0.5
1989 1 23 0 1 1 0 -30.481789924826675,1.0537945619214002,0 -23.27866543809503,6.8083577624299325,0.5
888 5 7 1 1 0 1 -5.163036217096307,1.8955360774598438,0 24.87644722782766,-9.133037464124701,0 -25.066837051567013,2.8113484718524235,0.5
214 2 30 0 1 1 1 -23.08052891200935,-18.37223952439932,0 -27.599646405514612,-14.300682441427904,0.5 -2.563140467063793,5.628526534191698,0.5
89 12 28 1 1 1 0 12.014567772360648,3.4496610331093214,0 -18.74272572488261,-5.381471211650541,0 -29.049051816874755,-2.0982346247561416,0.5
1020 2 24 0 1 1 0 29.44178848863401,1.8523203261147436,0 24.828397963668532,-4.4497926421014515,0.5
957 7 20 1 1 1 1 -7.4316706366675405,1.0100849212286458,0 24.276790746447297,-3.2996107426802426,0 19.505165136575027,-8.706235294025664,0.5 -12.203296246539812,-4.396539630116775,0.5
899 26 20 1 1 1 1 -25.177147006170454,8.26808736224299,0 5.225445605054245,-1.716018131786281,0 17.60464111143533,-12.096553696717134,0.5 -12.797951499789363,-2.1124482026878617,0.5
1558 2 15 1 1 1 1 0.45301440906784346,-2.4586130124883243,0 -5.345570027000553,29.011633547362226,0 3.091981893751349,16.330635259190434,0.5 8.890566329819745,-15.139611300660114,0.5
28 1 10 0 1 1 1 -30.382075078866762,-2.6794614947976667,0 -10.98651007530777,5.0543640910762315,0.5 20.88976541727375,7.865602380700013,0.5
1258 0 31 0 1 1 0 21.707084964201474,22.826573600891972,0 26.055003745323752,18.691890750567882,0.5
1845 15 0 1 1 0 1 13.698367266374747,-7.252912121038889,0 -14.58213289646344,7.720841935299463,0 30.64619623335728,-9.437195368675905,0.5
1069 8 27 1 1 1 1 -8.30107672754251,-1.8281480146454614,0 22.950035658499882,5.0542915699021576,0 28.146882128857857,0.05501294558766201,0.5 -3.104230257184532,-6.827426638959957,0.5
228 16 11 1 1 1 1 12.445147782145712,10.833664969923783,0 -11.690896401409608,-10.177079214170826,0 -12.613405412982933,-3.025227906742378,0.5 11.522638770572387,17.985516277352232,0.5
808 0 28 0 1 1 0 25.941276825295464,-17.868971897492827,0 20.067065337649645,-21.108360635883123,0.5
173 3 0 0 1 0 1 -24.393328628627295,-14.738233218937477,0 23.85826149081175,21.425063795378747,0.5
1449 15 12 1 1 1 1 -2.472817337176538,-15.301476216919697,0 2.6323539395750237,16.288668230914517,0 7.917359613949994,11.382680560544323,0.5 2.8121883371984326,-20.207463887289894,0.5
608 0 31 0 1 1 0 10.483815652474076,-29.70420188062523,0 4.825872437116889,-31.70111914776315,0.5
1809 26 28 1 1 1 1 21.870732455364486,-14.963992176751047,0 -4.539208622811497,3.105734225363425,0 -20.13328007235402,21.045214029041198,0.5 6.276661005821962,2.975487626926726,0.5
198 0 5 0 1 0 1 -25.599866179642458,-18.354750109560147,0 18.040252479465533,20.31746269781583,0.5
1475 8 18 1 1 1 1 -0.6669023136866797,-8.473797336731588,0 1.84378874960435,23.42755734272851,0 7.432997273363894,17.9722160996958,0.5 4.922306210072865,-13.929138579764297,0.5
747 17 3 1 1 0 1 -12.257195138716611,12.490443039837373,0 10.155961686365192,-10.349224233008108,0 -24.24415541099701,16.13911176017517,0.5
1883 24 0 1 1 0 1 22.863513499530512,-8.803962202144332,0 -6.999034744754238,2.695090470044183,0 31.55201830400315,-5.720152178382179,0.5
245 29 17 1 0 1 1 21.184725784014073,20.52942749947327,0 -16.742686990409695,-7.869716153786366,0.5 6.237354538012353,14.39949333716769,0.5
716 31 6 1 0 0 1 -19.77227788065706,24.521562499361238,0 -20.676903522315,16.084640522214897,0.5
1667 13 0 0 1 0 1 -9.266772569173135,16.011774609680852,0 20.971566680380477,-24.25785215080584,0.5
1522 23 13 1 0 1 1 1.6229106042885353,-23.443893899488792,0 5.053364691022874,13.882128990162975,0.5 7.263285513883858,-18.041471213396232,0.5
1697 3 31 0 1 1 0 -16.533831950167716,23.21384072150951,0 -13.387110950920206,29.138209629072136,0.5
510 16 8 1 1 0 1 -0.5182775247891166,16.49185824603457,0 0.4868667657109883,-15.49235168566884,0 -6.7351922005304035,23.299939614125922,0.5
976 14 28 1 1 1 0 -14.458804053778902,1.092238680155029,0 17.450280754560744,-1.3182190967388283,0 27.9670678242599,-8.129767359109776,0.5
573 25 2 1 1 0 1 -5.796945998989481,24.832346185666786,0 1.4776529017032012,-6.329813733601338,0 -12.549175846438839,27.363628881695426,0.5
764 22 0 1 1 0 1 -16.59404514055891,15.194988182723053,0 7.006374614902652,-6.415661677149734,0 -27.283660045508622,16.84790475166323,0.5
210 21 20 1 1 1 1 16.988332766077345,13.177501653538991,0 -8.29662762994475,-6.435524063356252,0 -19.875620075619512,-7.823664525631873,0.5 5.409340320402581,11.789361191263371,0.5
993 22 0 1 0 0 1 -22.49455959983214,0.4947609620813669,0 -31.62431969632003,-5.305883879707991,0.5
1670 8 21 1 1 1 1 4.3268520338781515,-7.316307229533523,0 -11.962473270133714,20.227437634592683,0 -5.779938276609309,21.56020207508702,0.5 10.509387027402557,-5.983542789039187,0.5
1104 29 29 1 1 1 0 -27.939399997344957,-9.46783648931268,0 2.367745762486861,0.8023590245180237,0 29.865061656188214,3.785246659344214,0.5
1068 21 11 1 1 1 1 -21.01126465671616,-4.558152863324173,0 10.261315297466032,2.2260746541815726,0 12.510626080566553,-3.4255269773055335,0.5 -18.76195387361564,-10.209754494811278,0.5
1130 0 31 0 1 1 0 28.909270709045412,12.51015855499557,0 31.29215805285409,7.003630800891682,0.5
958 11 9 1 1 0 1 -11.400037757299325,1.5129901295612527,0 20.321806436924884,-2.697069361391798,0 -23.09380785361759,-2.9876477068406753,0.5
1668 3 28 0 1 1 0 -14.35326124661918,24.621817389995808,0 -9.169720743462168,27.643556599810374,0.5
1129 6 5 0 1 0 1 23.434443175632243,10.053699470745249,0 -21.987864601167956,-15.96194882464873,0.5
461 1 7 0 1 1 1 -3.7275818981666275,-30.271358297778125,0 -6.871639804030113,-6.710481830961841,0.5 -2.960734205953651,25.049631792936516,0.5
1597 22 25 1 1 1 0 6.750897890428704,-21.463349637766356,0 -2.8503791092921196,9.06230318039024,0 -1.9274577057481697,26.125369026916193,0.5
212 11 24 1 1 1 1 9.042316969571118,7.105385550538845,0 -16.118912858800687,-12.666122068351854,0 -22.97122426588917,-10.419829927893478,0.5 2.190005562482636,9.35167769099722,0.5
795 10 23 1 1 1 1 -8.39668891411445,6.304412365921782,0 17.193220157472446,-12.909034844506506,0 15.190068122491322,-18.907983246080818,0.5 -10.399840949095573,0.3054639643474717,0.5
1611 13 3 1 1 0 1 4.612843456535018,-12.687461339665319,0 -6.321303995992432,17.386521095096917,0 15.377096781425179,-24.73448795861122,0.5
1482 22 31 1 0 1 0 -1.2716670258455567,-22.464034877451937,0 7.770743136837629,31.110537621540566,0.5
108 7 22 1 1 1 1 7.072429019196484,2.4961465839223997,0 -23.10326812937518,-8.154078840813172,0 -23.214204324727373,-1.8304965364100116,0.5 6.961492823844293,8.81972888832556,0.5
1749 19 27 1 1 1 0 13.745196151876046,-13.83183222665934,0 -8.811023174279518,8.866559119653424,0 -15.128302605981293,23.7357211868917,0.5
624 6 16 1 1 1 0 -2.4685641208917066,6.013001844423977,0 9.684366935805926,-23.58946877427868,0 0.7158918351029682,-17.542448485899364,0.5
1382 26 25 1 1 1 1 -9.600297217670466,-24.699884480142586,0 1.9925145168750023,5.12639111852016,0 14.830448525715184,21.594161167457102,0.5 3.237636791169717,-8.232114431205645,0.5
621 23 27 1 0 1 0 -8.719527190570695,21.822461950313908,0 4.632009618672793,-27.763185820300283,0.5
694 8 29 1 1 1 0 -4.86567306755402,6.969592929266346,0 13.452154951472881,-19.26887456914813,0 11.967035049087709,-27.62317997866839,0.5
256 3 31 0 1 1 0 -19.76911921566494,-20.52880720930535,0 -26.1719332824308,-18.52781444909224,0.5
1102 27 25 1 0 1 1 -26.1001439872331,-8.662129290520893,0 26.091870815184343,2.3375793812685144,0.5 -4.279205824505084,-7.741989247701251,0.5
1844 30 5 1 0 1 1 26.909882406266075,-14.356469931042641,0 -2.028378152400248,7.8826189855190485,0.5 26.204941093518258,-7.179906843771592,0.5
22 14 29 1 1 1 0 14.465381342237766,1.0013703728588839,0 -17.45821886132144,-1.2085504500021012,0 -29.843929091942577,3.948404279592381,0.5
1007 27 3 1 0 0 1 -27.49335062201706,-0.6047078425438739,0 -28.36117256989902,-6.625246445258282,0.5
1174 22 20 1 1 1 0 -19.221242213234145,-11.695890208965954,0 8.115635601143307,4.938264754896736,0 20.63159140555981,5.5305909335287655,0.5
1393 5 8 0 1 0 1 8.741168493759595,25.01683379973782,0 -2.087413464336737,-24.16387189646779,0.5
1398 30 19 1 0 1 1 -9.607088849486816,-28.947432422203978,0 11.836814003220223,16.61745570937891,0.5 1.7572453742504481,-13.753620930310511,0.5
78 29 4 1 0 0 1 28.618734596458122,7.156677308464518,0 25.222886018705466,12.492238425814339,0.5
692 30 18 1 0 1 1 -17.301702948366067,25.11774422766704,0 5.553279973074426,-18.638966750886446,0.5 -12.599326398981775,7.714076373223235,0.5
984 24 7 1 1 1 1 -24.469055436847427,1.2309857954043566,0 7.490527174545131,-0.37683238634827243,0 7.189061265466513,-6.369254125984377,0.5 -24.770521345926046,-4.7614359442317475,0.5
465 18 16 1 1 1 1 2.030084755184335,18.388277675920826,0 -1.4814131997291096,-13.418472898644927,0 -7.774381865733323,-15.741949898464195,0.5 -4.262883910819879,16.064800676101555,0.5
85 5 31 1 1 1 0 5.305065801517889,1.4513017748095511,0 -25.560771589131647,-6.992635824082383,0 -31.966796981212877,-2.524656563162459,0.5
344 26 0 1 1 0 1 12.473654202381317,23.38071750052626,0 -2.58887162690933,-4.852601745392242,0 9.533426504598262,30.61639722569302,0.5
244 22 26 1 1 1 0 16.206953059977906,15.607199380788112,0 -6.842935736435116,-6.589706405221647,0 -23.250108994406364,-14.059958454711891,0.5
1770 2 2 0 1 0 1 -22.128276554098544,19.50870002704774,0 26.096147746040458,-15.008033609264986,0.5
277 26 31 1 0 1 0 17.08342344863117,20.25849558271193,0 -24.893540080307673,-20.21290830806184,0.5
1000 29 27 1 0 1 1 -29.5,0.0000000000000036127080574846916,0 27.5,-6.0000000000000036,0.5 -4.500000000000001,-5.999999999999999,0.5
170 18 16 1 1 1 1 15.923727499572957,9.41726619138187,0 -11.62001736455324,-6.872059112630013,0 -17.2564919400673,-3.2347311978574647,0.5 10.287252924058897,13.054594106154418,0.5
1212 5 8 1 1 1 1 -4.324586376751404,-3.3982278719968377,0 20.836643451620404,16.373279746893854,0 10.390609351703265,0.5340761184481249,0.5 -14.770620476668544,-19.237431500442568,0.5
1427 12 28 1 1 1 0 -2.8416401955830817,-12.172718718464111,0 4.432958705109607,18.989441200804013,0 12.3218446307922,26.38981138421829,0.5
352 23 20 1 0 1 1 10.537005578115762,21.005273467554694,0 -14.554904474753247,-15.63344989856071,0.5 -0.20664155987220933,12.969475674279726,0.5
727 7 26 0 1 1 0 16.028217738928596,-18.529604316161063,0 12.798781395291485,-23.96750289027917,0.5
1185 18 25 1 1 1 1 -15.462436185312997,-10.156922132965438,0 11.283399378471648,7.411808042974779,0 24.60722462287968,8.985237690742741,0.5 -2.1386109409049654,-8.583492485197478,0.5
11 4 4 0 1 0 1 -27.483581079761755,-0.9501426377979874,0 27.27627723151492,6.946560327927824,0.5
1569 10 12 1 1 1 1 2.2583004886796867,-10.25427125167016,0 -4.62413909586793,20.996841134372232,0 3.171130609669035,13.497923197900487,0.5 10.053570194216652,-17.753189188141903,0.5
288 2 3 0 1 0 1 -18.226858586164866,-23.195508748030257,0 12.891268380254818,26.11637799443564,0.5
1103 16 21 1 1 1 0 -15.643681410786531,-5.2464494582347765,0 14.695579507102497,4.928482824402366,0 22.291990732201157,1.147671205292637,0.5
1519 10 2 1 1 0 1 0.6263756245967886,-10.481300185421224,0 -1.2825786598886626,21.461709903481555,0 7.749131622679296,-29.089533497366226,0.5
5 17 0 1 1 0 1 17.49784106842906,0.2748780529568618,0 -14.498211170984078,-0.2277561010213998,0 31.401870019301384,6.4940402902123155,0.5
183 30 31 1 0 1 0 25.596833805897642,16.58469472475317,0 -29.698637155222777,-12.093012491617671,0.5
8 31 2 1 0 0 1 31.490051962423948,0.7915980064651306,0 29.339903011197322,6.739442951278256,0.5
137 22 31 1 1 1 0 20.447992853010902,9.387736057389718,0 -8.63359698238238,-3.96371077978677,0 -31.130586276185856,-7.690032386209366,0.5
1836 21 11 1 1 1 1 18.7089507253948,-10.59363784328827,0 -9.136929424030019,5.173637086257062,0 -7.050749129409795,10.887466955822507,0.5 20.795131020015024,-4.879807973722826,0.5
1802 14 18 1 1 1 1 11.784065384279863,-8.449011955194349,0 -14.222147877579147,10.197083394200076,0 -11.538699164000786,15.655938860467217,0.5 14.467514097858224,-2.9901564889272096,0.5
700 3 11 0 1 0 1 16.751879690335482,-23.056984339686004,0 -16.90369963824538,13.058136870931586,0.5
1261 13 25 1 1 1 0 -9.210423722976858,-9.87006052885316,0 12.62169176852384,13.52563850250248,0 21.784160600668802,14.549926010955144,0.5
1663 18 5 1 1 0 1 9.064836305418375,-16.126957020962415,0 -6.614880547197193,11.76831998826987,0 18.21512995780332,-20.160829363405067,0.5
452 7 23 1 1 1 1 1.126691918405678,7.414888085534355,0 -3.680526933458548,-24.221967746078896,0 -9.462211812765275,-22.33196246661644,0.5 -4.654992960901049,9.304893364996811,0.5
441 2 29 0 1 1 0 -5.436686232588834,-28.994696804905185,0 -11.33391270138311,-27.888930113531185,0.5
678 22 7 1 1 0 1 -11.93650164690152,19.07275356191437,0 5.039856250913975,-8.05294039280829,0 -18.083591632025488,17.585042328244132,0.5
211 6 28 0 1 1 0 -20.09975310575622,-15.692352439568872,0 -26.15674816280257,-12.809157878163745,0.5
200 24 31 1 1 1 0 19.820916362186214,14.400738681165592,0 -6.067627457812106,-4.408389392193548,0 -29.010746836565684,-13.66113348096322,0.5
1882 13 30 1 1 1 0 12.582960018185846,-4.89071745051137,0 -17.2433155804769,6.702094284034099,0 -26.254516729748154,16.641825359237917,0.5
1658 0 13 0 1 1 1 -15.001503415540057,27.698463771002537,0 -1.1533178883738273,14.728199409580144,0.5 14.0863046290002,-13.40992251651767,0.5
1875 0 26 0 1 1 0 -29.102205274105525,12.054528119500347,0 -22.18670701735855,15.684388152742613,0.5
632 27 12 1 1 1 1 -11.079926982125722,25.169132247075236,0 1.8130789607114817,-4.118585276794129,0 -0.45511658930472354,-13.857953272043446,0.5 -13.348122532141925,15.429764251825917,0.5
1830 19 30 1 1 1 1 16.784469526576903,-9.92630760713224,0 -10.759275337549298,6.36301769687964,0 -23.19838332911806,20.690215342409985,0.5 4.345361535008143,4.400890038398106,0.5
202 30 12 1 0 1 1 24.56189051418922,18.082133014912305,0 -13.623489492355379,-2.578862937746509,0.5 12.146362850400521,16.392555307407385,0.5
319 2 27 0 1 1 0 -15.885062084386472,-24.857892158732753,0 -19.863951195695748,-19.941751249451926,0.5
1218 21 16 1 0 1 1 -16.65181579427278,-13.600258481132176,0 16.574721464757857,5.790389310374151,0.5 -8.20937646160163,-14.451855870845831,0.5
1589 2 7 0 1 0 1 -8.141200038137978,28.35437994277114,0 12.528328155627367,-21.892715537934404,0.5
1255 9 11 0 1 0 1 15.658037923327084,16.15784169967174,0 -9.957454543563324,-18.897065883699252,0.5
1876 9 2 1 1 1 1 8.788233464927348,-3.607901407457118,0 -20.8142371537753,8.545029649240542,0 -0.034018443955333044,6.499910979811251,0.5 29.568452174747314,-5.65302007688641,0.5
943 25 25 1 0 1 1 -25.092245454104063,4.5419399017373605,0 24.0235537125188,-10.445997655644199,0.5 -7.464754308317669,-4.746308367189472,0.5
161 8 18 1 1 1 1 7.435705516834349,4.118286472177382,0 -20.55753878183614,-11.38585083484335,0 -19.090620105235264,-3.7145960746206432,0.5 8.902624193435226,11.789541232400088,0.5
745 0 21 0 1 1 1 21.9212530926579,-22.620978379540446,0 10.653367340155626,-19.615192181462447,0.5 -11.615842150798432,3.3648493469595966,0.5
557 3 28 0 1 1 0 5.076285772529992,-28.04427433105748,0 -0.8277719813768458,-29.11296607264274,0.5
1754 12 17 1 1 1 1 8.949206037772889,-8.727067737418409,0 -13.960761418925706,13.614225670372718,0 -8.33989593892121,16.51351373051676,0.5 14.570071517777386,-5.827779677274369,0.5
1784 31 7 1 0 1 1 24.52156249936124,-19.772277880657057,0 -2.0723190940084755,9.378459019082392,0.5 22.83847455613628,-10.707664542220016,0.5
688 0 31 0 1 1 0 17.54158191937791,-26.163770824668106,0 12.558006524203034,-29.505024523597232,0.5
111 10 11 0 1 1 1 -20.205956948355873,-7.346380319666891,0 -12.857990084841575,1.70941246576586,0.5 17.215992349920654,12.643559918293326,0.5
1946 20 31 1 1 1 0 20.205714200554457,-3.4610856166110513,0 -11.334912844213477,1.9415846141964432,0 -30.03480407891703,11.232121079345116,0.5
1843 2 19 1 1 1 1 2.202020287307508,-1.1836835110307817,0 -25.983839390228596,13.967465430163223,0 -14.33491781452469,14.517580075578117,0.5 13.850941863011418,-0.6335688656158887,0.5
1172 7 29 1 1 1 0 -6.431449921452393,-3.8582965033612955,0 21.009403076744483,12.6037685776469,0 28.383673560401782,10.030806309392513,0.5
1090 2 0 0 1 0 1 28.32866372746982,8.230237628157264,0 -28.57530446258833,-14.549981954297381,0.5
1022 5 31 0 1 1 0 26.436731418572467,1.830090681431754,0 31.839154104665027,-3.8102842281635687,0.5
1566 17 0 1 1 0 1 3.6025956534729273,-17.12516582569576,0 -2.9850078271632823,14.189423112719345,0 12.3561576022041,-29.59012283363308,0.5
1712 26 3 1 1 0 1 16.373279746893864,-20.836643451620397,0 -3.3982278719968395,4.3245863767514034,0 22.326729565894244,-18.702062637351627,0.5
1283 26 7 1 0 1 1 -16.69854758641229,-20.576892586207578,0 9.38492311001274,2.0428456180408707,0.5 -10.77936076791908,-22.804722787945636,0.5
115 14 28 1 1 1 0 13.563938447033076,5.125385234799229,0 -16.37027053952268,-6.185809766137,0 -28.78100394132676,-4.461368862729625,0.5
823 5 5 0 1 1 1 22.507520606977888,-13.987906066544264,0 1.5042991297778414,-7.999192717277765,0.5 -25.674593678648286,8.891863664964365,0.5
1499 2 11 0 1 0 1 0.09267683083344677,29.499854423454817,0 5.935567847750618,-20.51874836155337,0.5
871 2 0 0 1 0 1 27.110434262005924,-11.63075036811706,0 -31.314006151250474,6.905289187242435,0.5
1495 0 7 0 1 1 1 0.49478049532235424,31.49611392317231,0 6.11706467472862,7.40483083974153,0.5 5.614430520750355,-24.59122139967161,0.5
1162 5 27 0 1 1 1 23.141455052462888,12.9121283317213,0 26.938218261624797,8.15980372858711,0.5 -1.0061802922926484,-7.432200294623516,0.5
466 20 18 1 1 1 1 2.18552866264283,20.38316620313848,0 -1.22602827416549,-11.434459089565488,0 -7.938111096474303,-17.754897696692918,0.5 -4.5265541596659835,14.062727596011044,0.5
836 26 26 1 0 1 1 -23.05986949874243,13.057274551029726,0 20.10350544945268,-18.27837707904688,0.5 -7.742374699972141,-2.51110214950155,0.5
1863 4 29 0 1 1 0 -24.9919912647911,11.473899625698548,0 -24.30619434753259,17.76116314715832,0.5
633 19 31 1 1 1 1 -7.912705274490898,17.822432360344195,0 5.072246970827498,-11.424636128425766,0 7.29823702484093,-31.224761589630127,0.5 -5.686715220477467,-1.9776931008601688,0.5
495 5 20 0 1 1 0 -0.4162439087632472,-26.496730760764006,0 -6.321259799782287,-20.40322706200312,0.5
1388 16 29 1 1 1 0 -5.686608232379538,-15.48910865128892,0 5.341965309205022,14.550374793635047,0 15.799369379571509,25.62479126174218,0.5
1262 23 15 1 0 1 1 -15.978904399976857,-17.231500636230155,0 14.938809447532861,7.285737594115161,0.5 -6.819698671584562,-16.178433485006753,0.5
1442 2 4 0 1 0 1 5.345570027000564,29.011633547362223,0 0.9175127302256891,-28.13197771913439,0.5
1166 14 3 1 1 0 1 -12.572525166885107,-7.223684027422615,0 15.173737270378577,8.718239343441088,0 -21.722404351151024,-19.400699709162424,0.5
479 29 0 1 0 0 1 1.944805139565652,29.435823972994523,0 -3.9102909132762407,31.827026643617675,0.5
935 29 29 1 0 1 0 -28.88707291334209,5.982225213017114,0 27.67034914120302,-11.857562076747708,0.5
299 29 0 1 0 0 1 17.41455650601069,23.811409485768806,0 13.752205865244878,28.967686028399374,0.5
434 30 27 1 0 1 0 6.278809567481382,29.8467175819269,0 -11.53270716712457,-25.675799216331196,0.5
1333 15 11 1 1 1 1 -7.764052693091008,-13.415270618921792,0 8.264959318451718,14.28077194917481,0 10.95343417316628,6.947825545745456,0.5 -5.0755778383764465,-20.748217022351145,0.5
889 20 3 1 1 0 1 -19.266144997269553,7.004688211775411,0 10.807837437492676,-3.9294592407520597,0 -28.834793253309012,4.099353368389361,0.5
1465 31 23 1 0 1 0 -3.456630799367912,-31.30977009683816,0 8.542522043370631,22.699676586650455,0.5
1252 3 23 0 1 1 1 20.025524139267205,20.27876680046463,0 20.781488353528673,12.505188595625109,0.5 -1.703310680034507,-10.26395307507202,0.5
1481 27 25 1 0 1 0 -1.6405075882296947,-27.451024295150823,0 7.510512337118624,25.096657236253375,0.5
1146 1 19 0 1 1 1 27.347551621949698,13.50412604668649,0 20.14104960354551,3.25393928454716,0.5 -8.551463573582042,-10.914324108697683,0.5
705 26 27 1 1 1 0 -15.911135971135923,21.1916434499079,0 3.3023112392923615,-4.398265621678998,0 11.713448245539265,-25.593849460350295,0.5
1771 29 0 1 1 0 1 22.189455643391273,-19.439085838844665,0 -1.8804623426602773,1.6473801558342938,0 27.6475378915218,-16.243880341127436,0.5
948 9 31 1 1 1 0 -9.373516469974746,1.545053069351396,0 22.20043374467703,-3.659336216884885,0 30.10478425137854,-11.043186368886047,0.5
503 11 29 1 1 1 0 -0.10838334198115629,11.499489251752923,0 0.1932050878794525,-20.49908953573347,0 -5.72170668887595,-29.555237650312883,0.5
79 0 17 0 1 1 1 -30.534829365714323,-7.737841792561429,0 -18.43766871921807,1.5173569785543144,0.5 12.581840477698066,9.378021656711958,0.5
1745 1 23 0 1 1 1 -21.225340296065582,21.90285208177726,0 -12.04519293334025,21.051444776988827,0.5 10.224016557613805,-1.9285967514332203,0.5
1390 22 21 1 1 1 1 -7.621603205519074,-21.169817301470065,0 3.218010242330276,8.938367305065139,0 12.928149898999134,18.196509011044085,0.5 2.088536451149783,-11.911675595491117,0.5
1673 15 23 1 1 1 1 8.015530347141434,-13.266547148902562,0 -8.53266133727959,14.122453416573697,0 -7.017140662219891,23.216583231100568,0.5 9.531051022201133,-4.172417334375689,0.5
1979 9 6 0 1 0 1 -22.451052182792434,1.4833259539059949,0 25.840079394873023,4.305844500984521,0.5
1812 29 26 1 0 1 1 24.502579026276475,-16.427830686401546,0 -18.66953762975991,19.740779232111855,0.5 7.909531144506097,1.9207595044898422,0.5
866 30 9 1 0 0 1 -27.837093415806834,12.463796779458649,0 -22.987455164996906,3.7184546571468395,0.5
916 1 25 1 1 1 0 -1.4480724582499107,0.3912622594348456,0 29.444139984414853,-7.95566594184186,0 23.052182752509104,-12.443748243392019,0.5
471 31 2 1 0 0 1 2.8658764229624576,31.369360087963347,0 -3.2912001920757965,29.923535908974397,0.5
1360 30 5 1 0 0 1 -12.9862683927347,-27.597225100213603,0 -5.854188911678294,-26.53259263973996,0.5
443 23 6 1 0 0 1 4.185709321208938,23.124226202801783,0 -1.3621178521694794,26.160937195689325,0.5
1536 15 3 1 1 0 1 1.7492739655389644,-15.40097531306013,0 -1.8621303504124458,16.39458662358014,0 9.178074832014275,-27.64078404057935,0.5
1925 30 18 1 0 1 1 29.657282572129137,-7.120083597605109,0 -16.58817134422159,10.152958753720306,0.5 14.527666108504066,2.68270711033134,0.5
1608 5 30 1 1 1 0 1.8305074948764268,-5.1864479474107545,0 -8.819717929859147,24.989249201160906,0 -4.493052892593908,30.758128611870283,0.5
882 0 14 0 1 1 1 29.360240042433645,-11.411674051193193,0 11.341378930416784,-10.845419491965181,0.5 -18.484896668245966,0.7473922425802852,0.5
49 2 0 0 1 0 1 -29.151160113753278,-4.523258120240339,0 30.207525249552074,10.758969202375944,0.5
32 6 31 0 1 1 0 -25.371250933023155,-2.55922372870598,0 -31.943127324018246,2.8083120840745317,0.5
1079 14 5 1 1 0 1 -14.055715104852625,-3.5618636822901752,0 16.963794092063512,4.298800995867453,0 -24.214156426541624,-12.325770911021062,0.5
1674 31 7 1 0 0 1 16.374246292552336,-26.909739098527805,0 17.861189484403145,-17.810893020908484,0.5
396 28 2 1 0 0 1 9.146892879505469,26.992301692350214,0 3.785246659344212,29.865061656188214,0.5
724 24 3 1 0 0 1 -15.852871058451377,18.679841519780478,0 -23.01574997079784,17.847275794409608,0.5
1494 20 16 1 1 1 1 -0.3863930141658655,-20.496358223806585,0 0.21675705672719286,11.497957052379302,0 6.309933369589087,16.3839781759909,0.5 5.7067832986960285,-15.610337100194986,0.5
1193 24 31 1 1 1 0 -20.132787011424963,-13.961407062062131,0 6.163098064721927,4.273900121039428,0 29.304131968663633,13.019902056588052,0.5
1950 15 9 1 1 0 1 15.309169279224633,-2.424734208123582,0 -16.29685761981977,2.581168673163813,0 23.161594453631984,2.406354580165626,0.5
121 24 4 1 0 1 1 22.751077352454924,9.09057090080775,0 -6.405031571056885,3.901995716779375,0.5 23.31066129745567,15.775394444365007,0.5
289 0 28 0 1 1 0 -19.384670660643902,-24.829106777698858,0 -22.26786522204903,-18.772111720652507,0.5
1884 16 6 1 1 1 1 15.416427550534095,-5.8807959987686464,0 -14.482098608077482,5.524384120055395,0 -3.934666853688469,7.922650866375804,0.5 25.96385930492311,-3.482529252448238,0.5
684 4 23 1 1 1 1 -2.4587745603042106,3.768876180189638,0 15.025844535192398,-23.0320211011589,0 7.815098908002471,-22.960275021395947,0.5 -9.669520187494136,3.8406222599525908,0.5
689 10 3 1 1 0 1 -5.874563710072751,8.702844432500001,0 12.028868549196586,-17.820110028452383,0 -20.918298317340327,20.265112768172717,0.5
1503 26 31 1 0 1 0 0.24975291847829578,-26.49882305838717,0 5.702857412009687,31.55514882453078,0.5
864 11 22 0 1 1 1 18.657172399042413,-8.494699410362328,0 17.9911308544527,-14.784086396458871,0.5 -11.132260207467164,-1.524067804673773,0.5
1560 22 3 1 1 0 1 4.216079578178796,-22.101463141395495,0 -1.7801224885643805,9.331728881922542,0 11.234090970065274,-26.870898758253283,0.5
232 9 9 0 1 0 1 -16.7836757720441,-14.985267017270662,0 12.787604567438589,19.460913889815753,0.5
73 24 19 1 0 1 1 23.858528688189658,5.569614783342837,0 -20.35342849468389,1.4099462797531688,0.5 10.808731424584233,8.684545180445854,0.5
334 7 10 1 1 0 1 3.736388290046181,6.503030258733675,0 -12.205535080817526,-21.243232178530008,0 5.508555557812112,21.631130707073478,0.5
1894 20 14 1 1 1 1 19.373793041185994,-6.701204607926337,0 -10.868225364567753,3.759212341031848,0 -11.742086412177507,10.410254881075506,0.5 18.49993199357624,-0.050162067882680184,0.5
1057 1 17 0 1 1 1 30.012293582359764,5.432516353058404,0 18.288860190480204,-2.7870401742831645,0.5 -13.199447830356267,-8.486729462737884,0.5
1858 11 7 1 1 0 1 10.374540532734333,-4.961744525331028,0 -18.493746167048158,8.844848936459659,0 24.691018278606723,-5.157869362974277,0.5
626 29 18 1 0 1 1 -11.374727772183196,27.21884582616839,0 1.5972674179111452,-19.382949641261504,0.5 -10.741420334965543,10.142578034582172,0.5
1010 4 30 1 1 1 0 -4.497779521645792,-0.14134841585157598,0 27.48643041005762,0.8637958746485198,0 30.673414645623584,-5.039011210311485,0.5
216 31 0 1 0 0 1 24.521562499361238,19.772277880657064,0 20.755414331617036,24.443051690059207,0.5
1962 23 0 1 0 0 1 23.332741207390622,-2.798783262229437,0 31.990385004518348,2.205735084430488,0.5
1654 6 16 0 1 1 1 -11.861352490975186,22.57339843897761,0 -2.363604920283329,17.39722310545026,0.5 12.521229578195335,-10.930178857188308,0.5
53 27 12 1 1 1 1 27.119678746297193,4.557743377773292,0 -4.43776561303045,-0.7458125527265387,0 -13.321543439831078,3.845319282022437,0.5 18.235900919496565,9.148875212522267,0.5
1133 30 21 1 0 1 1 -27.876112153358868,-12.376282608819102,0 22.085052686889515,3.2404394481789343,0.5 -7.162015801880442,-9.744512797139468,0.5
1084 28 29 1 0 1 0 -27.513376706748307,-7.43398292926206,0 30.04380738332096,1.902534602552314,0.5
1105 25 31 1 0 1 0 -24.125176650102407,-8.259894164052804,0 31.745193312256575,4.526886520276427,0.5
1803 24 12 1 1 1 1 19.955757813227468,-14.213294132600327,0 -6.108905453028817,4.351008407938876,0 -6.700702362030261,12.138805042321179,0.5 19.363960904226026,-6.425497498218023,0.5
1541 25 5 1 0 0 1 3.2754604701077175,-25.288759532819356,0 9.354206260971397,-25.509779011728103,0.5
1315 3 31 0 1 1 0 15.647150312946765,23.820509798995698,0 22.309062935150784,23.033794975111714,0.5
1778 7 15 1 1 1 1 5.748697551070122,-4.816894898824385,0 -18.779078666829065,15.735190002826323,0 -8.027125686485412,14.55387416509316,0.5 16.500650531413775,-5.9982107365575486,0.5
237 25 21 1 1 1 1 18.752390449915907,17.279984155487607,0 -4.780021095076603,-4.404701843555665,0 -19.876717631612458,-10.157071240921102,0.5 3.6556939133800537,11.52761475812217,0.5
1438 17 7 1 1 0 1 -3.387115690890063,-17.169084055258345,0 2.8064672867374805,14.225812502928342,0 1.1445811374139154,-25.198014485666846,0.5
603 8 29 0 1 1 0 7.472215895061653,-22.280394736574753,0 3.691404275951924,-29.87680596167341,0.5
1395 1 0 1 1 1 1 -0.4858761272972243,-1.4191280382413178,0 9.87948125504356,28.85560344424013,0 5.838470862064346,-1.4704618297751244,0.5 -4.526886520276438,-31.745193312256575,0.5
332 1 7 0 1 1 1 -15.360507649890708,-26.349664224381478,0 -8.960714515425218,-3.4576864191316994,0.5 7.155227936919131,24.18786293103903,0.5
1348 26 1 1 0 0 1 -12.178866306469423,-23.53561589355893,0 -8.688367056074107,-29.845640852542036,0.5
1544 4 9 1 1 1 1 0.6200563080808718,-4.457076415634931,0 -3.7892329938275493,27.237689206657908,0 4.633760792675845,10.236125288226017,0.5 9.043050094584267,-21.458640334066825,0.5
421 20 21 1 1 1 1 5.035738309444743,19.8718730792744,0 -2.8249263687129047,-11.147636117641737,0 -11.097542055058945,-19.36735811452347,0.5 -3.2368773769012975,11.652151082392667,0.5
1426 24 16 1 1 1 1 -5.644540953576489,-23.8409135190621,0 1.7279207000744352,7.298238832365948,0 9.640016606056516,14.673788871145538,0.5 2.2675549524055927,-16.46536348028251,0.5
570 29 0 1 0 0 1 -6.435225621197999,28.78954447719305,0 -12.727012675623568,29.43251855269129,0.5
112 21 24 1 1 1 1 20.182777939558292,7.409822848252117,0 -9.856705505365678,-3.618750693332429,0 -25.066837051567013,-2.8113484718524235,0.5 4.972646393356953,8.217225069732123,0.5
498 30 12 1 0 1 1 0.1916358909495515,30.499397956112183,0 -6.078420864706311,-12.46205439690836,0.5 -5.877360257808421,19.53731395048803,0.5
1407 26 28 1 0 1 0 -7.632772104391378,-25.376973617876992,0 13.954560252166651,25.564042093703623,0.5
283 4 0 1 1 0 1 2.8356024203341614,3.4941893070918533,0 -17.328681457597654,-21.353379098894656,0 15.190297866216659,28.240128376755187,0.5
1735 8 29 1 1 1 0 5.720606364833073,-6.286864307318182,0 -15.815794067479672,17.381330731997327,0 -15.416082578666654,25.857192382927625,0.5
1742 24 2 1 1 0 1 16.88328830549003,-17.75400168958265,0 -5.168353562905111,5.434898476402852,0 24.67677612854905,-17.242584490193792,0.5
1865 18 0 1 0 0 1 16.860960617755733,-7.613015634194521,0 31.178289365647174,-7.494282636248269,0.5
1779 20 9 1 1 1 1 15.754391802991064,-13.116750318499166,0 -8.837829548019377,7.358177007938556,0 -3.4617668398741515,10.689535553350655,0.5 21.130454511136286,-9.785391773087067,0.5
417 8 13 1 1 1 1 2.191362799819509,8.212668815894574,0 -6.058473623030408,-22.705613785120295,0 -9.277577728580097,-11.496806143018787,0.5 -1.0277413057301796,19.42147645799608,0.5
817 9 9 1 1 1 1 -7.972784300197625,5.165724586398531,0 18.882910184678586,-12.234610862522837,0 4.710221403524868,-10.20116730231282,0.5 -22.14547308135134,7.199168146608548,0.5
1554 30 26 1 1 1 0 5.149420063738381,-30.06216015204444,0 -0.2532501670691007,1.478466892723497,0 1.4397812860065429,27.13258243972485,0.5
834 14 13 1 1 1 1 -12.572525166885105,7.223684027422618,0 15.173737270378576,-8.718239343441091,0 8.71634383368367,-11.927923129070066,0.5 -19.029918603580015,4.014000241793642,0.5
740 19 6 1 1 0 1 -13.34866856560943,14.214888234717524,0 8.55683882410861,-9.112107842767642,0 -21.82976296571003,14.48141736367386,0.5
246 14 29 1 1 1 0 10.381079003816552,10.123398575405353,0 -12.528888452882047,-12.21789483238577,0 -25.309118763104856,-16.300260962176452,0.5
698 23 5 1 1 0 1 -13.693226272211534,19.09831286417771,0 4.952869077182895,-6.907900397681299,0 -20.317462697815827,18.040252479465536,0.5
128 2 25 0 1 1 1 -27.146839497293175,-11.545523171697472,0 -25.81415410885291,-4.458637420153439,0.5 3.633265006854943,8.065319918637039,0.5
1242 1 6 0 1 1 1 22.101920470704933,21.01797115581412,0 8.844928196539893,0.1313209733954812,0.5 -14.343971969445604,-21.92032089499966,0.5
1221 27 10 1 1 1 1 -21.133940223524604,-17.595640671157412,0 3.458281127485844,2.879286655280304,0 11.908371504507373,2.1072940256729167,0.5 -12.683849846503072,-18.3676333007648,0.5
1363 1 16 0 1 1 1 12.725597766683842,27.718390311859224,0 12.337137869555368,12.49179847690407,0.5 -1.0143089676211225,-16.589791358489215,0.5
435 12 8 1 1 0 1 2.534841191956406,12.240285132772073,0 -3.9543522594519938,-19.09484480712443,0 -1.1098354228525507,24.228459821750572,0.5
513 22 10 1 1 1 1 -0.9186604195164763,22.481238022707153,0 0.38787884379584553,-9.49207827625413,0 -5.5662886102808855,-10.736220522467733,0.5 -6.872827873593207,21.23709577649355,0.5
1038 10 29 1 1 1 0 -10.425267347983043,-1.2505201809961322,0 21.346975998250993,2.5605889420396992,0 30.004619795378723,-2.4439294046202256,0.5
1409 4 31 0 1 1 0 7.755180837253563,26.383842975986177,0 14.639681971978337,28.52945340800157,0.5
1995 11 21 0 1 1 1 -20.497470965874044,0.32200000489232705,0 -21.403103694484777,6.336967117094112,0.5 10.592948544928362,5.834332963115846,0.5
969 2 11 0 1 1 1 29.360211365086094,-2.8684470707107885,0 10.862093161838148,-7.089776593345445,0.5 -20.986271708763717,-3.978240787828658,0.5
1062 31 7 1 0 0 1 -30.904351299465024,-6.096808243602104,0 -22.875420869056523,-10.628505071906087,0.5
1445 10 31 1 1 1 0 -1.8052555529338012,-10.343647924625126,0 3.696475656007307,21.17985051232764,0 11.326422615730046,29.99936917219892,0.5
893 17 5 1 1 0 1 -16.52055062246837,5.772469760029926,0 13.68845623004522,-4.782903515453368,0 -26.995966288890934,3.0769797089133064,0.5
841 22 6 1 1 1 1 -19.750856106625235,10.777461809507125,0 8.339250356130655,-4.550483875125231,0 2.831813059378723,-8.380383928957677,0.5 -25.258293403377166,6.947561755674679,0.5
525 28 0 1 0 0 1 -2.236084228243579,28.412144011394147,0 -8.45296551782588,30.93214143822646,0.5
1818 10 4 1 1 0 1 8.829918114130775,-5.681773147332198,0 -18.080308519410636,11.634106920727834,0 26.372703525960905,-9.835166939700077,0.5
387 7 0 1 1 0 1 2.606927527282777,7.032348744729267,0 -8.515963255790405,-22.972339232782275,0 5.32321661880425,31.621406749689143,0.5
133 26 27 1 0 1 0 24.22022859226262,10.7531635781543,0 -27.568878028533884,-5.675117994176132,0.5
1786 26 3 1 0 0 1 20.733356480279582,-16.503876182934984,0 26.034864784361435,-13.055106880451682,0.5
610 21 14 1 0 1 1 -7.282865285273765,20.228936532515846,0 -0.733584770168628,-15.675198671308017,0.5 -11.573198218017952,14.4329859352272,0.5
201 18 23 1 1 1 1 14.932578830058405,10.920993063091448,0 -10.896746713826404,-7.969373316309976,0 -22.510354642428176,-9.029614270394518,0.5 3.3189709014566358,9.860752109006906,0.5
1195 20 2 1 1 0 1 -16.772069207212983,-11.787607666887208,0 9.40872175038777,6.612560398497703,0 -20.685385151778522,-21.871553239826856,0.5
1994 26 30 1 1 1 0 26.49529233809144,-0.4994836524583156,0 -5.499022938094449,0.10366641843474475,0 -30.381491109322226,6.5738115256048015,0.5
353 0 29 0 1 1 0 -14.035547054872238,-28.200237922231565,0 -18.515875100067316,-23.736309091320564,0.5
623 31 9 1 0 0 1 -11.87143682798312,29.177371157100602,0 -14.037192240388057,18.579753335456026,0.5
887 7 1 1 1 0 1 -7.0323487447292665,2.6069275272827794,0 22.97233923278227,-8.515963255790412,0 -30.68376025039191,4.9756262818332235,0.5
1598 26 14 1 0 1 1 8.030434645268516,-25.253952550206296,0 1.3238646394280869,15.636412069796318,0.5 11.020993267676861,-14.858926858754682,0.5
423 2 4 0 1 0 1 -7.066733733236697,-28.641076696652565,0 0.7623294062404673,28.136610561266632,0.5
973 26 0 1 1 0 1 -26.404724169581698,2.245115036764951,0 5.480225771045258,-0.4659672717814049,0 -31.895075530657103,-3.3097064663922358,0.5
308 14 24 1 1 1 0 8.22539976233797,11.941222665612198,0 -9.927206609718239,-14.41182045849748,0 -18.8392848393761,-16.772934947135937,0.5
1723 2 5 0 1 0 1 -19.017395914513937,22.551910176981206,0 21.670252637169714,-16.390550650946384,0.5
1451 6 0 1 1 0 1 -0.9966500942902464,-6.423136974216823,0 3.909934985292505,25.19846043731215,0 1.0991298269474115,-32.0474946543956,0.5
940 16 22 1 1 1 0 -16.207739637023362,3.0917916906644627,0 15.225452386294673,-2.904410376078738,0 20.977175253881146,-10.109803082550943,0.5
37 16 20 1 1 1 0 16.3886556741986,1.9136261893478625,0 -15.39540381515626,-1.7976488445389012,0 -21.057527179221726,3.581975585670328,0.5
628 25 2 1 1 0 1 -9.980028504348661,23.465912107829695,0 2.543928834441816,-5.981507007878157,0 -17.066914255892694,24.798597496269963,0.5
1095 20 11 1 1 1 1 -19.593756803365768,-6.02782666726223,0 10.991619670180796,3.381463740171495,0 12.75586162157462,-2.353294348618486,0.5 -17.829514851971943,-11.76258475605221,0.5
1288 18 4 1 1 0 1 -11.430402842171194,-14.546335994527444,0 8.341104776719519,10.61489383384435,0 -12.273408767164495,-25.330089562299023,0.5
1859 28 25 1 1 1 0 25.74932148634149,-12.215663837591164,0 -3.1621973755156216,1.5001692432129499,0 -20.467147890391615,16.35071427286399,0.5
1986 5 28 0 1 1 0 -26.474372768970305,1.1651551354234244,0 -28.208629928419363,7.247288980127903,0.5
1381 12 31 1 1 1 0 -4.565022023644848,-11.636604913961698,0 7.121434356885962,18.153103665780247,0 17.08942585828663,27.13303381183395,0.5
168 1 12 0 1 1 1 -26.349664224381478,-15.360507649890705,0 -13.820781924725004,-1.111749517289998,0.5 13.824767425445721,15.004192935054347,0.5
1137 8 27 1 1 1 0 -7.724797300026342,-3.546478066125003,0 21.356792535366946,9.80496877105148,0 27.495387546761698,6.021101531562298,0.5
1016 30 26 1 0 1 0 -30.461477176483534,-1.5324517044829673,0 26.76799525913808,-4.660947307872215,0.5
769 0 7 0 1 0 1 23.562938665456542,-20.905451955122448,0 -22.308720921727616,11.771617171674947,0.5
779 8 21 1 1 1 0 -6.532308796362151,5.438652571085016,0 18.0599125546483,-15.036274755352691,0 12.683849846503076,-18.367633300764794,0.5
794 18 3 1 1 0 1 -14.759197131463566,11.154196521246954,0 10.77022493377071,-8.139548812801833,0 -26.35471877698342,12.396725300905775,0.5
209 27 6 1 0 1 1 21.782106891874093,16.78659641949407,0 -8.8110281205144,0.7847187136193852,0.5 16.53542353548454,20.318212729030666,0.5
936 23 3 1 1 1 1 -23.026593731029802,4.693184542088566,0 8.328767945266097,-1.6975348343724599,0 2.2312328002584216,-6.578115246105906,0.5 -29.124128876037478,-0.1873958696448801,0.5
1061 4 13 0 1 1 1 26.99657753502597,5.237824108857708,0 14.395663322763522,-3.318866899657336,0.5 -17.018535990721244,-9.413789499055397,0.5
1328 28 30 1 1 1 0 -14.661526712772943,-24.439509701519086,0 1.8005383682352736,3.001343296677782,0 20.835565717497868,23.06792581121735,0.5
1289 1 17 0 1 1 1 18.769284290464746,24.04088116570841,0 15.498615150078148,10.101629988757661,0.5 -4.193748695655355,-15.121589594936406,0.5
1546 11 23 1 1 1 0 1.6561239993508963,-11.380125363930487,0 -2.9522210423211632,20.286310431354348,0 2.553203321637988,24.11910348247581,0.5
894 30 31 1 0 1 0 -28.824423792984042,9.970084904475753,0 27.808158690234194,-15.967351385209525,0.5
143 28 4 1 0 0 1 25.672060442253844,12.37720940475943,0 22.165558095909617,17.347565659102013,0.5
415 30 2 1 0 0 1 8.048128023943876,29.41900126296284,0 1.996910463231715,30.037682144297282,0.5
616 10 20 1 1 1 1 -3.742324726489132,9.810453895794428,0 7.6628553923348885,-20.08807226281716,0 1.7004698588819656,-21.29221459264005,0.5 -9.704710259942054,8.606311565971534,0.5
1646 3 30 1 1 1 0 1.5496538086361544,-3.138243628748326,0 -12.618609584608686,25.554269548379224,0 -8.124279825975073,30.004101008183106,0.5
1987 19 10 1 1 1 1 19.483739619679532,-0.7961723635809521,0 -12.48957667928175,0.5103668997313795,0 -10.246268298725608,6.4237050018296,0.5 21.727048000235673,5.117165738517268,0.5
1365 8 20 0 1 1 1 9.670587427220065,21.41797700093296,0 13.904464011217406,16.214681019395968,0.5 0.7360045358539153,-12.950223832938274,0.5
424 0 0 0 1 0 1 -7.44971840624733,-30.606399586812227,0 1.6199280087592864,32.02539356895458,0.5
362 21 31 1 1 1 0 9.031843160853837,19.510915127634014,0 -4.410900148323967,-9.528586457681728,0 -18.677606992218603,-26.065245002574343,0.5
905 28 2 1 0 0 1 -27.240100921752408,8.380149269120668,0 -29.960135887944563,2.9394315055629914,0.5
301 27 7 1 1 0 1 16.09412073570153,22.298638472890268,0 -2.633583393114796,-3.64886811374568,0 9.47324098863076,23.37750425454621,0.5
1297 28 2 1 0 0 1 -16.968439431688125,-22.898079903195626,0 -12.743174870723717,-27.273824341557884,0.5
796 6 17 0 1 1 1 20.439958114207357,-15.246577067966728,0 10.43999233689523,-15.272739112731838,0.5 -15.210151178972826,3.86022034510876,0.5
832 3 2 0 1 0 1 24.621817389995805,-14.353261246619185,0 -28.507480017003207,9.673343945097935,0.5
59 30 2 1 0 0 1 29.977567883037565,5.620980681151165,0 27.888930113531185,11.333912701383106,0.5
1990 29 25 1 1 1 0 29.485443530789084,-0.9266173928047866,0 -2.498766400914329,0.0785268976953209,0 -25.298952734857387,6.798013718686662,0.5
1714 17 30 1 1 1 0 10.898786158541967,-13.691839185090295,0 -9.030422817077628,11.344666753360531,0 -14.300682441427895,27.599646405514616,0.5
1856 8 23 0 1 1 0 -21.136023411809724,10.272220516296915,0 -18.513328811904127,15.668652025695142,0.5
1361 4 24 0 1 1 1 11.630701419845852,24.919405781085462,0 15.798858889917678,19.663317567909772,0.5 2.2649517831879593,-9.333809159171494,0.5
693 15 26 0 1 1 0 9.402580266286742,-13.558815742388239,0 10.170635309228437,-25.195399925515684,0.5
1855 31 3 1 0 0 1 28.28786863645939,-13.858083850461336,0 28.233420928313038,-7.150100886329896,0.5
1756 30 31 1 0 1 0 21.969425259081152,-21.156425827290565,0 -18.527814449092226,26.17193328243081,0.5
1350 31 30 1 0 1 0 -14.300700741795728,-28.066705511933584,0 19.19274938718639,24.451755989307937,0.5
885 24 29 1 0 1 0 -22.918378755331748,8.660133672591806,0 25.474749846805537,-16.0401720764673,0.5
1964 25 4 1 1 0 1 25.337088418260215,-2.877837814273791,0 -6.458473518380055,0.733566501677633,0 28.001449348541122,2.8581172790992952,0.5
98 19 4 1 1 0 1 18.58309715958577,5.909187757839092,0 -11.912241768965236,-3.7879408704096744,0 24.388720273926875,14.051345964004597,0.5
651 26 27 1 0 1 0 -12.10486700985894,23.573760724025956,0 7.2241991859232115,-27.204061206410092,0.5
371 0 9 0 1 1 1 -12.41927581680296,-28.94842980519277,0 -9.259482510818565,-6.3649024840797965,0.5 3.356924668155872,23.043026206909687,0.5
87 31 0 1 0 0 1 30.330733436595512,8.502741275505635,0 28.711163669832533,14.280023834857161,0.5
1689 27 4 1 0 0 1 15.385762097809597,-22.79316398988095,0 20.358816059238166,-19.436270441267947,0.5
1204 2 3 0 1 1 1 23.646226053690867,17.638197000196797,0 6.39291434539318,-2.716734468523947,0.5 -19.25722917047488,-21.849693926364537,0.5
427 6 15 1 1 1 1 1.4776529017032018,6.329813733601338,0 -5.796945998989484,-24.832346185666786,0 -9.366538827385792,-13.73018391701562,0.5 -2.091939926693107,17.431976002252505,0.5
1017 9 22 1 1 1 1 -9.486454720635344,-0.5071260527082213,0 22.46791907518897,1.201088019572103,0 22.78820921374153,-4.7903570671449565,0.5 -9.166164582082782,-6.49857113942528,0.5
1930 10 31 1 1 1 0 10.247126000356845,-2.2905040346637047,0 -20.982210381683064,4.690079690025681,0 -29.432518552691278,12.727012675623598,0.5
768 29 30 1 0 1 0 -22.005263790013373,19.647350089310425,0 18.755133730832043,-24.789008829289767,0.5
710 17 22 1 1 1 0 -10.725873438927085,13.827712716574585,0 8.887152277968156,-11.457247679447512,0 9.049478632937824,-21.455930100370896,0.5
451 15 31 1 1 1 0 2.37662714792289,15.316711246209348,0 -2.529957931659851,-16.30488616531963,0 -10.758969202375944,-30.207525249552074,0.5
147 3 0 1 1 0 1 3.133359769136841,1.559505228319137,0 -25.514500977257132,-12.698828287741543,0 25.52680038797019,19.407020944821102,0.5
901 6 8 1 1 0 1 -6.188147075146898,1.9891796742252539,0 24.276576987114755,-7.8037048758067655,0 -24.208697586354404,1.479513829755704,0.5
1515 30 0 1 0 0 1 1.4367467466440873,-30.466141186340085,0 7.4771924471255495,-31.182392357044204,0.5
1785 12 1 1 1 0 1 9.755380091729116,-7.815533204196323,0 -15.21839294309742,12.192231798546263,0 27.554583361833277,-14.387318574209054,0.5
1637 14 19 1 1 1 0 6.049874348095592,-13.177595394162584,0 -7.301572489080888,15.903994441230704,0 -2.6832398222681757,20.224990087913376,0.5
620 1 7 1 1 1 1 -0.552186829027017,1.3946647288323772,0 11.227798856882679,-28.35818281959167,0 -2.8177247701944244,-9.182070960269954,0.5 -14.597710456104119,20.570776588154093,0.5
1688 30 16 1 0 1 1 16.984706302889723,-25.333174925472292,0 -4.204872276880218,17.04608603566004,0.5 13.615147450741786,-9.532982738605973,0.5
1168 30 6 1 0 0 1 -26.349664224381485,-15.36050764989069,0 -19.008307928602747,-18.025932144868904,0.5
1112 11 8 1 1 0 1 -10.795439363019552,-3.963393616506948,0 19.24404408190442,7.0651799250776035,0 -19.992388115818937,-13.731511840524398,0.5
1048 12 1 1 1 0 1 -12.358146809223927,-1.8778198640094608,0 19.278709022389325,2.929398987854759,0 -29.252524679781835,-10.513790936610569,0.5
536 0 23 0 1 1 1 3.5549761235146735,-31.298756281380264,0 -3.3095428185932305,-24.02700410646109,0.5 -6.920947134544645,7.768557830179182,0.5
72 17 7 1 1 0 1 17.0542202737651,3.92473831661417,0 -14.130639655405368,-3.2519260337660265,0 22.53028381757485,11.3417948799793,0.5
824 12 20 0 1 1 0 16.59439239499649,-10.240905284245272,0 14.294339097023403,-15.872046804974719,0.5
54 13 5 1 1 0 1 13.306202034511474,2.279251503621907,0 -18.234425010256462,-3.1234187271855767,0 25.106581103172044,10.387953855781436,0.5
1067 25 22 1 1 1 1 -24.93719816568341,-5.32786520526149,0 6.356540708899693,1.3580832876156739,0 23.257025488605713,-1.1665185049300764,0.5 -8.03671338597739,-7.85246699780724,0.5
1765 14 28 1 1 1 0 10.724650877189836,-9.758681445891717,0 -12.943544162125663,11.77771898642104,0 -17.041411125831722,23.618643204900202,0.5
1980 14 2 1 1 0 1 14.471387562209937,-0.9104625331750423,0 -17.465467747494753,1.0988340917629822,0 29.81853160580989,4.135840044454888,0.5
1117 30 2 1 0 0 1 -28.462741295333913,-10.960034578179657,0 -25.37346428666467,-16.19991697797716,0.5
429 27 19 1 1 1 1 6.0832225517318,26.818732322503642,0 -0.9954364175561128,-4.388519834591505,0 -10.164917588865162,-17.689670726488373,0.5 -3.086258619577249,13.517581430606777,0.5
1126 26 3 1 1 0 1 -24.450827606558047,-10.217975795351,0 5.074700069285632,2.120711957525679,0 -23.9826691326339,-16.525180219126483,0.5
775 11 24 1 1 1 0 -8.744668604400356,7.468652555797114,0 15.588322294800633,-13.313684990768767,0 14.733257867219656,-20.473912977689686,0.5
1539 27 25 1 1 1 0 3.36093449834694,-27.293847645537657,0 -0.5499710997294993,4.466265978360707,0 2.8385184060137805,26.042135343683338,0.5
848 16 1 1 1 0 1 -14.654251405423484,7.583067700254552,0 13.76611495660994,-7.123487839633063,0 -29.845640852542033,8.688367056074116,0.5
962 19 29 1 1 1 0 -19.361210789111365,2.3223946218499645,0 12.41103255712267,-1.4887145011858747,0 28.57545387424028,-9.470661850217546,0.5
1811 16 10 1 1 1 1 13.675898393928566,-9.231457258685763,0 -12.847056067023804,8.671975000583595,0 -5.3459508838869905,10.847617671501327,0.5 21.177003577065378,-7.055814587768031,0.5
1274 30 9 1 0 1 1 -19.88092862167681,-23.130038416306007,0 10.742591882090679,3.2934358434375803,0.5 -10.11608732753745,-20.974145445801508,0.5
977 30 31 1 0 1 0 -30.420414069585874,2.2019100424272504,0 30.984642063521033,-8.258447565704053,0.5
250 0 0 0 1 0 1 -22.27386360737625,-22.27386360737625,0 18.031222920256965,26.516504294495533,0.5
843 7 4 0 1 0 1 21.57979881561359,-11.60009840810165,0 -27.063063586856472,7.735669931800565,0.5
1618 7 25 0 1 1 0 -8.875746484261365,22.835742255226172,0 -3.645595176216645,25.941465567911656,0.5
846 20 14 1 1 1 1 -18.14724188231533,9.5355971005879,0 10.180160080323233,-5.349237397890773,0 10.044947545855848,-12.05607850011788,0.5 -18.282454416782716,2.8287559983607933,0.5
859 27 29 1 1 1 0 -24.845836521908456,11.787044053816032,0 4.065682339948657,-1.928789026988078,0 24.081087748123757,-18.0651934079645,0.5
1585 4 3 0 1 0 1 -7.256508874047757,26.52532900758945,0 13.307726434759918,-25.906648126255007,0.5
1216 30 29 1 0 1 0 -23.74310019779422,-19.14458651936636,0 26.730786063971397,13.846121348673517,0.5
135 10 16 1 1 1 1 9.569734404672175,4.320900765353643,0 -19.595170447662074,-8.84755871000984,0 -17.507240216115502,-1.3215672571716235,0.5 11.657664636218747,11.846892218191858,0.5
1343 3 19 1 1 1 1 -1.6571569154430943,-3.0828284022305117,0 13.493992025750911,25.103031275305597,0 14.517580075578117,14.33491781452469,0.5 -0.6335688656158887,-13.850941863011418,0.5
93 1 20 0 1 1 1 -29.207460201707477,-8.784888648450458,0 -21.359418558219872,-0.15886741255703374,0.5 9.284474112424041,9.058064939915578,0.5
86 10 15 1 1 1 1 10.119098622045103,2.802470887863943,0 -20.72005908323521,-5.7383927703880735,0 -16.539128949417403,1.6453612352742377,0.5 14.300028755862908,10.186224893526255,0.5
697 6 20 1 1 1 1 -3.770873953547019,5.294384725958312,0 14.793428586992151,-20.770278540297994,0 7.005631952609849,-20.178481631296542,0.5 -11.558670587929322,5.886181634959765,0.5
595 27 24 1 0 1 1 -8.086108943888354,26.28430790695408,0 1.4692298794014613,-25.18117081395291,0.5 -7.940060528032259,5.4042056595936545,0.5
828 24 18 1 0 1 1 -21.009403076744476,12.603768577646912,0 12.777605936893524,-14.662291312119786,0.5 -14.663247061303343,1.7997737688884277,0.5
57 25 26 1 1 1 0 25.092245454104063,4.541939901737359,0 -6.396062566732408,-1.1577493867173658,0 -27.144946821340465,1.1840025619052694,0.5
954 27 3 1 0 0 1 -27.213343261572902,3.960296520186947,0 -29.066984075489067,-1.8331494088767064,0.5
1282 24 12 1 1 1 1 -15.497968966871554,-18.975324974868975,0 4.744276214348435,5.808772951490503,0 12.55414538510646,5.885867281005423,0.5 -7.688099796113529,-18.898230645354055,0.5
1119 22 28 1 1 1 0 -20.94588884513106,-8.217039642560719,0 8.843819734610891,3.4694167379700818,0 28.722669775182197,4.82267985520863,0.5
1760 1 20 0 1 1 1 -22.233543136353042,20.878686730825013,0 -10.836574226566796,18.407027436066592,0.5 12.490421850918363,-3.498479953651456,0.5
1046 22 7 1 1 1 1 -22.265462668559646,-3.240242607425678,0 9.400973126725184,1.3681024342463974,0 8.285885584833396,-4.857375842474013,0.5 -23.380550210451435,-9.465720884146089,0.5
664 1 29 0 1 1 0 15.02818391722289,-26.540604517420533,0 9.314354047657444,-28.626784812040757,0.5
1575 1 31 0 1 1 0 -7.120083597605096,29.65728257212914,0 -1.5193094390749398,32.03032467566225,0.5
1833 1 26 0 1 1 0 -26.397790572717074,15.277652073501663,0 -19.93034549954074,18.467033553576936,0.5
1730 5 21 1 1 1 0 3.6372152592800857,-4.1256108829675275,0 -17.524764431076775,19.877943345207175,0 -9.71753868667576,20.095259188996792,0.5
856 31 31 1 0 1 0 -28.33126542434069,13.769146649504385,0 25.708570824435093,-19.165578158902612,0.5
1814 1 30 0 1 1 0 -25.439392225201715,16.82519905416713,0 -22.129517001431132,21.829669655846153,0.5
1227 9 23 0 1 1 0 17.01698355565811,14.71979180105688,0 21.698571749524753,10.836142488483912,0.5
1896 28 29 1 0 1 0 26.992301692350207,-9.14689287950548,0 -26.013738338501696,15.150426319281156,0.5
1574 20 22 1 1 1 1 4.722983246870116,-19.94851947513359,0 -2.649478406780797,11.190632876294453,0 0.654828965669461,23.27705305715739,0.5 8.027290619320373,-7.862099294270655,0.5
48 7 24 1 1 1 1 7.414888085534355,1.126691918405678,0 -24.221967746078896,-3.680526933458548,0 -25.123321280803438,2.2513835349689364,0.5 6.513534550809813,7.058602386833162,0.5
1207 12 31 1 1 1 0 -9.948704333512696,-7.56791134226252,0 15.519978760279807,11.805941693929531,0 28.703332364738003,14.295758502415458,0.5
546 6 3 0 1 0 1 3.6722749550824316,-25.2341910243676,0 -10.041764014355094,27.33885468486204,0.5
786 1 6 0 1 0 1 23.862919722585936,-18.995027304887433,0 -23.68769235263167,11.186743538987342,0.5
1504 16 28 1 1 1 0 0.20733965807531676,-16.498697229362964,0 -0.19477361819196423,15.49877618515915,0 5.64139412854735,28.573145999108874,0.5
67 4 3 0 1 0 1 -26.89305684534485,-5.745736986066322,0 26.6173708427611,11.822248915453065,0.5
908 3 28 1 1 1 0 -3.3548262615608158,0.9975674186449162,0 27.317870986995214,-8.123048980394318,0 25.607755412175358,-13.874179714498574,0.5
1920 24 1 1 0 0 1 23.73028744765146,-6.092902235538956,0 31.03392573741238,-1.7735425917563026,0.5
1485 10 2 1 1 0 1 -0.494617732451247,-10.488343687100684,0 1.0127886902573153,21.476132311682356,0 4.603698953837364,-29.749890015635973,0.5
674 19 12 1 1 1 1 -10.136438181103836,16.658409918136254,0 6.49771678275887,-10.67846789624119,0 1.3720521925630988,-13.797371951965447,0.5 -15.262102771299606,13.539505862411996,0.5
1600 1 23 0 1 1 0 -9.42501832843589,29.007223747002186,0 -1.5555602700403384,24.203930099185794,0.5
1691 12 19 1 1 1 1 7.0584868758259605,-10.316383233662496,0 -11.011239526288499,16.093557844513494,0 -6.059375574130501,19.481631544909956,0.5 12.01035082798396,-6.9283095332660345,0.5
1690 23 11 1 1 1 1 13.20895937952507,-19.436393495452204,0 -4.77770871174311,7.030184881333776,0 -1.5014753996521302,12.883926871270244,0.5 16.48519269161605,-13.582651505515734,0.5
1083 24 7 1 0 0 1 -23.67181011640201,-6.316281011244458,0 -22.124965787117652,-12.113458998934746,0.5
124 30 7 1 0 1 1 28.21485480845097,11.583262413414932,0 -9.216753624389241,2.7021200245932406,0.5 20.385716994313416,14.855051081290874,0.5
197 15 2 1 1 0 1 12.625071269592896,8.992084043073666,0 -13.439591996663404,-9.572218497465515,0 20.547554722228927,22.001090766982614,0.5
870 5 2 0 1 0 1 24.3204975806255,-10.524419101821687,0 -29.456648801486125,6.2093350196221415,0.5
1763 28 26 1 1 1 1 20.958554032258952,-19.312923467897917,0 -2.5738575127335555,2.3717625311453583,0 -15.421899685876303,22.36995775764381,0.5 8.110511859116201,0.6852717586005324,0.5
1197 30 10 1 0 1 1 -24.842882175650537,-17.69410085895141,0 12.033274360591445,1.2042874086913624,0.5 -14.031388905664857,-17.360015131847817,0.5
980 6 22 0 1 1 1 25.449681574920923,-1.6011582479974964,0 22.07885827246023,-7.400947059979185,0.5 -9.857997037244461,-5.39165043504115,0.5
844 9 9 1 1 1 1 -8.381766651132056,4.471687355570662,0 19.851552594786448,-10.590838473719987,0 5.557543058140059,-9.765434714180381,0.5 -22.675776187778446,5.297091115110268,0.5
1466 5 3 1 1 0 1 -0.5863613485139331,-5.468654347183493,0 2.8251955882944046,26.348970945520467,0 2.927386845537067,-28.97723945196603,0.5
722 2 29 0 1 1 0 18.94645326870924,-22.61154370087582,0 14.347495227853143,-26.465059619935328,0.5
1580 23 20 1 1 1 0 5.844212348374091,-22.76170428652283,0 -2.113864040901267,8.232956869593364,0 0.7133562798922606,21.348094126126067,0.5
224 1 3 1 1 0 1 1.1436637665171718,0.9705839423541663,0 -23.25449658584916,-19.735206827868048,0 17.847275794409597,23.015749970797845,0.5
107 16 7 1 1 0 1 15.57651915832732,5.442614345171073,0 -14.632487694186272,-5.11275893031222,0 21.1496383823026,13.745646448888195,0.5
1641 11 0 0 1 0 1 -8.786705567390127,18.521441770877217,0 18.922432975514745,-25.88805767698983,0.5
625 17 22 1 1 1 1 -6.69696006638907,16.167891818947517,0 5.548909769293801,-13.396253221413657,0 3.067100033146799,-23.08339007569449,0.5 -9.178769802536072,6.480754964666686,0.5
1872 5 20 1 1 1 1 5.061275160512286,-2.1525551676046137,0 -24.38614395519556,10.371402171185865,0 -16.516510869977125,13.544551254357874,0.5 12.930908245730722,1.0205939155673933,0.5
31 23 5 1 1 0 1 23.388642951848247,2.2850341071763838,0 -8.45972191875362,-0.8265016983403942,0 25.791014194932774,8.548309002181432,0.5
1217 19 6 1 1 0 1 -15.141486997398033,-12.287610488114698,0 9.706081408588481,7.876673389817114,0 -16.019602846408286,-20.727332791349383,0.5
1109 7 5 1 1 0 1 -7.06455225531593,-2.518352920444354,0 23.07753736736537,8.226619540118223,0 -22.94673563242747,-14.549822123156128,0.5
315 7 31 0 1 1 0 -13.45105904095423,-20.47728035352262,0 -22.309062935150774,-23.03379497511172,0.5
1327 0 2 0 1 0 1 16.289626189351956,26.96104743164069,0 -10.119926603048842,-28.352020837127366,0.5
1852 13 17 1 1 1 1 12.066859226042062,-6.053173417215432,0 -16.536066346798382,8.295089497665591,0 -12.951925626106927,13.209754826483143,0.5 15.650999946733517,-1.1385080883978809,0.5
1222 7 26 1 1 1 0 -5.748697551070124,-4.816894898824383,0 18.779078666829072,15.735190002826318,0 24.16558059950728,12.420737268323387,0.5
1423 31 13 1 0 1 1 -7.545834325320545,-30.582844608290028,0 9.059232731478334,11.669631627301337,0.5 1.3936232581368273,-19.398654958898057,0.5
1377 2 4 0 1 0 1 11.1176948071588,27.324839655062465,0 -4.806358280220076,-27.733534215497308,0.5
34 3 16 1 1 1 1 3.4800527663894965,0.3731390399634097,0 -28.33757252631447,-3.0384178968449076,0 -17.045629967202043,4.206720696840205,0.5 14.771995325501925,7.618277633648522,0.5
1257 6 19 1 1 1 0 -4.494015298208844,-4.6961501785467705,0 17.630367708357774,18.42335839276041,0 17.816953751746627,9.940128721909073,0.5
648 7 0 1 1 0 1 -3.362874120675241,6.703810681134479,0 10.985388794205788,-21.899114891705967,0 -19.487119851743593,25.46570556422462,0.5
1455 21 9 1 1 1 1 -3.0293764866580326,-21.285508640905988,0 1.4794629353446207,10.395248406023853,0 7.278703649706383,8.5598173566818,0.5 2.7698642277037298,-23.12093969024804,0.5
942 14 6 1 1 1 1 -14.25995547243228,2.627483572593496,0 17.21029108741827,-3.1711008634749094,0 5.305159250706817,-7.078508693548372,0.5 -26.16508730914373,-1.2799242574799665,0.5
1035 30 15 1 0 1 1 -30.31580914138298,-3.3468964882768715,0 16.064800676101555,-4.262883910819881,0.5 -15.741949898464197,-7.77438186573332,0.5
807 31 31 1 0 1 0 -25.885011871832088,17.9503805083656,0 22.465891775000543,-22.880858960143144,0.5
1936 29 2 1 0 0 1 28.905724045335283,-5.891444425175012,0 30.103983928421727,-0.01231411086953127,0.5
1850 17 9 1 1 1 1 15.592614173296436,-7.944833745442072,0 -12.919594600731333,6.582862246223431,0 -5.7406189813522115,9.658948892655904,0.5 22.771589792675556,-4.8687470990096005,0.5
591 0 31 0 1 1 0 8.883207140854074,-30.22149286340235,0 3.1267323097298165,-31.913532318803128,0.5
577 3 23 1 1 1 1 -0.8384260361467256,3.3980938453655587,0 6.8271834371947655,-27.670192740833837,0 -0.19587177792722965,-24.25307473799171,0.5 -7.861481251268721,6.815211848207684,0.5
272 11 12 0 1 1 1 -13.460007992935607,-15.462153305090126,0 -12.732830231328577,-5.488627724683558,0.5 8.277913952766028,18.647416458871763,0.5
509 25 27 1 1 1 0 -0.7208994526419668,25.489807845081543,0 0.18375868400677584,-6.497401999726668,0 -5.220161259719026,-27.658631861003695,0.5
1461 26 31 1 0 1 0 -3.2387186984070615,-26.301344094790828,0 9.804819002587449,30.53056704888561,0.5
264 7 3 0 1 0 1 -16.5456537989651,-18.06907137527526,0 14.821906327300152,25.071120693434104,0.5
946 30 8 1 0 1 1 -30.06216015204444,5.14942006373839,0 7.364978390490078,-7.348951850952227,0.5 -24.175648654277857,-1.9462816201447368,0.5
1148 13 17 1 1 1 1 -12.066859226042066,-6.053173417215428,0 16.536066346798385,8.295089497665586,0 18.332524219187313,2.4836577366679693,0.5 -10.270401353653138,-11.864605178213044,0.5
1291 21 27 1 1 1 0 -13.124066291604457,-17.02964720637429,0 6.409427723806828,8.316804449624652,0 21.539056104993875,18.119576763984472,0.5
1238 29 31 1 0 1 0 -21.63103271356552,-20.058624672311364,0 27.177263678345156,17.018999352420842,0.5
1686 4 27 1 1 1 0 2.4824064178279355,-3.7533529512592705,0 -15.170261442281827,22.93715692436221,0 -10.1657908406028,26.24703214813279,0.5
1555 26 5 1 1 1 1 4.556121157404346,-26.10539714310151,0 -0.945610051536751,5.418101293851257,0 4.965045905391893,6.449675895527713,0.5 10.46677711433299,-25.073822541425052,0.5
226 13 7 1 1 0 1 10.237885856397746,8.799755291561864,0 -14.029695432841354,-12.058923918066258,0 14.668864572768413,20.52009776160386,0.5
1345 5 5 1 1 0 1 -2.573613978433154,-4.860710965487813,0 12.400140077905196,23.419789197350372,0 -7.097546297373036,-26.227368082913813,0.5
1678 20 29 1 1 1 0 10.875479278288042,-17.37739768974421,0 -6.100878619527438,9.74829626497846,0 -10.564012320538144,28.189566220350365,0.5
1093 10 13 1 1 1 1 -10.055027282555033,-3.0243059281550755,0 20.588865388088877,6.1926264243175355,0 14.656067036516514,-1.8573365395463508,0.5 -15.987825634127397,-11.074268892018962,0.5
462 3 24 1 1 1 1 0.41684006033204396,3.475089115994348,0 -3.3942690627037866,-28.29715423023969,0 -8.87517604974319,-23.61104085139122,0.5 -5.06406692670736,8.16120249484282,0.5
845 30 29 1 1 1 0 -26.95485171770515,14.27185933494749,0 1.3256484451330401,-0.7018947213908601,0 23.263507202053017,-19.106523301219077,0.5
756 1 10 0 1 1 1 21.969425259081163,-21.15642582729055,0 3.4013249264461924,-11.605213860361893,0.5 -19.64856386996683,10.591691925647865,0.5
1685 9 14 1 1 1 1 5.215716770982252,-7.940169932998566,0 -12.353013404957965,18.805665630786077,0 -2.9459866927632907,15.413343647828707,0.5 14.622743483176928,-11.332491915955938,0.5
992 5 26 1 1 1 1 -5.4982630410581494,0.13821552493835798,0 26.49163101600745,-0.665947529248452,0 26.340850443347424,-6.664052664948252,0.5 -5.6490436137181765,-5.859889610761441,0.5
1540 9 14 1 1 1 1 1.1906657188608902,-9.42508966248754,0 -2.8199977551968454,22.322580779575752,0 4.135356321204456,15.137662570445755,0.5 8.146019795262191,-16.61000787161754,0.5
1805 7 22 0 1 1 1 -20.04466807691307,14.08762867506033,0 -14.95833712980335,17.846516475523913,0.5 11.222453827797395,-0.5536515898610093,0.5
1701 28 29 1 0 1 0 16.824232556654383,-23.004243062522416,0 -12.571557966532277,27.35335318190658,0.5
785 30 15 1 0 1 1 -23.80312742381906,19.069901018239005,0 8.345215375729882,-14.373843617233408,0.5 -16.62855765909667,5.633921385509154,0.5
1955 7 26 1 1 1 0 7.4251774328741815,-1.0567592395318726,0 -24.25557961405566,3.4520801824707834,0 -25.390219537863274,9.674024592645296,0.5
263 24 14 1 0 1 1 16.602337718017505,18.017002589134886,0 -14.238200508002578,-6.597245356504115,0.5 7.4464854910406935,16.93516618848839,0.5
134 4 13 1 1 1 1 4.107112143315763,1.8389208363135707,0 -25.099018653596325,-11.237849555249598,0 -14.773230878365382,-0.040612984519695416,0.5 14.432899918546706,13.036157407043474,0.5
1303 25 4 1 0 0 1 -14.793428586992174,-20.770278540297976,0 -11.06657313335282,-25.880126720790095,0.5
1916 11 3 1 1 1 1 11.101888846582646,-2.9996773223338224,0 -19.79032359608211,5.3472508789429005,0 -1.8137866981770725,6.7052351050142835,0.5 29.078425744487685,-1.6416930962624399,0.5
528 10 18 1 1 1 1 -0.9224375637828035,10.459402896003311,0 1.8888007258409787,-21.41687259657821,0 -4.3515545186702855,-18.955578948453148,0.5 -7.162792808294068,12.92069654412837,0.5
974 4 6 0 1 0 1 27.40831302093582,-2.243741818124343,0 -25.90452483427671,-3.8994349732161524,0.5
1011 15 19 1 1 1 1 -15.49074569950208,-0.5355349413043125,0 16.49014864785705,0.5700855826787843,0 19.6956613411688,-5.322680183327638,0.5 -12.28523300619033,-6.4283007073107346,0.5
1928 3 28 0 1 1 0 -27.774015874417444,6.391716687057374,0 -26.428391308721153,12.238877923776837,0.5
1219 0 20 0 1 1 1 24.334126855852727,20.002506597005965,0 19.646496511968785,8.38243251122241,0.5 -5.073886325722875,-11.937574190497935,0.5
975 8 24 0 1 1 0 23.42755734272851,-1.843788749604359,0 23.953720102094564,-7.903751847730971,0.5
1273 10 4 1 1 0 1 -6.869236173826547,-7.941258992640451,0 14.065578832121023,16.260673175406637,0 -13.452994364227365,-24.723813270530634,0.5
118 3 0 0 1 0 1 -26.56402670505901,-10.324847951079551,0 27.18658784220637,17.004100725942454,0.5
1638 26 10 1 0 1 1 11.132271802912854,-24.048337250339603,0 1.0340063989227417,12.049100828152564,0.5 14.476749708100527,-16.990400757163183,0.5
172 29 3 1 0 0 1 25.29703635771274,15.175966246554436,0 21.352872498830056,19.806686649934843,0.5
395 20 29 1 1 1 0 6.640307073062063,19.39474985596468,0 -3.725050309278718,-10.879981626516772,0 -15.232075989810678,-25.966013576223688,0.5
1813 4 0 1 1 1 1 3.745535732282985,-2.4941856543151237,0 -22.889385030618243,15.24224566525909,0 2.9094102354998332,5.271179382412327,0.5 29.544330998401062,-12.465251937161884,0.5
383 29 13 1 1 1 1 10.600689182173776,27.529536662700007,0 -0.8983634900147268,-2.3330115815847465,0 -10.450390641882915,-10.442190164522287,0.5 1.0486620303055867,19.420358079762465,0.5
1624 18 21 1 1 1 1 7.025913267153328,-17.11392832643747,0 -5.12701778954432,12.488542292265182,0 -2.614787312711984,22.167834520071658,0.5 9.538143743985664,-7.434636098631,0.5
945 28 19 1 1 1 1 -28.075615795411053,4.899979357963185,0 3.4478826415417085,-0.601751850977935,0 18.17805725834163,-9.263273412377139,0.5 -13.345441178611134,-3.7615422034360178,0.5
988 11 4 1 1 0 1 -11.491828935366776,0.4334371007042471,0 20.48543418913208,-0.772648744733658,0 -27.70660159363581,-4.959256812420336,0.5
972 10 21 1 1 1 1 -10.459402896003311,0.9224375637828031,0 21.41687259657821,-1.8888007258409778,0 20.88976541727375,-7.865602380700013,0.5 -10.98651007530777,-5.0543640910762315,0.5
650 0 31 0 1 1 0 14.300700741795723,-28.066705511933588,0 8.954661596665515,-30.79064851037087,0.5
1027 26 4 1 0 0 1 -26.4047241695817,-2.2451150367649326,0 -26.892800922373855,-8.30826447277456,0.5
1794 4 29 0 1 1 0 -21.9393470873107,16.58056239644818,0 -19.9173587162537,22.573188117057654,0.5
1430 6 24 0 1 1 1 5.562652655611853,24.885877429438054,0 11.200009985847792,22.601101219120046,0.5 4.219426261158409,-8.628235162919864,0.5
566 12 29 1 1 1 0 -2.573282609623513,12.232261304068402,0 4.01432087101268,-19.082327634346708,0 0.20146153275865775,-30.103312330220717,0.5
379 22 5 1 1 0 1 8.348483480333647,20.893846548172892,0 -3.5249152472519842,-8.821846320339665,0 4.260965908435747,26.834570418159267,0.5
917 15 10 1 1 0 1 -14.976043134866579,3.996014517317926,0 15.942239466148294,-4.253821905531986,0 -22.320065451841227,-0.25431914108800413,0.5
1923 1 14 1 1 1 1 1.4563259337280963,-0.3593254440628832,0 -29.611960652471293,7.306284029278625,0 -12.640515583120065,9.298783027520257,0.5 18.427771003079325,1.6331735541787475,0.5
1151 24 1 1 0 0 1 -21.79460897126928,-11.19129214119034,0 -24.391339623533508,-19.269472005466163,0.5
989 28 28 1 0 1 0 -28.48298402811673,0.9846932791724651,0 28.275680179869894,-6.981110969302302,0.5
240 30 15 1 1 1 1 22.233543136353052,20.878686730825002,0 -1.0934529411321172,-1.0268206588930329,0 -15.40629636060401,-6.236668377366204,0.5 7.92069971688116,15.668839012351832,0.5
994 8 14 1 1 1 1 -8.498489995236877,0.1602117375809719,0 23.49582528094901,-0.4429383333120988,0 14.38433347122928,-6.272236490158276,0.5 -17.609981804956607,-5.669086419265206,0.5
1817 23 2 1 1 0 1 19.72215063733097,-12.778371345301624,0 -7.133543847545244,4.621964103619736,0 28.020156249918013,-11.00549152606009,0.5
1591 16 5 1 1 0 1 4.653108502352132,-15.830305785591708,0 -4.3711019264520035,14.870893313737664,0 13.229649092477683,-23.732391048731362,0.5
484 1 27 0 1 1 0 -1.5324517044829729,-30.461477176483534,0 -7.374140489579768,-27.16380039758686,0.5
497 7 4 1 1 0 1 0.07068478824858111,7.499666903317124,0 -0.23090364161203164,-24.49891188416927,0 -5.740555965742235,27.555326476094987,0.5
1153 2 29 0 1 1 0 26.15730354316642,13.639848655709251,0 28.93151004941237,8.319719121505912,0.5
1966 28 8 1 1 1 1 28.337572526314467,-3.038417896844927,0 -3.480052766389496,0.37313903996341213,0 -7.811889792722927,6.871999553721707,0.5 24.005735499981036,3.4604426169133684,0.5
310 3 26 1 1 1 0 1.9672918224824572,2.8947820099609665,0 -16.01937626878572,-23.571796366825012,0 -19.857692958728833,-18.545134951163103,0.5
110 12 1 1 1 0 1 11.761009611927818,4.234224003066142,0 -18.347174994607396,-6.605389444783182,0 26.664435931632127,15.976791181206739,0.5
549 29 30 1 0 1 0 -4.523258120240342,29.151160113753274,0 -1.2524606106843796,-31.059319735285317,0.5
563 5 8 1 1 0 1 -1.0814688203848095,5.392626928551194,0 5.210713407308628,-25.982657019383026,0 -10.503687063700035,21.861439981571674,0.5
1272 27 28 1 0 1 0 -18.056108283206303,-20.741912970242854,0 23.23820232337588,17.55664981646122,0.5
860 1 6 0 1 0 1 27.597225100213592,-12.986268392734722,0 -25.62776558727393,5.428409620113243,0.5
1001 3 1 1 1 0 1 -3.4999827282065037,-0.010995556200577359,0 28.49985935825296,0.08953524334755848,0 -30.4809999637414,-6.095788809530466,0.5
855 10 16 1 1 1 1 -9.429289545486464,4.619361283487111,0 19.307592878853235,-9.458692151902179,0 12.177819980914665,-12.647161757186296,0.5 -16.559062443425034,1.4308916782029941,0.5
492 9 22 1 1 1 0 0.23873590671170655,9.49699979819135,0 -0.5654271474750945,-22.492894258874248,0 -6.563532283174894,-22.342113686214223,0.5
440 21 22 1 0 1 1 4.028698263593082,21.119175890666806,0 -10.109803082550938,-20.977175253881146,0.5 -4.113601015807746,10.456016769436891,0.5
1175 10 24 1 1 1 0 -8.95272172571797,-5.486234929517461,0 18.331763533612985,11.233719141392896,0 24.024675414970954,7.685373849416188,0.5
1512 14 26 1 1 1 1 0.5465076487140528,-14.489697353288543,0 -0.6595781967238568,17.48756577121031,0 4.9969469950902665,26.70731212099522,0.5 6.203032840528176,-5.269951003503632,0.5
1478 18 5 1 1 0 1 -1.2776104757165132,-18.455831367682666,0 0.9323103471444826,13.46776883587654,0 4.15558435673559,-26.851091572858905,0.5
328 12 23 1 1 1 1 6.43049417226883,10.719083202420654,0 -10.031570908739376,-16.72176979577622,0 -17.234488981027315,-17.065239217861787,0.5 -0.7724239000191098,10.375613780335083,0.5
712 0 1 0 1 0 1 19.46257781234553,-24.768085612303498,0 -23.56244879207491,20.274639501624875,0.5
657 15 10 1 1 1 1 -7.338837768390837,13.652525781306558,0 7.812311172803149,-14.53333389622956,0 -0.3133779432087458,-12.089325633165412,0.5 -15.464526884402733,16.09653404437071,0.5
280 6 21 1 1 1 1 4.143255933366483,5.00833607804263,0 -16.254311738591586,-19.648087690782624,0 -18.327695236251564,-12.74149078118733,0.5 2.069872435706505,11.914932987637926,0.5
709 7 9 1 1 0 1 -4.578162659862018,5.940574606874753,0 14.95533135554926,-19.405877049124193,0 -18.486947665085857,14.159193692734647,0.5
487 13 1 1 1 0 1 0.5511962517098875,13.488742813624292,0 -0.7553430116024383,-18.48457348533699,0 -4.74970157071068,30.719543209318534,0.5
96 6 9 1 1 1 1 6.206619540853179,1.930770280250727,0 -24.349045891039395,-7.57456033021439,0 -10.853462664555318,2.9072922434980257,0.5 19.70220276733726,12.412622853963143,0.5
1582 13 9 1 1 1 1 3.4394047967256562,-13.054520084792873,0 -4.713258425142566,17.88952752360505,0 3.3816870325824824,10.715138487843424,0.5 11.534350254450704,-20.228909120554498,0.5
1988 27 13 1 1 1 1 27.480460497616203,-1.0364800234232154,0 -4.496802626882651,0.16960582201470797,0 -13.264266784628344,6.5045543018876595,0.5 18.71299633987051,5.298468456449736,0.5
1890 26 1 1 0 0 1 24.933340377286967,-8.976554886500244,0 30.72929097457562,-4.686221953756063,0.5
114 31 31 1 0 1 0 29.50132143256806,11.04183108602466,0 -31.604527353715614,-5.422531765535506,0.5
649 24 4 1 1 0 1 -11.054132568825207,21.86449526403109,0 3.3839181333138386,-6.693212835927884,0 -17.762270090893047,21.834645891751173,0.5
852 26 5 1 1 0 1 -23.68679774000849,11.882155226385855,0 4.91612783283195,-2.4661076884951774,0 -26.377097036548683,6.519106681478272,0.5
539 27 29 1 1 1 0 -3.360934498346962,27.293847645537653,0 0.5499710997295029,-4.466265978360707,0 -2.349655206254201,-30.01214954667064,0.5
1205 27 22 1 0 1 1 -21.991328108394985,-16.511556196461818,0 21.595426167914837,8.711347118909853,0.5 -3.9944829036720533,-10.502100091518443,0.5
3 1 19 0 1 1 1 -30.49864540682297,-0.2874514722108922,0 -19.555681779223384,5.815953073207391,0.5 12.442897008263008,6.117541503067999,0.5
464 29 0 1 0 0 1 3.329263353767707,29.31153366034025,0 -2.40669173960538,31.975894590621152,0.5
1889 11 25 1 1 1 0 10.807837437492678,-3.9294592407520565,0 -19.266144997269556,7.004688211775405,0 -21.915052105352256,14.35202045775074,0.5
1530 24 7 1 1 1 1 2.305653676303605,-24.39126813277546,0 -0.7058123498888587,7.4667147345231,0 5.267559437729622,8.031364614434187,0.5 8.279025463922085,-23.82661825286437,0.5
360 27 3 1 0 1 1 11.708930518039498,24.882743942815537,0 -6.919189835273872,-0.6122189342406323,0.5 6.7057474948084534,28.342246744671996,0.5
1531 5 24 1 1 1 0 0.5347952165731962,-5.4739377121346955,0 -2.5767405889435815,26.37442715846717,0 3.589298812139067,24.96731731758895,0.5
1576 26 26 1 0 1 0 6.267223421128706,-25.74824092223886,0 -0.4374330236406623,27.16723490438121,0.5
1895 3 19 1 1 1 1 3.3112987558964084,-1.1337109636935234,0 -26.96343272658504,9.231646418647262,0 -16.505159987948236,11.992901807829188,0.5 13.769571494533213,1.6275444254884022,0.5
1599 3 16 0 1 1 1 -8.72178780237227,27.132644867951782,0 0.6626796655637985,17.544539197734668,0.5 10.455564215595821,-12.920184864526984,0.5
103 27 10 1 0 1 1 26.07280235131088,8.7440824303913,0 -11.8628697916768,2.3499617668638777,0.5 18.476391126212224,12.524894049501027,0.5
1160 23 22 1 1 1 1 -20.593206981030796,-11.321211341390303,0 7.448606780372842,4.094906229864577,0 22.60742234559722,5.581617587025404,0.5 -5.434391415806415,-9.834499984229474,0.5
949 18 29 1 1 1 1 -18.263052258904153,2.951427144372003,0 13.327092188930058,-2.15374413237957,0 28.164944798456247,-10.629481854724272,0.5 -3.4251996493779675,-5.524310577972699,0.5
1470 23 11 1 1 1 1 -2.211545362985099,-23.39570616817238,0 0.7999206632073762,8.46227669912618,0 7.055617390781401,10.88431271302433,0.5 4.0441513645889255,-20.97367015427423,0.5
425 17 17 1 1 1 1 4.085293867478346,17.01647360695934,0 -3.3849577759106295,-14.09936384576631,0 -9.919513389864406,-15.615801423823909,0.5 -2.4492617464754294,15.500036028901743,0.5
1571 7 30 1 1 1 0 1.659060695926848,-7.314199724319177,0 -5.419598273361037,23.893052432775978,0 -0.8954870506471737,31.071660768972798,0.5
537 30 31 1 1 1 0 -3.5373090166733228,30.294181700791352,0 0.17396601721344213,-1.489877788563509,0 -2.306224792771752,-31.98329762868746,0.5
777 4 31 1 1 1 0 -3.440121891403912,2.9009586988241614,0 21.022967114135017,-17.728080937258763,0 20.212908308061834,-24.893540080307677,0.5
61 8 0 1 1 0 1 8.344396692644391,1.6189638154651138,0 -23.069802620840374,-4.4759587839329615,0 29.780554461824426,11.889851805060873,0.5
1764 3 6 1 1 1 1 2.581295910753608,-2.363664828423586,0 -21.019123844707952,19.2469850314492,0 -0.7418384141019807,8.814741956935702,0.5 22.858581341359578,-12.795907902937083,0.5
1795 22 26 1 1 1 0 17.992904815959534,-13.509455069832393,0 -7.597004255627359,5.703992140595899,0 -17.589122097952593,20.70924392205847,0.5
406 24 25 1 1 1 0 7.130386087292657,23.43944526319135,0 -2.1827712512120376,-7.175340386691229,0 -13.161694563473912,-22.64994031378055,0.5
1557 6 28 1 1 1 0 1.1577493867173616,-6.396062566732409,0 -4.541939901737342,25.092245454104066,0 0.8277719813768689,29.11296607264274,0.5
653 5 17 1 1 1 1 -2.5430226307254538,4.876785406353061,0 12.252745402586278,-23.497238776064748,0 2.771306109014013,-18.29125098100569,0.5 -12.024461924297718,10.08277320141212,0.5
126 17 2 1 1 0 1 16.146772947727012,6.74771986485444,0 -13.378754728116666,-5.5909678880222495,0 24.90534187250401,16.910764211403887,0.5
206 3 1 0 1 0 1 -22.737141526849275,-17.1834919381372,0 20.715153155792272,23.17611765874668,0.5
1284 12 19 1 1 1 1 -7.846142016133753,-9.730778769587795,0 12.239981545168655,15.180014880556959,0 16.910755354570796,11.413866712812757,0.5 -3.175368206731612,-13.496926937331997,0.5
29 9 25 1 1 1 0 9.460600661449263,0.8643119370839143,0 -22.406685777116678,-2.0470545878303232,0 -25.94012510415365,3.655121007690081,0.5
1696 0 0 0 1 0 1 -18.19354015780142,25.7146863975913,0 23.091575662104525,-22.249250177057696,0.5
284 12 16 1 1 1 1 7.846142016133757,9.730778769587792,0 -12.23998154516866,-15.180014880556955,0 -15.0276812706987,-9.078479808111682,0.5 5.058442290603718,15.832313842033065,0.5
1873 23 5 1 1 0 1 21.654235759305212,-9.129297545837108,0 -7.832383146982736,3.3020863463666137,0 26.749490761557908,-4.7659987408022175,0.5
1176 4 0 1 1 0 1 -3.8294751680761143,-2.363285834825829,0 23.40234824935403,14.442302323935623,0 -23.655278396765027,-21.648967734548954,0.5
627 13 30 1 1 1 0 -5.244490079523442,12.439667351090229,0 7.186893812680272,-17.046951555197722,0 6.319921727327674,-30.4353181248439,0.5
1862 1 27 0 1 1 0 -27.678274948504068,12.81261471656009,0 -22.43530730440988,16.997264078571373,0.5
1314 23 10 1 1 1 1 -12.963677959768114,-19.60084318990952,0 4.688989900341658,7.089666685711954,0 10.796752243277545,5.447948329167714,0.5 -6.8559156168322275,-21.24256154645376,0.5
76 7 28 0 1 1 0 -23.804977456409514,-5.794225427081255,0 -29.110498370210554,-0.9104310176881096,0.5
658 28 7 1 1 1 1 -13.572788804536268,25.06051484043085,0 1.6668337128377873,-3.077607085666947,0 -1.7041113336337932,-9.452301548436807,0.5 -16.94373385100785,18.685820377660992,0.5
1136 27 9 1 1 1 1 -25.027914193837386,-11.3953284773153,0 4.095476868082481,1.8646901144697763,0 11.132260207467164,-1.5240678046737801,0.5 -17.991130854452706,-14.784086396458857,0.5
1787 1 31 0 1 1 0 -23.922476503968998,18.919966118284968,0 -20.984859448043068,24.246353827861984,0.5
305 23 14 1 1 1 1 13.512623423017047,19.22651835948805,0 -4.8875446423678675,-6.9542725981126985,0 -13.24647445917768,-8.413139390403167,0.5 5.153693606207234,17.767651567197582,0.5
618 20 3 1 1 0 1 -7.426645017443185,19.107457805393324,0 4.166166717102275,-10.718817793269427,0 -15.917274625828817,24.390374504831737,0.5
106 5 14 0 1 1 1 -25.044171492264827,-8.662532785855975,0 -15.664742768036824,0.9305020210821633,0.5 14.57727563771693,11.390918970040321,0.5
189 31 0 1 0 0 1 26.1085332975,17.623691130218262,0 22.751639748886998,22.596745091646834,0.5
218 5 18 1 1 1 1 4.259766831093036,3.4791358905221843,0 -20.524331095266447,-16.7631092906978,0 -18.123727585155322,-7.055529634200399,0.5 6.66037034120416,13.186715547019583,0.5
680 7 0 0 1 0 1 13.127756476985423,-20.686034174799367,0 -21.944511594850493,23.381368883439492,0.5
1653 24 4 1 0 0 1 11.3280099005043,-21.723862264663634,0 18.035242687830618,-21.60972052551935,0.5
683 31 30 1 0 1 0 -17.128455207531967,26.436074258550022,0 11.549252008838884,-28.859396702570397,0.5
1131 10 11 1 1 1 1 -9.623275430022428,-4.200305940991281,0 19.704802070998305,8.600626450601194,0 12.939952675352915,-0.8986794532128428,0.5 -16.388124825667816,-13.699611844805316,0.5
65 21 31 1 1 1 0 21.053290428367962,4.359926850165019,0 -10.28183951152854,-2.129266601243381,0 -32.0622423067247,-0.5124629399995486,0.5
1725 27 14 1 1 1 1 17.859821329080056,-20.911164054000846,0 -2.9225162174858275,3.4218268452001386,0 -4.854560907187482,14.92257479118155,0.5 15.927776639378402,-9.410416108019437,0.5
317 19 29 1 1 1 0 10.603329414186454,16.365188826721443,0 -6.797006034734906,-10.49050565815477,0 -21.07637695788867,-21.495030456572504,0.5
1636 6 12 1 1 0 1 2.6934412764563462,-5.915688809452472,0 -10.566577315328743,23.207702252467392,0 13.540959653479014,-15.260812942397713,0.5
892 1 24 0 1 1 1 28.761211344732367,-10.150996107951089,0 21.10635086223726,-13.812022056170358,0.5 -9.069346286334403,-3.1617966314347887,0.5
171 26 31 1 1 1 0 22.767172403768217,13.56118950303014,0 -4.725262197008498,-2.8145865006288973,0 -30.13332331082565,-10.965073015956232,0.5
365 5 26 0 1 1 0 -10.905130503035386,-24.152186830839298,0 -16.373550162848055,-21.683100679208646,0.5
190 17 9 1 1 0 1 14.473910049804832,9.836459112412285,0 -11.992668326981146,-8.150208978855893,0 15.236812654064856,17.60935944732031,0.5
981 21 1 1 1 0 1 -21.461709903481555,1.282578659888669,0 10.481300185421224,-0.6263756245967919,0 -30.803610419326485,-4.169842339269065,0.5
125 27 5 1 1 1 1 25.406687144060385,10.523794390039969,0 -4.15745789630079,-1.722075445642904,0 -7.3774380230026155,3.438518317059726,0.5 22.18670701735856,15.6843881527426,0.5
1241 21 2 1 1 0 1 -15.626511007968407,-14.76692770070478,0 7.631551887612478,7.211755388716288,0 -17.320023652597175,-24.622485265981464,0.5
275 1 18 0 1 1 1 -19.8081654740706,-23.192381950800947,0 -16.577224687708583,-10.170822073619473,0.5 4.205112858857292,14.16216882558152,0.5
1534 3 27 1 1 1 0 0.3731390399634107,-3.480052766389496,0 -3.0384178968449156,28.337572526314467,0 3.0339979998123376,27.98293866156903,0.5
1921 17 11 1 1 1 1 16.963794092063512,-4.298800995867459,0 -14.055715104852624,3.56186368229018,0 -9.673761490487179,8.641084343134677,0.5 21.34574770642896,0.7804196649770381,0.5
1788 17 24 1 1 1 1 13.760047562390826,-10.812543229080859,0 -11.40118226598097,8.958964389809854,0 -15.556908908805147,19.855291113532914,0.5 9.604320919566648,0.08378349464220047,0.5
1958 21 14 1 1 1 1 21.31311406799439,-2.8286337204840746,0 -10.40873012622982,1.3814257704689665,0 -13.58457449595415,7.8555289932551355,0.5 18.13726969827006,3.645469502302095,0.5
1279 3 25 0 1 1 0 18.235482150108595,21.902447140743675,0 20.926999216569516,15.757877515379372,0.5
1908 30 22 1 1 1 0 29.234914565029957,-8.693087505334299,0 -1.4377826835260634,0.4275288937049655,0 -19.85662467807109,12.164064139678736,0.5
1846 27 14 1 1 1 1 24.343861061642514,-12.791654647130112,0 -3.9835409009960476,2.0931798513485638,0 -10.044947545855845,12.05607850011788,0.5 18.282454416782716,-2.828755998360796,0.5
1630 12 17 1 1 1 1 4.964348632934749,-11.47193282104977,0 -7.744383867378209,17.896215200837638,0 -1.4435603320047603,18.443593293278354,0.5 11.265172168308197,-10.924554728609053,0.5
1579 9 0 1 1 0 1 2.333634826328045,-9.20891679283448,0 -5.527029851829581,21.81059240408166,0 13.553999766983189,-29.060954738559772,0.5
667 26 24 1 0 1 0 -13.274025572058816,22.935785251705,0 7.079204339819284,-24.210222343363224,0.5
418 25 10 1 1 1 1 6.496653504926245,24.658537937942093,0 -1.656009716941984,-6.285509670455827,0 -8.477101546250122,-8.624891267405275,0.5 -0.3244383243818936,22.31915634099265,0.5
1434 1 2 0 1 0 1 6.278809567481399,29.846717581926896,0 -0.2014615327586844,-30.103312330220714,0.5
1982 25 31 1 0 1 0 25.459239527778863,-1.4412226292916326,0 -31.110537621540566,7.770743136837631,0.5
937 20 16 1 1 1 1 -20.09979127914536,4.030929239616107,0 11.27549266878886,-2.261252988077328,0 14.998096617961062,-9.127272201392094,0.5 -16.377187329973157,-2.835089973698659,0.5
805 5 0 1 1 0 1 -4.49982344583763,3.162528886238031,0 21.680967511763125,-15.237639179146877,0 -29.221747611147915,13.203767134813127,0.5
793 3 29 0 1 1 0 22.68304588040895,-17.254837860358542,0 19.846344782803957,-22.63564884782564,0.5
359 30 14 1 0 1 1 13.072903405141416,27.55629141520756,0 -11.635896651337571,-10.528813281628235,0.5 2.079936429466538,18.38270558022888,0.5
1722 22 9 1 1 1 1 14.450684696473147,-17.246092653210372,0 -6.101400205177551,7.281683564688824,0 -1.5024421643214527,11.13519948374833,0.5 19.049642737329243,-13.392576734150866,0.5
890 23 26 1 1 1 1 -22.1106980704243,7.960341125764346,0 7.997486536110916,-2.8792723220849763,0 22.90091285581523,-14.621839500225573,0.5 -7.207271750719988,-3.7822260523762505,0.5
1310 19 26 1 1 1 0 -10.960625868116553,-16.12807119835395,0 7.026042223151636,10.33850717843202,0 19.85769295872884,18.5451349511631,0.5
1831 25 22 1 1 1 1 21.98959292771125,-12.911537587504881,0 -5.605190354122476,3.291176247795362,0 -16.364573150920545,16.56655503078931,0.5 11.230210130913184,0.3638411954890639,0.5
140 1 1 0 1 0 1 -27.597225100213592,-12.986268392734718,0 25.042549350823155,18.415230707530835,0.5
159 22 22 1 0 1 1 19.75085610662524,10.777461809507123,0 -22.624845922493805,-5.510566847740393,0.5 5.46526054026209,9.81737883689196,0.5
153 15 29 1 1 1 0 13.743667963358627,7.166700141135372,0 -14.630356219059182,-7.629067892176364,0 -28.931510049412367,-8.319719121505917,0.5
1089 8 24 0 1 1 1 22.587387412038023,6.4853627422455205,0 25.20439012971935,0.9943430941611533,0.5 -5.552903367523917,-7.836789150598703,0.5
145 9 17 1 1 1 1 8.531261969725849,4.179422113631193,0 -20.205620454613854,-9.898631321758089,0 -18.355117594946265,-2.3107700179148196,0.5 10.381764829393436,11.767283417474463,0.5
559 21 1 1 1 0 1 -3.9623306440901698,21.131728179846153,0 1.9350917099045015,-10.32014632038998,0 -11.518207149945447,28.871801191663565,0.5
960 31 0 1 0 0 1 -31.25161309140605,3.947996857275593,0 -32.00361249279187,-2.004691350611274,0.5
1672 26 1 1 0 0 1 13.63264764520992,-22.724456389131788,0 20.835565717497857,-23.067925811217357,0.5
924 24 0 1 1 0 1 -23.804977456409514,5.794225427081253,0 7.287237996860055,-1.7737424776779345,0 -32.02539356895458,1.6199280087592811,0.5
109 20 29 1 1 1 0 19.30977616453021,6.883497982547904,0 -10.832313458151093,-3.8614744780146775,0 -29.801921207264808,-4.253879682828385,0.5
1094 13 8 1 1 1 1 -12.91561269604421,-3.928988252181672,0 17.699172953838364,5.384169086323032,0 9.87826943921969,-3.2664648913126704,0.5 -20.73651621066288,-12.579622229817375,0.5
1332 7 25 1 1 1 0 -3.777174012268208,-6.479425628946264,0 12.338768440076144,21.166123721224462,0 18.025932144868918,19.00830792860273,0.5
1997 22 6 1 1 0 1 22.49900070995137,-0.21205436474573247,0 -9.499578077535023,0.08953406511486482,0 25.555415301877083,5.759405242608535,0.5
923 21 29 1 1 1 0 -20.874005050102717,5.150331364901323,0 10.194281536096675,-2.5152781084401807,0 27.203774920401035,-12.892037468149084,0.5
1648 1 26 1 1 1 0 0.6725748241350474,-1.3407621362268962,0 -13.675688090745965,27.262163436613555,0 -6.519106681478252,26.377097036548687,0.5
24 4 15 1 1 1 1 4.487215051172763,0.33897062487569724,0 -27.421869757166885,-2.07148715201815,0 -15.907923787207112,4.815387915880727,0.5 16.001161021132532,7.225845692774573,0.5
1996 0 3 0 1 0 1 -31.497512892420207,0.39583025632561825,0 28.573145999108878,5.641394128547337,0.5
482 4 19 1 1 1 0 0.2543334051691108,4.492806975490388,0 -1.554259698255677,-27.456042627996812,0 -7.09252072305333,-19.129719020232866,0.5
1543 2 18 0 1 1 0 -3.9730006901659842,29.231237837558993,0 3.4537937036367206,19.13952217409618,0.5
149 7 11 1 1 1 1 6.693212835927884,3.3839181333138377,0 -21.86449526403109,-11.054132568825203,0 -12.970060855073825,0.16589579766108997,0.5 15.587647244885147,14.60394649980013,0.5
1294 8 22 1 1 1 0 -5.1249011043567085,-6.781252736077854,0 14.168844229692077,18.748169329156422,0 18.352681325234478,14.332797639483704,0.5
148 21 31 1 1 1 0 19.21759061925217,9.640239145935693,0 -9.38533495358827,-4.708023768945338,0 -30.846304157305003,-8.761022761928432,0.5
1114 5 19 1 1 1 1 -5.151024377115058,-1.9279387610519259,0 24.818571998827096,9.28915948506837,0 20.365928712737304,1.2161199232404023,0.5 -9.603667663204847,-10.000978322879893,0.5
1249 8 27 1 1 1 0 -6.029260201364328,-5.991495758510072,0 16.669131144948437,16.564723567645494,0 23.7357211868917,15.128302605981297,0.5
1985 10 16 1 1 1 1 10.488343687100684,-0.4946177324512477,0 -21.476132311682356,1.0127886902573167,0 -16.19904423261465,6.770595686480924,0.5 15.76543176616839,5.263189263772359,0.5
766 25 3 1 1 0 1 -18.914415204837848,17.102482201686364,0 4.821321522801805,-4.359456247488681,0 -25.163753982274386,14.664088294864086,0.5
1149 21 4 1 1 0 1 -19.187210129659935,-9.70056531549967,0 9.370497970299038,4.737485386639373,0 -21.834645891751173,-17.762270090893047,0.5
721 5 0 1 1 0 1 -3.5191281342314804,4.2267880447049215,0 16.955799192206225,-20.365433306305533,0 -24.766048090276577,20.368919018693845,0.5
63 2 22 0 1 1 1 -28.92408988950186,-5.800605491154892,0 -23.24053069358377,1.4586751113907148,0.5 8.134753254350452,7.750857339084157,0.5
927 5 5 0 1 0 1 25.806163683143915,-6.024277214636132,0 -27.170150977023795,0.1813722297733582,0.5
286 27 10 1 0 1 1 17.126663963423095,21.515747290856172,0 -11.23361655858471,-4.4783768281255005,0.5 8.695592417034891,20.55812911032532,0.5
1992 8 18 1 1 1 1 8.49731560890805,-0.21360581126837247,0 -23.49257844815755,0.5905572429184416,0 -18.34337692908102,6.4630119014015515,0.5 13.646517127984577,5.658848847214737,0.5
732 28 27 1 0 1 0 -18.981338221876168,21.259322644589194,0 13.839679481896825,-24.50945270377052,0.5
215 17 2 1 1 1 1 13.65753212842077,10.94174648587484,0 -11.316240906405783,-9.066018516867723,0 -5.702531956360055,3.119475803190716,0.5 19.2712410784665,23.12724080593328,0.5
1319 31 4 1 0 0 1 -16.962015446039803,-26.54317298305361,0 -9.752266249770571,-26.403471419371847,0.5
1840 12 16 1 1 1 1 10.953833500548296,-6.0219209262714415,0 -17.08798026085534,9.394196644983449,0 -11.568538176113456,13.206775702941485,0.5 16.473275585290178,-2.2093418683134054,0.5
1565 27 31 1 0 1 1 5.57665062230408,-26.92862729209856,0 -0.5124629399995335,32.0622423067247,0.5 5.976730511408851,0.7271123668281894,0.5
1059 10 0 1 1 0 1 -10.320146320389982,-1.9350917099044986,0 21.131728179846153,3.962330644090164,0 -29.854672269795948,-11.702501598507773,0.5
878 13 6 1 1 1 1 -12.520509570017927,5.048449277460309,0 17.157735336691232,-6.918245306149313,0 3.7846382622484946,-7.995405757303672,0.5 -25.893606644460665,3.9712888263059494,0.5
553 14 13 1 1 1 1 -2.403173781007736,14.299466975320339,0 2.900382149492095,-17.257977384007305,0 -3.6795831591943164,-14.307713576060069,0.5 -8.983139089694149,17.249730783267573,0.5
760 14 6 1 1 1 1 -10.570045097610464,9.925933035965988,0 12.756950979874699,-11.979574353752055,0 0.6310134426670402,-8.823367953064945,0.5 -22.695982634818122,13.082139436653097,0.5
763 7 29 1 1 1 0 -5.51540895585762,5.082348281025767,0 18.01700258913489,-16.602337718017505,0 17.628063268219357,-24.40289707005411,0.5
222 22 29 1 1 1 0 17.246092653210372,14.45068469647315,0 -7.281683564688824,-6.101400205177552,0 -26.465059619935328,-14.347495227853143,0.5
243 8 5 1 1 0 1 6.141119464253473,5.876789236119254,0 -16.97838910705372,-16.24759377044735,0 14.997521221882531,22.656662534433067,0.5
142 25 26 1 0 1 1 23.004415963889173,11.002129164864453,0 -26.49528619734313,-6.020781454336194,0.5 2.373000502439362,7.785812007454491,0.5
356 15 16 1 1 1 1 6.775294383089461,13.94078139927875,0 -7.2124101497403945,-14.840186650845121,0 -12.60884165913862,-12.217492050939523,0.5 1.3788628736912356,16.563475999184348,0.5
1792 15 11 1 1 1 1 12.306851179041443,-9.42291961426639,0 -13.100841577689279,10.030849911960994,0 -5.483307798282468,11.755140815374975,0.5 19.924384958448254,-7.698628710852407,0.5
1189 28 9 1 1 1 1 -23.62200631678571,-15.945244355911763,0 2.9009481441666662,1.9581879033575849,0 11.23089565420824,0.34202749054201664,0.5 -15.292058806744137,-17.56140476872733,0.5
1167 11 28 1 1 1 0 -9.953265297909716,-5.760426191648165,0 17.742777270186888,10.268585819894554,0 27.6722276643753,9.082830841262119,0.5
787 16 8 1 1 1 1 -12.941667616901269,10.235391506613173,0 12.15732412496786,-9.615064748636616,0 2.9449591335746512,-9.978838394401187,0.5 -22.154032608294475,9.871617860848602,0.5
826 2 1 1 1 1 1 -2.1356935792482377,1.2995433565517744,0 25.201184235129205,-15.334611607310938,0 -1.8374879081753162,-5.9053906041268345,0.5 -29.174365722552757,10.728764359735878,0.5
578 16 11 1 1 0 1 -4.002887308124219,16.00708884208675,0 3.760288077328812,-15.03696224559664,0 -10.794043810246484,18.431999843274728,0.5
1972 31 29 1 0 1 0 31.378208688009934,-2.767312691348413,0 -28.858834290419132,8.568411953105961,0.5
1651 28 28 1 1 1 0 13.018441878527526,-25.352912476782638,0 -1.598756020170047,3.1135155673241837,0 -7.680986620257497,28.093637082788433,0.5
1633 17 24 1 1 1 0 7.101145759158492,-15.994490579796075,0 -5.8838064861598935,13.25257790897389,0 -4.4577787211775215,24.826965357711703,0.5
192 1 16 0 1 1 1 -25.11774422766704,-17.301702948366074,0 -16.991901555629592,-4.418742074820917,0.5 9.361141568480086,13.733864297235291,0.5
101 8 27 1 1 1 0 8.07568866235656,2.6520280218515264,0 -22.326903948868136,-7.332077472177749,0 -27.999247805401712,-2.879604544326779,0.5
944 22 17 1 1 1 1 -22.15269752690712,3.938018826943717,0 9.35336117802745,-1.662719060265125,0 16.179737500409434,-8.970289539242568,0.5 -15.326321204525135,-3.369551652033725,0.5
1933 26 6 1 0 0 1 25.915127505514125,-5.536801095663923,0 26.19081350809788,0.53971083372282,0.5
23 24 9 1 1 1 1 24.43607031819193,1.7687474111300845,0 -7.480429689242428,-0.5414532891214544,0 -9.908373571004239,5.298502918506766,0.5 22.008126436430118,7.608703618758305,0.5
635 11 5 1 1 0 1 -4.73241512395875,10.48113768130762,0 8.43604435140473,-18.683767171026627,0 -16.373550162848055,21.68310067920865,0.5
902 8 4 1 1 0 1 -8.100324402896359,2.5757997918785795,0 22.39501452565464,-7.12132883637019,0 -28.025143509520163,2.6155938657979743,0.5
995 26 6 1 0 1 1 -26.496730760764006,0.4162439087632488,0 6.40495420725987,-6.1013573574167985,0.5 -25.59109803215327,-5.598723203438536,0.5
488 16 16 1 1 1 1 0.6218880140539225,16.488276298569723,0 -0.5841978313839877,-15.488986825929132,0 -6.617624849897458,-16.262135202550116,0.5 -5.411539004459548,15.71512792194874,0.5
460 8 15 1 1 1 1 1.0653324852965862,8.432974961173063,0 -2.94533098876115,-23.31469548089023,0 -7.895353328133583,-14.625778468988582,0.5 -3.8846898540758468,17.12189197307471,0.5
512 29 30 1 0 1 0 -1.11186038876307,29.47903944289738,0 -4.846186264410531,-30.70447001155758,0.5
324 4 4 0 1 0 1 -14.442302323935632,-23.402348249354027,0 9.33633543316748,26.5533960291218,0.5
791 22 13 1 1 1 1 -17.821723820624257,13.734487979586058,0 7.524727835374686,-5.799006035825224,0 7.030504164484938,-12.993152473251435,0.5 -18.315947491514006,6.5403415421598465,0.5
26 21 4 1 1 0 1 21.42831745273164,1.7541981487153873,0 -10.464992244357314,-0.8567014214656542,0 26.918769351526876,8.223737386328512,0.5
1562 29 7 1 1 1 1 5.709709307500382,-28.942170264578355,0 -0.483873670127151,2.452726293608335,0 4.434922094278551,8.519475689130168,0.5 10.628505071906083,-22.875420869056523,0.5
1524 26 6 1 0 0 1 1.9961603464902058,-26.42471085690627,0 7.903786942525957,-24.97559112347806,0.5
719 29 10 1 1 1 1 -18.732506178148434,22.789102928497005,0 1.587500523571901,-1.9312799091946613,0 2.0324304169347966,-11.921376875190141,0.5 -18.287576284785537,12.799005962501525,0.5
69 11 9 1 1 1 1 11.230868513733983,2.4733767256968036,0 -20.020243872308402,-4.409062858850824,0 -10.568131411709013,3.81635932072037,0.5 20.682980974333372,10.698798905267997,0.5
1005 23 16 1 1 1 1 -23.497100863319023,-0.36912195682777044,0 8.498951376094116,0.13351219715047016,0 16.59220833981832,-5.740089059244934,0.5 -15.403843899594818,-6.242723213223174,0.5
925 7 11 1 1 1 1 -7.292774402982574,1.7508402289192915,0 23.823063049743077,-5.719411414469685,0 9.781581901437846,-8.518841206728972,0.5 -21.334255551287804,-1.0485895633399958,0.5
534 7 9 1 1 1 1 -0.799583657064449,7.457255927977492,0 2.6119732797438666,-24.360369364726473,0 -4.952998776767025,-10.085524434423048,0.5 -8.36455571357534,21.732100858280916,0.5
327 26 30 1 0 1 0 13.703971238661167,22.681516093285023,0 -20.90793280524059,-23.00235522314061,0.5
788 14 2 1 1 0 1 -11.401182265980975,8.958964389809848,0 13.760047562390831,-10.81254322908085,0 -26.902666426572264,13.50912799334515,0.5
1322 25 0 1 1 0 1 -13.52803519982172,-21.615787370169624,0 3.4483226979937713,5.5099065845530415,0 -11.625034689151624,-29.884922092520526,0.5
961 3 13 0 1 1 1 28.286351196284475,-3.4831502982868505,0 12.665503135442783,-7.6049346036694505,0.5 -19.094610488455572,-3.6940290055929865,0.5
1971 18 1 1 1 0 1 18.423274972295935,-1.6831337722160415,0 -13.444011466270005,1.2282327526981924,0 30.91938861017958,3.200219988172235,0.5
1413 1 0 0 1 0 1 8.23281298104514,29.36785301003692,0 -2.7254587161541117,-31.950303203358487,0.5
358 18 0 1 1 0 1 7.981936845097742,16.68947824831175,0 -5.8246566166929465,-12.178808451470738,0 8.178061682740992,31.005955994184145,0.5
1268 19 26 1 1 1 0 -12.987231414967908,-14.545852335771551,0 8.325148342928145,9.324264317802276,0 22.12496135955276,15.771369149135317,0.5
798 2 25 0 1 1 0 23.756582628478096,-17.489276194751252,0 16.978210164667253,-19.949696228373746,0.5
1773 10 29 1 1 1 0 7.941258992640454,-6.869236173826543,0 -16.260673175406644,14.065578832121016,0 -18.38587840380325,23.837144865116734,0.5
1822 3 31 0 1 1 0 -24.158821178424873,15.119568752741923,0 -23.518787880839717,21.79716992217263,0.5
199 13 28 1 1 1 0 10.946604341237041,7.900750179344387,0 -15.000902245398908,-10.826953949471937,0 -26.620942577875702,-11.8142040047328,0.5
1446 13 27 1 1 1 0 -2.279251503621911,-13.306202034511472,0 3.1234187271855816,18.234425010256462,0 10.556787300494177,26.092225698321037,0.5
1251 22 17 1 1 1 1 -15.859841713703139,-15.959806415376157,0 6.696377612452436,6.7385849309366,0 16.59138082142497,8.183891643860619,0.5 -5.9648385047306025,-14.514499702452138,0.5
450 11 0 1 1 0 1 1.7989963479626556,11.358415916844084,0 -3.2069065333247337,-20.247610982200325,0 -0.9984443948035526,32.050789518988225,0.5
1201 17 0 1 1 0 1 -14.125412406812003,-10.330669113735155,0 11.703913137072803,8.559697265666273,0 -21.88379863612384,-23.43820294420168,0.5
1780 3 20 0 1 1 1 -21.959627419109996,18.166583707837656,0 -11.970977538411544,17.690271246502874,0.5 12.685446230413715,-2.707296425455195,0.5
1886 8 31 1 1 1 0 7.9606740373596345,-2.979541721625703,0 -22.00892233858252,8.237556524494591,0 -27.398115511420503,16.66113040651382,0.5
526 1 7 0 1 1 1 2.488513652828804,-30.398310805037912,0 -5.368065981442998,-7.964538129664169,0.5 -7.9789655516240385,23.928771567424786,0.5
169 31 19 1 0 1 1 27.163614793055075,15.949546431623675,0 -19.853579906486225,-4.69950687804226,0.5 7.741203375347506,11.50320695725798,0.5
292 28 23 1 1 1 1 17.326013484296258,22.628726361463304,0 -2.1277560419311192,-2.7789663952674233,0 -19.05030438771024,-15.011192582056497,0.5 0.4034651385171344,10.396500174674234,0.5
1032 6 18 0 1 1 1 25.371250933023155,2.5592237287059754,0 19.008764103261342,-4.1130143771403285,0.5 -12.829668440140264,-7.3245892523792,0.5
249 2 10 1 1 1 1 1.773311823930685,1.7622046348559035,0 -20.925079522382084,-20.79401469129966,0 -11.677200784163045,-3.145311088961151,0.5 11.021190562149723,19.410908237194413,0.5
708 9 29 1 1 1 0 -5.775337828098749,7.542908787154437,0 13.678431698128616,-17.864783969576298,0 13.170001390103838,-27.070298546278778,0.5
1107 1 26 0 1 1 0 28.792959656302017,10.060590153195008,0 26.995966288890934,3.0769797089132984,0.5
1715 1 12 0 1 1 1 -19.06990101823902,23.80312742381905,0 -3.1329507601663416,13.506836029743353,0.5 16.874814242576235,-11.46693700508319,0.5
77 13 14 1 1 1 1 13.106933403552869,3.2339289965659446,0 -17.961353182646523,-4.431680476775553,0 -15.515119135623129,2.3518244423045194,0.5 15.553167450576261,10.017433915646018,0.5
663 3 4 0 1 0 1 13.964747821860744,-24.844231086347502,0 -18.70512110944756,21.032556769943575,0.5
1783 24 0 1 0 0 1 19.02391956083342,-15.438279844041551,0 28.240128376755184,-15.190297866216667,0.5
1070 16 29 1 1 1 0 -16.102626571989333,-3.5993634830429513,0 15.126709810050585,3.381220241646409,0 30.098403925572306,0.5797250495655195,0.5
1464 7 0 1 1 0 1 -0.8464228865511145,-7.4520848289000625,0 2.7649814294003074,24.343477107740206,0 2.4066917396053698,-31.975894590621156,0.5
1815 0 13 0 1 1 1 -26.327931883100504,17.294218766941164,0 -7.989262470482852,12.426652211184404,0.5 18.756573093301785,-5.142077964755825,0.5
1564 15 4 1 1 1 1 3.0955046979733045,-15.187753311955827,0 -3.2952146784877114,16.167608364340076,0 4.980435401990651,5.607607618815552,0.5 11.371154778451668,-25.747754057480353,0.5
486 30 5 1 0 0 1 1.3410276086948794,30.470504507682804,0 -4.8290424726453285,26.738181478877493,0.5
604 18 2 1 1 0 1 -5.937456781433372,17.521318642402772,0 4.332738732397326,-12.785827117429049,0 -15.15042631928114,26.0137383385017,0.5
605 14 17 1 1 1 1 -4.696802563873165,13.718237702999408,0 5.668554818467612,-16.556493779482043,0 -0.007957334497660007,-18.499998288670938,0.5 -10.373314716838436,11.774733193810512,0.5
1467 14 26 1 1 1 1 -1.500560706131126,-14.422146773875768,0 1.8110215418823932,17.406039209850064,0 8.71018892108479,25.73679484627042,0.5 5.398606673071271,-6.091391137455412,0.5
1140 5 2 0 1 0 1 23.977916890349523,11.283151226474414,0 -24.137722298357147,-17.98945141596575,0.5
1304 30 31 1 1 1 0 -17.615967454379163,-24.89834714687411,0 0.8663590551334015,1.2245088760757759,0 23.091575662104532,22.24925017705769,0.5
814 29 2 1 0 0 1 -24.60531379158855,16.273553183538695,0 -27.915189015359132,11.269082581859667,0.5
1824 6 20 1 1 1 1 5.531464131665499,-3.41363509474842,0 -21.700359285764648,13.391953064013032,0 -14.294339097023414,15.872046804974708,0.5 12.937484320406732,-0.9335413537867447,0.5
1306 22 19 1 1 1 1 -12.879722825878302,-18.448922459822672,0 5.438105193148616,7.789545038591794,0 16.08213910504724,12.554473378278768,0.5 -2.2356889139796783,-13.683994120135697,0.5
1584 6 13 0 1 1 1 -6.651458410392378,24.617231790248482,0 2.2709294980860313,14.59770116198858,0.5 10.617857699362741,-16.294511280676183,0.5
1021 24 3 1 1 0 1 -24.446701265707315,-1.615177149808752,0 7.483684060930811,0.49444198463533223,0 -28.042445843828816,-7.865826790358911,0.5
850 12 20 1 1 1 1 -11.137581552354597,5.674881246744336,0 17.374627221673173,-8.852814744921163,0 15.541690747424258,-14.652844389790918,0.5 -12.97051802660351,-0.12514839812541823,0.5
1912 9 2 1 1 0 1 9.139262880067815,-2.593043387414597,0 -21.645622610686928,6.141418549139835,0 30.017527924893486,-2.279916068244603,0.5
609 24 0 1 1 0 1 -8.226619540118225,23.07753736736537,0 2.5183529204443547,-7.06455225531593,0 -16.228724070119032,27.65643713597142,0.5
1374 5 29 0 1 1 0 10.217975795350997,24.450827606558047,0 16.910764211403876,24.905341872504017,0.5
810 23 4 1 1 1 1 -19.436393495452204,13.208959379525066,0 7.030184881333777,-4.777708711743109,0 0.34936231712274557,-7.491858645981959,0.5 -26.11721605966324,10.494809445286215,0.5
162 5 15 1 1 1 1 4.8029435014545605,2.6798756914893276,0 -23.141455052462884,-12.912128331721306,0 -16.459068803905755,-2.312802219883129,0.5 11.48532975001169,13.279201803327505,0.5
437 1 25 0 1 1 0 -5.99723618577031,-29.904567512874806,0 -10.896948452930877,-23.82239522831756,0.5
178 9 27 1 1 1 1 8.05294039280829,5.0398562509139735,0 -19.07275356191437,-11.936501646901515,0 -26.494210348180193,-9.502989951924688,0.5 0.6314836065424703,7.473367945890803,0.5
1548 29 20 1 0 1 1 4.431654879062339,-29.165226469768463,0 2.85228589145196,21.16871430185178,0.5 7.659504743316193,-10.468141529761466,0.5
1572 28 3 1 1 0 1 6.391716687057363,-27.774015874417447,0 -0.784947663322834,3.41084405475302,0 12.238877923776826,-26.42839130872116,0.5
875 28 27 1 0 1 0 -26.33056667657167,10.906477822405062,0 23.110586549869844,-16.06707158510769,0.5
695 20 16 1 1 1 1 -11.787607666887205,16.772069207212986,0 6.6125603984977,-9.408721750387773,0 4.578688354163949,-16.94950184977256,0.5 -13.821479711220954,9.2312891078282,0.5
260 29 25 1 0 1 0 20.194139624896316,21.50457450893164,0 -21.829762965710028,-14.481417363673865,0.5
1942 11 22 1 1 1 1 11.309619857446291,-2.0838662817120848,0 -20.160626702404258,3.714718154356325,0 -21.04028253063209,9.977800911582577,0.5 10.429964029218459,4.179216475514169,0.5
1621 10 30 1 1 1 0 3.8959589574890368,-9.750461722480681,0 -7.977439770096599,19.965231146031872,0 -5.745140749383956,30.54903202672333,0.5
1806 31 25 1 0 1 1 25.82849144375174,-18.03161195622963,0 -17.47418603423148,19.51673185861479,0.5 8.764281464182986,1.1989038395878686,0.5
883 30 0 1 0 0 1 -28.46274129533391,10.960034578179663,0 -31.552018304003152,5.720152178382161,0.5
1230 30 11 1 0 1 1 -22.878387623729022,-20.170011892371377,0 12.594148492692197,3.1044200334392364,0.5 -11.409405735482514,-18.05755965691762,0.5
774 17 5 1 1 0 1 -13.271333517552634,11.407090192765377,0 10.99624777168647,-9.45158901686274,0 -24.007593106956406,12.723422228740954,0.5
645 14 30 1 1 1 0 -6.37911796291077,13.021399848528928,0 7.698935472478515,-15.715482575810773,0 8.029979226041718,-30.029476079834268,0.5
1042 4 31 0 1 1 0 27.260959854411432,3.618019875037772,0 32.015576533243156,-1.8035684750101364,0.5
19 12 0 1 1 0 1 12.477738315977648,0.7456852673771337,0 -19.46527177292513,-1.1632690171083286,0 31.085971627922646,7.868441265459648,0.5
1401 7 6 1 1 0 1 -2.2952073164137583,-7.140169702092574,0 7.497677233618277,23.324554360169074,0 -2.091569114132719,-26.112742840245758,0.5
869 24 26 1 0 1 0 -22.454309336719,9.800713862312993,0 21.887139357109206,-16.09978666822891,0.5
1559 19 11 1 1 1 1 3.5937417469654966,-19.165986023581397,0 -2.303680607029164,12.28588847665474,0 3.777840310327445,12.408784089896361,0.5 9.675262664322105,-19.04309041033978,0.5
654 21 28 1 1 1 0 -10.000748178665354,19.03247319364779,0 4.884086319813313,-9.294928768990781,0 7.945417857212831,-28.019998841439726,0.5
1063 18 19 1 1 1 1 -18.138836032399475,-3.637667850385263,0 13.23644791553475,2.654514377308165,0 20.299097823464937,-2.0485671952369846,0.5 -11.07618612446929,-8.340749422930413,0.5
357 12 30 1 1 1 0 5.428600616122559,11.259675632567475,0 -8.468616961151191,-17.565093986805262,0 -18.65042980697143,-24.86788024772581,0.5
847 18 19 1 1 1 1 -16.403732730460295,8.553803394258347,0 11.970291451957513,-6.241964639053389,0 14.516214479914904,-14.336300679502678,0.5 -13.857809702502909,0.4594673538090577,0.5
1285 31 31 1 0 1 0 -19.69514367457473,-24.58355783115737,0 24.377726118604706,20.832101893143136,0.5
1484 7 0 0 1 0 1 1.230985795404369,24.469055436847427,0 4.409725716973345,-31.761680042168173,0.5
1918 23 0 1 1 0 1 22.724534962417223,-5.987112053559486,0 -8.219512645980698,2.1655511683087503,0 31.989171218616995,-2.2232689324519352,0.5
1397 27 17 1 1 1 1 -8.744082430391314,-26.072802351310877,0 1.4308498522458515,4.266458566578144,0 11.253027514171391,14.68398351147609,0.5 1.0780952315342258,-15.655277406412932,0.5
1738 2 0 0 1 0 1 -20.058624672311353,21.63103271356553,0 25.818063507091555,-19.01782313367614,0.5
1299 3 28 0 1 1 0 16.824232556654394,23.00424306252241,0 21.667231096132795,19.46229936638464,0.5
1295 29 15 1 1 1 1 -17.712396647113582,-23.590697425369168,0 1.5010505633147102,1.9992116462177263,0 14.104621443473746,8.792590854594597,0.5 -5.108825766954546,-16.7973182169923,0.5
399 4 30 1 1 1 0 1.4040148350978672,4.275364585953473,0 -8.580090658931411,-26.127228025271222,0 -15.216586663601287,-27.105451302443047,0.5
1758 25 1 1 1 0 1 18.47865481976969,-17.572402113877388,0 -4.710245346215803,4.479239754517765,0 26.236603321029015,-16.67005237469185,0.5
1993 6 0 1 1 0 1 6.498428328840396,-0.14293094460128167,0 -25.493834213143092,0.5607290903588743,0 31.624319696320025,5.305883879708,0.5
963 28 15 1 0 1 1 -28.30767798270667,3.3053543270554115,0 14.69953974630249,-7.757159998792944,0.5 -17.08451974305237,-4.045884964906167,0.5
1570 0 25 1 1 1 0 0.10907162069827145,-0.48795838096937366,0 -6.871512103991101,30.74137800107054,0 0.29284791602063986,26.194736877817313,0.5
1141 12 14 1 1 1 1 -11.293562055412936,-5.3577472971891025,0 17.61795680644418,8.358085783615,0 15.672250686929775,0.7940770781411493,0.5 -13.239268174927343,-12.921756002662953,0.5
1405 29 3 1 0 0 1 -8.674189594352974,-28.195893936550736,0 -2.64539118033069,-29.00434287314623,0.5
518 20 28 1 1 1 0 -1.1586299568815022,20.467231777233987,0 0.6499631465432817,-11.481617826253213,0 -4.379631067916152,-28.793555384997937,0.5
1669 30 11 1 0 1 1 15.443211624270532,-26.301277815497777,0 -0.6488284192171951,12.95488408602779,0.5 15.553885416083034,-14.639899195805942,0.5
1983 28 7 1 0 1 1 28.45936416190603,-1.5213781581246617,0 -7.169016219843763,6.39180775990776,0.5 24.78535757598055,4.683593687627438,0.5
363 10 21 1 1 1 1 4.3809434934485365,9.54239666473842,0 -8.970503343727955,-19.539193170654862,0 -14.423301437864195,-17.03579688868427,0.5 -1.0718546006877032,12.045792946709014,0.5
1097 28 1 1 1 0 1 -27.186909541170717,-8.551137327876374,0 3.3387432769858774,1.0501396718444669,0 -27.294523404857845,-14.874777043763286,0.5
837 28 23 1 0 1 0 -24.8442310863475,13.96474782186075,0 17.545647143789537,-16.745156502870618,0.5
602 1 8 0 1 1 1 9.60708884948679,-28.94743242220399,0 -3.0171914528716792,-9.957236350349332,0.5 -13.096760081841424,20.413840289340097,0.5
1533 17 17 1 1 1 1 1.811021541882387,-17.406039209850068,0 -1.5005607061311206,14.42214677387577,0 4.156763330066208,18.0269608813526,0.5 7.468345578079716,-13.801225102373238,0.5
1173 20 4 1 1 0 1 -17.546078487258228,-10.601185297832219,0 9.842922078218031,5.947006386588805,0 -20.43463642012722,-19.356539834826116,0.5
230 6 19 1 1 1 1 4.875721952597988,4.298527124603737,0 -19.12783227557672,-16.86345256575312,0 -18.595037049735872,-8.394914956028455,0.5 5.408517178438834,12.767064734328404,0.5
90 22 30 1 1 1 0 21.60660792773122,6.277299885882659,0 -9.12279001393096,-2.6504155073726783,0 -30.96290404938214,-2.7474666201348334,0.5
1077 19 0 1 1 0 1 -18.932237138465254,-4.6712307728174745,0 12.136049447734138,2.994378700524022,0 -29.145542832038497,-13.371138060232923,0.5
1593 5 31 0 1 1 0 -7.632772104391368,25.376973617876995,0 -3.327187908719477,31.893256663753718,0.5
1275 17 16 1 1 1 1 -11.365340845778222,-13.307104398000536,0 9.416996700787669,11.025886501200443,0 15.278328591048222,8.650010142419399,0.5 -5.504008955517669,-15.68298075678158,0.5
1991 2 29 1 1 1 0 2.4990007691256415,-0.07067641692568379,0 -29.48820907568257,0.8339817197230687,0 -29.318585675060927,6.831583565624608,0.5
1074 7 15 1 1 1 1 -7.298238832365949,-1.7279207000744299,0 23.8409135190621,5.644540953576471,0 16.465363480282505,-2.267554952405604,0.5 -14.673788871145545,-9.640016606056506,0.5
670 10 6 1 1 1 1 -5.344934865378899,9.037791283541408,0 10.944390438632983,-18.505953580584787,0 -1.8556829596462485,-8.649071670027862,0.5 -18.14500826365813,18.894673194098335,0.5
122 11 29 1 1 1 0 10.665619263348606,4.300530865984705,0 -19.012625643360558,-7.666163717624908,0 -29.603387257799316,-5.467125649257143,0.5
652 17 20 1 1 1 1 -8.042647560876036,15.542387854237031,0 6.663907979011573,-12.877978507796396,0 4.0925684498592325,-20.96427636440659,0.5 -10.613987090028377,7.456089997626835,0.5
261 15 2 1 1 0 1 10.574930941195644,11.332291718312893,0 -11.25718455030504,-12.063407313042758,0 15.739787900348007,25.661431699187368,0.5
1529 29 4 1 0 0 1 2.683916015155297,-29.37765468555298,0 8.477071814579274,-26.84006805972119,0.5
1373 0 6 0 1 1 1 12.237143518888038,29.0258904858772,0 8.053865898032871,3.658584985551542,0.5 -4.37751799417085,-25.82803392073641,0.5
1483 4 12 1 1 1 1 -0.24021760391441999,-4.493583815037794,0 1.4679964683659,27.46078998078652,0 6.658716208701559,12.161887125441313,0.5 4.950502136421239,-19.792486670383003,0.5
502 0 26 0 1 1 0 0.1979190349151067,-31.49937821696832,0 -5.833378250049511,-26.537175776480986,0.5
1254 4 1 1 1 0 1 -3.141744385470627,-3.22171417359824,0 19.1995490223205,19.688253283100355,0 -16.99842638116993,-26.025055246126687,0.5
1412 30 24 1 0 1 0 -8.325034033278442,-29.341843983375615,0 12.459488449691,21.931966340755142,0.5
156 13 4 1 1 0 1 11.91093155687187,6.354503084231989,0 -16.322387689046636,-8.708022745058651,0 21.43878513396922,18.23810549315636,0.5
903 4 21 1 1 1 1 -4.292669927553271,1.3501795780857442,0 26.23298289060332,-8.251097421635103,0 18.7091835497513,-12.174417887591805,0.5 -11.816469268405289,-2.573140887870958,0.5
598 30 5 1 0 0 1 -9.242575723799602,29.065869916275176,0 -13.74831069437182,23.435740932409658,0.5
1687 17 22 1 1 1 1 9.699610877892141,-14.565972292211613,0 -8.03682044168206,12.068948470689621,0 -7.476880628531629,22.053259533835092,0.5 10.259550691042573,-4.581661229066141,0.5
436 7 5 0 1 0 1 -4.892894522602972,-24.006448783414047,0 -0.5868158306736957,27.164418771268984,0.5
1150 17 11 1 1 1 1 -15.592614173296441,-7.944833745442059,0 12.919594600731338,6.582862246223421,0 12.97051802660351,-0.12514839812542622,0.5 -15.54169074742427,-14.652844389790907,0.5
274 17 20 1 1 1 1 11.407090192765377,13.271333517552632,0 -9.45158901686274,-10.996247771686468,0 -17.912762860400345,-11.635416911613525,0.5 2.9459163492277742,12.632164377625575,0.5
784 27 4 1 1 0 1 -21.407713293093142,17.261512435494264,0 3.503080357051605,-2.8246111258081528,0 -25.173861460837344,12.590738626092124,0.5
1526 2 30 0 1 1 0 -2.4069230412606495,29.401644877003882,0 3.4914819153753722,30.887854474446858,0.5
1939 7 8 0 1 1 1 -24.051496349386774,4.666425115164149,0 -7.201598705257252,7.509126186743506,0.5 24.21260060822751,1.4142035873454342,0.5
373 6 28 1 1 1 1 2.52512485310388,5.98946946533974,0 -9.906259039099837,-23.49714944094821,0 -16.600442323922927,-23.930635483624506,0.5 -4.1690584317192085,5.5559834226634415,0.5
1762 18 30 1 1 1 1 13.56522390511736,-12.579137506364754,0 -9.898947174004562,9.179370612752658,0 -18.284567787453565,25.138110128369142,0.5 5.179603291668355,3.379602009251731,0.5
1959 1 31 0 1 1 0 -30.247339833372166,3.917707621109243,0 -30.46835931228091,9.996453411972922,0.5
515 5 31 0 1 1 0 1.2483209438055276,-26.470581686492206,0 -4.5094860524180795,-31.747669765559912,0.5
818 18 22 1 1 1 1 -15.557474772516127,10.010743164347204,0 11.352751861025283,-7.305136903712825,0 15.674525588947548,-17.22089566664372,0.5 -11.235701044593862,0.0949844014163066,0.5
1338 27 26 1 0 1 0 -13.399378457446629,-24.01471750727281,0 18.151703060580818,20.2179542981109,0.5
1960 9 19 1 1 1 1 9.425089662487538,-1.1906657188608942,0 -22.32258077957575,2.8199977551968547,0 -18.59423727424649,8.396686262390809,0.5 13.1534331678168,4.386022788333059,0.5
413 27 29 1 0 1 0 7.423028097663654,26.479211730361158,0 -13.74016724593617,-26.785402816715354,0.5
761 28 25 1 0 1 0 -20.836794449801125,19.4442278596178,0 14.549926010955158,-21.7841606006688,0.5
442 10 13 1 1 1 1 1.9026605180849425,10.326174652450963,0 -3.895923917983454,-21.14407190739959,0 -8.346949038938334,-12.189275685674126,0.5 -2.5483646028699365,19.280970874176425,0.5
1513 2 12 0 1 1 1 -1.2044658833660433,29.47540096310493,0 5.484629906323867,12.73455279115281,0.5 6.791169169636184,-19.23876350780847,0.5
1999 20 5 1 1 1 1 20.499898836638092,-0.06440254346053206,0 -11.499943249821369,0.03612825608761555,0 -5.481123333694942,6.017249122383487,0.5 26.51871875276452,5.916718322835339,0.5
119 1 21 0 1 1 1 -28.39331599006654,-11.138653737693428,0 -22.206171023363645,-2.2662675219675235,0.5 7.583537556378299,9.420188858563286,0.5
1816 28 19 1 0 1 1 23.869549141201045,-15.572238881926664,0 -13.053430700416152,15.679858001571095,0.5 13.747466580932386,-1.80476109392551,0.5
1864 14 4 1 1 0 1 13.196536574932436,-6.008445924402624,0 -15.926854486987422,7.251572667382478,0 27.514167679797087,-5.934692653205348,0.5
1435 23 29 1 1 1 0 -4.765501440878041,-23.011736049611496,0 1.7236920105303553,8.32339389028501,0 11.85756207674771,27.670349141203015,0.5
1244 25 10 1 0 1 1 -18.36788013464163,-17.68815929822652,0 11.725164596199853,2.961505561707008,0.5 -11.324724200213174,-19.235400224302744,0.5
1703 15 2 1 1 0 1 9.228449515479502,-12.453341701737976,0 -9.823833355187856,13.256783101850104,0 22.38447167206924,-20.12921826505763,0.5
811 30 29 1 0 1 0 -25.279690970595237,17.064208872116094,0 21.093955095077476,-21.477780575442498,0.5
1351 1 2 0 1 0 1 13.761267075476283,27.219065532773392,0 -7.955507722292132,-29.033771661300747,0.5
1049 9 12 1 1 1 1 -9.387661731547665,-1.4566424455011227,0 22.23393567998131,3.449942634081606,0 13.272171191300268,-4.01241471794968,0.5 -18.34942622022871,-8.918999797532408,0.5
1444 20 19 1 1 1 1 -3.5879727089931572,-20.183568857848712,0 2.0127651782156732,11.322489847085862,0 9.320335657193114,18.14886616946785,0.5 3.7195977699842833,-13.357192535466725,0.5
1128 15 0 1 1 0 1 -14.263593634170993,-6.066291835976633,0 15.183825481536863,6.4576655028138354,0 -26.63906119100171,-17.84966158956709,0.5
46 26 31 1 1 1 0 26.22376714297025,3.8162857376346824,0 -5.44266865231458,-0.7920593040373869,0 -32.03571243129702,1.4011170612199626,0.5
100 15 2 1 1 0 1 14.74137600257488,4.789763412811685,0 -15.692432518870033,-5.098780407186632,0 26.202065264457346,14.822340431831869,0.5
1311 12 30 1 1 1 0 -6.9935282262770935,-10.360529086309521,0 10.909904032992266,16.162425374642854,0 22.037262833544677,21.922797421982224,0.5
755 5 22 0 1 1 0 19.030346890724502,-18.44168910969633,0 11.98236492011786,-19.966795709906208,0.5
1471 20 8 1 1 1 1 -1.86509418002318,-20.414980374706307,0 1.0462723448910523,11.452306063859634,0 6.748447940411457,7.91886673682266,0.5 3.8370814154972246,-23.94841970174328,0.5
325 16 9 1 1 1 1 8.621226317813157,14.068562711842521,0 -8.098727753097208,-13.215922547488429,0 -10.079577350926067,-4.965090173068182,0.5 6.640376719984298,22.319395086262766,0.5
735 3 2 0 1 0 1 19.180856635028533,-21.079486206890383,0 -24.291655718409963,17.781042220810356,0.5
1224 31 4 1 0 0 1 -24.016939096860614,-20.382262789437487,0 -17.08483328339816,-22.3686940092284,0.5
1051 20 23 1 1 1 1 -20.237436286893796,-3.270500349168963,0 11.352708160940422,1.834670927582589,0 24.15623194326917,-2.1740419276044944,0.5 -7.433912504565048,-7.279213204356046,0.5
1498 8 2 0 1 0 1 0.14765388319063047,23.49953613011922,0 5.81452881815284,-29.537116559049398,0.5
372 8 4 1 1 0 1 3.3266761681162214,7.821970702609898,0 -9.197281170674259,-21.625448413097953,0 5.241384753827847,27.65461780358465,0.5
1237 6 0 0 1 0 1 18.752390449915904,17.27998415548761,0 -19.098838989781385,-25.75818994499432,0.5
1120 25 4 1 1 1 1 -23.709300390150407,-9.387176093459297,0 6.043547158273633,2.392809592450409,0 6.392741502605201,-3.9220984282484546,0.5 -23.36010604581884,-15.702084114158161,0.5
1127 3 17 1 1 1 1 -3.2250989428752446,-1.359682613209781,0 26.261519963412706,11.071701278993931,0 18.45637919416442,1.2696720211199146,0.5 -11.030239712123532,-11.161711871083797,0.5
857 19 0 1 1 0 1 -17.565093986805262,8.468616961151193,0 11.259675632567475,-5.4286006161225595,0 -30.980110889808866,8.275429248996462,0.5
1243 0 12 0 1 1 1 22.75826624988051,21.77868952208901,0 13.17937984939811,4.307429254819986,0.5 -9.940128721909076,-17.816953751746627,0.5
1789 19 21 1 1 1 1 15.370399433813573,-12.000034218493855,0 -9.852820149880495,7.692329627239651,0 -13.25453243671942,17.96016063079484,0.5 11.968687146974649,-1.7322032149386688,0.5
127 5 18 0 1 1 1 -24.41860628176971,-10.2947397857312,0 -19.37783603498592,-1.6581527677512815,0.5 10.108782871302033,10.773231124452433,0.5
195 6 4 0 1 0 1 -20.8628177943381,-14.662633927103604,0 19.049085716928477,20.721542735740304,0.5
643 23 3 1 1 0 1 -10.205769158310408,21.168190189226856,0 3.691448418963339,-7.656579430145883,0 -17.781853708391818,23.066332146515016,0.5
567 23 10 1 0 1 1 -4.909993424456668,22.981339486021962,0 -3.673749189759011,-11.521873410637047,0.5 -10.359697682636178,19.77186546394605,0.5
1700 21 30 1 1 1 0 12.637382924288168,-17.393865379061374,0 -6.171745149070966,8.49467844093695,0 -13.073348228670739,28.201729842190737,0.5
426 22 7 1 1 1 1 5.183762100223289,21.894716497097846,0 -2.188699553427611,-9.244435854330202,0 -7.5665117659671886,-5.915902272306406,0.5 -0.19405011231628855,25.22325007912164,0.5
964 1 10 0 1 1 1 30.305144970860255,-3.442119738641197,0 9.755780451219197,-7.14665990429161,0.5 -22.039781485421074,-3.53525558834019,0.5
1847 24 12 1 1 1 1 21.723862264663627,-11.328009900504311,0 -6.650161917754172,3.467758132807442,0 -8.309396690010999,11.09972642221574,0.5 20.0646274924068,-3.696041611096012,0.5
330 3 17 0 1 1 1 -14.507680348885579,-24.531147769612392,0 -14.072676937655157,-12.008736978066787,0.5 2.2166483663567202,15.53500788605941,0.5
1443 7 23 0 1 1 1 4.363824611473141,24.108235828452926,0 10.08976707511577,22.055534461216528,0.5 4.390077786661055,-9.432773559619946,0.5
367 25 6 1 1 0 1 10.3473838204881,23.30625770198856,0 -2.6375684248303,-5.940810786781398,0 4.863558478843732,25.74093624798576,0.5
1643 31 3 1 0 0 1 13.680073552628853,-28.374382594070035,0 17.78185370839183,-23.066332146515013,0.5
1797 25 4 1 1 0 1 20.487755702859246,-15.182287912563062,0 -5.2223691007288275,3.8699949581043103,0 25.666941541333635,-11.552407191307012,0.5
800 17 30 1 1 1 0 -14.157797401561579,10.286241915118282,0 11.730746418436736,-8.522886158240862,0 21.148306814681053,-22.78155216117012,0.5
1869 27 1 1 0 0 1 25.20381660243969,-11.000801274024791,0 30.353498691583972,-6.7018741542952,0.5
1259 27 0 1 0 0 1 -18.887930779971235,-19.987397800889816,0 -17.274379373227454,-27.015658742103877,0.5
746 13 0 1 1 0 1 -9.42523315641188,9.665142520794722,0 12.91606025137924,-13.24482493590388,0 -26.287829596425368,18.36300670122685,0.5
574 20 31 1 1 1 0 -4.7229832468701005,19.948519475133597,0 2.649478406780788,-11.190632876294456,0 1.4186758744198338,-32.03493965599653,0.5
1369 29 10 1 0 1 1 -11.80085954849932,-27.036821446253484,0 9.699320472432671,7.223100606598836,0.5 -3.1016119191598124,-22.104976894421892,0.5
1860 25 31 1 0 1 0 23.0730898378835,-10.857371934909342,0 -25.947376403289187,18.841009999095895,0.5
1963 30 30 1 0 1 0 30.294181700791352,-3.5373090166733254,0 -29.598317631937583,9.49682017092736,0.5
1469 2 30 0 1 1 0 2.8684470707107903,29.360211365086094,0 8.93725097787104,29.772059803758005,0.5
176 21 20 1 1 1 1 18.296381358585876,11.291254544167856,0 -8.935442058844265,-5.514333614593604,0 -20.59643465655896,-5.660113023438409,0.5 6.635388760871184,11.14547513532305,0.5
1132 1 29 1 1 1 0 -1.3728617589313767,-0.6043596535704931,0 27.914855764937993,12.288646289266694,0 29.41705320659905,6.394292817827525,0.5
1099 0 28 0 1 1 0 29.988712748788817,9.639870728937762,0 28.96881072108279,3.0096520406981995,0.5
1768 6 31 1 1 1 0 4.848617445257183,-4.329077138322637,0 -19.02149920831664,16.983302619573422,0 -19.501074876256222,25.455020696724024,0.5
953 24 1 1 0 0 1 -24.233410912913065,3.6044133400466216,0 -31.05083726057666,-1.447586065553323,0.5
770 20 18 1 1 1 1 -15.37727692742442,13.556893239134862,0 8.626277300750283,-7.605086451221996,0 9.909183596221588,-16.734935926270317,0.5 -14.094370631953115,4.427043764086543,0.5
714 12 2 1 1 0 1 -7.784847256101404,9.779885132207353,0 12.14436171951819,-15.25662080624347,0 -23.066584387858846,19.34380222908068,0.5
886 12 17 1 1 1 1 -11.706873584352403,4.3816790023907375,0 18.26272279158975,-6.835419243729551,0 14.28641709694581,-11.753649923836186,0.5 -15.683179278996342,-0.5365516777158978,0.5
47 17 28 1 1 1 1 17.30957922350933,2.574580957176154,0 -14.342222785193446,-2.133224221660242,0 -29.072599635032734,1.7418238892306057,0.5 2.579202373670042,6.449629068067002,0.5
320 22 2 1 1 1 1 12.056102887027421,18.99737832379534,0 -5.090354552300467,-8.021115292269144,0 -6.405534540459581,1.1041409561189415,0.5 10.740922898868309,28.122634572183426,0.5
1665 25 25 1 1 1 0 12.634196045026382,-22.150103618173883,0 -3.220481344810646,5.646104843848245,0 -7.422406958397232,25.122855628768328,0.5
1552 24 4 1 0 0 1 3.984610547274656,-24.173805633092766,0 10.392637708106516,-26.158040474547068,0.5
1408 10 7 0 1 0 1 6.127914143104504,20.608218463873577,0 -1.2318411964101816,-25.193899405745565,0.5
314 21 15 1 1 1 1 11.860386218511248,17.93268632268318,0 -5.7922816415985166,-8.757823552938296,0 -13.554981596419694,-9.618340497233572,0.5 4.097686263690071,17.072169378387905,0.5
1321 21 20 1 1 1 1 -11.46318984584957,-18.1891527718586,0 5.598302017740488,8.883074609512338,0 16.00606085911943,14.144115941767621,0.5 -1.055431004470626,-12.928111439603317,0.5
550 16 6 1 1 0 1 -2.581168673163812,16.29685761981977,0 2.424734208123581,-15.309169279224633,0 -9.915208902096717,24.247445894934625,0.5
1 25 15 1 1 1 1 25.499874162647384,0.08011048088992886,0 -6.499967923812078,-0.02042031865821716,0 -15.51877303554408,5.951275785180016,0.5 16.48106905091538,6.051806584728162,0.5
1801 3 15 0 1 1 1 -23.109498053722636,16.679361489727047,0 -9.05687897874872,13.936389172389653,0.5 16.89062760788722,-4.791314956426683,0.5
1719 9 31 1 1 1 0 6.032501989573223,-7.338863654939715,0 -14.287504712147108,17.381519182751955,0 -15.367434814938763,28.1441281124253,0.5
175 15 6 1 1 1 1 13.21592254748843,8.098727753097206,0 -14.068562711842523,-8.621226317813155,0 -8.677152456597293,1.7196003154708865,0.5 18.607332802733662,18.43955438638125,0.5
900 29 6 1 1 0 1 -28.05616723070703,9.116001334060952,0 2.3776412907378837,-0.7725424859373687,0 -26.1060431317761,2.1735942587902404,0.5
446 0 30 0 1 1 0 -5.318253508451115,-31.04780474719344,0 -11.06328763463237,-29.049159483768037,0.5
1628 21 2 1 1 0 1 8.414533836999844,-19.784984718366214,0 -4.109423501790622,9.66243439734164,0 17.066914255892684,-24.798597496269966,0.5
1190 19 28 1 1 1 0 -16.12807119835396,-10.96062586811654,0 10.338507178432026,7.026042223151628,0 26.9442966339378,11.056892823138341,0.5
1250 2 28 0 1 1 0 20.859650045003157,20.85965004500315,0 24.39518395093589,15.909902576697318,0.5
1521 31 31 1 1 1 0 2.076656335468379,-31.431473055909407,0 -0.03296279897568856,0.49891227072872074,0 3.9102909132762695,31.82702664361767,0.5
736 6 20 1 1 1 1 -4.389663252786658,4.79383526282813,0 17.22098660708612,-18.806584492633434,0 9.419243862331955,-19.171015754568714,0.5 -12.191405997540825,4.429404000892854,0.5
491 14 14 1 1 1 1 0.4099232181689633,14.494204460928719,0 -0.4947349184797833,-17.49300538387949,0 -6.407525064070502,-14.324581060307079,0.5 -5.502866927421756,17.662628784501127,0.5
187 23 26 1 0 1 0 19.560019935255593,13.02519175031231,0 -25.382624629197746,-9.693934543478411,0.5
1721 20 29 1 1 1 0 13.11675031849916,-15.754391802991067,0 -7.3581770079385524,8.83782954801938,0 -14.264282125745305,26.510002931669828,0.5
1888 25 7 1 1 1 1 23.937713370173782,-8.788394540950197,0 -6.10177007475018,2.240179000634364,0 -4.972646393356948,8.217225069732125,0.5 25.066837051567013,-2.811348471852437,0.5
266 4 7 0 1 0 1 -18.4438533547598,-20.397898750315328,0 11.981345988717205,22.19678689131943,0.5
806 28 27 1 0 1 0 -23.368635115775394,16.314315579445836,0 19.1140902528824,-20.66159610980396,0.5
686 29 28 1 0 1 0 -16.27355318353869,24.60531379158855,0 10.717436711231233,-27.08111058174596,0.5
1009 0 0 1 1 0 1 -0.49980015382512827,-0.014135283385136352,0 31.487409690983082,0.8905228532635902,0 -31.317786290361447,-6.88812469916513,0.5
586 7 0 0 1 0 1 6.539098738349196,-23.611230118105237,0 -14.189754733331881,28.755883930213056,0.5
1556 13 0 1 1 0 1 2.3628112961662207,-13.291618516144274,0 -3.2379265910425983,18.214440188790302,0 11.420612364896414,-29.96363818381832,0.5
1899 6 26 0 1 1 0 -24.22706598706968,7.956084065554579,0 -23.30512722603996,13.968573476847624,0.5
1553 3 13 0 1 1 1 -4.72347950060139,28.105848882526185,0 3.679583159194328,14.307713576060063,0.5 8.983139089694134,-17.249730783267584,0.5
1497 11 20 1 1 1 1 -0.10838334198115143,-11.499489251752923,0 0.19320508787944388,20.49908953573347,0 6.192938610533143,20.44254170513461,0.5 5.891350180672547,-11.556037082351784,0.5
1458 0 14 0 1 1 1 4.144277311406898,31.22619037868946,0 7.855528993255135,13.58457449595415,0.5 3.6454695023020958,-18.13726969827006,0.5
665 20 11 1 1 1 1 -10.156902702864356,17.80694604598292,0 5.6977746869726875,-9.9892624160392,0 0.48598560034354055,-12.962014426633646,0.5 -15.368691789493504,14.834194035388473,0.5
1594 0 10 0 1 1 1 -9.167639255090567,30.136429624103158,0 2.684392557656127,11.79169354233735,0.5 11.99754989616083,-18.82309210754522,0.5
66 26 16 1 0 1 1 25.93239396462501,5.455359132401855,0 -17.381760573989574,2.47475238124979,0.5 13.932828364425529,9.062355861885992,0.5
907 25 31 1 1 1 0 -24.419351971919365,7.344742968376617,0 6.224540698724544,-1.8721893840960004,0 28.436907031576485,-14.818647660210967,0.5
1417 16 22 1 1 1 1 -4.253821905531987,-15.942239466148294,0 3.996014517317927,14.976043134866579,0 11.597844222506634,20.192573124554226,0.5 3.3480077996567204,-10.725709476460649,0.5
718 1 24 0 1 1 0 19.293389938350295,-23.62234333606138,0 10.850950605679145,-22.770745946347724,0.5
1441 11 30 1 1 1 0 -2.119386158466835,-11.30301739852236,0 3.778036195527837,20.148857101713773,0 11.518207149945447,28.871801191663565,0.5
182 19 8 1 1 0 1 16.398419354814298,10.551864416474078,0 -10.511807278727115,-6.7640156515859475,0 16.51547017124572,17.7620169187706,0.5
1489 1 10 0 1 1 1 1.0537945619213984,30.481789924826675,0 6.359199424561794,10.286427109480384,0.5 5.253578900578687,-21.69446723787875,0.5
1718 30 16 1 0 1 1 19.29338993835029,-23.622343336061384,0 -5.790389310374149,16.574721464757854,0.5 14.45185587084583,-8.20937646160163,0.5
473 1 6 0 1 0 1 -2.584000325333243,-30.39034291216007,0 -3.818034399244679,25.916647416789548,0.5
229 30 27 1 0 1 0 22.9416405804554,20.098037901178365,0 -24.638798143265365,-13.608072091792547,0.5
915 9 1 0 1 0 1 21.702541915300458,-5.937143624220888,0 -31.00223956275508,2.260783513197083,0.5
1188 31 23 1 0 1 1 -26.163770824668106,-17.54158191937791,0 22.86025733003073,8.103001592297531,0.5 -3.718811444235284,-9.717018135324473,0.5
1634 19 26 1 1 1 0 7.968656957358795,-17.79748595436831,0 -5.108113434204356,11.408644842543788,0 -5.353050956092217,26.638221514610922,0.5
996 6 20 1 1 1 1 -6.499486787324805,0.08167925924179344,0 25.49798662719731,-0.32043401702549734,0 20.422985166878114,-6.25713008283163,0.5 -11.574488247644002,-5.855016806564339,0.5
1391 13 12 1 1 1 1 -4.533035256799841,-12.716194059568672,0 6.211937203762745,17.425895563112626,0 9.848896671660004,9.759571422504397,0.5 -0.896075788902583,-20.3825182001769,0.5
1508 22 23 1 1 1 0 0.5654271474750939,-22.492894258874248,0 -0.23873590671170633,9.49699979819135,0 5.407547892781368,23.643359020817574,0.5
91 0 1 1 1 0 1 0.47970623592702144,0.1410032879500647,0 -30.22149286340235,-8.883207140854076,0 27.57004093614753,14.357675396078204,0.5
590 13 3 1 1 0 1 -3.7663799315295936,12.963964756638731,0 5.16133546172574,-17.765433185023447,0 -13.71300863617969,25.694423405557504,0.5
1123 29 1 1 0 0 1 -27.32483965506247,-11.117694807158793,0 -25.98987934360856,-17.052160323685357,0.5
1125 18 13 1 1 1 1 -17.091771351458807,-7.079643498754159,0 12.472373688902373,5.166226336928711,0 14.76847428309291,-0.3770508581390102,0.5 -14.795670757268269,-12.622920693821879,0.5
1003 30 12 1 0 1 1 -30.49864540682297,-0.28745147221088413,0 12.555992669460736,-5.881925542239403,0.5 -19.44258611802566,-6.183513972100002,0.5
1727 18 30 1 1 1 0 12.102939925313427,-13.991742034652232,0 -8.831875080634122,10.210190133394873,0 -15.415633271034924,26.99274441128506,0.5
1561 1 18 0 1 1 1 -5.809223102551274,29.94165872066517,0 2.3665352435013913,19.304131965495518,0.5 8.46145784289945,-12.11006734798925,0.5
970 29 19 1 0 1 1 -29.36907795579086,2.7761952428961734,0 18.848808429848972,-7.80848389732951,0.5 -13.009174437449586,-4.797017871137051,0.5
242 18 30 1 1 1 0 13.406082908460364,12.748605455165947,0 -9.78281725752513,-9.303036413229204,0 -26.236603321029015,-16.67005237469185,0.5
1592 27 30 1 1 1 0 7.838029717924357,-26.35934919797783,0 -1.2825866811148947,4.313348050578191,0 -2.941956771230032,30.94503013984982,0.5
185 8 23 1 1 1 0 7.104362571630297,4.6666939529841205,0 -19.641472992154352,-12.902036222956097,0 -22.93560990014314,-7.8871920547464756,0.5
1881 31 13 1 0 1 1 29.324244383183473,-11.503855499585018,0 -10.376322735729104,10.51579414423805,0.5 19.413385844012836,-1.1706622362927614,0.5
1264 25 18 1 0 1 1 -17.220986607086125,-18.80658449263343,0 16.918735654387998,9.591995822400065,0.5 -4.691914205484789,-14.008423933061493,0.5
1208 31 4 1 0 1 1 -25.01069755740682,-19.149804377380057,0 7.2205385800828905,-2.028256052261291,0.5 -18.187154176647848,-21.482025578488653,0.5
1440 0 3 0 1 0 1 5.902511409450326,30.942048397953695,0 0.55335603867898,-29.119474533281977,0.5
1115 23 31 1 1 1 0 -21.98293472450188,-8.306658828812543,0 7.951274262053872,3.004536172123686,0 31.58733603381636,5.521793394067396,0.5
391 25 3 1 0 0 1 8.562399929510807,24.01947766807416,0 3.918099293435805,28.859980906556018,0.5
1472 16 28 1 1 1 0 -1.449544743087263,-16.436204550862346,0 1.3616935465365196,15.440070941719174,0 8.480560756555215,27.862700681275957,0.5
1588 21 19 1 1 1 1 5.8684666136225,-20.683594939100846,0 -2.865995322931919,10.101290551653902,0 0.44960328692866547,20.397251209032625,0.5 9.184065223483085,-10.387634281722118,0.5
672 5 15 0 1 1 1 13.632647645209923,-22.724456389131785,0 2.828652836451438,-16.37830037369065,0.5 -13.63341224455677,11.062552624506221,0.5
311 18 5 1 1 1 1 10.350421774890089,15.333583047738095,0 -7.5530104843792545,-11.189371413214285,0 -8.05020638099049,-1.2017392493631882,0.5 9.853225878278852,25.32121521158919,0.5
541 3 0 0 1 0 1 3.6608087607086346,-28.26390771315104,0 -9.996453411972919,30.46835931228091,0.5
835 8 30 1 1 1 0 -7.383367872724624,4.211398681675466,0 20.412840589297492,-11.643278708161583,0 23.52050917977038,-20.32327847381758,0.5
83 28 5 1 1 0 1 27.53659544152887,7.3475105641007055,0 -3.3816871594860016,-0.9023258587492095,0 24.057358449681082,12.629073775362874,0.5
1054 14 31 1 1 1 0 -14.291846629660471,-2.4480849483346407,0 17.248780415107465,2.9545852824728422,0 32.060805415469844,-0.5956140624428716,0.5
1335 11 29 1 1 1 1 -5.697774686972686,-9.9892624160392,0 10.156902702864352,17.806946045982922,0 19.827819805385168,22.6518776653322,0.5 3.9731424155481294,-5.144330796689923,0.5
752 26 19 1 1 1 1 -18.855695446046063,18.620224199669504,0 3.9134462246510693,-3.8645748338936707,0 9.659045886787968,-17.97088847433327,0.5 -13.110095783909163,4.5139105592299025,0.5
530 29 16 1 1 1 1 -2.7761952428961743,29.36907795579086,0 0.23527078329628595,-2.4889049115077,0 -4.420584617862993,-16.991422295861906,0.5 -7.432050644055453,14.866560571436654,0.5
863 15 11 1 1 1 1 -14.086395076518622,6.467107061757362,0 14.995194758874662,-6.884339775419127,0 7.94780006512387,-10.250974301246542,0.5 -21.133789770269413,3.1004725359299483,0.5
1695 5 5 0 1 0 1 -15.237639179146878,21.68096751176312,0 20.14653748369702,-18.23093599950345,0.5
1248 31 7 1 0 0 1 -22.413373832092493,-22.133474048663746,0 -13.216724272834398,-21.484138323327517,0.5
1317 2 12 1 1 1 1 -1.359401206946981,-2.0981011316309544,0 16.040934241974377,24.757593353245262,0 11.832448750649196,7.2279427614820175,0.5 -5.5678866982721615,-19.627751723394198,0.5
1202 23 30 1 1 1 0 -18.924735314211368,-13.932135273784889,0 6.845117028544537,5.039282971369002,0 28.119031435155573,13.25028570064557,0.5
154 28 6 1 0 0 1 25.229092372974975,13.256805725207562,0 19.782491970512858,17.172740358969918,0.5
631 21 14 1 0 1 1 -8.60062645060119,19.70480207099831,0 0.30140795849894975,-15.689459941073608,0.5 -12.49952443309352,13.638617559947129,0.5
1414 25 29 1 1 1 0 -6.806000727669582,-24.574953796395246,0 1.7348629305824426,6.2642039088850625,0 13.655950754691144,26.82843657363303,0.5
556 18 17 1 1 1 1 -3.2379265910426085,18.2144401887903,0 2.362811296166228,-13.291618516144272,0 -2.844482475107899,-18.28001420811275,0.5 -8.445220362316736,13.226044496821821,0.5
601 9 30 1 1 1 0 -2.9640313185399405,9.025769681457332,0 7.020074175489333,-21.376822929767364,0 3.815614434392022,-30.849490862704027,0.5
296 10 25 1 1 1 0 6.278002322103949,8.416453341144203,0 -12.854957135736656,-17.233690174723844,0 -20.05597897719199,-16.852528215862236,0.5
757 21 28 1 1 1 0 -15.533419821347021,14.86481983253694,0 7.586088749960172,-7.259563174029668,0 16.44249050758923,-24.039436472343482,0.5
825 25 0 1 1 0 1 -21.74232419102935,13.323713400256697,0 5.542161068301599,-3.396240670653668,0 -29.993156565449596,11.34286380242784,0.5
1300 10 3 1 1 0 1 -6.171745149070969,-8.494678440936948,0 12.637382924288175,17.393865379061367,0 -11.897777724085806,-26.58369585344084,0.5
1170 6 1 1 1 0 1 -5.594823175525635,-3.3087692023774107,0 21.948921688600567,12.980556101634457,0 -23.198383329118062,-20.690215342409974,0.5
217 25 31 1 0 1 0 19.800406073520502,16.068413715226914,0 -28.24012837675519,-15.190297866216655,0.5
1775 28 4 1 0 0 1 21.671570019600868,-18.50926937741025,0 24.807852343981942,-13.29738553547988,0.5
1344 18 14 1 1 1 1 -8.708022745058651,-16.32238768904664,0 6.354503084231988,11.910931556871871,0 12.118954375007041,9.968999190314829,0.5 -2.943571454283597,-18.26432005560368,0.5
782 31 0 1 0 0 1 -24.396846396260113,19.925960100263424,0 -28.19226736773886,15.278941739071023,0.5
298 25 27 1 1 1 0 15.117848914107013,20.535351085633607,0 -3.8535693310468857,-5.234501257122292,0 -21.135409868695863,-18.5888259360895,0.5
728 16 22 1 1 1 1 -10.83366496992378,12.445147782145716,0 10.177079214170822,-11.690896401409612,0 10.247671220024893,-20.91017060108008,0.5 -10.763072964069709,3.2258735824752502,0.5
1900 15 6 1 1 0 1 14.74137600257488,-4.789763412811689,0 -15.692432518870033,5.098780407186637,0 26.1060431317761,-2.173594258790245,0.5
982 17 27 1 1 1 0 -17.47202712690706,0.9890743534354319,0 14.476822476580137,-0.8195187499893578,0 27.116931421104663,-7.544668998909529,0.5
529 21 14 1 1 1 1 -1.956074383926754,21.41083307591149,0 0.9552921409874845,-10.45645336265445,0 -4.65590325062935,-14.985745390896613,0.5 -7.567269775543588,16.88154104766933,0.5
1015 1 2 0 1 0 1 30.466141186340085,1.4367467466440893,0 -29.184612607120265,-7.382979545706267,0.5
1091 25 4 1 0 0 1 -24.465018032278092,-7.191167685453297,0 -24.691803520585406,-13.511655668377813,0.5
1626 2 16 0 1 1 1 -11.374727772183174,27.218845826168394,0 -0.8260994333563385,17.537604161521273,0.5 11.512588319520326,-11.987923514322409,0.5
596 31 27 1 0 1 0 -9.356809819676595,30.078233159519257,0 2.4394562248885965,-28.041024469994895,0.5
1968 8 2 1 1 0 1 8.45708364434105,-0.8530745762353282,0 -23.381348899060555,2.3585002990035546,0 29.95322529005565,3.0090355137769556,0.5
438 9 20 1 1 1 1 1.8387199464831738,9.320359915711673,0 -4.354863031144359,-22.074536642475017,0 -9.854307199702642,-18.951058799283185,0.5 -3.66072422207511,12.443837758903506,0.5
572 1 27 0 1 1 0 6.840258208956121,-29.723069619990607,0 0.3202846893885152,-28.14511356732716,0.5
881 6 4 0 1 0 1 23.738674024481863,-9.312644928235487,0 -27.791741382065258,4.457478093317048,0.5
1034 14 9 1 1 0 1 -14.417361460756485,-1.545861736991267,0 17.40026383194748,1.8656951998170466,0 -21.73210085828092,-8.364555713575339,0.5
555 26 2 1 1 0 1 -4.5561211574043545,26.105397143101506,0 0.9456100515367528,-5.418101293851256,0 -10.982564415171225,28.029150519889374,0.5
773 26 26 1 0 1 0 -20.042225076664007,17.33664367680032,0 16.11694726304884,-21.87450595830915,0.5
771 13 4 1 1 0 1 -10.154496650365502,8.89585284150518,0 13.915421335686059,-12.190613153173766,0 -24.63879814326536,13.60807209179255,0.5
485 8 13 1 1 1 1 0.4004048310319628,8.490563937176745,0 -1.107001591676603,-23.473912061606296,0 -6.629276334351996,-13.20237460772874,0.5 -5.12186991164343,18.7621013910543,0.5
594 19 7 1 1 1 1 -5.675205253151296,18.655885005397195,0 3.637952085353395,-11.958900644485382,0 -3.557501058140946,-8.921557387660858,0.5 -12.870658396645638,21.69322826222172,0.5
204 7 0 1 1 0 1 6.011752386531574,4.484287372931391,0 -19.638391129336476,-14.648672084909212,0 21.6619301250875,23.643408875537105,0.5
1620 3 14 0 1 1 1 -10.49154975151333,26.49862984781516,0 0.2408529014016727,15.690506361487714,0.5 12.020838587311378,-14.062341186936326,0.5
1734 1 7 0 1 1 1 -20.455910084369947,22.62312406853156,0 -0.5796911875929593,9.587176754760865,0.5 20.882247261582066,-14.148559972878804,0.5
1675 2 31 1 1 1 0 1.3062464117898727,-2.13160041088523,0 -15.413707659120496,25.152884848445716,0 -11.342863802427843,29.993156565449596,0.5
1911 13 13 1 1 1 1 12.975733194149502,-3.725633915758064,0 -17.781560303093762,5.105498329001791,0 -11.319895898257029,9.492626446491176,0.5 19.437397598986234,0.6614942017313208,0.5
45 14 8 1 1 0 1 14.355343036890083,2.0430678630949486,0 -17.325414010039758,-2.4657715589076967,0 22.420148564713607,9.251320896832539,0.5
1567 8 1 1 1 0 1 1.7759550684204997,-8.312399388561136,0 -4.909993424456675,22.981339486021962,0 12.24012069625789,-28.573229522422547,0.5
1246 16 8 1 1 1 1 -11.812951969860217,-11.519729413392296,0 11.097015486838385,10.821563994398824,0 10.274452619646402,1.6387871633135287,0.5 -12.6355148370522,-20.70250624447759,0.5
439 24 9 1 1 1 1 4.666425115164155,24.05149634938677,0 -1.428497484233925,-7.362702964097991,0 -7.699592517974698,-8.183292433803647,0.5 -1.6046699185766178,23.230906879681115,0.5
343 19 6 1 1 0 1 9.232731386040086,17.17575824099857,0 -5.918417555153901,-11.010101436537544,0 6.788723122975938,25.301447357010463,0.5
331 28 12 1 0 1 1 14.430542009564274,24.576603860383162,0 -11.50320695725798,-7.7412033753475065,0.5 4.699506878042258,19.853579906486225,0.5
333 30 0 1 0 0 1 15.277652073501654,26.39779057271708,0 10.58555071734425,30.26873165513436,0.5
270 14 29 1 1 1 0 9.589022047192952,10.876610509641663,0 -11.572957643163907,-13.126943718533044,0 -24.009366444830487,-18.16040536215665,0.5
1733 10 1 1 1 0 1 7.01769621176183,-7.81037386297376,0 -14.369568433607558,15.992670290851033,0 24.847807393959847,-18.677164338107495,0.5
480 19 12 1 1 1 1 1.2244151308216138,19.461521204351296,0 -0.784881494116419,-12.475334105353394,0 -6.773041864686048,-12.098590988177513,0.5 -4.763745239748015,19.838264321527177,0.5
448 29 28 1 0 1 0 4.79779637324907,29.107235354132108,0 -10.555274873301395,-27.14472641875494,0.5
1711 19 8 1 1 0 1 12.000034218493848,-15.370399433813576,0 -7.692329627239647,9.852820149880499,0 19.190933371153175,-14.830983660700305,0.5
1100 30 0 1 1 0 1 -29.007223747002183,-9.425018328435906,0 1.4265847744427302,0.4635254915624216,0 -28.10417829704765,-15.440374420581776,0.5
1450 1 16 0 1 1 1 4.771251183727046,30.1244943881517,0 8.507298716734638,15.358250829578385,0.5 3.5013958354472448,-16.24777606946602,0.5
247 24 27 1 1 1 0 17.486620255772323,17.160073194203257,0 -5.35304701707316,-5.253083630878548,0 -23.830305967304422,-14.978869032896148,0.5
104 4 28 0 1 1 0 -26.04520338735547,-8.825949269698262,0 -28.91796335119347,-3.464303049537005,0.5
585 23 26 1 1 1 0 -6.201016674186257,22.66709933375826,0 2.2429209247056674,-8.198738056891285,0 1.2052913133355858,-27.144009888923886,0.5
1385 10 3 1 1 0 1 -3.711485859682199,-9.822162323713608,0 7.599709141254026,20.11204666284215,0 -4.461368862729621,-28.781003941326762,0.5
123 13 1 1 1 0 1 12.504587638757402,5.0877586405641955,0 -17.135916393852735,-6.972113692625009,0 25.98987934360856,17.05216032368536,0.5
1147 19 0 1 1 0 1 -17.45729014233383,-8.688671986349478,0 11.190570604060145,5.569661529711204,0 -25.52680038797019,-19.407020944821102,0.5
617 2 2 1 1 0 1 -0.8983634900147265,2.3330115815847465,0 10.600689182173772,-27.52953666270001,0 -16.199916977977164,25.373464286664667,0.5
341 27 13 1 0 1 1 13.172453322730929,24.139935241430848,0 -11.733372047471004,-8.976523848106577,0.5 3.594573637161349,19.113582614649317,0.5
361 26 2 1 0 0 1 11.207766822760536,24.013245570864182,0 7.039609352688706,29.269333784039873,0.5
184 24 14 1 0 1 1 20.519436981032474,13.386661494989593,0 -15.42252266101667,-2.897549787394052,0.5 11.378374620331867,14.58706930810256,0.5
1436 9 14 0 1 1 1 4.49347456157416,22.046738678645553,0 8.774925031764385,13.009638376485135,0.5 2.3842056553033566,-18.345723299810764,0.5
64 23 11 1 1 1 1 23.026593731029802,4.693184542088565,0 -8.328767945266097,-1.6975348343724597,0 -12.466592985505281,3.5824655383898003,0.5 18.888768690790616,9.973184914850826,0.5
300 6 3 0 1 0 1 -14.988523933458065,-20.62993335656116,0 11.8977777240858,26.583695853440844,0.5
865 21 28 1 0 1 0 -19.595170447662074,8.847558710009837,0 23.50590723247954,-17.19657888005827,0.5
281 30 27 1 0 1 0 19.3675063875772,23.561614892174866,0 -22.097577541358106,-17.43407774456871,0.5
668 18 8 1 1 1 1 -9.317029230261575,15.982583218067454,0 6.798913222082771,-11.662966132103278,0 -0.9027432892530447,-10.365088255953665,0.5 -17.01868574159739,17.280461094217067,0.5
1867 10 24 1 1 1 1 9.596694347877643,-4.2606874554951,0 -19.650374140892314,8.7242647898233,0 -19.957608265717298,15.425429404466268,0.5 9.289460223052659,2.4404771591478673,0.5
1036 5 21 1 1 1 1 -5.464862207860046,-0.620710116804149,0 26.33069972878022,2.9906941991472635,0 22.03978148542107,-3.535255588340195,0.5 -9.755780451219199,-7.1466599042916075,0.5
1226 22 17 1 1 1 1 -17.063143093996246,-14.666258819269766,0 7.20443819524286,6.192420390358345,0 17.182335869357907,6.856918701033041,0.5 -7.085245419881199,-14.00176050859507,0.5
909 18 18 1 1 1 1 -17.74913072929979,5.217121654152396,0 12.952068370029577,-3.8070887746517483,0 16.05709127389901,-10.973596485276651,0.5 -14.644107825430353,-1.949386056472508,0.5
1071 0 3 0 1 0 1 30.71963884214054,6.968054922892777,0 -26.466710395671388,-12.155790423977377,0.5
1410 0 30 0 1 1 0 8.788219840235733,30.249251098823702,0 14.270990848258162,27.615010776911383,0.5
1538 28 8 1 0 1 1 3.3942690627037733,-28.29715423023969,0 4.944969766612494,9.154085099412631,0.5 8.75607888964831,-22.61815824682141,0.5
877 4 3 0 1 0 1 25.472308153024333,-10.363952786334474,0 -28.659799966516374,5.183229290632237,0.5
271 25 8 1 0 1 1 16.803277589509783,19.18071589513484,0 -10.114202152221262,-2.4398595910426453,0.5 10.97226384245768,21.630058395008916,0.5
458 23 19 1 1 1 1 3.09176243866864,23.295729330133405,0 -1.1182970522844018,-8.426114864090806,0 -8.513350788716549,-18.54111265130168,0.5 -4.303291297763507,13.180731542922526,0.5
1431 29 1 1 1 0 1 -6.344748992004845,-28.809619230882824,0 0.5376905925427835,2.4414931551595616,0 -0.7002416566390117,-31.07667391504933,0.5
983 25 0 1 1 0 1 -25.4636416185475,1.361233088848401,0 6.490732177276813,-0.34698098343194533,0 -31.77537684381712,-4.309921859316092,0.5
1182 23 5 1 0 0 1 -19.762197684006974,-12.716349424981578,0 -19.03830391814023,-19.385380675151218,0.5
475 30 1 1 0 1 1 2.3930024196992723,30.405978678860404,0 -6.099192645990535,-1.0246214262326219,0.5 -3.5885015826994953,30.876733253227474,0.5
291 21 31 1 1 1 0 13.124066291604455,17.02964720637429,0 -6.409427723806827,-8.316804449624653,0 -23.980742856920283,-21.287883220984348,0.5
1265 20 7 1 1 0 1 -13.79675652695036,-15.162437447061494,0 7.739643905362397,8.505757592254009,0 -12.051020011117798,-22.159036908034572,0.5
483 28 17 1 0 1 1 1.5213781581246753,28.459364161906027,0 -6.9256246574953675,-17.154758031038856,0.5 -5.21741058521503,14.799615764785454,0.5
675 1 29 0 1 1 0 15.936206223836438,-26.005525012799815,0 10.297866672995937,-28.287876236741415,0.5
1111 2 27 0 1 1 0 27.72445255704643,10.079917182798756,0 27.89498130222269,3.757661260497871,0.5
1759 5 0 0 1 0 1 -19.26058333540292,18.201096933426822,0 27.015658742103884,-17.274379373227447,0.5
1326 5 6 0 1 0 1 13.7751595794488,22.63835194003132,0 -8.12967764663232,-24.902978564056284,0.5
986 7 10 1 1 1 1 -7.492747010085935,0.3297608873839871,0 24.476306899614055,-1.0772188987876912,0 10.22603710421312,-6.45586285040633,0.5 -21.74301680548687,-5.048883064234651,0.5
1040 21 10 1 1 1 1 -21.330466078261274,-2.694664521632542,0 10.417204363802018,1.315998952425195,0 11.169203765187843,-4.636689255461672,0.5 -20.578466676875447,-8.647352729519408,0.5
1707 11 21 1 1 1 1 6.962478434881517,-9.15280798683168,0 -12.41137460131053,16.31587510696082,0 -8.24142942860544,20.74436889792785,0.5 11.13242360758661,-4.724314195864656,0.5
1642 5 29 0 1 1 0 -11.433585210545402,23.90654992325738,0 -7.315149591379059,29.20168807544774,0.5
1362 31 18 1 0 1 1 -13.232700444971893,-28.585759373045185,0 13.216492522865115,14.267947483539826,0.5 -0.22625078631268103,-14.771554101775916,0.5
449 1 8 0 1 1 1 -4.8658663731538345,-30.109356426841984,0 -7.27921320435605,-7.433912504565044,0.5 -2.1740419276044856,24.15623194326917,0.5
1253 18 14 1 1 1 1 -12.957606289500422,-13.20418264211379,0 9.455550535581388,9.635484630731685,0 14.438399300023722,6.146757328305266,0.5 -7.974757525058088,-16.692909944540208,0.5
146 29 23 1 1 1 1 26.450910585164458,13.061367815647593,0 -2.2416025919630895,-1.1068955775972535,0 -23.72761375068645,-5.024972208702768,0.5 4.964899426441096,9.143291184542077,0.5
1603 25 31 1 1 1 0 8.10814916272648,-24.176598543942816,0 -2.0667831199106717,6.162662373946208,0 -4.327337543616754,31.773009769041472,0.5
619 26 31 1 1 1 0 -9.677846690127076,24.6696024175988,0 2.0086096904037327,-5.120106162143147,0 5.9182851408834,-31.515454954533002,0.5
1897 27 28 1 1 1 1 26.072802351310873,-8.744082430391316,0 -4.266458566578143,1.4308498522458517,0 -25.11310445200044,14.750660486327916,0.5 5.226156465888581,4.57572820369075,0.5
25 17 7 1 1 0 1 17.44605334032974,1.3730341752372865,0 -14.455301339130356,-1.1376568880537516,0 23.953720102094564,7.903751847730969,0.5
1416 3 11 0 1 1 1 7.43398292926208,27.513376706748303,0 8.791967155333465,9.536839808843263,0.5 0.4450389540567432,-21.355372633821496,0.5
1874 17 31 1 1 1 0 16.146772947727012,-6.7477198648544325,0 -13.378754728116668,5.590967888022244,0 -26.750687352244245,17.68193219595867,0.5
1604 4 4 1 1 0 1 1.4442462441324424,-4.26194237247635,0 -8.82594926969826,26.04520338735547,0 14.508539099666725,-24.119541728512214,0.5
933 26 9 1 0 1 1 -25.91512750551413,5.5368010956639075,0 8.036713385977388,-7.852466997807241,0.5 -23.257025488605713,-1.1665185049300693,0.5
1372 25 23 1 1 1 0 -9.980028504348661,-23.465912107829695,0 2.543928834441816,5.981507007878157,0 14.71867225486948,19.27720641207474,0.5
723 22 25 1 1 1 1 -14.504793494120802,17.200609457019564,0 6.124246141962116,-7.262479548519371,0 11.851936771465025,-23.361968983054382,0.5 -8.777102864617893,1.1011200224845483,0.5
593 2 2 0 1 1 1 8.496859512435684,-28.249838555749857,0 -5.025657035708813,-4.122228930982669,0.5 -14.242589388181418,26.521663739661243,0.5
463 6 22 0 1 1 1 -2.957422292628513,-25.327922405579653,0 -8.569001412455666,-21.652302759598868,0.5 -4.857726378568904,10.131756729755992,0.5
41 19 7 1 1 0 1 19.338463172155976,2.504763888905906,0 -12.396450751382035,-1.6056178775037857,0 23.52634689150697,9.097307400570797,0.5
445 28 11 1 0 1 1 4.899979357963171,28.075615795411057,0 -7.887840610141854,-10.297182649103444,0.5 -2.386109401200749,21.226315787849323,0.5
1736 16 27 1 1 1 0 11.142991333996902,-12.168966436409871,0 -10.467658525875878,11.431453319051698,0 -14.146573519179125,24.333607576075934,0.5
97 26 31 1 1 1 0 25.279056240035928,7.9510575153938206,0 -5.2465965781206645,-1.6502194843270193,0 -31.848928930320554,-3.72769714319584,0.5
2 5 22 1 1 1 1 5.499891434708754,0.03455729181057423,0 -26.499476912687634,-0.1665033150873122,0 -22.537254733056436,5.858510825911747,0.5 9.462113614339948,6.059571432809633,0.5
1924 21 2 1 1 0 1 20.890082257665487,-5.08472843601009,0 -10.202133195604075,2.483239468749114,0 30.08213010312523,-1.1469300147118489,0.5
1528 16 5 1 1 1 1 1.449544743087257,-16.436204550862346,0 -1.361693546536514,15.440070941719174,0 5.493620073829949,6.005842029591905,0.5 8.30485836345372,-25.870433462989613,0.5
827 4 8 1 1 1 1 -3.8515782045200986,2.3270894556217074,0 23.537422360956157,-14.221102228799323,0 4.1724173343756865,-9.531051022201135,0.5 -23.216583231100568,7.017140662219896,0.5
951 2 26 1 1 1 1 -2.470437297775701,0.38332695934240235,0 29.151160113753274,-4.523258120240348,0 25.266650654000667,-9.992315283691148,0.5 -6.354946757528308,-5.085730204108398,0.5
1138 16 30 1 1 1 0 -14.973493004928432,-6.931414518794797,0 14.066008580387315,6.511328790382991,0 30.198789318974907,7.367708169313376,0.5
1496 25 13 1 0 1 1 -0.3204340170254989,-25.49798662719731,0 6.16916780364816,13.4235378574514,0.5 5.767054527380868,-18.573935557070715,0.5
1516 20 15 1 1 1 1 1.0300085226852809,-20.474107610423356,0 -0.5778096590673527,11.4854750009692,0 5.213634807849672,15.78188873647189,0.5 6.821452989602307,-16.17769387492067,0.5
726 25 31 1 1 1 0 -16.621759995172404,19.33822883986241,0 4.23691921445571,-4.929352449376693,0 15.982590855245345,-27.799402683400015,0.5
44 12 30 1 1 1 0 12.38076782120814,1.7223786335579756,0 -19.3139978010847,-2.686910668350442,0 -31.03581522785569,1.7401646882984467,0.5
1973 22 3 1 1 0 1 22.41910542700333,-1.9062297481966592,0 -9.465844513623628,0.8048525603497005,0 28.905861473723323,3.5638704328184527,0.5
1705 7 7 1 1 0 1 4.503151689944128,-5.99763493865318,0 -14.710295520484152,19.59227413293372,0 19.508403471406695,-15.989752780978417,0.5
265 28 26 1 0 1 1 19.18085663502854,21.079486206890376,0 -22.272618177880652,-15.562148935874518,0.5 -0.7362177455679051,8.106046103440992,0.5
1072 31 28 1 0 1 0 -30.69759649277718,-7.064528969905508,0 29.119640440113734,0.544555450337902,0.5
1823 13 29 1 1 1 0 11.466095403554771,-7.1259144112584005,0 -15.712797404871353,9.765141970983734,0 -21.88846873609743,20.667485003959364,0.5
1281 28 1 1 0 0 1 -18.09750596871968,-22.016590964819137,0 -14.732434605510015,-27.371616148747428,0.5
74 20 31 1 1 1 0 19.948519475133594,4.722983246870107,0 -11.190632876294455,-2.6494784067807915,0 -32.03493965599653,-1.4186758744198444,0.5
1156 3 12 0 1 1 1 25.145299953396176,13.415062066711966,0 13.852863923428911,0.5900517934569312,0.5 -14.3804553224896,-14.472474035833699,0.5
1415 20 27 1 1 1 0 -5.409397524290153,-19.77342707838486,0 3.034540074601793,11.092410312264677,0 13.043853384794554,24.942090707797206,0.5
1026 16 25 1 1 1 0 -16.444987812561493,-1.3462450908746018,0 15.448321884527463,1.264654479306444,0 25.904524834276707,-3.8994349732161586,0.5
322 25 19 1 0 1 1 13.528035199821721,21.61578737016962,0 -15.431035710491816,-13.346652647818718,0.5 1.5453221873236789,13.779041306903945,0.5
1753 0 7 0 1 0 1 -22.482797471707254,22.062951249689917,0 21.68908716047515,-12.877635580544743,0.5
921 6 22 0 1 1 1 24.71867139129255,-6.263967165406866,0 20.336717776927102,-11.343187826251363,0.5 -10.682791419989035,-3.4825231480937275,0.5
1877 29 9 1 1 1 1 27.324839655062465,-11.117694807158802,0 -2.3156643775476664,0.942177526030407,0 -6.538298572208156,9.137869105029946,0.5 23.102205460401976,-2.9220032281592623,0.5
1776 5 8 1 1 1 1 4.193433810562963,-3.558807788631944,0 -20.204726541803367,17.146982981590273,0 -2.5984255741806415,10.074630739408963,0.5 21.79973477818569,-10.631160030813255,0.5
1853 22 28 1 1 1 0 20.143027087308262,-10.025390753480165,0 -8.504833659085712,4.232942762580514,0 -22.841063442995754,18.07030217769041,0.5
1601 8 20 0 1 1 1 -7.33207747217774,22.326903948868136,0 -0.6955814675078651,21.348680671696307,0.5 9.288524026521397,-9.053911939528389,0.5
1187 11 11 1 1 1 1 -9.571924649167629,-6.374030005471984,0 17.0629961137336,11.362401314102232,0 12.897505521587794,1.379982362428004,0.5 -13.737415241313435,-16.356448957146213,0.5
914 27 0 1 0 0 1 -26.502401152975267,7.339804706310333,0 -31.95870780205756,2.6250705938517767,0.5
767 9 31 0 1 1 0 16.736515420658066,-15.03792045377534,0 19.42100946791453,-25.51615941412763,0.5
188 5 30 0 1 1 0 -22.010791328689034,-14.75720383693698,0 -28.674428624401415,-12.001130907714858,0.5
1835 7 31 0 1 1 0 -21.281472103735688,12.138737376593983,0 -24.38914069420858,20.818737142249983,0.5
386 13 10 1 1 1 1 4.7322133225819965,12.643423471100597,0 -6.48488492353829,-17.32617290484156,0 -9.299909682497374,-7.730567889708466,0.5 1.917188563622914,22.239028486233693,0.5
1671 21 2 1 1 0 1 11.00247450245842,-18.471479497396857,0 -5.373301501200623,9.02095510337986,0 20.251249991018813,-22.274130146904962,0.5
1664 7 8 1 1 0 1 3.695455061612185,-6.526378160021443,0 -12.071819867933138,21.31950198940338,0 16.800195054402,-17.492954185444106,0.5
1453 27 3 1 0 0 1 -4.045770075562524,-27.20076735122895,0 1.7418238892306093,-29.072599635032734,0.5
180 25 28 1 0 1 0 21.530362100301385,13.663583271964415,0 -27.278306646681408,-10.205096103889314,0.5
1135 4 23 0 1 1 1 25.06359010747475,11.316644861640484,0 23.88706315256362,4.202167767407376,0.5 -5.277841699770635,-8.966291707956096,0.5
220 18 14 1 1 1 1 14.254494991352102,11.792343810350758,0 -10.401928777473154,-8.60522386160731,0 -14.996985958741082,-4.619568394701263,0.5 9.659437810084174,15.777999277256805,0.5
544 28 24 1 0 1 1 -3.9270232845121846,28.22815063235456,0 -2.566906432406275,-25.093046673675783,0.5 -6.976195734314693,6.601718948617056,0.5
1975 12 23 1 1 1 1 12.4614666716641,-0.9807386965980593,0 -19.439888007795997,1.5299523666929726,0 -22.95680276836144,7.8252927520031195,0.5 8.944551911098657,5.314601688712087,0.5
457 16 2 1 1 0 1 2.222186826703019,16.349675400668588,0 -2.0875088372058666,-15.35878598244625,0 -1.9723358191680278,30.039305774541905,0.5
696 4 30 0 1 1 0 15.883249344112354,-22.44932939472256,0 12.717931950076052,-28.363783367407716,0.5
1078 15 12 1 1 1 1 -15.03696224559664,-3.7602880773288176,0 16.007088842086745,4.002887308124225,0 13.582177840898767,-2.78826919399804,0.5 -17.46187324678462,-10.551444579451083,0.5
1161 18 30 1 1 1 0 -16.183594360168875,-8.96332938062136,0 11.809649938501613,6.5408079263993715,0 29.5880867172367,9.52864756475342,0.5
273 20 0 1 1 0 1 13.41136586318515,15.504362795155174,0 -7.523449142762401,-8.697569372891927,0 16.069846239970794,27.74905479153653,0.5
504 23 3 1 1 0 1 -0.29530193725878734,23.498144538789678,0 0.10681133900849754,-8.499328875732436,0 -6.357658401898447,28.422353520508643,0.5
174 2 4 0 1 0 1 -25.201184235129208,-15.33461160731093,0 20.373725316006357,19.42064151226528,0.5
1931 31 0 1 0 1 1 30.762813755010473,-6.774901466039074,0 0.8021587910707685,5.967121690891504,0.5 32.05327117711315,-0.9153178936561268,0.5
737 10 12 0 1 1 1 14.569398405607195,-15.810839006791845,0 4.05825330369018,-13.258226884583314,0.5 -17.62643269535309,10.2741846604092,0.5
1910 25 31 1 0 1 0 24.487488984762045,-7.114273204000356,0 -28.575304462588324,14.549981954297394,0.5
326 0 31 0 1 1 0 -16.374246292552346,-26.909739098527798,0 -21.499910882748118,-23.79083504280354,0.5
1919 15 29 1 1 1 0 15.000855055097412,-3.9018390043617104,0 -15.968652155426279,4.153570553030208,0 -27.039625167690545,13.232863287693867,0.5
155 23 3 1 1 0 1 20.768492307084298,10.996350635123475,0 -7.512007855753894,-3.977403421214874,0 22.379741571964324,18.638593486958502,0.5
1861 16 2 1 1 0 1 14.951643468651278,-6.978420851907512,0 -14.045483258429988,6.555486254822209,0 29.269333784039862,-7.039609352688724,0.5
1532 22 21 1 1 1 1 2.2581385841523303,-22.386397882079255,0 -0.9534362910865394,9.452034661322351,0 3.811929232586685,21.993617154205243,0.5 7.023504107825555,-9.844815389196363,0.5
1399 31 5 1 0 0 1 -9.828103845685067,-29.92755210167431,0 -2.567601247638362,-27.04916678630094,0.5
1640 22 31 1 1 1 0 9.580034060214116,-20.35860868048545,0 -4.044903269868183,8.59585699842719,0 -7.983085369503644,31.056727902070058,0.5
1587 1 2 0 1 0 1 -8.232812981045129,29.367853010036924,0 13.74016724593616,-26.78540281671536,0.5
1432 25 21 1 0 1 1 -5.406181303012398,-24.92033715098893,0 10.421761604733339,19.73922199718383,0.5 3.637534087227584,-11.533357956998358,0.5
179 13 21 1 1 1 1 11.42109592651587,7.197816879952046,0 -15.651131454855081,-9.863674983637988,0 -21.38818249628174,-6.387147211842502,0.5 5.684044885089212,10.674344651747534,0.5
68 1 27 0 1 1 0 -29.8066777688299,-6.466216852622666,0 -28.14691605765765,0.033413218552658996,0.5
1240 13 19 1 1 1 1 -9.841076470189057,-9.241385930037298,0 13.485919607296113,12.664121459680741,0 18.322170870289657,8.97485680108096,0.5 -5.004825207195512,-12.930650588637079,0.5
971 22 1 1 0 0 1 -22.406685777116678,2.047054587830328,0 -30.919388610179585,-3.2002199881722246,0.5
1424 21 4 1 1 0 1 -5.0847284360100895,-20.890082257665487,0 2.4832394687491135,10.202133195604075,0 -0.6739320206643971,-28.13886663729588,0.5
1652 4 9 0 1 1 1 -12.638446167090901,24.42375234237248,0 0.962810016977139,11.1947754274576,0.5 15.669365556864733,-17.225590934575834,0.5
1355 27 31 1 0 1 0 -12.098327171037672,-24.695758333416926,0 19.246249305025028,25.648233617323896,0.5
717 8 30 1 1 1 0 -5.356137905075635,6.60013535784017,0 14.808145972856169,-18.247433048146352,0 14.560163995031278,-27.463641864068116,0.5
1263 28 10 1 0 1 1 -19.312923467897924,-20.95855403225894,0 11.52761475812217,3.6556939133800475,0.5 -10.157071240921113,-19.876717631612447,0.5
80 4 8 1 1 1 1 4.35862422507884,1.1191044922418465,0 -26.636036931037353,-6.838971897033507,0 -9.725096192582493,3.6976349258705206,0.5 21.2695649635337,11.655711315145874,0.5
853 17 10 1 1 1 1 -15.666798845684202,7.7975261415956885,0 12.981061900709769,-6.460807374464999,0 6.726641773149143,-10.049989574906283,0.5 -21.921218973244827,4.208343941154406,0.5
987 19 23 1 1 1 0 -19.483739619679532,0.7961723635809498,0 12.48957667928175,-0.510366899731378,0 23.23542804517863,-6.954486577550232,0.5
1501 1 3 0 1 0 1 -0.09581841831931512,30.499849488656675,0 6.089505634558706,-28.481009833337684,0.5
297 30 21 1 0 1 1 18.15920711110483,24.50496270341989,0 -17.621400954402397,-13.701687064160613,0.5 1.4308819162649637,12.00843773942747,0.5
16 27 5 1 0 0 1 27.46526630666548,1.3817187499436627,0 26.165063440980845,7.323896171399998,0.5
1346 2 0 0 1 0 1 13.721956803285028,26.114323684307426,0 -9.340871091445216,-30.67569277543709,0.5
1676 27 24 1 0 1 1 14.44230232393561,-23.402348249354038,0 -7.760811543283572,24.00041258373773,0.5 9.044776615477865,-3.231410833692422,0.5
1535 8 10 1 1 1 1 0.932741644273878,-8.448668121369028,0 -2.578756310639545,23.358082453196726,0 4.811555466275112,11.094995898825655,0.5 8.323053421188535,-20.7117546757401,0.5
1627 15 28 1 1 1 1 6.021451572786172,-14.282581032733226,0 -6.409932319417538,15.204037873554725,0 -5.542960234064939,28.592404443200902,0.5 6.888423658138771,-0.894214463087049,0.5
404 19 23 1 1 1 0 5.7923108407521795,18.619858622559537,0 -3.7130197697129357,-11.935806809333037,0 -12.709664435540176,-20.6570673120839,0.5
1213 25 14 1 1 1 1 -20.000759044301955,-15.818332328402178,0 5.098232697567165,4.032123926847614,0 15.09494118089378,4.288677039059602,0.5 -10.00405056097534,-15.56177921619019,0.5
364 4 24 0 1 1 1 -11.395328477315317,-25.02791419383738,0 -15.612837558445438,-19.81134279582269,0.5 -2.352818966660342,9.312048266097174,0.5
474 25 10 1 1 1 1 2.08056059498802,25.41498116486776,0 -0.5303389751930246,-6.4783285322211945,0 -6.836696989669835,-9.975448574948368,0.5 -4.22579741948879,21.917861122140586,0.5
499 24 30 1 1 1 0 0.07696889340405146,24.499879097445525,0 -0.023561906144097384,-7.4999629890139365,0 -6.095788809530479,-30.480999963741397,0.5
130 3 11 0 1 1 1 -26.156006831993462,-11.318714883091248,0 -12.937065539174466,0.9393270118039103,0.5 16.43108248271293,13.64805951211689,0.5
139 27 28 1 0 1 0 24.91940578108547,11.63070141984584,0 -28.363173573818578,-6.616674755603405,0.5
1186 16 26 1 1 1 0 -13.76229415461733,-9.102156865369093,0 12.928215721004158,8.550510994740662,0 25.412953714519624,9.614144969974362,0.5
1581 3 27 0 1 1 0 -7.174349137052166,27.582217359372667,0 -1.1158349864104764,28.12480955105478,0.5
1366 7 3 1 1 0 1 -3.064868060522616,-6.845186905526272,0 10.011902331040545,22.36094389138582,0 -6.170349105564925,-28.463604689417927,0.5
1347 9 21 1 1 1 1 -4.392493634889426,-8.423538429155284,0 10.403274398422324,19.950485753262516,0 15.261036181584672,16.289590991316008,0.5 0.4652681482729202,-12.084433191101795,0.5
1834 0 0 0 1 0 1 -27.312727086681438,15.692830818193954,0 30.30183771871838,-10.490406611207014,0.5
71 25 30 1 0 1 0 24.868279062685197,5.640806366151301,0 -31.071660768972798,-0.8954870506471959,0.5
676 0 31 0 1 1 0 16.543000843780817,-26.80632617653279,0 11.437033953012666,-29.957373956300565,0.5
405 10 6 1 1 1 1 3.087423414939191,10.035826655382467,0 -6.321866992494534,-20.5495498181641,0 -7.646020202799956,-4.448412644795322,0.5 1.763270204633768,26.13696382875124,0.5
804 12 10 1 1 1 1 -10.2042406339648,7.219658792778345,0 15.918615388985087,-11.262667716734219,0 5.106125911996825,-10.962548890236913,0.5 -21.016730110953063,7.51977761927565,0.5
1970 13 9 1 1 1 1 13.44008652214158,-1.2704622297999513,0 -18.41789634515698,1.7410037963925258,0 -8.893188783818172,6.867400764144372,0.5 22.964794083480392,3.8559347379518947,0.5
1969 10 24 1 1 1 0 10.450244723166238,-1.020972686185197,0 -21.39812014743563,2.0905631193315943,0 -23.800491390520154,8.353838014336644,0.5
1060 23 30 1 1 1 0 -23.083750392124184,-4.4034608927645325,0 8.349441631193853,1.5927411739786606,0 31.08404903473935,-0.1785934095075259,0.5
1893 7 21 1 1 1 1 7.080235981057873,-2.473915611441395,0 -23.128770871455718,8.08145766404189,0 -18.317543989879454,12.75608020431163,0.5 11.891462862634139,2.200706928828345,0.5
1974 17 18 1 1 1 1 17.441653740595523,-1.4278357024427657,0 -14.451655956493433,1.1830638677382916,0 -17.948775999220604,7.489421882215103,0.5 13.944533697868351,4.878522312034046,0.5
922 16 4 1 1 0 1 -16.007088842086745,4.002887308124222,0 15.03696224559664,-3.760288077328815,0 -28.134076788250354,0.8507192679330693,0.5
1375 27 30 1 0 1 0 -10.523794390039985,-25.406687144060378,0 17.215121882202975,25.882225147403698,0.5
802 7 24 1 1 1 1 -6.095206233248205,4.370178597514321,0 19.9110070286108,-14.275916751880114,0 16.414864150599342,-19.152081738478678,0.5 -9.591349111259662,-0.5059863890842431,0.5
758 24 16 1 1 1 1 -17.754001689582644,16.883288305490034,0 5.43489847640285,-5.1683535629051125,0 7.8220937977621805,-15.718296619513527,0.5 -15.366806368223314,6.333345248881621,0.5
1623 24 11 1 1 1 1 9.23333975509798,-22.693510899967134,0 -2.8265325780912183,6.946993132643001,0 1.2235778863745326,12.913282199192242,0.5 13.28345021956373,-16.727221833417893,0.5
1085 1 30 0 1 1 0 29.419001262962844,8.048128023943864,0 31.00223956275508,2.260783513197075,0.5
1437 16 5 1 1 1 1 -3.2444064611544357,-16.17788078565358,0 3.0477757665390155,15.197403162280636,0 6.964334560622477,4.212842760858672,0.5 0.6721523329290262,-27.162441187075544,0.5
508 13 18 1 1 1 1 -0.339256288485055,13.49573655532455,0 0.464906765701742,-18.49415750174105,0 -5.533198369998058,-18.644938074401075,0.5 -6.337361424184855,13.344955982664526,0.5
389 23 30 1 1 1 0 8.02976453544986,22.085580850528512,0 -2.904382917077609,-7.988401584233717,0 -16.06048099720816,-26.61411186078385,0.5
1179 3 15 0 1 1 1 24.111202511533502,15.195391191009875,0 16.312139862274687,3.18811748741937,0.5 -10.760087519096263,-13.873374376170666,0.5
516 15 11 1 1 1 1 -0.7787869317864269,15.480422827393271,0 0.8290312499661963,-16.47915978399929,0 -5.414612080568755,-11.786940910047818,0.5 -7.022430262321379,20.17264170134474,0.5
1018 21 27 1 1 1 0 -21.465633327342964,-1.2151484913635253,0 10.483216276144237,0.5934446120612565,0 27.795153834888957,-4.436149602398178,0.5
167 0 1 0 1 0 1 -27.2632919029701,-15.77855869886236,0 23.39235082055282,20.470660055019763,0.5
744 30 29 1 0 1 0 -21.156425827290544,21.969425259081167,0 16.140918372150296,-25.411036069070086,0.5
671 25 28 1 1 1 0 -13.049446502915801,21.90803382249394,0 3.3263295007432436,-5.584400778282769,0 9.429844015613202,-27.55590756700283,0.5
321 20 3 1 1 0 1 10.930018225112367,17.343145666190765,0 -6.131473638477669,-9.729081715180186,0 10.119348557002823,27.310232235956633,0.5
1617 22 31 1 1 1 0 8.085271410132542,-20.997104234262718,0 -3.413781262055962,8.865444010022037,0 -5.720152178382166,31.55201830400315,0.5
1914 8 24 1 1 1 0 8.191651265465081,-2.2686669092231946,0 -22.647506439815224,6.272196749028832,0 -22.009818182182983,12.321440808089266,0.5
444 30 7 1 0 0 1 5.338203298745919,30.029212203140762,0 -1.619321062280969,25.17196454981719,0.5
884 21 2 1 1 1 1 -20.088072262817157,7.662855392334892,0 9.810453895794426,-3.7423247264891333,0 0.19735108386202516,-6.497003351522799,0.5 -29.701175074749557,4.908176767301227,0.5
876 25 1 1 0 0 1 -23.58946877427868,9.684366935805935,0 -30.493529381581773,6.032799172408195,0.5
1101 21 30 1 1 1 0 -20.426741910666593,-6.708070878800912,0 9.975850700558103,3.276034615228353,0 30.849490862704027,3.815614434392012,0.5
1948 19 4 1 1 0 1 19.240375912053423,-3.1714247213002444,0 -12.333574302598349,2.032964564936054,0 28.109686456885672,1.4475936223878882,0.5
1301 0 0 0 1 0 1 18.435083751803575,25.54207679621976,0 -13.569926266809334,-29.053521320372823,0.5
1490 26 29 1 1 1 0 -0.8323851155704,-26.486923849691888,0 0.17275917492970563,5.497286082011524,0 6.923656754999174,29.296978976320315,0.5
1934 24 24 1 1 1 1 23.975232155974062,-5.0436339148621085,0 -7.3393567824410395,1.5439695657741148,0 -22.740056503354772,10.91511934081494,0.5 8.57453243506033,4.327515860178718,0.5
701 27 28 1 1 1 0 -16.233908607298094,22.197076639276013,0 2.6564577721033245,-3.632248904608802,0 11.981234017175984,-26.546186758660177,0.5
542 24 27 1 1 1 0 -3.22332679776092,24.28703696120291,0 0.9867326931921184,-7.434807233021299,0 -2.3298259113792716,-28.05034600896513,0.5
1660 5 24 1 1 1 0 2.6496452075594323,-4.819686740241251,0 -12.766472363695446,23.22212702116239,0 -6.5451249352288325,24.360035705684954,0.5
1194 29 21 1 0 1 1 -24.188587225100846,-16.886747705040424,0 21.06356310406477,7.387578044330985,0.5 -5.174904394349707,-10.930249974695917,0.5
1376 1 27 0 1 1 0 11.583262413414955,28.21485480845096,0 15.994388367856295,23.160948614816775,0.5
789 9 22 1 1 1 1 -7.4881433139091795,5.846170516702131,0 17.735076269784898,-13.846193329031362,0 14.042758048709867,-18.575547000974,0.5 -11.18046153498421,1.1168168447594908,0.5
150 19 30 1 1 1 0 17.374627221673173,8.852814744921162,0 -11.137581552354598,-5.674881246744334,0 -29.899641986182502,-8.500671096925968,0.5
1447 25 1 1 1 0 1 -4.226271132117042,-25.14733847383922,0 1.0772847983827756,6.410105885488428,0 0.862069071116295,-31.07260589195288,0.5
753 11 13 1 1 1 1 -8.208005426178843,8.054728234013776,0 14.631661846666635,-14.358428591068034,0 5.433017726028846,-13.737988149239914,0.5 -17.40664954681663,8.675168675841896,0.5
1037 11 1 1 1 0 1 -11.422396378986903,-1.3337394653030528,0 20.36166311036796,2.3775355685837027,0 -29.59831763193759,-9.49682017092735,0.5
165 30 11 1 0 1 1 26.49326119036483,15.111489387188431,0 -12.962014426633646,-0.48598560034354055,0.5 14.834194035388473,15.368691789493504,0.5
447 20 18 1 1 1 1 3.3975905179764565,20.21648779269427,0 -1.905965412523378,-11.340956566633372,0 -8.98313908969415,-17.249730783267573,0.5 -3.679583159194315,14.307713576060069,0.5
1949 17 10 1 1 1 1 17.275860244909335,-2.7918905419735114,0 -14.314284202924878,2.313280734778052,0 -9.408296532554683,7.5982864091530224,0.5 22.18184791527953,2.4931151324014587,0.5
879 31 20 1 0 1 1 -29.251385167442045,11.687876872467108,0 16.81035348246855,-13.17808847270565,0.5 -12.905339386044005,-1.304689745120018,0.5
538 1 30 0 1 1 0 3.632463382893529,-30.282919439379317,0 -2.3248322445253535,-30.997502399948534,0.5
1041 26 28 1 1 1 0 -26.280475592929918,-3.4039099003080215,0 5.454438330608096,0.7064718661016648,0 29.034604294352857,-2.2894875999547506,0.5
636 16 16 1 1 1 1 -6.837197086389188,15.016748516302428,0 6.422821505395905,-14.106642545617433,0 1.376561262279214,-17.503002002262132,0.5 -11.883457329505879,11.620389059657729,0.5
519 4 29 0 1 1 0 1.6405075882296942,-27.451024295150823,0 -4.2294971606592355,-29.805391354048272,0.5
1605 17 24 1 1 1 1 5.66855481846761,-16.556493779482043,0 -4.696802563873162,13.718237702999408,0 -2.2594645928893815,25.122595800463756,0.5 8.10589278945139,-5.152135682017696,0.5
1887 18 24 1 1 1 0 17.34646023699886,-6.430421233964191,0 -12.658227740512679,4.6924695491090045,0 -20.886797210956047,14.141842251573829,0.5
612 16 1 1 1 0 1 -5.686608232379529,15.489108651288923,0 5.341965309205012,-14.55037479363505,0 -16.14401230274601,26.56352511939606,0.5
929 28 26 1 0 1 0 -27.793958952412865,6.304430644522044,0 24.516257135852936,-11.713374238396888,0.5
1744 11 5 1 1 0 1 7.977013016847258,-8.283553786210929,0 -14.219892769162504,14.76633501020209,0 22.703666753366775,-14.9262693246527,0.5
419 3 3 0 1 0 1 -7.174349137052173,-27.582217359372667,0 1.3675665350789794,29.09260665138365,0.5
584 15 12 1 1 1 1 -4.043043347493398,14.963415401915746,0 4.303884853783295,-15.928797040749021,0 -2.5317710043759356,-13.632319523155305,0.5 -10.878699205652628,17.25989291950946,0.5
1181 25 31 1 1 1 0 -21.487330510091024,-13.731155361079836,0 5.477162679042809,3.5000984253732916,0 29.774033068013576,11.906172973077203,0.5
762 19 1 1 1 0 1 -14.298479251339916,13.259090885087177,0 9.165691827781998,-8.499417234030242,0 -26.44400833212259,16.339045973698433,0.5
1368 22 21 1 1 1 1 -9.065394803557414,-20.592926383970646,0 3.8276111392797967,8.694791139898717,0 14.153935403569255,17.26024659706775,0.5 1.2609294607320454,-12.02747092680161,0.5
867 0 7 0 1 1 1 28.790083043632926,-12.78206236648531,0 4.420103131058257,-8.527173524140869,0.5 -24.826965357711696,4.457778721177541,0.5
1976 2 26 0 1 1 0 -29.41618755768811,2.222140763074015,0 -25.972750023738673,7.979113748053901,0.5
561 4 23 1 1 1 0 -0.8570984905403545,4.417621778458795,0 5.237824108857722,-26.99657753502597,0 -1.4142035873454306,-24.212600608227515,0.5
815 27 17 1 0 1 1 -22.984702437627426,15.098127494948631,0 11.332491915955934,-14.622743483176931,0.5 -15.413343647828707,2.9459866927632934,0.5
548 9 31 1 1 1 0 -1.427143096647193,9.392191575010182,0 3.3800757552170357,-22.244664256603063,0 -1.1998044111236332,-32.043883493968835,0.5
739 24 8 1 0 1 1 -16.71521342318021,17.91233207088167,0 1.4124621090506837,-10.308004209860224,0.5 -20.419653382449994,13.087694821495433,0.5
1577 24 4 1 1 0 1 5.868982253027082,-23.786656917558908,0 -1.796627220314413,7.281629668640482,0 12.412936876065233,-25.26200700876357,0.5
741 5 10 0 1 1 1 18.201096933426815,-19.260583335402927,0 2.8508685957948687,-11.752554966878929,0.5 -19.127814493626193,11.505507928701963,0.5
1076 2 31 1 1 1 0 -2.4290793322866846,-0.591247492559312,0 28.66313612098288,6.976720412199882,0 32.02539356895458,1.6199280087592873,0.5
1615 11 6 1 1 0 1 4.064960703461452,-10.757606354543476,0 -7.246234297474762,19.176602632012283,0 14.62627270135025,-21.732973723486083,0.5
1551 7 17 0 1 1 1 -3.9086467587629055,24.186204342873072,0 3.1312615419954115,18.233079859300254,0.5 8.236432818746962,-13.357064588533964,0.5
1724 7 11 0 1 1 1 -15.852871058451377,18.67984151978048,0 -2.8664884919799167,12.650424646048318,0.5 17.83930227824229,-11.747735706318025,0.5
842 2 25 0 1 1 1 25.939831150621405,-14.049027008204213,0 19.565136687851545,-17.41997205467579,0.5 -8.572985238246252,-2.1803495373017308,0.5
428 26 24 1 1 1 0 5.943175165158601,25.824962128844295,0 -1.2334891852215963,-5.359897800326174,0 -11.3417948799793,-22.53028381757485,0.5
42 10 21 1 1 1 1 10.40873012622982,1.3814257704689663,0 -21.31311406799439,-2.8286337204840737,0 -22.102500222548088,3.1192120659329654,0.5 9.619343971676125,7.329271556886005,0.5
1929 25 5 1 1 0 1 24.8682790626852,-5.640806366151295,0 -6.338973094409953,1.4378526031366043,0 27.170754249335904,-0.010654679486200358,0.5
1602 2 27 0 1 1 0 -9.2921023298315,27.99833627721369,0 -2.967552420579124,27.990063105164932,0.5
540 5 26 0 1 1 0 3.321330689454066,-26.291039584833662,0 -2.631357518432801,-27.04303898621949,0.5
394 31 14 1 0 1 1 10.296972934130688,29.769486868163852,0 -10.410254881075495,-11.742086412177514,0.5 0.050162067882664196,18.49993199357624,0.5
1905 19 18 1 1 1 1 18.637963788567436,-5.7337863420299335,0 -11.947412684979126,3.6755040654038034,0 -15.917928822375279,11.174504105587609,0.5 14.667447651171281,1.7652136981538722,0.5
1183 27 18 1 0 1 1 -23.079112447940496,-14.953413276416795,0 18.788511270741818,5.024126215493371,0.5 -8.067183214134397,-12.37620923342799,0.5
1737 15 30 1 1 1 0 10.503519780786581,-11.398511842105748,0 -11.181166218256683,12.133899702886765,0 -16.255889178152014,26.495208378641603,0.5
1053 2 8 0 1 1 1 29.09201901875517,4.889215623429524,0 9.376862894915122,-4.508263773334917,0.5 -22.180581464412523,-9.81181970383474,0.5
1537 26 31 1 0 1 0 3.073399637437468,-26.321174264621995,0 2.3062247927717636,31.98329762868746,0.5
597 22 20 1 1 1 1 -6.750897890428711,21.463349637766356,0 2.8503791092921227,-9.06230318039024,0 0.42725817454179893,-21.355735774079225,0.5 -9.174018825179036,9.16991704407737,0.5
1278 23 5 1 1 0 1 -15.09293734964974,-18.012585660019717,0 5.459147552000969,6.515190557879472,0 -12.420737268323396,-24.165580599507273,0.5
1052 30 25 1 0 1 1 -30.093921298339975,-4.960433538443947,0 26.13631456846994,-1.7728679527776787,0.5 -5.437635646181841,-6.977257239013952,0.5
569 30 30 1 0 1 0 -6.559825229021951,29.78621649294665,0 0.7002416566390037,-31.07667391504933,0.5
1613 26 22 1 1 1 1 9.21114392973248,-24.847632231376746,0 -1.9117468533407034,5.157055746134796,0 -2.1949035860649175,23.18258825601402,0.5 8.927987197008266,-6.8220997214975165,0.5
911 2 19 0 1 1 1 28.354379942771132,-8.141200038137999,0 17.086888428990136,-11.148463742383653,0.5 -13.670405068253123,-2.317331497623789,0.5
1693 13 3 1 1 0 1 7.693020217870974,-11.093576516499468,0 -10.542286965230595,15.202308559647417,0 21.171298911727376,-20.000652549111773,0.5
809 14 13 1 1 1 1 -11.967004551048493,8.18784477595812,0 14.442936527127493,-9.88188162615635,0 7.7536201919590315,-12.575029778050038,0.5 -18.656320886216953,5.494696624064431,0.5
1476 0 20 0 1 1 1 2.3727943741298785,31.41050535820934,0 7.527152914886303,19.98979662217499,0.5 5.116695137992458,-11.919288186164657,0.5
1155 25 28 1 0 1 0 -22.536023567261687,-11.932210263644617,0 27.994899343091205,8.033405925894174,0.5
1944 14 3 1 1 0 1 14.276182850673479,-2.537834355141502,0 -17.229875854261095,3.06290353206733,0 29.11022188793401,0.9192288263798662,0.5
1124 12 24 1 1 1 1 -11.563465085430726,-4.747238694022514,0 18.039005533271933,7.405692362675123,0 24.94306614057503,3.7541245992773797,0.5 -4.6594044781276285,-8.398806457420257,0.5
1842 14 1 1 1 0 1 12.750086497763068,-6.905453953185112,0 -15.388035428334739,8.334168564188928,0 29.676576682819604,-9.249367350728793,0.5
1341 23 4 1 1 0 1 -11.256460112151888,-20.628671933586357,0 4.07148557248047,7.461434529169534,0 -7.9055583609642035,-27.01392505729941,0.5
1329 14 24 1 1 1 1 -7.4202735016580075,-12.457509428476946,0 8.955502502001044,15.034925172299761,0 17.692534990447093,17.978437240533594,0.5 1.3167589867880425,-9.513997360243113,0.5
599 7 16 1 1 1 1 -2.2952073164137548,7.1401697020925745,0 7.4976772336182655,-23.324554360169078,0 -0.6626796655637994,-17.544539197734668,0.5 -10.455564215595821,12.920184864526984,0.5
84 27 27 1 0 1 0 26.547995067915032,7.173141422972166,0 -28.113044105654414,-1.380851589972523,0.5
1370 30 1 1 0 0 1 -12.113010664360798,-27.99151608336143,0 -6.606482910256911,-30.37440342717011,0.5
1781 9 6 1 1 0 1 7.338863654939711,-6.032501989573227,0 -17.381519182751948,14.287504712147115,0 23.509056330358106,-11.55743355836621,0.5
524 8 8 1 1 1 1 -0.6402778469874273,8.475850652215218,0 1.7701799299064167,-23.433234156124428,0 -5.342675554576257,-8.927811485382813,0.5 -7.7531333314701,22.98127332295683,0.5
290 26 6 1 1 1 1 16.24203692180388,20.939107827955795,0 -3.370988795091371,-4.345852568066297,0 -8.724825922998491,-1.4585652585241276,0.5 10.88819979389676,23.82639513749796,0.5
1110 4 16 1 1 1 1 -4.233963460294015,-1.5243206411038117,0 25.8742211462412,9.315292806745516,0 17.55696020921647,-0.05610892967804304,0.5 -12.551224397318745,-10.89572237752737,0.5
1198 21 1 1 1 0 1 -17.472924535311524,-12.527845312874382,0 8.533288726547488,6.118250036520047,0 -21.291029137197913,-22.64822461649013,0.5
257 30 1 1 0 0 1 21.087302553133796,22.035781607027168,0 16.752394696013695,26.184103420758408,0.5
1952 12 27 1 1 1 0 12.358146809223925,-1.877819864009471,0 -19.27870902238932,2.929398987854775,0 -26.286569445568087,10.063114169248319,0.5
1065 29 6 1 0 0 1 -28.88707291334209,-5.982225213017107,0 -23.753457898715958,-11.046412895321655,0.5
1394 29 1 1 0 0 1 -9.643196874820823,-27.879360717804236,0 -4.29970645339694,-30.785751970913697,0.5
1947 23 16 1 1 1 1 23.17499820138124,-3.894798886460805,0 -8.382446157946406,1.4087570440390147,0 -15.2773905108096,8.651666844037901,0.5 16.280053848518044,3.3481109135380827,0.5
1507 3 6 0 1 0 1 -0.6266972186363767,28.493108826454044,0 6.559278316980768,-25.361897956588066,0.5
1206 9 13 1 1 1 1 -7.579047175616426,-5.7278306460457316,0 17.95037488961785,13.565914688003048,0 14.387802183904856,3.352782175570402,0.5 -11.141619881329422,-15.940963158478377,0.5
490 12 31 1 1 1 0 0.3926344884766049,12.493832004571646,0 -0.6125098020235037,-19.490377927131767,0 -6.986478273155433,-31.295992097051776,0.5
92 9 26 1 1 1 1 9.105956995665071,2.707682993464773,0 -21.566740252890956,-6.412933405574463,0 -27.110942983780316,-1.8018797213501125,0.5 3.5617542647757103,7.318736677689123,0.5
62 31 13 1 0 1 1 30.904351299465024,6.096808243602098,0 -14.406018793790171,3.2736252859733916,0.5 16.98887776439652,9.46720826360092,0.5
1828 29 21 1 0 1 1 25.297036357712738,-15.175966246554449,0 -15.35018590547448,16.205609913464308,0.5 12.090667092722388,-0.2564551675439084,0.5
1957 27 12 1 0 1 1 27.249459001114314,-3.703644711171692,0 -11.57804979079632,7.628811378048438,0.5 20.13041159231852,3.3191157141395595,0.5
1505 19 9 1 1 1 1 0.3062926875804978,-19.49759433339238,0 -0.19634146639775502,12.498457906020757,0 5.85004028042767,9.593071912446698,0.5 6.352674434405923,-22.402980326966443,0.5
1851 29 4 1 0 0 1 26.32663715464967,-13.31007799103444,0 27.248914905053308,-7.053129553408443,0.5
1506 23 14 1 1 1 1 0.4429383333120811,-23.49582528094901,0 -0.16021173758096552,8.498489995236877,0 5.725631738411442,14.610514747814177,0.5 6.3287818093044885,-17.383800528371708,0.5
1848 28 13 1 0 1 1 25.31188879118602,-13.0980260277124,0 -9.232362895253925,11.53314681127135,0.5 19.188003466779502,-3.1734087286162556,0.5
506 18 28 1 1 1 0 -0.348696134735049,18.496713519044967,0 0.2544539361580087,-13.49760175714092,0 -5.461753582395724,-28.608027681145504,0.5
662 0 31 0 1 1 0 15.348378960347976,-27.507767326512482,0 10.108804231488456,-30.431268080864477,0.5
906 10 26 1 1 1 0 -10.045476541367721,3.0558797516968537,0 20.569309108514858,-6.257277586807843,0 23.60665236533938,-13.452730730302186,0.5
1748 27 21 1 0 1 1 19.322874169468356,-19.567231123255343,0 -10.837760287419549,19.513916878792728,0.5 11.647038746143629,-3.255224791904399,0.5
1635 8 1 1 1 0 1 3.497872048143425,-7.746927851401284,0 -9.670587427220058,21.41797700093296,0 18.01960759726849,-25.328713785750427,0.5
772 18 10 1 1 1 1 -13.953650543617922,12.146836481429693,0 10.182393639937402,-8.863907702664912,0 3.9801249632113525,-11.419658719822666,0.5 -20.15591922034397,9.591085464271941,0.5
1511 29 30 1 0 1 0 1.0192439205469155,-29.4823869764717,0 4.942623128208449,30.689093773073505,0.5
51 1 29 0 1 1 0 -30.109356426841984,-4.865866373153832,0 -30.079384027238085,1.2168223132135694,0.5
759 8 2 1 1 0 1 -6.177922956638674,5.83808769562747,0 17.080139938942214,-16.140595393793593,0 -25.56202981113008,15.900711680138627,0.5
778 29 27 1 0 1 1 -22.611543700875817,18.946453268709245,0 17.22504176819761,-22.26090600321217,0.5 -7.302734449701582,-1.708821101561468,0.5
930 25 14 1 0 1 1 -24.88587742943806,5.562652655611829,0 12.841933599732585,-9.018577571882348,0.5 -18.387402782307337,-2.037993847192994,0.5
191 11 6 1 1 0 1 9.491072574969495,6.493807925759886,0 -16.91886850320649,-11.575918476354579,0 17.65734809627503,19.351177178842963,0.5
1902 5 15 0 1 1 1 -25.253952550206293,8.030434645268526,0 -12.952968175720242,10.414922728411318,0.5 17.542370752830756,0.7177941001625321,0.5
920 8 12 0 1 1 1 22.76170428652283,-5.844212348374088,0 10.61515019111876,-8.920122556332473,0.5 -20.379510964997433,-0.9620461670571174,0.5
682 26 4 1 0 0 1 -14.339713181362209,22.285031430901483,0 -19.9265019272781,19.879248500438397,0.5
1679 25 0 1 0 0 1 13.595876328798317,-21.57318119452997,0 21.870948687228505,-23.450194104113887,0.5
56 5 1 0 1 0 1 -26.090954865023942,-4.638111062844815,0 28.979073849289104,11.24558930592115,0.5
295 1 1 0 1 0 1 -18.312816872439466,-24.39038208385626,0 13.514708921516924,27.992903435811563,0.5
1019 18 10 1 1 1 1 -18.467052707646918,-1.1036141957181527,0 13.47595738125586,0.8053400887673006,0 10.839229113762247,-5.362938767072482,0.5 -21.103780975140534,-7.271893051557934,0.5
194 29 3 1 0 0 1 24.188587225100846,16.88674770504043,0 19.934042362207848,21.234028235398554,0.5
588 3 18 0 1 1 1 7.779130162243764,-27.417788640203447,0 -0.7225552224460028,-19.43522353744654,0.5 -9.457017159000404,11.34966195330821,0.5
213 30 25 1 0 1 1 23.922476503969005,18.919966118284957,0 -23.72271959216129,-11.112271376801719,0.5 1.3762721497078294,8.738184878448074,0.5
1234 26 3 1 1 0 1 -19.656156977576593,-17.773167778223076,0 4.079579750063067,3.6887706709519597,0 -17.11552706383375,-23.564989567728954,0.5
70 22 24 1 1 1 1 21.958127143621816,4.908222931422208,0 -9.2712092384181,-2.0723607932671544,0 -25.218820115878568,0.5109911574171919,0.5 6.01051626616135,7.491574882106554,0.5
208 10 29 1 1 1 0 8.336899185802272,6.383268125793356,0 -17.070793570928462,-13.070501400434015,0 -27.070298546278774,-13.170001390103847,0.5
481 0 15 0 1 1 1 -1.879126873790381,-31.44390055626367,0 -6.9139641232169184,-15.114466583471259,0.5 -5.005009838731452,16.82854350543152,0.5
801 26 8 1 1 0 1 -21.4877788920579,15.508879981676015,0 4.459727694578055,-3.218824147140305,0 -22.56664467371384,8.888000234605244,0.5
1650 16 31 1 1 1 0 7.49084324570252,-14.701607649108071,0 -7.036852745962973,13.810601124919705,0 -8.954661596665511,30.790648510370872,0.5
207 19 7 1 1 1 1 15.51997876027981,11.805941693929526,0 -9.9487043335127,-7.567911342262517,0 -9.601820044393627,0.23463127472858591,0.5 15.866863049398882,19.60848431092063,0.5
1286 4 2 0 1 0 1 17.126663963423095,21.515747290856172,0 -13.67789466093979,-26.817255594938025,0.5
1520 18 25 1 1 1 1 1.1616246112922874,-18.463494475923024,0 -0.8476720136457232,13.473360833781665,0 4.387002122572151,25.8264246920968,0.5 6.396298747510162,-6.1104306176078875,0.5
1422 26 31 1 0 1 0 -6.428879616078298,-25.708354806987803,0 13.46263534899597,29.10339240466589,0.5
1777 27 10 1 1 1 1 21.022967114135014,-17.728080937258763,0 -3.4401218914039116,2.9009586988241614,0 -4.159006148176911,11.355732819128258,0.5 20.304082857362015,-9.273306816954667,0.5
1354 28 15 1 0 1 1 -12.618609584608695,-25.55426954837922,0 12.24259880181439,11.241386683937746,0.5 -1.9256645914304613,-17.451126493189804,0.5
1596 28 0 1 0 0 1 8.465685074945487,-27.213639525279326,0 15.08599708815645,-28.295983670057048,0.5
1607 19 1 1 1 0 1 6.4321805897476185,-18.408613550750474,0 -4.123192685735653,11.800393301763124,0 15.724778938041293,-26.81382716714891,0.5
979 13 30 1 1 1 0 -13.47063130967546,0.8899955723436013,0 18.459754016962666,-1.2196235621004905,0 30.038094926743696,-7.997677986261674,0.5
1235 3 26 1 1 1 0 -2.5887088324251337,-2.355543797284207,0 21.079486206890373,19.180856635028544,0 23.638299097991794,13.397045038137339,0.5
1340 25 2 1 0 0 1 -12.28471868959374,-22.34582034111852,0 -8.95389330573742,-28.74156910590427,0.5
7 13 13 1 1 1 1 13.496735759899284,0.2968565772488189,0 -18.495526782084205,-0.40680345771134446,0 -13.628672016454315,5.7016926493730855,0.5 18.363590525529176,6.4053526843332484,0.5
345 24 25 1 1 1 0 11.46428044938405,21.652257937172987,0 -3.5094736069543013,-6.6282422256652005,0 -17.234804044176784,-19.72844468169824,0.5
1122 20 15 1 1 1 1 -19.012625643360558,-7.666163717624909,0 10.665619263348605,4.3005308659847055,0 16.61915511111405,0.23169676892793856,0.5 -13.05908979559511,-11.734997814681677,0.5
1039 23 17 1 0 1 1 -23.323833442550356,-2.872071298587397,0 18.10210693770875,-3.8162448055328806,0.5 -13.658006686189609,-7.727150403609336,0.5
13 23 26 1 0 1 0 23.48040415704969,0.9594897714949849,0 -26.722878671948372,4.913018978624725,0.5
238 23 16 1 1 1 1 17.231500636230162,15.97890439997685,0 -6.23267044289176,-5.779603719140563,0 -16.178433485006757,-6.819698671584556,0.5 7.285737594115166,14.938809447532856,0.5
776 1 20 0 1 1 1 23.254496585849164,-19.735206827868048,0 11.74773570631802,-17.839302278242293,0.5 -12.650424646048316,2.8664884919799203,0.5
1139 9 31 1 1 1 0 -8.608521997102255,-4.017878672310379,0 20.388604729979022,9.516028434419319,0 31.08165420448245,7.885478546859308,0.5
1978 4 30 0 1 1 0 -27.434343924933692,1.89915070714617,0 -30.01282128973093,8.092005822456741,0.5
1661 11 31 1 1 1 0 5.57179934471058,-10.060072169834704,0 -9.932337962310164,17.93317212883578,0 -10.013151855597828,30.462875601570143,0.5
660 2 30 0 1 1 0 14.211733386000605,-25.851047061293972,0 9.43564697983914,-29.61787578594813,0.5
1030 7 20 1 1 1 1 -7.4667147345231,-0.7058123498888558,0 24.39126813277546,2.3056536763035957,0 20.973670154274224,-4.044151364588941,0.5 -10.884312713024336,-7.055617390781392,0.5
279 0 5 0 1 1 1 -20.15500658696212,-24.207967892400916,0 -8.130169637545942,-0.38773917099785127,0.5 12.344757688891768,24.204482180012604,0.5
1870 2 3 0 1 0 1 -27.073761457677445,11.71586277372602,0 28.53889417580215,-5.812187128987352,0.5
1808 11 27 1 1 1 1 9.470624872726916,-6.5235929149577,0 -16.882418251382763,11.629013457098509,0 -19.243532740021216,20.541091686756367,0.5 7.109510384088463,2.388485314700161,0.5
1247 20 26 1 1 1 0 -14.631661846666637,-14.35842859106803,0 8.208005426178845,8.054728234013773,0 23.116566365028003,14.27845788211234,0.5
1425 30 12 1 0 1 1 -7.120083597605107,-29.657282572129137,0 8.752286570584875,10.753951821835528,0.5 1.2820349271959097,-20.361885630890125,0.5
1509 24 22 1 0 1 1 0.6926288858716906,-24.490207537431285,0 5.361514093570395,22.66063032275241,0.5 6.266172230219134,-9.326579522055798,0.5
1747 23 12 1 1 1 1 16.459662043419453,-16.772880653495896,0 -5.953494781662355,6.066786619349579,0 -4.4727017711390555,13.1242119331581,0.5 17.940455053942756,-9.715455339687374,0.5
131 28 8 1 0 1 1 26.120319024346593,11.400830411262046,0 -10.190445409632222,2.098766864924637,0.5 19.137632091388518,14.89969925651711,0.5
1586 10 21 1 1 1 1 2.8024708878639424,-10.119098622045103,0 -5.738392770388073,20.72005908323521,0 0.04394929935198544,22.321471019157464,0.5 8.584812957604,-8.51768668612285,0.5
1080 30 25 1 0 1 0 -29.54178641442325,-7.585041558528078,0 26.19100993176922,0.5300931559320166,0.5
622 30 11 1 0 1 1 -11.405755775002909,28.28707717670717,0 -1.2641400540232652,-12.909374497775408,0.5 -13.230834637632874,16.768870408933758,0.5
493 27 21 1 0 1 1 0.6047078425438912,27.49335062201706,0 -6.471320812610765,-21.362865138840128,0.5 -5.7676607776506,10.629397403143363,0.5
1655 8 23 0 1 1 0 -10.996350635123468,20.768492307084298,0 -5.693756854591307,23.57607119264774,0.5
81 6 25 0 1 1 0 -24.67882605838607,-6.419154491046675,0 -26.18921535039705,-0.612371889073482,0.5
1142 2 8 0 1 1 1 26.612951801361987,12.72795334758828,0 10.256874928715478,-1.74542736792107,0.5 -18.61141177106702,-15.552020829711745,0.5
393 11 7 1 1 1 1 3.7933372708768083,10.856361837622073,0 -6.762036004606484,-19.35264501489152,0 -8.138104396287694,-5.101103491904755,0.5 2.417268879195597,25.107903360608834,0.5
1943 30 26 1 0 1 0 30.012293582359764,-5.432516353058402,0 -25.00756333816995,10.6241129459084,0.5
1692 8 24 1 1 1 0 4.821786067577428,-7.000027079841635,0 -13.33082030447877,19.35301604426805,0 -8.956893667834962,23.580162336657015,0.5
1901 2 4 0 1 0 1 -28.084667494897456,9.027815444560783,0 28.016788094137112,-2.7036243985097226,0.5
1055 28 3 1 0 0 1 -28.075615795411057,-4.899979357963166,0 -27.0440411937346,-10.81063531489181,0.5
1309 31 9 1 0 1 1 -17.78738692708143,-25.997285748829484,0 10.316313977785729,4.452377557187032,0.5 -7.75341242432874,-21.95756352098895,0.5
1954 24 25 1 0 1 1 24.244614905764948,-3.5282641725301813,0 -24.370126329054088,9.60973166669834,0.5 7.2963094662307455,5.0013866250262655,0.5
985 4 18 0 1 1 1 27.46947156145417,-1.2954273945151813,0 18.196823982538582,-6.864808587900215,0.5 -13.767652016244451,-5.35740216519164,0.5
1892 29 5 1 0 0 1 27.8182208088395,-9.818176563428118,0 26.986166468298826,-3.1617747145019717,0.5
1313 7 27 0 1 1 0 13.579455229049007,20.39236120909625,0 20.23629330830307,19.563804158198078,0.5
1927 2 20 0 1 1 1 -28.727616175575303,6.706270861576075,0 -18.59927140440126,10.50319490561903,0.5 12.562888514866863,3.228596004926337,0.5
535 19 28 1 1 1 0 -2.139819066275382,19.382238631376005,0 1.3716788886380655,-12.424511943189746,0 -2.836337866636289,-28.986293097018894,0.5
152 17 13 1 1 1 1 15.542387854237031,8.042647560876036,0 -12.877978507796396,-6.663907979011573,0 -14.74732122271178,-0.8755094255088185,0.5 13.673045139321648,13.831046114378792,0.5
691 18 9 1 1 1 1 -10.446560576222423,15.268247185820494,0 7.6231658258920385,-11.141693892355496,0 0.41258607346973264,-11.228524957979959,0.5 -17.65714032864473,15.181416120196033,0.5
1325 27 31 1 1 1 0 -14.368710529688608,-23.447604519737524,0 2.351243541221772,3.8368807395934135,0 21.574545774676956,23.723173788858197,0.5
1012 22 31 1 1 1 0 -22.484013134413257,-0.8480291100735216,0 9.493249990085598,0.35805673536437577,0 31.703759484198166,-4.808496081740605,0.5
318 29 28 1 0 1 0 15.963076937742835,24.807865177795986,0 -20.467623179404974,-20.720193082736564,0.5
1632 3 0 0 1 0 1 -11.48283341783938,26.084373419696153,0 18.182999760705872,-26.412658323276933,0.5
523 31 4 1 0 0 1 -2.274103814310112,31.417804694818198,0 -7.969672478172611,26.995079562591737,0.5
1457 12 4 1 1 0 1 -1.6834748687144048,-12.386117727779235,0 2.626220795194471,19.322343655335604,0 2.2416917981623428,-28.057526938097233,0.5
6 21 27 1 1 1 1 21.496180576187392,0.40524145388127575,0 -10.498134699998495,-0.19790861701178583,0 -27.608205328764694,5.480602022111129,0.5 4.3861099474211915,6.083752093004191,0.5
354 11 28 1 1 1 0 5.091719656947369,10.311371923030212,0 -9.076543736297484,-18.381141254097333,0 -17.998455805320113,-22.89772016214581,0.5
1644 2 27 0 1 1 0 -12.8949151162025,26.532454921207957,0 -6.624252073502406,27.356339017980808,0.5
1796 13 30 1 1 1 0 10.821154295756832,-8.071717271276508,0 -14.828989220111213,11.061242186564105,0 -20.860363140216617,23.04550389247959,0.5
1171 24 23 1 0 1 0 -21.04889524121967,-12.537703502801456,0 23.26021466063147,6.871129015041477,0.5
374 1 0 0 1 0 1 -11.760311764460596,-28.1415185660385,0 6.609859317517304,31.377695259572995,0.5
1223 15 31 1 1 1 0 -11.849308737057918,-9.99219107372767,0 12.613780268481008,10.63684856235526,0 27.94879817159293,15.719881703230584,0.5
912 0 16 0 1 1 1 30.303871654961707,-8.597985968795738,0 14.235744968066466,-10.275872965552379,0.5 -16.549140522688283,-1.5414110289979774,0.5
1421 8 26 1 1 1 0 -2.0879890551356226,-8.23955713043085,0 5.772675623022015,22.77995206648529,0 12.32577091102107,24.21415642654162,0.5
939 31 23 1 0 1 1 -30.923352449211563,5.999689433782487,0 21.92700463345323,-10.36612115521136,0.5 -9.48719468003153,-4.271198555813277,0.5
1838 20 6 1 1 1 1 17.90188032360337,-9.988627577369305,0 -10.042518230314084,5.6033764458413176,0 -2.75270520191249,8.40670054607418,0.5 25.19169335200496,-7.185303477136444,0.5
1854 7 30 1 1 1 0 6.724807775889269,-3.3206867327917626,0 -21.967705401238277,10.847576660453091,0 -24.691002235716283,18.883972267397915,0.5
120 25 3 1 1 0 1 23.70930039015041,9.387176093459287,0 -6.043547158273634,-2.3928095924504067,0 24.2898825317071,16.07020866684283,0.5
552 30 21 1 0 1 1 -4.960433538443949,30.093921298339975,0 -2.4234166135572113,-22.189570791638467,0.5 -7.627805899793486,9.384379423013312,0.5
873 29 31 1 0 1 0 -27.1829768042342,11.460182025625304,0 26.695006006089002,-17.765884563817025,0.5
1406 5 4 1 1 0 1 -1.6006989175554975,-5.261916283573567,0 7.712458420949215,25.352869366309005,0 -2.2632222784245055,-28.055798418837465,0.5
614 19 13 1 1 1 1 -6.835419243729548,18.262722791589752,0 4.381679002390736,-11.706873584352405,0 -0.8870859979071595,-14.746629392248149,0.5 -12.104184244027444,15.222966983694008,0.5
1356 29 0 1 0 0 1 -12.894915116202508,-26.53245492120795,0 -8.372715140106145,-30.95396002424629,0.5
1998 18 12 1 1 1 1 18.499634825838537,-0.1162381633628379,0 -13.49973352155785,0.08482244353504387,0 -12.462054396908362,6.078420864706308,0.5 19.537313950488027,5.8773602578084265,0.5
1312 1 14 0 1 1 1 16.98470630288973,25.333174925472285,0 13.058271834253599,8.702386839410156,0.5 -4.761747893368412,-17.87668193485585,0.5
1336 29 22 1 0 1 1 -14.535456575674603,-25.670420762751004,0 16.307467712853715,16.622770430774576,0.5 0.5401927833083837,-11.223109718650242,0.5
611 3 4 0 1 0 1 9.738225074907273,-26.78464060596011,0 -15.035404673533709,23.79467600752489,0.5
919 11 31 1 1 1 0 -11.129666653781953,2.8949128096877144,0 19.83984055674174,-5.160496747704187,0 28.97521936834828,-13.736326385030846,0.5
1298 24 1 1 0 0 1 -14.524992093945945,-19.73004319992249,0 -13.25028570064557,-28.119031435155577,0.5
1871 12 16 1 1 1 1 11.487472144917767,-4.928284054286887,0 -17.920456546071716,7.688123124687542,0 -12.797886885233746,12.019321581219218,0.5 16.610041805755735,-0.5970855977552105,0.5
1165 31 13 1 0 1 1 -27.361892704803022,-15.606948055620837,0 14.699277455510025,1.4769029372083553,0.5 -13.096931006512094,-14.377774452628685,0.5
1619 20 26 1 1 1 0 7.486636118777543,-19.084032058897186,0 -4.199820261753256,10.705676520844763,0 -4.092276331425454,26.860812988948325,0.5
472 21 27 1 1 1 1 1.8888007258409814,21.41687259657821,0 -0.9224375637828048,-10.459402896003311,0 -8.392709560004477,-26.866567072132785,0.5 -5.58147127038069,5.009708420448736,0.5
94 14 19 1 1 1 1 13.872324747603042,4.220024419009942,0 -16.742460902279532,-5.0931329194947565,0 -20.402102006366825,0.06506705620168152,0.5 10.21268364351575,9.37822439470638,0.5
1479 3 21 0 1 1 1 1.8788795416142585,28.437999431537083,0 7.4043476046992645,21.057674053626727,0.5 5.294728470255185,-10.8727112730114,0.5
1681 14 28 1 1 1 0 7.807911871986572,-12.218285976326268,0 -9.423341914466551,14.746207212807565,0 -10.29074293059722,27.246111831532282,0.5
629 28 0 1 0 0 1 -11.236487643774105,26.191436490412507,0 -17.933262446363486,26.582853459135066,0.5
1729 12 26 1 1 1 0 8.236900779171465,-9.402311713301389,0 -12.849565215507484,14.667606272750168,0 -12.949120029458838,23.88661320620125,0.5
1706 29 31 1 0 1 0 17.786421479826217,-23.534935966387852,0 -14.205513925972841,28.748102095599144,0.5
453 17 5 1 1 0 1 2.5745809571761535,17.30957922350933,0 -2.1332242216602415,-14.342222785193446,0 -2.0360617129078813,27.094362009488812,0.5
1951 6 30 1 1 1 0 6.423136974216823,-0.996650094290247,0 -25.19846043731215,3.9099349852925074,0 -29.219350330441785,10.605638418638996,0.5
1500 17 5 1 1 0 1 -0.000000000000003214697847761802,-17.5,0 0.000000000000002663606788145493,14.5,0 5.999999999999996,-26.5,0.5
1316 28 13 1 0 1 1 -15.572238881926664,-23.869549141201045,0 12.401491921165482,8.028262460163303,0.5 -5.083127174331123,-18.77263482118524,0.5
144 0 27 0 1 1 0 -28.33126542434069,-13.769146649504384,0 -27.3563390179808,-6.624252073502426,0.5
1196 25 16 1 0 1 1 -20.816650893288195,-14.72810393726782,0 16.93503385736714,4.631914102164307,0.5 -9.187822165582748,-13.85041240734825,0.5
1462 17 19 1 1 1 1 -2.0842003016602177,-17.37544557997174,0 1.7269088213756092,14.3967977662623,0 8.279690249268839,18.64662782854215,0.5 4.468581126233012,-13.12561551769189,0.5
829 20 29 1 1 1 0 -17.61234091612258,10.490731502344078,0 9.880093684654131,-5.885044501314971,0 22.27413014690496,-20.251249991018817,0.5
163 2 26 0 1 1 0 -25.715958492886013,-14.454738973504979,0 -26.040723183135906,-7.754401079341216,0.5
941 10 7 1 1 0 1 -10.32014632038998,1.935091709904501,0 21.131728179846153,-3.962330644090169,0 -25.18610810561729,-1.3820124790171064,0.5
1645 27 5 1 1 0 1 12.098327171037663,-24.69575833341693,0 -1.9797262643516176,4.041124090922771,0 17.046553455745443,-21.158095738520824,0.5
999 18 30 1 1 1 0 -18.499908706234375,0.05811936848877057,0 13.499933380225086,-0.04241143105937312,0 30.480999963741397,-6.0957888095304735,0.5
1573 4 10 0 1 1 1 -6.251608430282771,26.779981180621046,0 3.4559272205729883,11.589071017389731,0.5 10.730526121265667,-19.573088901878396,0.5
1709 16 27 1 1 1 0 10.071957851696439,-13.069264135124458,0 -9.461536163714836,12.27718752087449,0 -12.034136733994261,25.44463701976371,0.5
1106 19 10 1 1 1 1 -18.428729966006195,-6.374316578271379,0 11.81328843974756,4.086100370686782,0 11.884490467317605,-2.2380541397019327,0.5 -18.35752793843615,-12.698471088660092,0.5
543 2 4 0 1 0 1 3.9730006901660007,-29.23123783755899,0 -9.648981220505728,26.4413910641314,0.5
606 27 15 1 0 1 1 -8.989420815510915,25.989234567444637,0 -0.6036139914272232,-16.60980584321663,0.5 -11.06403094038538,13.632212562537127,0.5
706 16 17 1 1 1 1 -9.948337437868904,13.163608252386425,0 9.345407896179879,-12.365813812847854,0 5.764500342326501,-17.578979942059142,0.5 -13.529244991722281,7.950442123175135,0.5
734 20 0 1 1 0 1 -13.74905431900276,15.205706341144156,0 7.71288413017228,-8.530030386495502,0 -25.577046297339116,19.340752382049967,0.5
690 28 27 1 0 1 0 -16.019376268785717,23.57179636682502,0 10.494809445286213,-26.117216059663235,0.5
95 2 3 0 1 0 1 -28.19589393655074,-8.674189594352967,0 25.475858970358583,14.114907357910644,0.5
642 25 1 1 0 0 1 -11.002129164864458,23.00441596388917,0 -18.572213149478472,24.92634948664443,0.5
968 27 18 1 1 1 1 -27.361152966985756,2.759947158408412,0 4.47727957641585,-0.45162771683046743,0 17.804423525046765,-7.826397826635278,0.5 -14.034009018354842,-4.614822951396398,0.5
511 26 13 1 1 1 1 -0.9155919964235154,26.484178131406782,0 0.19002852755959754,-5.496716215952351,0 -5.529984031574461,-13.699243651038968,0.5 -6.635604555557574,18.281650696320163,0.5
255 6 20 0 1 1 1 -17.745776313104013,-18.312220592961314,0 -18.574970116721573,-10.546112324591485,0.5 3.694239374232483,12.433929203830557,0.5
287 29 4 1 0 0 1 18.299639360308404,23.138133012035595,0 12.352924892754835,25.291406576028113,0.5
456 28 26 1 0 1 0 3.927023284512182,28.22815063235456,0 -9.594211257322813,-25.42048603685343,0.5
313 8 10 1 1 1 1 4.7112395692619,7.074900827645639,0 -13.025191750312311,-19.56001993525559,0 -10.813814169779269,-5.414002502906801,0.5 6.922617149794944,21.220918259994427,0.5
938 13 4 1 1 1 1 -13.24472198548501,2.6129178186866193,0 18.15017457270168,-3.5806651589409224,0 3.253610520189839,-6.757515710888877,0.5 -28.14128603799685,-0.5639327332613355,0.5
738 12 31 1 1 1 0 -8.49941723403024,9.165691827782,0 13.259090885087176,-14.298479251339918,0 17.01899935242085,-27.177263678345152,0.5
729 18 28 1 1 1 0 -12.190613153173764,13.91542133568606,0 8.895852841505178,-10.154496650365504,0 14.267024154126265,-25.390983080329477,0.5
1433 3 10 1 1 1 1 -0.7312756164084423,-3.422752689407526,0 5.954672876468744,27.870986185175568,0 8.061402888209656,9.014642725808105,0.5 1.3754543953324703,-22.27909614877499,0.5
517 0 1 0 1 0 1 1.6815232274009533,-31.45508670526456,0 -7.619586624359252,30.136222385592486,0.5
630 7 19 0 1 1 1 9.73012332055212,-22.48498832925754,0 2.237856113274332,-20.279102544646317,0.5 -10.470876387038643,9.089045477241083,0.5
1269 9 31 1 1 1 0 -6.304818843608357,-7.106283089582131,0 14.93246568223032,16.8306704753261,0 25.39363074854274,19.58094781686179,0.5
1256 14 22 1 1 1 1 -10.057972934285672,-10.44448086087465,0 12.138932851724086,12.605407935538372,0 19.929053530115553,12.045033225101076,0.5 -2.267852255894206,-11.004855571311946,0.5
1215 29 9 1 0 1 1 -23.022697016480727,-18.444658361903304,0 11.165544807728363,1.2572227911592213,0.5 -13.808228227098187,-18.750542211583344,0.5
1518 13 1 1 1 0 1 0.763000215507329,-13.478420926471163,0 -1.045592887917451,18.470428677016038,0 7.714224602355594,-30.112136071431593,0.5
132 20 4 1 1 0 1 18.76244403872881,8.259581932130084,0 -10.525273485140552,-4.63342401070712,0 22.751693632793256,16.571374017851227,0.5
430 31 12 1 0 1 1 6.871512103991095,30.74137800107054,0 -8.582291089089267,-10.890100075855086,0.5 -1.6017073643999007,20.33923630618483,0.5
1820 18 27 1 1 1 0 15.62006662178728,-9.912795707111432,0 -11.398426994277205,7.233661732216451,0 -20.00405718143144,19.80120441493449,0.5
1191 7 30 0 1 1 0 20.220111137978492,13.834634276618885,0 28.560048790532953,12.270844024857348,0.5
1066 12 23 1 1 1 0 -12.232261304068402,-2.573282609623515,0 19.082327634346708,4.014320871012683,0 24.231826904267884,-1.0337141198606252,0.5
1717 5 0 0 1 0 1 -16.698547586412282,20.57689258620758,0 24.5081360184616,-20.67852192253076,0.5
1903 4 11 0 1 1 1 -26.232982890603324,8.251097421635095,0 -9.16991704407737,9.174018825179036,0.5 21.355735774079225,-0.4272581745418007,0.5
1236 24 15 1 1 1 1 -18.06907137527526,-16.5456537989651,0 5.531348380186304,5.064996060907683,0 15.483450167777843,6.042579821726834,0.5 -8.116969587683723,-15.568070038145946,0.5
891 18 30 1 1 1 0 -17.425895563112626,6.211937203762744,0 12.716194059568672,-4.53303525679984,0 26.714496835262626,-15.892943680726457,0.5
1488 9 1 1 1 0 1 -0.35805673536438287,-9.493249990085598,0 0.8480291100735384,22.484013134413257,0 4.846186264410517,-30.704470011557582,0.5
1926 6 9 0 1 1 1 -24.814012030044225,5.8749303802530815,0 -7.862099294270652,8.027290619320377,0.5 23.277053057157392,0.6548289656694521,0.5
1917 26 27 1 0 1 0 25.60420277896544,-6.831895787672586,0 -25.023554780962794,12.886881163576934,0.5
36 2 3 0 1 0 1 -29.31153366034025,-3.329263353767709,0 27.640784040579348,9.178074832014278,0.5
1898 22 27 1 1 1 0 21.354663262281623,-7.087196692244373,0 -9.016413377407797,2.992371936725402,0 -24.210224869301264,14.356706160462668,0.5
304 5 8 1 1 1 1 3.176649868822472,4.489865878944512,0 -15.305676640690093,-21.632990144005376,0 -9.807403483392378,-3.473447410562457,0.5 8.674923026120187,22.649408612387425,0.5
613 5 10 1 1 1 1 -1.9117468533407027,5.157055746134796,0 9.211143929732478,-24.847632231376746,0 -1.9761804575875273,-11.930830264447195,0.5 -13.099071240660706,18.073857713064346,0.5
1178 1 28 0 1 1 0 25.85417705059504,16.18059112135538,0 27.34188828426528,10.033501136231415,0.5
339 4 2 1 1 0 1 2.1802693087997906,3.936549979500538,0 -13.323867998220942,-24.056694319169953,0 9.044143273909022,28.713297832903248,0.5
1631 27 20 1 0 1 1 11.00080127402478,-25.203816602439694,0 -2.7015827819225393,21.188474472514997,0.5 10.099349609669932,-8.13960302850574,0.5
874 3 30 0 1 1 0 26.296173086298275,-10.989143779905799,0 25.828014612374123,-17.296348203681283,0.5
1702 2 28 0 1 1 0 -17.489276194751234,23.75658262847811,0 -12.064572060323439,26.508415663733338,0.5
55 0 20 0 1 1 1 -31.03094377387538,-5.4157666588014,0 -21.22631578784932,2.386109401200748,0.5 10.297182649103442,7.887840610141852,0.5
401 7 16 0 1 1 1 -7.497677233618268,-23.324554360169078,0 -10.761591857784321,-13.87220749147266,0.5 -0.9687073077522976,16.59251657078899,0.5
783 5 7 0 1 1 1 20.576892586207585,-16.69854758641228,0 2.042845618040876,-9.384923110012739,0.5 -22.804722787945643,10.77936076791907,0.5
1798 6 14 0 1 1 1 -20.53535108563361,15.117848914107007,0 -8.119823421844915,13.428271206602089,0.5 17.65002892091099,-5.543147038551803,0.5
1296 14 11 1 1 1 1 -8.669622254334026,-11.622721280627708,0 10.463337203506583,14.027422235240337,0 11.685309214386727,5.630590427669965,0.5 -7.447650243453882,-20.01955308819808,0.5
412 23 22 1 1 1 1 6.414370484657146,22.607650282273017,0 -2.320091451897266,-8.17723520848173,0 -11.913584578656337,-20.00791099758298,0.5 -3.1791226421019236,10.776974493171767,0.5
1804 30 9 1 0 1 1 24.898347146874105,-17.615967454379167,0 -4.28978666127964,10.384976186814647,0.5 21.833069361670244,-8.097350322697922,0.5
1487 6 8 1 1 0 1 -0.26539078786031695,-6.4945798732265105,0 1.0411484754520126,25.478736425734773,0 5.035507034560249,-23.725380268920752,0.5
681 11 22 1 1 1 1 -6.192481829506592,9.69036473984497,0 11.038771956946535,-17.27412844928886,0 7.059882845637262,-22.190269358569683,0.5 -10.171370940815866,4.774223830564144,0.5
30 30 30 1 0 1 0 30.36463992039394,2.8703035562146866,0 -30.92928980030503,3.1030682314037934,0.5
1493 27 28 1 0 1 0 -0.6047078425438823,-27.49335062201706,0 6.625246445258291,28.361172569899015,0.5
725 4 9 0 1 1 1 17.85982132908005,-20.91116405400085,0 1.607320665536558,-11.120544963181395,0.5 -19.175016881029315,13.212445936019593,0.5
312 27 13 1 0 1 1 15.314079453425173,22.841387227884844,0 -12.501396217765414,-7.871790940214341,0.5 5.318623509856605,18.707277834051663,0.5
1622 9 0 1 1 0 1 3.5526124545091036,-8.810728956679283,0 -8.414082129100509,20.86751595002988,0 17.34438590074868,-26.97076709561503,0.5
1474 21 27 1 1 1 0 -1.7541981487153968,-21.42831745273164,0 0.8567014214656589,10.464992244357314,0 8.223737386328525,26.918769351526873,0.5
1807 2 6 0 1 1 1 -24.241519054572898,16.81067380942177,0 -1.922231559260788,8.634525223345047,0.5 24.373653516886083,-9.600781959756532,0.5
895 27 0 1 0 0 1 -26.017347367757495,8.90772900044911,0 -31.745193312256575,4.526886520276436,0.5
1772 22 1 1 1 0 1 16.970656066562334,-14.773179504441522,0 -7.165388116992986,6.237564679653087,0 26.944181646968907,-15.500357266048551,0.5
748 4 11 0 1 1 1 19.32287416946835,-19.56723112325535,0 3.8112605894310514,-12.398560106699877,0.5 -18.67353844413212,10.370581563997257,0.5
966 12 7 1 1 0 1 -12.428759879962486,1.3326394284407506,0 19.388865412741477,-2.078917508367571,0 -25.000036290378034,-3.3538314626381225,0.5
1383 19 10 1 1 1 1 -7.0072352221148755,-18.197490336361017,0 4.491817450073638,11.66505790792373,0 9.372354453865245,7.642576266620587,0.5 -2.126698218323267,-22.219971977664162,0.5
1841 31 2 1 0 0 1 27.651198549275332,-15.088446533309979,0 28.769556711221654,-8.863554966253727,0.5
1704 24 4 1 1 0 1 14.648672084909212,-19.638391129336476,0 -4.484287372931391,6.011752386531574,0 21.251788943307027,-18.455662185603995,0.5
505 5 6 1 1 1 1 -0.0863902452150129,5.499321478649133,0 0.41624390876324396,-26.496730760764006,0 -5.89716223236313,-6.593442015001718,0.5 -6.399796386341388,25.402610224411422,0.5
677 13 26 1 1 1 0 -7.125914411258396,11.466095403554775,0 9.765141970983727,-15.712797404871356,0 8.891863664964358,-25.674593678648286,0.5
562 17 11 1 1 1 1 -3.387115690890055,17.169084055258345,0 2.8064672867374743,-14.225812502928344,0 -3.6607242220751113,-12.443837758903504,0.5 -9.85430719970264,18.951058799283185,0.5
799 21 4 1 1 0 1 -17.354078099797608,12.691964911160332,0 8.475247444087204,-6.198401468241093,0 -25.739020335413777,11.390910067819696,0.5
1145 31 26 1 0 1 0 -28.287868636459393,-13.858083850461325,0 26.437365776791804,6.270222546618056,0.5
711 6 5 0 1 1 1 15.692352439568873,-20.09975310575622,0 -1.3447286359571966,-8.02755908702245,0.5 -21.037092481690685,17.195660496671632,0.5
580 18 1 1 1 0 1 -4.60076291254981,17.918788480879677,0 3.3573134767255377,-13.075872675236521,0 -13.396540525299853,28.04964709143412,0.5
839 27 31 1 0 1 0 -24.05669431916995,13.323867998220948,0 24.64882411143737,-20.510618467599258,0.5
476 23 31 1 0 1 0 1.7701799299064196,23.433234156124428,0 -8.355747775693565,-30.95854452504174,0.5
203 22 15 1 1 1 1 18.07743150252287,13.396136393437986,0 -7.6326933010652125,-5.656146477229372,0 -16.02564473998811,-4.407801114806737,0.5 9.684480063599976,14.644481755860621,0.5
781 12 1 1 1 0 1 -9.656399545973306,7.937502617859507,0 15.063983291718356,-12.38250408386083,0 -27.371616148747428,14.732434605510011,0.5
1550 21 25 1 1 1 1 3.3633409983649596,-21.235299322795463,0 -1.642561882922422,10.370727576248946,0 1.9370511850449446,26.124659475417396,0.5 6.942954066332326,-5.481367423627011,0.5
640 8 9 1 1 1 1 -3.619123978303118,7.691029945961166,0 10.005813351779208,-21.263435732951457,0 -1.384059044927926,-11.150532747817621,0.5 -15.008996375010252,17.803932931095,0.5
1349 0 27 0 1 1 0 14.388804181530434,28.021640105917648,0 17.899109702463264,21.7226119943985,0.5
390 18 25 1 1 1 1 6.266651524537893,17.40629422565317,0 -4.572961923311435,-12.701890380882043,0 -14.283101579980286,-21.960032086861,0.5 -3.443488132130958,8.148152519674214,0.5
861 2 30 0 1 1 0 26.731726201528048,-12.476570614016447,0 25.100278829237517,-18.33646647242949,0.5
370 28 25 1 1 1 0 11.318714883091246,26.156006831993462,0 -1.390017617221732,-3.212141189893934,0 -15.633798965290792,-21.019855611132837,0.5
1657 23 27 1 1 1 0 11.12662500368934,-20.698990700690583,0 -4.024523937504655,7.486868976845529,0 -7.735669931800568,27.063063586856472,0.5
554 22 29 1 1 1 0 -3.7987525060365126,22.177003390852455,0 1.603917724770972,-9.363623653915482,0 -0.9332809518683378,-30.08951622517185,0.5
1260 29 2 1 0 0 1 -20.194139624896323,-21.504574508931633,0 -15.820327860367854,-25.611857144503766,0.5
1953 30 0 1 0 0 1 30.168123789544836,-4.487126811078438,0 32.03995607334862,1.3004671537146955,0.5
1203 15 28 1 1 1 0 -12.453341701737976,-9.228449515479504,0 13.256783101850104,9.823833355187858,0 26.470382941445763,12.147791031015354,0.5
1616 6 18 0 1 1 1 -9.088502907187898,23.825388032643605,0 -0.9876461014554714,19.423556707726828,0.5 10.417534017368558,-10.474969450884757,0.5
1932 13 30 1 1 1 0 13.19311966817061,-2.862095983947741,0 -18.079460286011578,3.922131533558016,0 -28.534635109297568,12.329825594031835,0.5
1402 14 18 1 1 1 1 -4.3940114096752305,-13.81820045199967,0 5.303117218573553,16.677138476551328,0 11.32402853730964,15.811906200271897,0.5 1.6268999090608567,-14.683432728279099,0.5
1477 26 24 1 0 1 1 -1.9131349548958094,-26.43085156865658,0 7.753091162524029,24.002907686894766,0.5 5.442890462272486,-7.913592320539592,0.5
742 1 30 0 1 1 0 21.017971155814124,-22.10192047070493,0 16.670052374691842,-26.23660332102902,0.5
533 6 22 1 1 1 1 -0.672665144127746,6.46510027794431,0 2.6389171038857726,-25.363085705781526,0 -3.639328603814089,-23.000114941309764,0.5 -6.950910851827608,8.828071042416072,0.5
1209 1 18 0 1 1 1 24.158336734623997,18.617861483438876,0 18.315947491514006,6.540341542159842,0.5 -7.030504164484941,-12.993152473251437,0.5
0 12 4 1 1 0 1 12.5,0,0 -19.5,-0,0 27.5,6,0.5
1612 23 7 1 1 1 1 8.099108694601153,-22.06024565486604,0 -2.9294648469833957,7.97923779005793,0 3.047581222114365,9.108361471451158,0.5 14.076154763698916,-20.93112197347281,0.5
1143 7 20 1 1 1 1 -6.755805379540487,-3.257160369673534,0 22.068964239832255,10.640057207600211,0 21.07159633314949,3.498260706808604,0.5 -7.7531732862232525,-10.398956870465142,0.5
840 23 7 1 1 0 1 -20.593206981030793,11.321211341390317,0 7.44860678037284,-4.094906229864582,0 -24.360035705684947,6.545124935228852,0.5
1683 28 20 1 0 1 1 15.497173759195574,-23.918352900592883,0 -6.111647181050946,20.46699217604658,0.5 11.2886882678704,-6.3887023088296395,0.5
1108 26 24 1 0 1 0 -24.989249201160906,-8.819717929859149,0 25.100185396513098,2.496135625455989,0.5
496 31 27 1 0 1 0 0.3958302563256124,31.497512892420207,0 -6.345092362015098,-27.422432476304827,0.5
1741 3 28 0 1 1 0 -19.57476462651563,20.714212266376734,0 -15.213877833594212,24.83521534564318,0.5
1075 6 26 0 1 1 1 24.795432970140755,5.952856778325585,0 27.16847507367386,0.3520826197954303,0.5 -3.94736237905179,-7.118169023593539,0.5
1750 28 22 1 0 1 1 20.1525432638166,-20.152543263816607,0 -11.667261889578029,20.152543263816607,0.5 10.960155108391486,-2.4748737341529194,0.5
158 29 28 1 0 1 0 25.93983115062141,14.049027008204202,0 -27.917944062438487,-8.296890943392924,0.5
790 23 11 1 1 1 1 -18.568642790828726,14.403315760844945,0 6.716317605193368,-5.2097099560502995,0 5.409340320402581,-11.789361191263371,0.5 -19.875620075619512,7.823664525631873,0.5
1456 9 24 1 1 1 0 -1.309007761504066,-9.409383544118187,0 3.100281540404367,22.285382078174653,0 9.318630675953552,23.439563185460123,0.5
579 21 20 1 1 1 1 -5.281384080637162,20.84123274167803,0 2.5792805975204747,-10.178276455238109,0 -0.7804196649770399,-21.34574770642896,0.5 -8.641084343134676,9.673761490487182,0.5
1033 31 14 1 0 1 1 -31.33087057773012,-3.2598387753882982,0 15.043068445378303,-4.467224165817473,0.5 -16.785117538347535,-7.778806413830983,0.5
1769 19 23 1 1 1 1 14.586581078615955,-12.941470257932947,0 -9.350372486292278,8.295814267905735,0 -13.59670942563473,20.084309617083075,0.5 10.340244139273501,-1.1529749087556063,0.5
102 18 6 1 1 1 1 17.55827868232045,5.827250613623138,0 -12.812797957368977,-4.2523180153466145,0 -8.059044060368745,3.647164492182287,0.5 22.312032579320682,13.726733121152039,0.5
368 7 11 0 1 1 1 -9.871207674984737,-22.42340872921248,0 -10.124871046432627,-8.107834870858575,0.5 2.7681348964045807,21.179882653010786,0.5
1245 30 5 1 0 1 1 -21.90285208177725,-21.225340296065593,0 8.125171417251424,-0.48123740532140147,0.5 -14.854870111170612,-22.750446896275466,0.5
1082 29 28 1 0 1 0 -28.52654388899183,-7.515736407659782,0 29.08816675532969,1.4589567554017897,0.5
896 3 15 0 1 1 1 26.99230169235021,-9.146892879505476,0 12.754362068575277,-10.657215781980216,0.5 -17.552783691256536,-0.38702026814950585,0.5
1228 17 25 1 1 1 1 -13.19939916288182,-11.490250725676733,0 10.936645020673508,9.520493458417866,0 23.172924743288387,12.217428487283758,0.5 -0.9631194402669387,-8.79331569681084,0.5
1829 22 18 1 1 1 1 19.330618078671122,-11.514217502572771,0 -8.161816522105585,4.861558501086281,0 -12.823605752887962,14.622076989761023,0.5 14.668828847888745,-1.7536990138980295,0.5
1827 26 1 1 0 1 1 22.681516093285023,-13.70397123866117,0 1.8189265393222447,5.911134091234033,0.5 29.207927104798497,-10.637057593187002,0.5
1961 3 1 1 1 0 1 3.473762427613883,-0.4277552997896121,0 -28.286351196284475,3.483150298286841,0 31.00465309741746,2.2274394063143226,0.5
1766 23 5 1 0 1 1 17.430931659360375,-15.761111048612918,0 -0.055466290842747235,8.139221307384396,0.5 23.680270436796913,-13.32271714179064,0.5
641 0 25 0 1 1 1 13.50152318891654,-28.459776379640598,0 5.508894699667563,-25.61058529569316,0.5 -8.206938381136542,3.3009335661639567,0.5
666 12 21 1 1 1 1 -6.227313816743634,10.838383764556127,0 9.71460955412007,-16.907878672707557,0 5.50855555781211,-21.63113070707348,0.5 -10.433367813051593,6.115131730190203,0.5
1154 29 31 1 0 1 0 -26.114323684307436,-13.721956803285009,0 30.675692775437096,9.340871091445191,0.5
355 31 1 1 0 0 1 13.85808385046133,28.28786863645939,0 8.029979226041721,30.029476079834268,0.5
1891 21 30 1 1 1 0 20.251716465238996,-7.219278371940488,0 -9.890373157442301,3.525694088622099,0 -26.714496835262626,15.89294368072646,0.5
1364 0 4 0 1 0 1 13.052830801288458,28.66833807657736,0 -5.934692653205348,-27.514167679797087,0.5
545 12 5 1 1 0 1 -1.7612653992197838,12.375295721456968,0 2.7475740227828624,-19.305461325472873,0 -9.674024592645287,25.390219537863278,0.5
1411 2 1 1 1 0 1 -0.6899322066218636,-2.40291355447213,0 8.14120003813799,28.354379942771136,0 -2.650180390053623,-30.97138266045246,0.5
1267 24 8 1 0 1 1 -16.374624494110936,-18.224205680272107,0 10.144062950268392,2.3125714823529506,0.5 -11.243201695100993,-21.490472671471842,0.5
1468 1 29 0 1 1 0 3.0610323029620585,30.346006017929657,0 8.930376689998644,28.748884711841065,0.5
1606 14 28 1 1 1 0 4.739876429996671,-13.703414590107169,0 -5.7205405189615,16.53860381564658,0 -3.645930394087043,28.89562582055409,0.5
1118 31 21 1 0 1 1 -29.36024004243364,-11.4116740511932,0 22.21318111807881,2.1964937093984744,0.5 -7.613094480583938,-9.396318025146998,0.5
1330 19 10 1 1 1 1 -9.926307607132236,-16.784469526576903,0 6.363017696879639,10.759275337549298,0 10.50938702740256,5.983542789039182,0.5 -5.779938276609316,-21.560202075087016,0.5
15 3 8 0 1 1 1 -28.468361436416146,-1.3425338452248157,0 -8.773202641434601,5.5929344187398575,0.5 23.19127335734844,7.100340841448422,0.5
398 3 20 0 1 1 1 -8.977115810176183,-27.049240132223396,0 -12.151800522875513,-17.566551854369212,0.5 -2.0722318939057645,12.804524785320217,0.5
164 4 0 0 1 0 1 -23.930053253411955,-13.550001892578019,0 24.45442422280031,20.742013786788338,0.5
1452 22 6 1 1 1 1 -3.3800757552170464,-22.244664256603063,0 1.4271430966471974,9.392191575010182,0 6.908376797712409,5.524882806071895,0.5 2.1011579458481644,-26.111973025541353,0.5
1810 6 31 0 1 1 0 -21.090554644001323,14.333126135229339,0 -22.680537822535904,22.66810984798949,0.5
1380 11 19 1 1 1 1 -4.233432355873804,-10.692429587714887,0 7.546553330035911,19.06041796070915,0 12.75708769268074,15.921894158712826,0.5 0.977102006771025,-13.830953389711212,0.5
955 20 30 1 1 1 0 -20.29548498318943,2.888475254720449,0 11.385272063740413,-1.620364167282203,0 29.350314168729508,-10.237629520395622,0.5
348 3 5 0 1 0 1 -13.098026027712406,-25.311888791186018,0 6.850047613588163,26.293095057287857,0.5
1384 15 30 1 1 1 0 -5.5243841200553945,-14.482098608077482,0 5.880795998768646,15.416427550534095,0 16.476535955493834,26.358561472647153,0.5
1210 11 15 1 1 1 1 -9.086782642320442,-7.048431117009227,0 16.198177753701657,12.564594599886014,0 15.92484501374106,4.75912925736699,0.5 -9.360115382281037,-14.85389645952825,0.5
1666 9 3 1 1 0 1 4.732758500725157,-8.237171661062659,0 -11.20916487013853,19.509090776201035,0 19.400699709162414,-21.722404351151035,0.5
1837 28 29 1 0 1 0 24.8442310863475,-13.964747821860751,0 -22.776011583020583,19.68510341273604,0.5
615 8 8 1 1 0 1 -3.004536172123685,7.9512742620538726,0 8.306658828812541,-21.982934724501884,0 -13.919323013791745,19.86208566182634,0.5
375 23 27 1 0 1 1 8.99306066057961,21.711169014015237,0 -16.06707158510769,-23.110586549869847,0.5 -3.821201749424816,6.453558490491329,0.5
1839 8 27 0 1 1 0 -20.55753878183613,11.385850834843367,0 -21.149668574103547,18.572601304221678,0.5
1293 16 23 1 1 1 1 -9.98964297178653,-13.132289720236756,0 9.38421006440553,12.33639337355574,0 19.003051403539637,15.070966702717852,0.5 -0.37080163265242216,-10.397716391074642,0.5
151 6 9 1 1 1 1 5.782243196459197,2.9691183231729465,0 -22.684184847647618,-11.648079575524637,0 -11.191695431600008,0.9979746320941825,0.5 17.27473261250681,15.615172530791765,0.5
1006 17 4 1 1 0 1 -17.496891166664156,-0.3298476950196437,0 14.49742410952173,0.2733023758734191,0 -27.382024052179798,-6.517266206458579,0.5
259 8 13 0 1 1 1 -16.140595393793593,-17.080139938942214,0 -13.633143721270928,-5.690992204806738,0.5 8.345539368150137,17.567070690774152,0.5
1229 2 22 0 1 1 1 22.189455643391288,19.439085838844647,0 20.87787345794481,10.31331178012396,0.5 -3.192044528106758,-10.773154214554978,0.5
1547 14 2 1 1 0 1 2.1332242216602353,-14.342222785193448,0 -2.5745809571761455,17.309579223509335,0 10.27472077587156,-28.296291505741056,0.5
1659 14 18 1 1 1 1 6.945475388349032,-12.728329490936266,0 -8.382470296283314,15.361776971819632,0 -3.5945736371613446,19.11358261464932,0.5 11.733372047471002,-8.976523848106579,0.5
1023 25 5 1 1 0 1 -25.433460943424254,-1.8409411830129296,0 6.483039064010104,0.4692595172385899,0 -25.997688937359417,-7.897478706289731,0.5
699 25 19 1 0 1 1 -14.923639227650499,20.67691931122553,0 6.547037218503199,-19.323206350384346,0.5 -12.180666910313114,6.624300236251611,0.5
990 29 3 1 1 0 1 -29.485443530789084,0.926617392804783,0 2.498766400914329,-0.07852689769532059,0 -28.67440152489212,-5.101832728467734,0.5
9 2 10 0 1 1 1 -29.48820907568257,-0.8339817197230608,0 -10.665426630949334,5.70076089481367,0.5 21.321783213858875,6.605419031462414,0.5
1502 12 1 1 1 0 1 0.0785392995694797,-12.499753260701715,0 -0.12252130732838835,19.499615086694675,0 6.191517456086354,-30.461699092318835,0.5
376 12 19 1 1 1 1 4.7472386940225135,11.563465085430726,0 -7.405692362675122,-18.039005533271933,0 -12.956155603681871,-15.760330960141125,0.5 -0.803224546984235,13.842139658561532,0.5
507 12 22 1 1 1 1 -0.27486720115631263,12.496977555462301,0 0.42879283380384775,-19.495284986521188,0 -5.503788264540542,-22.62649585638717,0.5 -6.207448299500702,9.36576668559632,0.5
637 26 4 1 0 0 1 -11.056666912036775,24.083191582435063,0 -16.92669771983478,22.488594982820512,0.5
303 24 31 1 0 1 0 14.21329413260031,19.95575781322748,0 -23.161359675766313,-22.176596176369948,0.5
792 11 28 1 1 1 0 -9.130889584450108,6.991198423487961,0 16.276803172280626,-12.462571102739409,0 18.981144575295676,-22.08995587618326,0.5
959 0 31 0 1 1 0 31.23905589348273,-4.046157051309542,0 30.46835931228091,-9.996453411972919,0.5
1774 13 19 1 1 1 1 10.23788585639774,-8.799755291561869,0 -14.029695432841349,12.058923918066263,0 -10.877054996324796,17.260929135099474,0.5 13.390526292914293,-3.5977500745286592,0.5
1292 5 26 1 1 1 0 -3.3436166373203315,-4.366947192563093,0 16.110152888907052,21.04074556416763,0 20.874095280794062,17.393163777999995,0.5
478 24 30 1 0 1 0 1.6919706300029471,24.441506405850017,0 -8.092005822456734,-30.012821289730933,0.5
1199 31 12 1 0 1 1 -25.542076796219764,-18.435083751803568,0 13.64718928455773,2.4503519403246363,0.5 -12.30031730207822,-16.27735218849169,0.5
1308 17 5 1 1 0 1 -9.927206609718237,-14.41182045849748,0 8.225399762337968,11.941222665612198,0 -10.09143156608848,-25.227227531913865,0.5
1287 0 0 0 1 0 1 19.54029287626152,24.70681999590241,0 -14.834231924661061,-28.428780543761746,0.5
1716 0 4 0 1 1 1 -19.772277880657047,24.521562499361252,0 1.8461626835939935,7.269228524795807,0.5 21.93228624489639,-17.641565125348958,0.5
1013 6 28 0 1 1 0 25.478736425734773,1.0411484754519935,0 28.72121094063345,-4.831360274667719,0.5
1649 13 0 1 1 0 1 6.091052639964908,-12.047783104670192,0 -8.346998062174134,16.50992499528878,0 19.567026428660427,-25.404359404246044,0.5
1909 27 1 1 0 0 1 26.383842975986177,-7.755180837253564,0 30.954119846949084,-2.844725733829698,0.5
527 27 20 1 0 1 1 -2.3298363589070195,27.40112885522629,0 -4.241641009955049,-20.934623988566585,0.5 -6.952723318501399,10.950325952060373,0.5
1757 29 2 1 0 0 1 21.313296964173805,-20.395915584178603,0 25.461618777905045,-16.061007727058506,0.5
1358 24 23 1 1 1 0 -10.570673119183493,-22.10228200452097,0 3.2359203426071916,6.766004695261521,0 15.55202082971175,18.61141177106701,0.5
1418 15 14 1 1 1 1 -3.948946248092426,-14.988523060317743,0 4.203716973775808,15.955524548080177,0 9.496184448983653,12.492897218455013,0.5 1.3435212271154189,-18.451150389942907,0.5
117 0 30 0 1 1 1 -29.395945927967805,-11.319379974185555,0 -30.61881367136925,-5.360806782376273,0.5 -0.7562654270844964,6.138245889812227,0.5
35 5 2 0 1 0 1 -26.33996531956226,-2.9079592439127,0 28.66344231938153,9.200927909916913,0.5
1937 22 27 1 1 1 0 22.060746525891247,-4.424190628846959,0 -9.31453742204297,1.867991598846494,0 -25.783350475063447,11.290209842161726,0.5
647 27 22 1 0 1 1 -12.25325536536465,24.619255328932322,0 4.653916863531297,-22.81646462156964,0.5 -9.604416652529384,5.831396124824334,0.5
592 1 30 0 1 1 0 8.693087505334269,-29.234914565029968,0 2.9419567712300134,-30.945030139849823,0.5
1684 19 2 1 1 1 1 10.654689761318236,-16.331796780821772,0 -6.829929334178357,10.469100500526777,0 3.6591823734171816,5.372186180510966,0.5 21.143801468913775,-21.42871110083758,0.5
1967 29 7 1 0 0 1 29.341608953747254,-3.052864884887465,0 24.989376565292627,3.432354713313242,0.5
60 19 14 1 1 1 1 19.15460138920943,3.6539356344216296,0 -12.278590634108609,-2.3422664323215576,0 -15.367453023080333,3.1766944428791253,0.5 16.065739000237702,9.172896509622312,0.5
991 23 27 1 0 1 0 -23.490607229781027,0.6643583191014247,0 27.319385059760418,-6.775042432084057,0.5
1404 17 0 1 1 0 1 -5.198227677598112,-16.71012953306625,0 4.307102932867007,13.845535898826324,0 -3.627622551196745,-31.860482648981463,0.5
18 26 28 1 0 1 0 26.45764107788784,1.4977411637736497,0 -28.793555384997937,4.379631067916151,0.5
1280 29 6 1 0 1 1 -18.80400769758634,-22.730140661885788,0 8.766335390021219,1.1837921395504938,0.5 -11.631232281936846,-23.472631629274765,0.5
276 5 30 0 1 1 1 -17.146982981590273,-20.204726541803367,0 -24.309861893936738,-19.372160816432494,0.5 -3.6040711237145207,5.025999535933837,0.5
730 1 14 0 1 1 1 20.170011892371377,-22.87838762372902,0 5.088355629410192,-14.844481701583573,0.5 -16.073624060946663,9.159072526591133,0.5
254 28 11 1 0 1 1 19.897714441313973,20.404189766122187,0 -12.324521216555922,-4.044277040790221,0.5 10.016772191235205,18.865690415908375,0.5
381 27 18 1 1 1 1 10.043048452018668,25.600530810715732,0 -1.6434079285121457,-4.189177769026211,0 -12.34180295369599,-15.030964701313783,0.5 -0.6553465731651764,14.75874387842816,0.5
669 2 9 0 1 1 1 14.936876816917415,-25.438940837940464,0 -0.36384119548906213,-11.230210130913182,0.5 -16.56655503078931,16.364573150920542,0.5
1752 26 3 1 1 0 1 18.85569544604605,-18.620224199669515,0 -3.913446224651067,3.864574833893673,0 24.494666619257718,-15.756310076011506,0.5
469 13 25 1 1 1 1 1.312679167952394,13.436028929785163,0 -1.7988566375643917,-18.412335940816703,0 -8.45107350825904,-24.795752792726464,0.5 -5.339537702742253,7.052612077875401,0.5
754 29 30 1 0 1 0 -21.120126249144022,20.59587986030744,0 17.647070218205016,-25.5896641774319,0.5
1614 27 8 1 0 1 1 9.639693805259615,-25.755121885575292,0 2.6397575988634547,10.063879958507188,0.5 13.856855844983734,-19.90571641743497,0.5
932 12 30 1 1 1 0 -12.215851544602419,2.650088874025685,0 19.056728409579772,-4.134138643480068,0 28.53463510929757,-12.329825594031831,0.5
1473 4 31 0 1 1 0 2.329836358907026,27.40112885522629,0 8.647149761342876,30.87841966495222,0.5
1935 16 13 1 1 1 1 16.157176375259134,-3.3459903733824556,0 -15.177953564637368,3.1432030780259432,0 -12.002784171254763,8.612965351043513,0.5 19.332345768641744,2.123771899635114,0.5
1024 4 0 0 1 0 1 27.421869757166885,2.0714871520181517,0 -30.95854452504174,-8.355747775693567,0.5
582 26 21 1 0 1 1 -6.751424230609624,25.62553942570453,0 -0.32443832438189624,-22.319156340992645,0.5 -8.477101546250122,8.624891267405276,0.5
1290 7 3 0 1 0 1 15.016222814497924,19.358797803204414,0 -12.726920954855688,-26.196860174625037,0.5
1491 23 26 1 0 1 0 -0.6643583191014262,-23.490607229781027,0 6.746771865313786,26.319784752110156,0.5
1157 1 24 0 1 1 0 26.864647505151613,14.440938834575515,0 24.42063924208746,6.315249718563622,0.5
750 3 18 1 1 1 1 -2.474873734152916,2.4748737341529163,0 20.152543263816604,-20.152543263816607,0 8.838834764831843,-17.324116139070416,0.5 -13.788582233137676,5.3033008588991075,0.5
950 31 24 1 0 1 1 -31.112182728746838,4.927685648767276,0 23.259757554339487,-9.758774437056484,0.5 -8.346269344704918,-4.752871555769094,0.5
1514 9 16 1 1 1 1 0.41769712401971415,-9.490812879442185,0 -0.9892826621519545,22.478241030257806,0 5.268723655823981,16.747852132096245,0.5 6.67570344199565,-15.221201777603746,0.5
27 0 6 0 1 1 1 -31.38674759780466,-2.6687216474753135,0 -6.984958389542291,5.427739519944077,0.5 24.899991551084664,8.138821828490428,0.5
858 3 17 0 1 1 1 25.710817841993777,-12.29649730190734,0 13.198608014857792,-12.963284555626004,0.5 -15.669678684924696,0.8433089061646939,0.5
589 6 4 1 1 0 1 -1.7938237372168464,6.247575241627538,0 7.037308507543012,-24.509718255615727,0 -13.356246803573615,24.776211803300956,0.5
1793 23 8 1 1 0 1 18.703564147003863,-14.227673323453544,0 -6.765118946788632,5.146179712738515,0 22.336161591289873,-9.452295243367452,0.5
872 1 25 0 1 1 1 28.06707134465905,-11.936896838534672,0 21.11767010680648,-15.501419588543882,0.5 -8.329749008901372,-2.9774622497534073,0.5
831 16 31 1 1 1 0 -14.228560129695513,8.354524321326693,0 13.366223152138208,-7.848189513973559,0 24.125605948936272,-21.123568296967505,0.5
1525 30 0 1 0 0 1 2.393002419699252,-30.405978678860407,0 8.452965517825865,-30.932141438226466,0.5
285 1 29 0 1 1 0 -19.06990101823901,-23.803127423819056,0 -23.127240805933283,-19.271241078466495,0.5
931 18 28 1 1 1 1 -18.067049348180756,3.9789103848165968,0 13.184063037861632,-2.90352919973103,0 26.54256454671632,-11.989256327370677,0.5 -4.708547839326066,-5.10681674282305,0.5
10 28 6 1 0 0 1 28.48593697042335,0.8952066337266563,0 25.298952734857387,6.7980137186866605,0.5
1008 28 8 1 1 0 1 -28.490999394574047,-0.7162077201351207,0 3.4988946624915496,0.08795533405168149,0 -23.341797875497523,-6.588662378618233,0.5
1662 31 1 1 0 0 1 15.348378960347947,-27.507767326512496,0 20.10070356348214,-23.711004117350583,0.5
1708 25 23 1 1 1 1 15.502222591212437,-20.2467551655198,0 -3.951546935014935,5.16093759121093,0 -9.522419603936214,22.306356154391764,0.5 9.931349922291158,-3.101336602338969,0.5
1977 11 28 1 1 1 0 11.469992190171723,-0.8302283766528991,0 -20.446507817262635,1.4799723235986462,0 -27.99247018782406,8.041866250055474,0.5
1211 6 30 0 1 1 0 20.09975310575622,15.692352439568872,0 27.733199386783447,14.039930618522089,0.5
967 9 31 1 1 1 0 -9.448992713918607,0.9831259798790172,0 22.379193269807228,-2.3284562681345142,0 30.70994890622758,-9.227623647336914,0.5
431 15 14 1 1 1 1 3.333681673765259,15.137257561989282,0 -3.5487579107823723,-16.113854824053107,0 -8.978189009131093,-12.870202877822777,0.5 -2.095749424583461,18.38090950821961,0.5
432 28 6 1 1 1 1 6.04220263277856,27.852141521693515,0 -0.7420248847271915,-3.420438432488677,0 -7.241654955902517,-5.08020014366093,0.5 -0.45742743839676514,26.192379810521263,0.5
269 18 27 1 1 1 0 12.277805116500481,13.838551279712576,0 -8.95947940933819,-10.098402285195665,0 -22.738970182812903,-16.58882862124827,0.5
1578 2 8 0 1 1 1 -7.156677308464509,28.618734596458125,0 3.758666117179675,9.701671454938342,0.5 11.521841502632704,-21.342379632745043,0.5
1396 2 7 0 1 0 1 9.467836489312688,27.939399997344953,0 -2.1805286103081736,-25.12957013121449,0.5
20 28 11 1 0 1 1 28.44376176020574,1.7895298065854313,0 -11.854050494101005,5.266069395982525,0.5 20.082804815603687,7.275366020920553,0.5
346 8 31 1 1 1 0 3.9537841636583972,7.524466146325869,0 -10.931050334820274,-20.802935816312697,0 -19.963646827434673,-25.093879838507586,0.5
1371 20 31 1 1 1 0 -8.082385849030493,-18.83945431766514,0 4.5340213299439345,10.568474373324346,0 17.93326244636348,26.58285345913507,0.5
820 17 21 1 1 1 1 -14.77573869628526,9.376968912132448,0 12.242754919779216,-7.769488527195456,0 14.938089628419338,-16.586243645060524,0.5 -12.080403987645138,0.560213794267379,0.5
1004 10 26 1 1 1 0 -10.499170964140069,-0.13194341877520221,0 21.498302450382045,0.2701698574920807,0 26.57330391070124,-5.666526208314052,0.5
1220 8 5 1 1 1 1 -6.549362563594209,-5.418103912863862,0 18.107061205231048,14.979463759094207,0 8.062366773758978,-1.117247513036943,0.5 -16.59405699506628,-21.514815184995012,0.5
575 2 13 0 1 1 1 6.886638233749201,-28.684912651731462,0 -2.6827071103313407,-14.527666108504066,0.5 -10.152958753720306,16.58817134422159,0.5
1880 4 1 1 1 0 1 4.18399418649713,-1.6565604870810542,0 -25.568853361926905,10.123425198828665,0 30.566930135699728,-5.649139941553193,0.5
248 19 28 1 1 1 0 13.874945705581064,13.70167441107756,0 -8.894195965116067,-8.783124622485614,0 -24.494666619257725,-15.75631007601149,0.5
468 11 30 1 1 1 0 1.1541597207889716,11.441936695284951,0 -2.0574151544499055,-20.396495848116654,0 -9.030738404849856,-29.74383572882237,0.5
581 28 24 1 1 1 0 -7.174349137052163,27.582217359372667,0 0.8810604203397393,-3.387289851151029,0 0.3606403404049825,-25.221418250068183,0.5
965 30 28 1 0 1 0 -30.315809141382978,3.3468964882768923,0 27.669481363926344,-9.091193598825878,0.5
1025 3 6 0 1 1 1 28.41214401139415,2.2360842282435645,0 6.950717243632399,-5.47151988016778,0.5 -24.950637435827698,-7.9822109434588,0.5
571 22 1 1 1 0 1 -4.977182087780556,21.94259917295753,0 2.101476881507346,-9.264652984137623,0 -12.598206609557874,28.417163655489837,0.5
1791 7 25 0 1 1 0 -19.40587704912419,14.955331355549266,0 -16.53542353548454,20.31821272903067,0.5
560 6 0 0 1 0 1 4.778223521935983,-25.048324893581558,0 -11.796234913822463,29.817760510439342,0.5
1767 31 22 1 0 1 1 23.43112158892127,-21.0530886352855,0 -12.726403299651288,19.500991232617505,0.5 11.076640854173494,-1.886273412751894,0.5
707 14 7 1 1 0 1 -8.77877715702452,11.540497026874732,0 10.595075879167522,-13.928186066917778,0 -19.60848431092063,15.866863049398882,0.5
1320 29 1 1 0 0 1 -15.806890451880392,-24.90767380230945,0 -11.276749693847295,-28.966962497685447,0.5
235 17 6 1 1 0 1 12.943544162125672,11.77771898642103,0 -10.724650877189841,-9.758681445891712,0 14.822517840895909,21.599605664370873,0.5
751 16 5 1 1 1 1 -11.703858037942515,11.630550590048966,0 10.994533308370242,-10.925668736106605,0 -0.3280051110066644,-8.13279857411663,0.5 -23.02639645731942,14.423420752038941,0.5
50 11 6 1 1 1 1 11.358415916844084,1.798996347962655,0 -20.247610982200325,-3.206906533324733,0 -7.358581004109781,4.909306020809326,0.5 24.24744589493463,9.915208902096714,0.5
351 6 24 0 1 1 0 -11.50532165326705,-22.756923642154806,0 -16.40870283756751,-19.15736075738002,0.5
551 8 19 1 1 1 1 -1.356061120387135,8.391132118955962,0 3.7491101563644325,-23.19901232887825,0 -2.8121883371984286,-20.207463887289894,0.5 -7.917359613949996,11.38268056054432,0.5
1028 0 30 0 1 1 0 31.378208688009934,2.7673126913484016,0 30.90918225817122,-3.297340160061376,0.5
634 18 6 1 1 1 1 -7.560007882622457,16.884794366964805,0 5.516762508940711,-12.321336429947289,0 -2.8199305386347486,-8.384389766540863,0.5 -15.896700930197916,20.82174103037123,0.5
532 14 24 1 1 1 0 -1.4552448653426175,14.426789746228852,0 1.7563300098962626,-17.411642797172753,0 -3.5108440880330334,-24.978470205149144,0.5
1825 5 3 1 1 0 1 4.689520903947505,-2.873742105937722,0 -22.594964355383436,13.84621196497266,0 27.435236072387312,-9.77536810828001,0.5
1121 8 9 0 1 1 1 21.82246195031391,8.719527190570693,0 11.048108581761971,-2.046777165594122,0.5 -18.667584286750586,-13.920175893179747,0.5
323 23 0 1 1 0 1 12.404369530709062,19.959499406187938,0 -4.486686851533065,-7.21939340223819,0 11.531091224689694,29.921295679964867,0.5
1159 26 14 1 0 1 1 -23.262119414469726,-12.693455020086164,0 15.60231930680483,1.678580426582303,0.5 -12.487787155951064,-13.649365258050047,0.5
1527 1 18 0 1 1 1 -2.584000325333236,30.39034291216007,0 4.4110836542391985,18.941814617277398,0.5 7.1221659627855445,-12.943135323349557,0.5
494 10 23 1 1 1 1 0.19790861701178583,10.498134699998495,0 -0.40524145388127575,-21.496180576187392,0 -6.441872447596946,-23.382734642656562,0.5 -5.838722376703885,8.611580633529327,0.5
1276 11 24 1 1 1 1 -7.4411435580486085,-8.768088876631651,0 13.264647212173607,15.630071475734681,0 20.42752612452007,14.79750575036381,0.5 -0.27826464570214426,-9.600654602002525,0.5
1056 27 29 1 0 1 0 -27.075519199553145,-4.8131341218200925,0 30.094786222463217,-0.744205767404587,0.5
1790 29 27 1 0 1 0 23.309572865082863,-18.080758082762806,0 -18.051820518413624,21.595874049710993,0.5
181 31 17 1 0 1 1 26.543172983053616,16.962015446039793,0 -17.977067297767526,-4.367499441503957,0.5 8.987425891366307,12.863754344949164,0.5
819 22 6 1 1 0 1 -18.959409273609722,12.11572531859986,0 8.005083915524105,-5.115528467853275,0 -24.718190595050977,8.675312888117249,0.5
489 18 0 1 1 0 1 0.6391868654277394,18.488954544566997,0 -0.4664336585553774,-13.491939802792134,0 -4.908072486833957,31.688496721428482,0.5
1941 28 21 1 0 1 1 28.011825726772805,-5.252391784026507,0 -20.025961488472152,9.859557112884447,0.5 11.425913011763981,3.962134758889773,0.5
1086 9 3 1 1 1 1 -9.155374943755092,-2.535568898543567,0 21.68378276152522,6.005294759708449,0 4.974444809937287,-4.848185107118744,0.5 -25.864712895343022,-13.38904876537076,0.5
687 3 8 0 1 0 1 15.796509143995786,-23.7217263044589,0 -18.019239393356294,16.23443906283542,0.5
1460 4 25 0 1 1 1 3.4466639230183764,27.28315428614814,0 9.148685663776634,24.546925482133357,0.5 5.138022189718887,-7.200744959929933,0.5
1647 29 2 1 1 0 1 13.144401210118428,-26.409746625581953,0 -1.1139323059422397,2.2381141208120297,0 18.515875100067298,-23.736309091320578,0.5
384 30 4 1 0 0 1 10.870562300754148,28.497032744926667,0 4.195353009874723,27.832517189836338,0.5
21 25 23 1 0 1 1 25.44452580716476,1.6811027477601352,0 -23.844430311958142,4.437695696887269,0.5 8.085955014679985,6.54731483133136,0.5
1590 30 26 1 0 1 1 8.50922873419649,-29.288957413146765,0 -1.631502195977916,27.121729306674364,0.5 7.296213197277419,-3.607668634987811,0.5
138 24 0 1 1 0 1 22.233368401257362,10.292100346089253,0 -6.8061331840583765,-3.150642963088547,0 26.065245002574343,18.6776069922186,0.5
531 16 2 1 1 0 1 -1.6043856497195905,16.421813136404086,0 1.5071501557971911,-15.42655173419778,0 -8.840015483948633,28.776798401551698,0.5
221 20 10 1 1 1 1 15.754391802991071,13.116750318499157,0 -8.83782954801938,-7.358177007938552,0 -11.908371504507375,-2.107294025672913,0.5 12.683849846503076,18.367633300764794,0.5
1857 26 8 1 1 1 1 23.87051234104304,-11.508633306179838,0 -4.954257278329687,2.388584271093929,0 -5.050851134407049,9.096092722595731,0.5 23.773918484965677,-4.8011248546780365,0.5
978 3 2 0 1 0 1 28.431956431294918,-1.9682107328605727,0 -29.843929091942577,-3.948404279592373,0.5
956 10 2 1 1 0 1 -10.399844969814838,1.4467980521887038,0 21.294920652478,-2.962491249719727,0 -30.045353802159042,-1.8779549789830723,0.5
38 20 4 1 1 0 1 20.354093393681183,2.4414917819448294,0 -11.418149952552858,-1.369617341091002,0 26.58968866510066,9.232467530027801,0.5
1595 29 1 1 0 0 1 8.674189594352963,-28.19589393655074,0 14.702988008375248,-27.387444999955246,0.5
833 13 4 1 1 0 1 -11.684267958415754,6.762239442369587,0 16.01177460968085,-9.266772569173138,0 -26.806726334122278,8.581924215901417,0.5
655 19 5 1 1 1 1 -9.124631378081178,17.233429786729523,0 5.8491226782571655,-11.047070376108667,0 -2.728979802099008,-7.668289851051254,0.5 -17.70273385843735,20.612210311786935,0.5
1545 1 0 0 1 0 1 -4.297487574096268,30.195721560355004,0 10.378530752333194,-30.340337826446067,0.5
186 27 1 1 1 0 1 22.93715692436221,15.17026144228183,0 -3.7533529512592705,-2.482406417827936,0 22.12951700143114,21.82966965584615,0.5
1915 4 8 0 1 1 1 -26.525329007589445,7.256508874047768,0 -6.615499757099043,8.030265435452462,0.5 24.25033763355049,-0.413672163439486,0.5
1728 24 28 1 0 1 0 16.086351015947425,-18.47915882803455,0 -14.187185754542629,25.435678885496703,0.5
685 2 29 0 1 1 0 16.196173130944892,-24.65631716036397,0 11.181328962735272,-27.950454068352762,0.5
1439 8 8 0 1 1 1 4.475958783932958,23.069802620840374,0 7.509126186743505,7.201598705257253,0.5 1.414203587345435,-24.21260060822751,0.5
408 5 11 0 1 1 1 -7.553010455454368,-25.40082740896046,0 -9.02885225250898,-9.312884998879964,0.5 0.09176414653025677,21.35981224967606,0.5
862 14 5 1 1 1 1 -13.158524155846195,6.091243061971194,0 15.880977429469546,-7.351500247206613,0 2.4706499645053044,-7.755378053511636,0.5 -26.568851620810435,5.687365255666171,0.5
113 6 23 0 1 1 1 -23.90998573207951,-8.863553592761445,0 -24.12023475531126,-2.5424939230359564,0.5 5.884453222200281,8.58039686003723,0.5
1047 0 2 0 1 0 1 31.1572426023168,4.634245722917064,0 -28.296291505741056,-10.274720775871561,0.5
1492 15 0 1 1 0 1 -0.38951647937173706,-15.495104933891149,0 0.41464657481507494,16.49478912317445,0 5.206507129234657,-31.640832535083977,0.5
521 29 23 1 0 1 0 -1.9448051395656483,29.435823972994523,0 -4.437695696887268,-23.844430311958142,0.5
1486 28 3 1 0 0 1 -1.2530913720591528,-28.472438638326555,0 4.741106236009595,-28.736247348233746,0.5
225 3 12 1 1 1 1 2.6614208796001084,2.2730681691556427,0 -21.671570019600882,-18.509269377410234,0 -13.401762859981488,-3.5556648105271105,0.5 10.931228039219501,17.226672736038765,0.5
1029 27 19 1 0 1 1 -27.385949283142608,-2.50195560734816,0 19.96500889692254,-4.20100223111151,0.5 -11.902277541643405,-7.112368756025733,0.5
1866 30 6 1 0 0 1 27.837093415806837,-12.46379677945864,0 25.72552992720742,-4.944401881355879,0.5
1379 8 1 1 1 0 1 -3.1538715370149375,-7.893230918198645,0 8.719527190570709,21.8224619503139,0 -5.7451407493839675,-30.54903202672333,0.5
388 6 23 0 1 1 0 -8.788394540950183,-23.93771337017379,0 -13.731511840524394,-19.99238811581894,0.5
1907 1 12 0 1 1 1 -29.20746020170748,8.784888648450456,0 -10.242095758381664,9.346094075930347,0.5 20.40179691226225,0.12916172345773802,0.5
1324 16 3 1 1 0 1 -8.665381394361372,-14.04140894961242,0 8.140206764400077,13.190414467817726,0 -9.861510063128762,-27.404390510916496,0.5
765 6 21 1 1 1 1 -4.807602117360963,4.3745813378135265,0 18.860592921954545,-17.16181909449922,0 11.863993460981469,-18.907555610331784,0.5 -11.804201578334041,2.6288448219809615,0.5
382 16 6 1 1 1 1 5.977543550625005,15.37917335556048,0 -5.615268183920459,-14.44710224310227,0 -7.9472165583288135,-3.8848100307510967,0.5 3.6455951762166503,25.941465567911653,0.5
1583 18 31 1 1 1 0 4.7694366819601,-17.874632128711724,0 -3.4803997408898026,13.043650472303149,0 -2.3237547410525856,31.982028764658374,0.5
1510 1 1 0 1 0 1 -0.9580281518829019,30.484950091154815,0 6.955067514077291,-30.296485536686045,0.5
88 23 29 1 1 1 0 22.60765028227302,6.414370484657141,0 -8.177235208481731,-2.3200914518972637,0 -30.017527924893486,-2.2799160682445763,0.5
282 15 11 1 1 1 1 9.80483750965343,12.004797433080375,0 -10.437407671566556,-12.779300493279107,0 -11.921575223193337,-5.111364220806691,0.5 8.32066995802665,19.67273370555279,0.5
402 0 31 0 1 1 0 -9.545610993432382,-30.018849257792393,0 -15.263487042535694,-28.200637639995747,0.5
141 30 20 1 0 1 1 27.55629141520756,13.072903405141414,0 -21.093160473527984,-3.365795780791922,0.5 7.8183583883291305,10.350037300012184,0.5
236 11 14 1 1 1 1 8.481400849619,7.766327293391781,0 -15.119018905842566,-13.844322566480999,0 -14.745937050419668,-5.367247013605809,0.5 8.854482705041898,16.24340284626697,0.5
1323 9 9 1 1 0 1 -5.014532363478132,-8.068733802501507,0 11.876524018763998,19.110159005924622,0 -6.780481617184099,-22.277232077595023,0.5
14 30 31 1 0 1 0 30.470504507682804,1.3410276086948796,0 -31.733346152268116,4.609201881056004,0.5
568 28 28 1 0 1 0 -6.04220263277855,27.852141521693515,0 0.1785938913693892,-29.12418418122584,0.5
1984 30 15 1 0 1 1 30.461477176483534,-1.5324517044829917,0 -15.17895691831465,6.771208671422543,0.5 16.780625693077912,5.1633904896698954,0.5
1878 30 12 1 0 1 1 28.287077176707164,-11.405755775002923,0 -9.349309182256459,10.239160991730477,0.5 20.328935724452695,-1.7275335918791477,0.5
1868 22 28 1 0 1 0 20.592926383970646,-9.065394803557414,0 -23.666934805414172,16.974280453564894,0.5
1231 10 28 1 1 1 0 -7.8543128884855165,-6.968483985040814,0 16.082640676422724,14.268800540797857,0 25.300840117341153,14.42627773740477,0.5
733 23 5 1 1 0 1 -15.706272473943132,17.480360550465093,0 5.680992171426239,-6.322683603359715,0 -22.17439931328866,15.701783818879413,0.5
1420 18 5 1 1 0 1 -4.600762912549823,-17.918788480879673,0 3.3573134767255466,13.075872675236518,0 -0.7787830430968796,-27.159593092897854,0.5
656 25 16 1 0 1 1 -12.002950270215981,22.498426274091308,0 2.4728675221182685,-17.382028829168725,0.5 -12.589658307172375,10.85129041674978,0.5
267 9 31 1 1 1 1 6.349344191594034,7.066528733166739,0 -15.037920453775344,-16.736515420658066,0 -25.516159414127632,-19.42100946791453,0.5 -4.128894768758254,4.382034685910271,0.5
1214 2 0 0 1 0 1 23.080528912009353,18.372239524399316,0 -20.908583850233857,-24.312159948835067,0.5
294 17 2 1 1 0 1 10.551266979557933,13.961402691924992,0 -8.74247835449086,-11.56801937330928,0 12.999654842594804,27.152513216521996,0.5
673 27 18 1 0 1 1 -14.221102228799321,23.53742236095616,0 4.431485711529108,-18.937051892744904,0.5 -12.11670597289192,8.451948672731355,0.5
1821 14 5 1 1 0 1 12.267103032183705,-7.730988500689245,0 -14.805124349187231,9.330503362900812,0 25.61821802462094,-9.053005315528464,0.5
400 29 1 1 0 1 1 9.11600133406095,28.05616723070703,0 -6.169864589333342,0.42751719180695447,0.5 3.718679230664976,30.861325713251865,0.5
830 11 19 1 1 1 1 -9.89853331054535,5.853976281129271,0 17.645211553580843,-10.435349022882614,0 13.73022103207467,-15.090759769155904,0.5 -13.813523832051523,1.198565534855982,0.5
1305 26 25 1 1 1 1 -15.237639179146887,-21.680967511763118,0 3.162528886238033,4.499823445837628,0 19.571532231653748,17.41278628207842,0.5 1.1713641662688272,-8.768004675522324,0.5
565 11 22 1 1 1 1 -2.33205389659989,11.261062322150307,0 4.1571395548084995,-20.0740676177462,0 -1.312622718209072,-23.249237011128805,0.5 -7.801816169617461,8.085892928767702,0.5
1945 5 18 1 1 1 1 5.418101293851256,-0.9456100515367533,0 -26.105397143101506,4.556121157404357,0 -17.192947932186858,9.091344312097723,0.5 14.330550504765906,3.5896131031566125,0.5
347 29 9 1 0 1 1 13.63984865570926,26.157303543166414,0 -9.712623169092762,-5.649331922909335,0.5 5.083144864218978,22.724692259508473,0.5
253 21 12 1 1 1 1 15.058839741851836,15.345401448943058,0 -7.354317083229967,-7.494265823902424,0 -13.037576998456107,-4.719278123752428,0.5 9.375579826625696,18.120389149093054,0.5
1266 12 30 1 1 1 0 -8.383569706709002,-9.271772159234239,0 13.078368742466042,14.463964568405412,0 24.9063607208024,18.59901060931122,0.5
661 13 0 1 1 0 1 -6.540807926399372,11.809649938501613,0 8.963329380621362,-16.183594360168875,0 -20.51061846759925,24.648824111437374,0.5
1270 6 27 0 1 1 0 16.863452565753125,19.12783227557672,0 22.686742714183186,16.660183222895725,0.5
1225 16 0 1 1 0 1 -12.546698432400508,-10.715892797448035,0 11.786292466800475,10.06644474911785,0 -20.056099626419865,-25.020049316000975,0.5
720 30 4 1 0 1 1 -19.441431687335037,23.500653904661572,0 -1.7546715027856319,-7.29185353098319,0.5 -22.152239174743706,17.364570237842067,0.5
1353 22 29 1 0 1 0 -10.025390753480163,-20.143027087308262,0 18.515875100067305,23.736309091320567,0.5
409 15 1 1 1 0 1 4.371101926452006,14.870893313737664,0 -4.653108502352136,-15.830305785591708,0 2.8447257338296916,30.954119846949087,0.5
1751 13 8 1 1 1 1 9.575883849225693,-9.515905028221884,0 -13.12250749708706,13.04031429793369,0 -1.7999690777101547,10.247444135943717,0.5 20.898422268602598,-12.30877519021186,0.5
659 31 25 1 0 1 0 -15.08844653330997,27.651198549275335,0 6.947561755674674,-25.25829340337717,0.5
934 1 27 0 1 1 1 29.8467175819269,-6.278809567481383,0 25.675799216331193,-11.53270716712457,0.5 -5.638789722083913,-4.945103686488365,0.5
1523 27 28 1 0 1 0 1.98532872677866,-27.428242193888902,0 3.9268212527324216,28.858795450418388,0.5
52 6 23 1 1 1 1 6.413458637351142,1.0571415737667433,0 -25.160491577300636,-4.1472477124695315,0 -24.1629426800542,2.0981422831674443,0.5 7.411007534597577,7.302531569403719,0.5
1058 0 27 0 1 1 0 30.978523957352884,5.70798155425483,0 28.13197771913439,-0.917512730225698,0.5
564 24 2 1 0 0 1 -4.892894522602969,24.006448783414047,0 -11.770574739480484,27.707464162248844,0.5
1392 23 26 1 1 1 1 -7.821259296290195,-22.160277593482313,0 2.8289661284453897,8.015419555089347,0 14.477661145216342,22.99233193402298,0.5 3.827435720480757,-7.183365214548676,0.5
416 29 31 1 0 1 0 7.694824435551961,28.47875834558158,0 -14.008797281131399,-28.844472585508747,0.5
1092 5 9 0 1 1 1 25.40082740896046,7.55301045545437,0 10.816072570484929,-3.0434477406394804,0.5 -19.8566246780711,-12.16406413967872,0.5
422 21 1 1 1 0 1 5.215883462101262,20.857721824537276,0 -2.547291923351779,-10.18632926314611,0 1.5785169603192957,31.04445657772067,0.5
1144 14 7 1 1 1 1 -13.041376147712382,-6.338178616438523,0 15.739591902411496,7.649525916391322,0 9.36823398665338,-2.1180632595162323,0.5 -19.4127340634705,-16.10576779234608,0.5
704 24 4 1 1 0 1 -14.648672084909203,19.638391129336483,0 4.484287372931389,-6.011752386531576,0 -21.25178894330702,18.455662185604,0.5
1158 6 6 0 1 1 1 22.42256590985919,12.14407419353244,0 8.57298523824625,-2.1803495373017365,0.5 -19.56513668785156,-17.419972054675778,0.5
587 14 25 1 1 1 1 -3.9139602696771942,13.96176618509952,0 4.723745153058683,-16.850407464775284,0 1.1058889493911268,-26.17302064400696,0.5 -7.531816473344751,4.6391530058678425,0.5
366 17 5 1 1 0 1 7.151358807886109,15.972102779561299,0 -5.925411583677062,-13.23402801735079,0 5.353050956092234,26.63822151461092,0.5
1448 28 10 1 0 1 1 -4.635159208054202,-28.120549409924237,0 7.6278058997934926,9.384379423013307,0.5 2.4234166135571957,-22.189570791638467,0.5
477 2 20 1 1 1 1 0.18048442970715206,2.493476563080809,0 -2.1297162705443946,-29.423023444353547,0 -7.464316074992588,-20.01334518596547,0.5 -5.154115374741043,11.903154821468886,0.5
459 2 11 0 1 1 1 -3.789258190908935,-29.255623773261604,0 -7.42746480796686,-10.634038110069657,0.5 -3.317083041557168,21.100875813468356,0.5
1694 26 8 1 0 0 1 15.169451328256661,-21.728730897124485,0 18.3718676074256,-15.834281815580582,0.5
99 24 0 1 1 0 1 23.324554360169078,7.497677233618268,0 -7.1401697020925745,-2.2952073164137556,0 28.15254689565781,15.352006490611835,0.5
1698 31 1 1 0 0 1 18.354750109560126,-25.599866179642472,0 22.64822461649012,-21.291029137197924,0.5
1152 28 5 1 0 0 1 -25.31188879118603,-13.09802602771239,0 -20.778136729830013,-17.507684999350683,0.5
340 28 1 1 0 0 1 13.729979711898881,24.974740381250115,0 9.43564697983913,29.617875785948133,0.5
1387 6 24 1 1 1 0 -2.2593371903117423,-6.094702245432031,0 8.863553592761452,23.909985732079505,0 14.141842251573827,20.886797210956047,0.5
926 4 24 0 1 1 0 26.76020905200848,-6.335709233606238,0 22.45857695900256,-11.483132019469226,0.5
1352 20 6 1 1 1 1 -9.191855929845655,-18.32374919510091,0 5.1564069850353675,10.279176377739535,0 8.27753944949279,3.119669960443023,0.5 -6.070723465388232,-25.48325561239742,0.5
1454 31 29 1 0 1 0 -4.536339650395945,-31.171647735983505,0 10.185774796907346,28.32843080346469,0.5
1720 28 1 1 0 0 1 18.166583707837646,-21.959627419110003,0 24.064511143989762,-19.67610996616945,0.5
1710 30 29 1 1 1 0 18.693665136415774,-24.099727877458566,0 -0.9193605804794642,1.185232518563536,0 -13.33982800850865,26.98701518700073,0.5
1732 29 4 1 0 0 1 19.647350089310418,-22.00526379001338,0 22.79097322698701,-16.517310294559504,0.5
918 19 2 1 1 0 1 -18.85652901136748,4.968029150825954,0 12.087518597030437,-3.1846340710422782,0 -30.055168243092126,1.7137274810851668,0.5
952 6 18 0 1 1 1 25.210619490816807,-3.8307525225793064,0 17.388703742926864,-8.711083867161491,0.5 -14.24815208868638,-3.9038650152972627,0.5
520 25 30 1 0 1 0 -1.6011582479974917,25.449681574920923,0 -4.073049524925571,-30.816558334238163,0.5
316 30 30 1 0 1 0 16.665027575395207,25.54460522128532,0 -21.690195815648057,-22.266239140879705,0.5
349 21 21 1 1 1 1 9.820929838187439,19.125881342134264,0 -4.796268060510145,-9.340546701972547,0 -15.158385096457467,-16.385156736128465,0.5 -0.541187197759883,12.081271307978344,0.5
1542 19 26 1 1 1 0 2.5655050022995014,-19.330498805855377,0 -1.6445544886535264,12.391345388368832,0 2.461390270471563,27.059038377895618,0.5
258 10 4 1 1 0 1 7.235694988067159,7.608857866963989,0 -14.815946880327992,-15.580042299021502,0 14.602710949529802,24.06264393046787,0.5
1656 29 6 1 0 1 1 13.885765998877298,-26.027591179831127,0 2.2341717995350625,8.55911656481919,0.5 17.29669762882569,-19.674202681099324,0.5
1885 1 29 0 1 1 0 -28.531042940310954,10.780982735267342,0 -25.474749846805544,16.040172076467286,0.5
1302 27 27 1 0 1 0 -16.023988190885834,-22.34908952191009,0 20.9001531774844,18.852946643898637,0.5
1782 11 26 1 1 1 0 8.906785192285437,-7.274556862000933,0 -15.877312734074039,12.967688319219056,0 -16.728910123787692,21.410127651890203,0.5
644 2 2 0 1 0 1 12.894915116202515,-26.53245492120795,0 -18.29134662560074,23.909760321302354,0.5
293 22 30 1 1 1 0 13.622240416072534,17.907667800322855,0 -5.751612620119515,-7.561015293469651,0 -23.241081755206643,-20.642241129484972,0.5
1680 10 30 1 1 1 0 5.6261813472794575,-8.865443217771164,0 -11.520276092048414,18.153050398293335,0 -11.276749693847282,28.96696249768545,0.5
904 23 7 1 0 0 1 -22.43931680154611,6.980477167060321,0 -25.17643083575496,1.5483314801574979,0.5
583 12 31 1 1 1 0 -3.2225923526757474,12.077454141021434,0 5.027244070174166,-18.84082845999344,0 2.3237547410525945,-31.982028764658374,0.5
913 30 8 1 0 1 1 -29.367853010036924,8.232812981045138,0 6.564913858985016,-8.071673062265745,0.5 -24.24725979088979,0.566032360470138,0.5
851 21 23 1 1 1 1 -19.18721012965993,9.700565315499674,0 9.370497970299036,-4.737485386639376,0 18.264932379256294,-15.95751375312567,0.5 -10.292775720702673,-1.5194630509866216,0.5
576 8 6 1 1 1 1 -2.0102414747016577,8.258869729774728,0 5.557726430057524,-22.833345723494837,0 -4.292546916833834,-7.7346002460877274,0.5 -11.860514821593016,23.35761520718184,0.5
822 8 30 0 1 1 0 19.920431497999452,-12.467012831208258,0 22.671109944754626,-21.266658737865896,0.5
897 16 29 1 1 1 0 -15.64368141078653,5.24644945823478,0 14.695579507102495,-4.928482824402369,0 26.06120635568448,-15.068627120160315,0.5
1746 21 29 1 1 1 0 15.010556508359656,-15.392634384969373,0 -7.33073689943146,7.517333071729229,0 -16.300260962176445,25.30911876310486,0.5
1134 31 28 1 0 1 0 -28.74978500321035,-12.872445854194979,0 28.46360468941793,6.170349105564915,0.5
39 29 0 1 0 0 1 29.2788547470313,3.6053660982267384,0 30.53056704888561,9.80481900258746,0.5
196 3 11 0 1 1 1 -23.265668645439742,-16.460822047534624,0 -12.85333760378122,-1.7440505850529728,0.5 13.269518419168666,16.738275924459586,0.5
1239 28 1 1 0 0 1 -20.836794449801122,-19.444227859617804,0 -18.20550398460447,-25.195428646215777,0.5
1639 10 25 1 1 1 1 4.440813269395686,-9.514682207323542,0 -9.093093837334022,19.48244451975773,0 -5.347870964347498,25.644692943154713,0.5 8.18603614238221,-3.352433783926563,0.5
600 26 9 1 0 1 1 -8.188950350936105,25.20299768182157,0 -2.770677651208922,-10.889138871053644,0.5 -12.659221471207237,19.544669650391274,0.5
262 16 0 1 1 0 1 11.219230748919918,12.09871321267224,0 -10.539277370197498,-11.365457866449681,0 17.01899935242085,27.177263678345156,0.5
251 1 7 0 1 1 1 -21.498896545242022,-21.634404251954354,0 -9.542562282001354,-1.0906443481378867,0.5 13.013657044154211,21.60774699817488,0.5
12 1 21 0 1 1 1 -30.478328915537972,-1.1495505714330034,0 -21.710864757792276,5.185397908439943,0.5 10.26639836670658,6.391483753877848,0.5
414 7 27 1 1 1 0 2.0017649199028176,7.227927587175073,0 -6.539098738349204,-23.611230118105237,0 -13.12214677605039,-24.900989217053013,0.5
411 2 8 0 1 1 1 -8.141200038138004,-28.354379942771132,0 -8.112762033247451,-6.514068789312766,0.5 0.7183702115124184,24.243224707930494,0.5
638 12 0 1 1 0 1 -5.251071605147579,11.34355530676396,0 8.191671704030222,-17.69594627855178,0 -18.6776069922186,26.065245002574343,0.5
1064 26 31 1 0 1 0 -25.96615888818254,-5.292314483631792,0 32.063694033190224,0.4117340718983469,0.5
58 28 25 1 0 1 1 28.028188342366896,5.164364263373415,0 -26.165087309143733,1.2799242574799754,0.5 5.3051592507068195,7.078508693548371,0.5
1113 0 30 0 1 1 0 29.535864727862922,10.949095614587666,0 30.68376025039191,4.9756262818332155,0.5
1938 8 23 1 1 1 1 8.339269398268339,-1.645170478432317,0 -23.055627159918348,4.548412499195229,0 -21.894330351613185,10.434955603855233,0.5 9.500566206573504,4.241372626227687,0.5
