1892 31 31 1 1 1 1 -21.466859800097865,-23.052633912916377,0 0.34074380635075974,0.36591482401454567,0 25.85783768827241,18.963708236707262,0.5 4.050234081823788,-4.454840500223662,0.5
1271 31 0 1 0 0 1 -27.945916733936507,14.535327237454531,0 -30.714550493451654,9.212295478609482,0.5
766 31 0 1 0 0 1 -1.0553775844837543,31.482315323911124,0 -7.05200907475254,31.281291022104693,0.5
1145 0 31 0 1 1 0 23.187058244271633,-21.321593045003812,0 19.125802426175667,-25.738175567722216,0.5
1118 13 15 1 1 1 1 -9.40496987220949,9.684861470502911,0 12.888292047101894,-13.271847200318804,0 6.49391586638738,-15.299642372300152,0.5 -15.799346052924005,7.657066298521563,0.5
354 0 0 0 1 0 1 -23.231663196782478,-21.272983455812266,0 19.17966634805633,25.69806215996131,0.5
2344 31 0 1 0 0 1 6.161520746494519,-30.891514402672424,0 12.045618727955933,-29.717891403340136,0.5
1703 13 19 1 1 1 1 -12.298119842063798,-5.568325452973873,0 16.852979042828167,7.630668213334568,0 20.238762195413877,2.577305724489462,0.5 -8.912336689478092,-10.621687941818978,0.5
480 18 13 1 0 0 1 9.912795707111435,15.620066621787279,0 4.846828154099345,18.835027391661257,0.5
2692 0 31 0 1 1 0 -25.170247038390922,18.939605698809387,0 -21.56270309576056,23.733938468026707,0.5
602 0 0 0 1 0 1 -9.608461342473344,-29.998791152814732,0 3.894405884794347,31.828974265666798,0.5
2883 31 0 1 0 0 1 30.558987789438333,-7.641875770055337,0 32.01458317421078,-1.8211161911147018,0.5
1931 20 10 1 1 1 1 -12.69985363591427,-16.09234966144954,0 7.124308137220201,9.027415663739985,0 11.214759080282784,4.5253926648651,0.5 -8.609402692851688,-20.594372660324424,0.5
1684 31 31 1 0 1 0 -29.189786896121426,-11.840875852698478,0 31.445191820444947,6.280916443913444,0.5
1534 23 0 1 1 0 1 -23.440443467758325,-1.6720077855160194,0 8.47845827557216,0.6047687734845176,0 -30.993273298778345,-8.225996002140619,0.5
47 10 0 0 1 0 1 -21.395919182425377,-2.112970027975267,0 30.75784344551385,9.066700975617357,0.5
639 25 31 1 1 1 0 5.874930380253061,24.814012030044225,0 -1.497531273397839,-6.325140321383822,0 -13.095858006205365,-29.270266535877443,0.5
937 31 0 1 0 0 1 -12.02404575733888,29.114812787057737,0 -17.569724383445116,26.824518357088426,0.5
2753 21 11 1 1 0 1 18.686722445094453,-10.632798514972583,0 -9.126073752255431,5.192762065451726,0 20.78486517275683,-4.9233504598312186,0.5
2275 23 10 1 1 1 1 1.2298949717091618,-23.467794066732488,0 -0.444855628065016,8.488351045413879,0 5.442249667976541,10.799625852380686,0.5 7.1170002677507185,-21.15651925976568,0.5
913 20 11 1 1 1 1 -6.863273061630316,19.316973957675142,0 3.850128790670665,-10.83635124454947,0 -1.8036196847464496,-12.845114091855903,0.5 -12.51702153704743,17.30821111036871,0.5
2342 9 17 1 1 1 1 1.8191954118316176,-9.324190477117615,0 -4.308620712232779,22.083609024752242,0 2.5378129637528812,18.325105875847154,0.5 8.665629087817278,-13.082693626022705,0.5
1060 5 24 1 1 1 0 -3.3252951317430615,4.38091454913308,0 16.021876543852933,-21.108042827641203,0 10.033498805983005,-23.142577680767058,0.5
1076 23 8 1 0 0 1 -14.827246517093467,18.231915991506202,0 -19.482203791520583,14.446236029695104,0.5
2735 31 0 1 0 0 1 26.77161982908621,-16.599107558145352,0 29.933354602066274,-11.49975140022417,0.5
843 3 5 0 1 1 1 5.516159839449518,-27.96107974713502,0 -4.822021030380273,-6.557294654243499,0.5 -11.015604008007802,24.83760190394319,0.5
2238 31 31 1 0 1 0 -0.7915980064651431,-31.490051962423948,0 6.789703142164942,31.33927138976392,0.5
940 25 16 1 0 1 1 -9.881647454528625,23.507510365506764,0 0.8628282669286964,-17.535835519922877,0.5 -11.5376704995386,11.96378533090914,0.5
2112 24 31 1 0 1 0 -6.982971930514435,-23.483783830925702,0 14.729237501908528,28.48332077922747,0.5
2751 13 17 1 0 1 1 11.705454465720617,-6.725498922083124,0 -12.184626638341634,13.920663550428028,0.5 15.561635798922051,-2.021259820435673,0.5
736 0 31 0 1 1 0 -0.9234958972752,-31.486459872899587,0 -6.92091682544655,-31.310555892466216,0.5
2872 7 22 0 1 1 0 -23.624873779260955,6.489633187938138,0 -20.10701473084664,11.745550587925463,0.5
812 25 26 1 0 1 0 -3.3019409963510937,25.285315613150175,0 -2.51805714806263,-27.053823910846518,0.5
483 0 0 0 1 0 1 -16.711102305662127,-26.701854986680118,0 11.62503468915163,29.884922092520522,0.5
1005 0 4 1 1 0 1 -0.25452070787518566,0.4303710135019718,0 16.034804596136695,-27.113373850624225,0 -19.163091095158872,20.616157248106223,0.5
22 2 31 0 1 1 0 -29.46869038180005,-1.35878150620514,0 -31.74293003606551,4.542729655774183,0.5
2747 26 5 1 1 1 1 22.86596853584306,-13.393934557023755,0 -4.745767054608937,2.7798732099483265,0 -1.7131780983016713,7.957073633158076,0.5 25.898557492150324,-8.216734133814006,0.5
1569 7 7 1 1 0 1 -7.421820889519882,-1.0800808691418926,0 24.244614905764948,3.5282641725301827,0 -23.380550210451435,-9.465720884146089,0.5
1594 31 27 1 0 1 0 -30.891514402672424,-6.1615207464945065,0 28.14240541436377,-0.5049925678550986,0.5
512 25 6 1 0 0 1 12.191009236498903,22.39708226076777,0 6.921107528082957,25.265555022296926,0.5
33 17 19 1 1 1 1 17.45821886132144,1.2085504500021012,0 -14.465381342237766,-1.0013703728588839,0 -19.867804028330326,4.639004536736438,0.5 12.055796175228881,6.848925359597424,0.5
1204 7 24 0 1 1 1 19.94086274717014,-14.234183956185268,0 16.45494014565538,-19.117660547328974,0.5 -9.590268340444393,-0.5260733392502583,0.5
1618 18 1 1 1 0 1 -17.93790285417241,-4.525664724023786,0 13.08982100169338,3.3025120959092487,0 -28.105516146384637,-13.27892925447351,0.5
2460 31 29 1 0 1 0 13.412047684299763,-28.502052152679628,0 -7.1315267863735,29.247073797138018,0.5
1320 14 3 1 1 0 1 -13.481759045379645,5.337806013927833,0 16.2710885030444,-6.442179671981868,0 -28.707377163923233,4.912890836183819,0.5
1538 12 21 1 1 1 1 -12.460432811927308,-0.9937877738457501,0 19.438275186606603,1.5503089271993702,0 21.90896256796093,-4.271692778710419,0.5 -9.989745430572981,-6.815789479755539,0.5
1284 9 13 1 1 1 1 -8.544349889880525,4.152599783183862,0 20.23661816024335,-9.83510474964599,0 9.519276296240413,-11.29749435918582,0.5 -19.26169175388346,2.690210173644031,0.5
1590 3 14 1 1 1 1 -3.43800537755041,-0.6558346010500367,0 27.995186645767625,5.340367465693156,0 15.367453023080333,-3.176694442879122,0.5 -16.065739000237702,-9.172896509622316,0.5
669 5 4 0 1 0 1 -4.474086284887446,-26.11958177144845,0 -1.2709478412938076,28.118227034873847,0.5
2374 16 5 1 1 1 1 4.2371249020350925,-15.946685315906691,0 -3.980329453426905,14.980219539185075,0 4.386419692984676,6.856334463618023,0.5 12.603874048446674,-24.070570391473744,0.5
714 13 18 1 1 1 0 1.0169118746270922,13.461645153518289,0 -1.3935459022667558,-18.44743965482136,0 -7.37649930383044,-17.995478821653762,0.5
2255 13 0 1 1 1 1 0.14136908556931893,-13.499259786434415,0 -0.19372800615054814,18.498985633261974,0 5.99443512413495,0.5628032893802312,0.5 6.329532215854817,-31.435442130316158,0.5
1655 25 9 1 0 1 1 -24.168094455244436,-8.133462387100776,0 10.917555750879483,-2.656497021725853,0.5 -19.411033369427265,-12.863194919264082,0.5
183 26 4 1 0 0 1 24.577296563368527,9.90991895205171,0 23.260986482276383,15.848549077797479,0.5
2978 6 26 1 1 1 0 6.493101270566113,-0.29939253526553966,0 -25.472935753759366,1.1745399460417325,0 -26.195512070524423,7.214232278143612,0.5
2182 18 28 1 1 1 0 -2.6258512395463747,-18.31269792433034,0 1.9161617153446517,13.363320106943762,0 9.984483668813715,27.359826130061432,0.5
405 31 25 1 0 1 0 20.83132375769503,23.62849869335948,0 -21.364118983535878,-15.159961083634808,0.5
934 14 26 1 1 1 0 -5.450561900448506,13.436568571230497,0 6.578264362610267,-16.216548275623012,0 4.401412340310513,-26.811892313124083,0.5
686 28 0 1 1 0 1 3.808747377768566,28.24435241623254,0 -0.4677409060417537,-3.4686046826952244,0 -1.736511301673172,32.01928369747146,0.5
1368 31 0 1 0 1 1 -30.303871654961707,8.597985968795738,0 -1.1566977773109073,-5.908641997275178,0.5 -31.941583268065656,2.8258199392792225,0.5
40 30 9 1 1 0 1 30.393032207109883,2.5521742216356227,0 -1.4947392888742566,-0.12551676499847325,0 21.919022273119953,7.861708630474125,0.5
1987 8 23 0 1 1 0 12.299692277696677,20.024174636522943,0 17.41224750404296,16.883827672004642,0.5
1523 29 26 1 0 1 0 -29.465779926502105,-1.4204975617528068,0 26.75817469229907,-4.716999802459771,0.5
967 28 19 1 0 1 1 -12.511457720989025,25.60690191522403,0 3.1695443532611156,-20.154502935887816,0.5 -10.878408175568666,8.597106232083025,0.5
449 6 17 0 1 1 1 -15.031698259755242,-20.5984962419025,0 -15.162576352828694,-10.599352732343618,0.5 3.700731267256315,15.249740590828143,0.5
1853 9 19 0 1 1 1 16.62583303132332,15.160200394934044,0 18.45177539912929,8.70528486725662,0.5 -5.1938538009749875,-12.85588902776069,0.5
2615 29 31 1 0 1 0 20.418223629177003,-21.29192672890168,0 -17.471948608327647,26.888306228320847,0.5
975 10 8 1 1 1 1 -4.766900247265241,9.355568503977864,0 9.760795744400255,-19.15664027004991,0 -1.4871198973440602,-10.297498454038408,0.5 -16.014815889009554,18.214710319989365,0.5
1755 31 31 1 0 1 0 -27.11337385062423,-16.03480459613668,0 30.167622345126457,10.870352434113018,0.5
30 24 23 1 0 1 1 24.45165484649265,1.5383677284681776,0 -23.830371235240264,4.512583161630765,0.5 8.106484074464428,6.5218797865687925,0.5
2068 27 28 1 1 1 0 -10.230438635642,-25.526224266866485,0 1.6740717767414182,4.177018516396334,0 16.17181260789076,24.222354901521555,0.5
2043 4 19 1 1 1 1 -1.8903857778531277,-4.083679910435026,0 11.552357531324668,24.955821674880717,0 13.636578251276923,15.175431908080943,0.5 0.19383494209912477,-13.864069677234799,0.5
816 11 10 1 1 1 1 -1.5845883428733376,11.39030639551149,0 2.8247009590350802,-20.30445922678135,0 -4.4959705019912075,-11.226586713922666,0.5 -8.905259803899625,20.468178908370174,0.5
2026 23 10 1 1 1 1 -10.62489956374205,-20.960952012263043,0 3.8430487783747838,7.581620940605781,0 10.09902797841999,6.652791436013176,0.5 -4.368920363696843,-21.889781516855646,0.5
1091 27 27 1 0 1 0 -18.01262695256427,20.7796840752634,0 13.478877699779527,-24.709711774004695,0.5
935 17 4 1 1 0 1 -6.612213769323172,16.20273523417491,0 5.47869140886777,-13.425123479744926,0 -15.94584514636781,23.194396361364056,0.5
890 1 29 0 1 1 0 8.815469806806387,-29.198244674728052,0 2.7825210246695127,-29.975115958862812,0.5
58 6 4 0 1 0 1 -25.31209026052769,-3.08999783865609,0 26.570293926767643,9.288136553968965,0.5
508 4 25 1 1 1 0 2.184390458078733,3.934264648781851,0 -13.349052799370035,-24.042728409222423,0 -17.623898794155288,-19.381645732325513,0.5
20 13 28 1 1 1 0 13.488158206334589,0.565321325344195,0 -18.48377235682888,-0.7746995939901932,0 -28.726254580192663,4.801280849310961,0.5
361 5 4 0 1 0 1 -19.279632915261477,-18.18091732154256,0 15.890732122280575,23.232189578641105,0.5
1672 21 4 1 1 0 1 -20.119994030527554,-7.57864369208209,0 9.826043596304153,3.7011980821796255,0 -23.619905752884424,-15.308496079787107,0.5
1050 9 0 1 1 0 1 -5.583959896778493,7.685661446562001,0 13.225168176580643,-18.202882373436317,0 -23.36933741346259,21.957323809056007,0.5
1888 14 26 1 1 1 0 -9.970121527957033,-10.528374837446078,0 12.032905292361935,12.706659286572853,0 22.577825483830196,15.115945105143371,0.5
1225 0 4 0 1 0 1 26.418122890280856,-17.156129602973362,0 -26.331274828589322,9.945550055240707,0.5
1839 0 14 0 1 1 1 23.888400331594745,20.532762346977673,0 14.90725012349174,4.901417525130404,0.5 -9.360331165747366,-15.957261684497706,0.5
1903 2 22 0 1 1 1 19.60121931485074,22.046364810805482,0 19.434088930473713,12.828335334034538,0.5 -1.828250665296582,-11.086365477686662,0.5
1550 0 31 0 1 1 0 31.32743970410061,3.292646592931085,0 31.95461048370653,-2.674484779278554,0.5
1512 4 4 0 1 0 1 27.49131520529075,0.6910776246917831,0 -27.340534632630725,-6.689182760391583,0.5
1447 3 24 0 1 1 0 28.32459666376745,-3.157091040007202,0 23.68456393060559,-8.677063525009865,0.5
778 6 4 0 1 0 1 1.4945411359329623,-25.456165202029236,0 -7.601445978444388,27.101070440792398,0.5
471 22 21 1 1 1 0 12.412032089139679,18.76676475629635,0 -5.240635770970087,-7.923745119325126,0 -16.864856820190276,-14.622811098912598,0.5
1788 7 11 1 1 0 1 -6.176494482213208,-4.254517118450671,0 20.176548641896478,13.898089253605526,0 -13.47880455662223,-16.570209042869067,0.5
1088 1 19 0 1 1 1 19.832441614175888,-23.17162617556879,0 8.12140506304974,-18.716110167496613,0.5 -12.68640253215119,5.595104180641132,0.5
15 26 6 1 1 1 1 26.486923849691888,0.8323851155703997,0 -5.497286082011524,-0.1727591749297056,0 -6.685257196846026,5.792869428186555,0.5 25.298952734857387,6.7980137186866605,0.5
2536 21 5 1 1 0 1 12.122009112023672,-17.75688303413679,0 -5.9200509616859796,8.671966132950526,0 19.896490217369678,-18.503504452673624,0.5
1748 0 22 0 1 1 0 27.345534147169534,15.63559279995437,0 22.510732543207645,5.959607400506544,0.5
2124 1 4 0 1 0 1 7.955665941841875,29.44413998441485,0 -1.38085158997254,-28.113044105654414,0.5
383 14 21 1 1 1 1 10.079825728260378,10.42339259972012,0 -12.165306913417698,-12.579956585869109,0 -19.25907646592544,-11.284412863753124,0.5 2.986056175752638,11.718936321836104,0.5
1027 26 12 1 0 1 1 -14.525902435065564,22.164118715774745,0 1.8335497412706072,-13.743656549342555,0.5 -15.707162633148188,13.020562277253365,0.5
2578 0 21 0 1 1 1 -19.977012996008963,24.355060085273635,0 -8.996045044525426,20.428440311410696,0.5 11.298063395864633,-4.313208029184742,0.5
2770 0 31 0 1 1 0 -27.915412745783257,14.593825106275657,0 -25.135636535064084,19.911046581662944,0.5
2304 6 31 1 1 1 0 0.7335665016776302,-6.458473518380055,0 -2.87783781427378,25.337088418260215,0 2.406691739605381,31.975894590621152,0.5
510 7 28 0 1 1 1 -11.80296501549202,-21.46951366107466,0 -18.987819792162064,-22.084218336639825,0.5 -3.57170222090718,5.957595424763814,0.5
1640 29 6 1 0 1 1 -28.240925177195987,-8.526438009861907,0 7.956767515625267,-3.86521030505334,0.5 -22.67745640540089,-13.114227807276427,0.5
2180 8 3 0 1 0 1 3.4329511712166716,23.247899824630228,0 1.7722676837491997,-29.070759660819636,0.5
195 10 26 0 1 1 0 -19.731724452205594,-8.538679648647783,0 -26.703384924434182,-5.0178913477178,0.5
2565 28 12 1 1 1 1 17.46785102910982,-22.519417852707182,0 -2.1451746877854165,2.7655425433149174,0 -2.9204080964080577,13.55437997661399,0.5 16.69261762048718,-11.73058041940811,0.5
223 30 31 1 0 1 0 27.233461370800978,13.732755796455818,0 -30.82788747406445,-8.825607847985324,0.5
1836 29 0 1 0 0 1 -22.492054074837718,-19.088150866298598,0 -20.13460332744395,-24.956917855506177,0.5
1174 26 11 1 1 1 1 -20.559394628719758,16.72008649799902,0 4.267044168224856,-3.470206631660174,0 5.136321480840873,-11.91084386789839,0.5 -19.69011731610374,8.279449261760806,0.5
1250 27 31 1 0 1 0 -23.815698604072065,13.749999999999998,0 24.279800219209818,-20.946152422706632,0.5
2226 2 20 1 1 1 0 -0.1256107954494254,-2.4968423915150435,0 1.48220738630322,29.462740219877514,0 7.022430262321393,20.172641701344734,0.5
2367 23 21 1 0 1 1 5.701081923692067,-22.797975017517487,0 0.6048761168393826,22.31331720930972,0.5 8.36805150229241,-8.73073387837367,0.5
1519 19 18 1 1 1 1 -19.48456268612191,-0.7757686063418736,0 12.490104285975585,0.4972875681678677,0 18.724052375964444,-5.259264456379837,0.5 -13.250614596133056,-6.532320630889578,0.5
1429 7 28 1 1 1 0 -7.417231559181602,1.1111597533570357,0 24.229623093326566,-3.6297885276329835,0 27.296552122204456,-10.156192310102018,0.5
2583 18 3 1 1 0 1 11.881674083766809,-14.180120625972972,0 -8.670410817883889,10.347655591926223,0 22.903158656388754,-17.99153477500696,0.5
2172 3 31 0 1 1 0 4.635159208054202,28.120549409924237,0 11.043186368886062,30.104784251378533,0.5
614 14 28 1 1 1 0 4.074525042446141,13.915755303916466,0 -4.9175302236418945,-16.794877090933667,0 -13.766792795394057,-25.665646614271893,0.5
919 5 7 0 1 1 1 9.185118504288157,-24.857264492743028,0 -3.028498044313094,-9.114724329105723,0.5 -14.11996189854785,20.901595058357557,0.5
1346 23 17 1 1 1 0 -22.288207404739588,7.448879827417767,0 8.061692040012192,-2.6942756822574903,0 14.69575960078452,-11.237644315244616,0.5
2641 22 4 1 1 0 1 16.43401664263675,-15.367924290207135,0 -6.938807026891071,6.488679144754124,0 24.184133485055707,-14.400614138883363,0.5
2630 5 28 1 1 1 0 3.9295997379804186,-3.84814837282351,0 -18.93352601026929,18.541078523604185,0 -16.1644913264547,24.227241282427734,0.5
2175 22 25 1 1 1 1 -3.5197754634051983,-22.222987663390597,0 1.4861274178821948,9.383039235653808,0 9.915208902096717,24.247445894934625,0.5 4.909306020809324,-7.358581004109781,0.5
677 0 14 0 1 1 1 -4.797320393175843,-31.132550763553233,0 -8.1383000089641,-13.41708138769736,0.5 -3.264831673039434,18.20963684829323,0.5
2196 30 0 1 0 0 1 -3.442119738641199,-30.305144970860255,0 2.4066917396053698,-31.975894590621156,0.5
2382 28 27 1 0 1 0 7.77913016224378,-27.417788640203447,0 -1.734012197209939,28.09347258172131,0.5
1131 8 4 0 1 0 1 16.824507351013033,-16.406887346346608,0 -23.877245797061192,14.90393012418951,0.5
42 0 16 0 1 1 1 -31.378208688009934,-2.7673126913484096,0 -16.963311730166804,4.527256911771772,0.5 14.912963762414716,7.338495201395554,0.5
1336 29 10 1 1 1 1 -27.776850598903387,9.934614778953456,0 2.353970389737575,-0.8419165066909708,0 7.866076020839486,-9.185578263472259,0.5 -22.264744967801477,1.5909530221721688,0.5
643 2 9 0 1 1 1 -6.555762174416198,-28.762336176195664,0 -7.96114432929247,-7.929071885673276,0.5 -0.8498090892477812,23.27075040714914,0.5
532 1 31 0 1 1 0 -13.446819892529087,-27.375774596856324,0 -19.27309751461653,-25.62806493264917,0.5
2638 26 22 1 0 1 1 19.24151263395318,-18.221256585576636,0 -12.21156583964101,19.82744713129032,0.5 11.023468284377927,-2.1755796890286394,0.5
2637 9 18 1 1 1 1 6.884204736776944,-6.54658117967981,0 -16.30469542920855,15.505060688715341,0 -9.271400058136273,17.096524236288225,0.5 13.917500107849222,-4.955117632106925,0.5
2297 11 21 1 1 1 1 1.1301932707774671,-11.444328865018225,0 -2.014692352255485,20.40076015068466,0 3.8579841624690263,21.985585236744054,0.5 7.002869785501979,-9.85950377895883,0.5
252 1 6 1 1 0 1 1.295885125789253,0.7554348024536413,0 -26.349664224381478,-15.360507649890705,0 19.008307928602733,18.02593214486891,0.5
1287 19 28 1 0 1 1 -17.591612207679955,8.413392890778706,0 23.12208156790802,-17.70930105811656,0.5 -5.746205131874465,-3.902707596325859,0.5
473 15 9 1 1 1 1 8.496282556359105,12.963918494132397,0 -9.044429818059694,-13.800300332463518,0 -10.225690016142316,-4.656743893942138,0.5 7.315022358276483,22.107474932653776,0.5
415 3 0 0 1 0 1 -18.395544100132593,-21.7681868160873,0 15.749140991496594,27.93232102833493,0.5
729 9 27 1 1 1 0 0.4176971240197165,9.490812879442185,0 -0.9892826621519601,-22.478241030257806,0 -7.203320861810033,-27.20959699374124,0.5
628 29 25 1 0 1 1 7.455974113681113,28.542222233318086,0 -12.250192315212775,-23.15562109381439,0.5 -4.162355988507839,7.80543353215777,0.5
2383 20 8 1 1 1 1 5.636807129472158,-19.70980480332395,0 -3.1621113165331614,11.056719767718313,0 3.4315106448502615,9.822155297809099,0.5 12.23042909085558,-20.944369273233164,0.5
1716 27 27 1 1 1 0 -24.733644418075208,-12.020683582900649,0 4.047323632048671,1.9670209499291968,0 27.356339017980805,6.624252073502421,0.5
1119 16 29 1 1 1 0 -11.519729413392296,11.812951969860217,0 10.821563994398824,-11.097015486838385,0 16.300260962176452,-25.309118763104863,0.5
1742 10 9 0 1 1 1 18.797042210846627,10.436532188598388,0 11.218190424866663,-0.6341952313207004,0.5 -16.758802633137616,-16.167638488769462,0.5
2801 31 0 1 0 0 1 28.803452599667885,-12.751906458984289,0 31.23238716328394,-7.265534535238025,0.5
2505 14 16 1 1 1 1 7.381100528380376,-12.480759391557186,0 -8.908224775631489,15.062985472569018,0 -3.234731197857455,17.2564919400673,0.5 13.05459410615441,-10.287252924058905,0.5
1813 12 22 1 1 1 1 -9.908942649067798,-7.619898659266096,0 15.457950532545764,11.88704190845511,0 21.493648124769763,8.95952511512643,0.5 -3.8732450568437997,-10.547415452594777,0.5
1000 13 31 1 1 1 0 -6.749999999999997,11.691342951089922,0 9.249999999999996,-16.021469970012117,0 10.55384757729336,-30.279800219209818,0.5
556 5 26 0 1 1 0 -10.473459325414389,-24.34248651553268,0 -15.984965706289714,-21.97113723430678,0.5
2221 5 8 0 1 1 1 1.6085532078361235,26.451135260656773,0 6.504887314360291,8.120125678059088,0.5 4.562483440746858,-23.82086784424343,0.5
1234 16 0 1 1 0 1 -14.00498840620905,8.724121717511174,0 13.156201230075167,-8.195387067965044,0 -29.909203945494067,11.562418403899862,0.5
728 25 3 1 0 0 1 1.1745399460417334,25.472935753759366,0 -4.680910825896737,28.746114065034995,0.5
528 28 17 1 0 1 1 12.778921658565926,25.474480588311014,0 -13.20975482648315,-12.95192562610692,0.5 1.138508088397888,15.650999946733517,0.5
1945 11 28 1 1 1 0 -6.8565860621045855,-9.232400964697815,0 12.22260993679513,16.457758241417846,0 21.809313787666746,19.302948793153064,0.5
536 22 22 1 0 1 1 9.750251766536714,20.277637694986755,0 -15.157621818533181,-17.67757055724363,0.5 -1.2905970839031884,11.16173638673753,0.5
2731 10 28 1 1 1 1 8.877207211729768,-5.607601280406177,0 -18.17713857639905,11.48223119321265,0 -20.8909331287487,20.293321882090922,0.5 6.1634126593801195,3.203489408472094,0.5
1014 3 25 1 1 1 1 -1.8381112048645354,2.9784806862814213,0 14.96747695389693,-24.253342731148713,0 8.285986173244893,-24.851407065532413,0.5 -8.519601985516573,2.380416351897721,0.5
1667 1 27 0 1 1 0 28.65333530945838,10.451620718517562,0 27.89103099413806,3.7868707509010715,0.5
2891 15 9 0 1 1 1 -16.071907898818377,3.7341366461204206,0 -7.895654858306186,7.994287607942683,0.5 23.27410591515976,0.7523256275879273,0.5
349 17 15 1 1 1 1 13.029530822337183,11.68252226831883,0 -10.79589696707938,-9.67980416517846,0 -15.54587779177939,-5.880109155709645,0.5 8.279549997637172,15.482217277787646,0.5
2527 25 27 1 0 1 0 13.977755173364983,-21.327736877443616,0 -10.055758666779425,26.289384124309386,0.5
63 3 29 1 1 1 0 3.469576708743273,0.4604752568229888,0 -28.25226748548094,-3.7495842341300514,0 -30.032961271104142,2.066697193194705,0.5
2316 0 8 0 1 1 1 -4.340394156566102,31.199534909444512,0 4.7715510833604835,9.245663862529366,0.5 9.180840385268905,-22.449101759763476,0.5
2273 26 30 1 1 1 0 1.2760401825915146,-26.469259933976467,0 -0.2648385284623898,5.493619986297002,0 4.524389963578023,30.75353468233326,0.5
348 11 18 1 1 1 1 8.578323172378095,7.659136475493894,0 -15.291793481195732,-13.653243282402158,0 -17.79598239495288,-7.845572674988563,0.5 6.074134258620948,13.46680708290749,0.5
1732 5 3 0 1 0 1 23.432761749965913,12.375608137353671,0 -22.399247586788924,-18.61514726091982,0.5
2071 2 31 0 1 1 0 10.802204608381647,27.45109060854702,0 17.11783012933234,27.115122932845466,0.5
2804 7 20 0 1 1 0 -22.4645603064481,9.777194395017242,0 -16.40246203722786,13.682442732103757,0.5
1887 0 16 0 1 1 1 21.707084964201474,22.826573600891972,0 15.718296619513527,7.8220937977621805,0.5 -6.333345248881621,-15.366806368223314,0.5
1621 11 20 1 1 1 1 -11.132692096311057,-2.883256264838998,0 19.84523373690232,5.139717689495605,0 21.349541353340058,-0.6686434042319034,0.5 -9.628384479873318,-8.691617358566507,0.5
803 22 1 1 1 0 1 -2.492440294742518,22.361523681921675,0 1.0523636800023966,-9.441532221255818,0 -9.341714270274526,29.64763691245137,0.5
2017 11 26 1 1 1 0 -5.391832899324583,-10.15766400240533,0 9.611528211839474,18.107140178200805,0 17.724309204046385,20.593660753721196,0.5
745 16 20 1 1 1 1 0.17278443791805684,16.49909529453095,0 -0.16231265380181095,-15.499150125165439,0 -6.214342590576113,-20.436045267295523,0.5 -5.879245498856245,11.562200152400866,0.5
1862 2 29 0 1 1 1 21.41979708307996,20.28404034998154,0 25.545364611889767,15.92747145172799,0.5 2.3103304878708255,-6.07555536859097,0.5
2363 6 2 0 1 0 1 -5.978819226248324,24.789185558623007,0 12.749422765727985,-27.270904259681913,0.5
1122 25 22 1 0 1 1 -17.917574229870652,18.14415976883678,0 11.54041025721839,-20.22545255600202,0.5 -10.944388776344779,2.543689114695118,0.5
1815 15 27 1 1 1 1 -12.247402691823202,-9.500059331621133,0 13.037557704198894,10.112966385274108,0 25.40670516224935,12.114013901202705,0.5 0.12174476622725061,-7.499011815692536,0.5
1880 17 3 1 1 0 1 -12.244108458983893,-12.50327189357406,0 10.145118437443797,10.35985385467565,0 -15.653569126834093,-24.56045141261509,0.5
892 23 2 1 1 0 1 -6.886422611998846,22.4683596109941,0 2.4908337107229865,-8.126853476317015,0 -14.381260626380023,26.446726504354594,0.5
2654 2 31 1 1 1 0 1.871810942835216,-1.6572036067672369,0 -22.08736912545555,19.555002559853396,0 -19.607529223482352,25.373111708071704,0.5
2768 29 2 1 0 1 1 26.08552723109413,-13.776620379318237,0 0.5913865829889526,6.473041163893573,0.5 28.887551715023264,-8.471089417061803,0.5
615 6 17 0 1 1 1 -7.1142732040003525,-24.487488984762045,0 -10.644106469748174,-15.131192863111126,0.5 -1.7163910764928305,15.598205078551048,0.5
1821 5 9 1 1 1 1 -4.3031494581712355,-3.425332792684618,0 20.73335648027959,16.503876182934977,0 11.169439383406262,1.222139051177538,0.5 -13.86706655504456,-18.707069924442056,0.5
1765 28 28 1 0 1 0 -24.221941750125623,-15.018240171655307,0 27.383676523105688,9.918884013734123,0.5
297 0 8 0 1 1 1 -25.599866179642458,-18.354750109560147,0 -10.404043275692755,-0.07670409058433325,0.5 15.60216998616625,18.569391258810104,0.5
2411 12 31 0 1 1 0 -6.451454514418202,18.401867694568207,0 -4.75946723265457,31.711156895661937,0.5
946 12 28 1 1 1 1 -4.988364487253691,11.461510360432705,0 7.781848600115759,-17.87995616227502,0 5.871946057930718,-28.526658575668336,0.5 -6.898267029438732,0.8148079470393852,0.5
363 31 24 1 0 1 0 22.826573600891972,21.707084964201478,0 -21.888684539906734,-12.535369524367757,0.5
2723 15 3 1 1 0 1 12.963918494132392,-8.496282556359114,0 -13.800300332463513,9.044429818059703,0 27.125765962640504,-10.603905928480028,0.5
2900 0 31 0 1 1 0 -30.811649423114876,6.549218260759436,0 -29.564179278208318,12.41810386516227,0.5
579 17 31 1 0 1 0 6.134350603347032,16.389623018093367,0 -16.661130406513813,-27.398115511420507,0.5
368 27 2 1 1 1 1 19.728421513987414,19.158271961908216,0 -3.228287156834304,-3.134989957403163,0 -5.973479474778831,2.5627217883328712,0.5 16.98322919604289,24.855983707644253,0.5
959 30 13 1 1 1 1 -12.928440459838033,27.624362929783974,0 0.6358249406477721,-1.3585752260549495,0 0.28812356161015096,-14.770476797085633,0.5 -13.276141838875654,14.21246135875329,0.5
2259 20 6 1 1 0 1 0.386393014165858,-20.496358223806585,0 -0.21675705672718862,11.497957052379302,0 6.47956932702775,-25.38237934741818,0.5
657 16 29 1 1 1 0 3.1935662228391966,16.18799353781501,0 -3.0000167547883363,-15.206903020371678,0 -11.596252412160386,-27.78087345627319,0.5
176 3 14 0 1 1 1 -26.585592738822893,-10.269189779405549,0 -15.687938013661938,0.3722913905809442,0.5 14.162552079051487,11.902609739387174,0.5
319 20 29 1 0 1 0 16.092349661449532,12.699853635914279,0 -26.8743139916218,-13.565443136135318,0.5
86 25 25 1 0 1 0 25.087475388268732,4.568213944531349,0 -26.162349257570227,1.334721440943646,0.5
2786 18 28 1 0 1 0 16.672724326989105,-8.016873674707975,0 -23.084940609240086,17.75768895627632,0.5
1504 1 14 0 1 1 1 30.49892970249366,0.2555132136504976,0 14.54975606452659,-5.8783159546567125,0.5 -17.449121000384785,-6.1463953919293655,0.5
1045 1 27 0 1 1 0 17.6680757564517,-24.86139776972091,0 11.039465465052334,-25.89170141659132,0.5
586 3 23 0 1 1 0 -9.597848176277067,-26.83526244300836,0 -13.563544098265307,-20.10672204747488,0.5
1962 29 12 1 1 1 1 -16.734433999239315,-24.29421163003861,0 1.418172372816891,2.0588314940710686,0 12.03205744985502,6.890543775594804,0.5 -6.120548922201184,-19.46249934851487,0.5
2233 25 13 1 0 1 1 -0.9077284612509077,-25.483838585280573,0 6.476759440728262,13.277860789560089,0.5 5.33764921484477,-18.701858219419453,0.5
48 8 26 1 1 1 0 8.45708364434105,0.8530745762353266,0 -23.381348899060555,-2.35850029900355,0 -26.968372239111744,3.310120658330606,0.5
1421 13 22 1 1 1 1 -13.315632578068541,2.2234947820671254,0 18.247348347723555,-3.0470113680179125,0 21.204501060306622,-9.623883560364561,0.5 -10.358479865485473,-4.353377410279523,0.5
170 0 28 0 1 1 0 -29.524382668994583,-10.980019490637178,0 -28.803968984449803,-4.310611411720384,0.5
534 19 4 1 1 0 1 8.523757449693193,17.538402405544232,0 -5.463947083136662,-11.242565644579637,0 6.624252073502432,27.3563390179808,0.5
1789 0 18 0 1 1 1 25.903795269863206,17.923263949878457,0 18.627295117198095,5.592305125510229,0.5 -7.6876715061550005,-12.6154550775409,0.5
1507 31 9 1 0 0 1 -31.49661478632535,-0.4617975766843064,0 -22.409620547054427,-6.329210609312667,0.5
2853 13 17 1 1 1 1 12.865221110482452,-4.090976140042456,0 -17.630117818068545,5.606152488206329,0 -14.85892685875468,11.020993267676866,0.5 15.636412069796318,1.3238646394280806,0.5
251 8 22 1 1 1 1 7.352298614542801,4.265407962035051,0 -20.326943228441863,-11.792598483273377,0 -22.47284312934392,-6.100927936297865,0.5 5.206398713640741,9.957078509010564,0.5
1105 6 31 0 1 1 0 17.260337226907847,-18.77047572155323,0 16.9050105222854,-27.248314062367598,0.5
1414 1 0 0 1 0 1 30.006588209497895,-5.46394216894926,0 -32.06528464304522,-0.2598475716421529,0.5
580 23 11 1 1 0 1 8.19144311206266,22.02612675305945,0 -2.96286240223543,-7.966896910681077,0 1.5220350331458654,21.305713068514667,0.5
456 25 25 1 1 1 0 14.728103937267825,20.81665089328819,0 -3.7542225722447395,-5.306205129661696,0 -19.626139441570928,-17.351214672754587,0.5
835 15 2 1 1 0 1 -2.7448134749535407,15.255031923523251,0 2.921898215273124,-16.239227531492492,0 -11.129173487243158,27.971261993175137,0.5
2210 20 26 1 1 1 0 -1.7153957883124737,-20.428103614614837,0 0.9622951983216316,11.459667881369299,0 8.196420003803393,25.904993710117967,0.5
2083 15 3 1 1 0 1 -5.3114793815417105,-14.56153105890508,0 5.654155470673434,15.500984675608633,0 -4.129546840032792,-28.830484610841616,0.5
623 19 20 1 1 1 1 5.125825054326837,18.81424772645548,0 -3.285785291235152,-12.060415209266335,0 -11.17768717807349,-18.201904003403914,0.5 -2.7660768325115006,12.6727589323179,0.5
928 2 2 0 1 0 1 10.744687528811,-27.473654469476998,0 -16.33254945480632,25.288294294125606,0.5
2176 25 9 1 1 0 1 -3.9363206026718993,-25.19435214711783,0 1.0033758398967587,6.422089762990819,0 2.454858796964284,-23.156503801026766,0.5
1906 5 28 0 1 1 0 17.483093758230197,19.91460350197644,0 23.311539363072423,17.459156122903675,0.5
1036 16 22 1 0 1 1 -9.302937225506541,13.627375351779396,0 7.7304142704982315,-21.965670834428828,0.5 -10.311645803211425,4.463178332658487,0.5
1049 20 7 1 0 1 1 -12.014836044443888,16.610048609956923,0 -0.46580591836157925,-9.59338443128489,0.5 -19.22067193895692,16.33449632572104,0.5
1506 27 31 1 1 1 0 -27.497828715604943,-0.3455660967921963,0 4.499644698917172,0.05654717947508666,0 31.572909131720323,-5.603696008897289,0.5
285 16 28 1 1 1 0 13.64682947553027,9.274375734560154,0 -12.819748901255709,-8.712292356708025,0 -26.944296633937796,-11.056892823138348,0.5
825 28 28 1 0 1 0 -4.458382253646585,28.149117706961423,0 -1.4677477899242408,-29.08772449720281,0.5
2612 1 24 0 1 1 1 -20.9716349381165,22.14589189945556,0 -12.489498511053146,21.91489053001181,0.5 9.513528309265807,-1.3201435940071375,0.5
2477 7 25 1 1 1 0 3.432890590362522,-6.668227815139526,0 -11.214109261850906,21.782877529455785,0 -6.3372457551209544,25.418287043764405,0.5
74 15 21 1 1 1 1 15.314214050208875,2.3926654643692022,0 -16.30222785989977,-2.5470309781994733,0 -22.16848999133587,2.609224310794542,0.5 9.447951918772773,7.548920753363217,0.5
249 25 19 1 0 1 1 22.110302879694494,12.703720186157016,0 -19.896989304744498,-4.51218534713313,0.5 7.849273132519181,11.429738023730575,0.5
1787 30 2 1 0 0 1 -25.15392571373583,-17.24905855946519,0 -20.935949416341508,-21.631828911037314,0.5
1758 2 24 0 1 1 0 25.297036357712745,15.17596624655443,0 24.09604027943352,7.458608640484985,0.5
1778 9 7 1 1 1 1 -7.934703694481589,-5.224028836135978,0 18.792719276403766,12.372699875058895,0 9.563626392150294,-0.887158515354705,0.5 -17.16379657873506,-18.48388722654958,0.5
2606 31 0 1 0 1 1 21.370109107256845,-23.142351581979263,0 4.068858886928481,4.437835886810499,0.5 25.778176075252894,-19.071854609168433,0.5
432 29 31 1 1 1 0 18.226858586164866,23.195508748030257,0 -1.544649032725836,-1.965721080341547,0 -24.18030840516525,-21.060927933761487,0.5
36 28 2 1 1 0 1 28.419028657427496,2.1468139575460827,0 -3.4900561509121486,-0.26364381934776454,0 28.964226724520515,8.2050941646377,0.5
440 31 2 1 0 0 1 19.04487211816481,25.09069241776218,0 13.056494380294883,27.12522727088804,0.5
265 19 14 1 0 1 1 16.572907513243848,10.275638012185214,0 -15.485178821289594,-2.5415028767806414,0.5 11.711387354290054,14.321082579113042,0.5
1289 5 31 0 1 1 0 23.954232941520456,-11.333345674750078,0 25.90785900412807,-18.895312694481138,0.5
2413 7 18 0 1 1 0 -8.202448293167937,23.086139607953218,0 -0.5399369704443879,19.441153979842536,0.5
2131 30 19 1 0 1 1 -7.523152795127764,-29.557607684336723,0 10.624495921672516,17.41752239586228,0.5 2.7313520054728953,-13.593738125409038,0.5
1185 23 3 1 1 0 1 -18.568642790828726,14.403315760844945,0 6.716317605193368,-5.2097099560502995,0 -26.196860174625037,12.726920954855684,0.5
1393 3 26 0 1 1 0 27.787341729544963,-6.333532948164809,0 24.50397747873518,-11.739041175566218,0.5
164 21 25 1 1 1 0 20.24414535174315,7.2404819575423485,0 -9.886675636897817,-3.5360493281020773,0 -26.0310975913816,-2.93801943287772,0.5
1661 6 14 1 1 1 1 -6.1339558981894005,-2.150484838139404,0 24.063980831358418,8.436517441931509,0 15.668503008089651,-0.8648777286330844,0.5 -14.529433721458167,-11.451880008703997,0.5
1838 7 31 0 1 1 0 18.61327348529296,15.93097769007571,0 27.832815548048266,15.924332911250085,0.5
1705 0 6 0 1 0 1 28.64093743498266,13.11284495620263,0 -20.687836027137845,-16.07057685692264,0.5
1280 0 5 0 1 0 1 28.214920447541505,-14.006008144325211,0 -26.404172721454007,6.408561686964097,0.5
345 22 7 1 1 0 1 16.877499066685342,14.879516969782166,0 -7.126055161489366,-6.282462720574692,0 14.409850014004348,20.702807118212228,0.5
944 4 23 1 1 1 0 -1.778511960919423,4.133629785656494,0 10.868684205618697,-25.26107091234524,0 3.776278303926107,-23.958082606320918,0.5
2222 0 2 0 1 0 1 1.8461978737995424,31.445851131918467,0 4.260706968711883,-29.800945893155305,0.5
1300 25 25 1 1 1 0 -23.295409169886327,10.3717843984329,0 5.9380454746769065,-2.6437881799927,0 20.854989311431527,-15.853057144288506,0.5
2423 14 12 1 1 0 1 5.139586545022772,-13.558563719886443,0 -6.202949278475759,16.363783799862947,0 12.522297927397428,-16.10720505294131,0.5
1352 8 4 1 1 0 1 -8.094911898378578,2.5927594098737616,0 22.38005054257607,-7.168217192003929,0 -28.019603960547464,2.674283809559644,0.5
1126 2 7 0 1 0 1 20.903292611640044,-20.815915977735756,0 -21.594107283104936,13.036277484226634,0.5
2771 5 7 1 1 0 1 4.879445778941293,-2.537914279555556,0 -23.51005693489896,12.228132437858587,0 24.504346774799092,-5.982222759175157,0.5
1985 27 0 1 0 0 1 -14.49128437615864,-23.372049057138753,0 -11.49975140022417,-29.933354602066274,0.5
2405 5 29 1 1 1 0 1.7542762011393849,-5.212726255052721,0 -8.452421696398854,25.11586286525402,0 -3.7226891642355504,29.872923951071197,0.5
1932 25 24 1 1 1 0 -15.755420133803536,-20.050355019483774,0 4.016087485087176,5.1108748088880205,0 19.855291113532914,15.556908908805147,0.5
1710 3 21 0 1 1 1 25.787570995281563,12.13470980960456,0 22.008457377409858,3.7252924538529353,0.5 -6.946008301502774,-9.899644876229377,0.5
1356 12 31 1 1 1 0 -11.935806809333037,3.7130197697129366,0 18.619858622559537,-5.792310840752181,0 28.295983670057044,-15.085997088156457,0.5
292 11 26 0 1 1 1 -16.784403962524937,-11.770037537016487,0 -25.141801474585844,-10.302418095404256,0.5 1.058243735209182,8.07032342579221,0.5
1720 8 30 1 1 1 0 -7.613549962035009,-3.779399023071884,0 21.0492263656262,10.448926710845798,0 29.987019762411656,8.187102403703813,0.5
412 23 7 1 1 1 1 15.280733702725676,17.85354803691366,0 -5.5270738924752445,-6.457666311224091,0 -9.435182595401045,-1.7964769387446133,0.5 11.372624999799875,22.514737409393142,0.5
2132 14 11 1 1 1 1 -3.5471426215321546,-14.059437372189187,0 4.281034198400876,16.968286483676604,0 8.630949267638268,9.682805106964326,0.5 0.8027724477052383,-21.344918748901467,0.5
491 10 23 0 1 1 0 -11.099039681821422,-18.413617736375258,0 -17.270192508886275,-17.02910598669256,0.5
2520 17 0 1 1 0 1 9.37696891213243,-14.775738696285272,0 -7.769488527195442,12.242754919779225,0 21.944511594850468,-23.381368883439514,0.5
476 27 27 1 0 1 0 14.929236691669232,23.09475896830528,0 -19.96809319384493,-19.837470962850173,0.5
540 30 14 1 0 1 1 12.986268392734717,27.597225100213596,0 -11.60276204248967,-10.565316511366849,0.5 2.0221752875926544,18.389149167545778,0.5
2867 27 7 1 0 0 1 26.439982053239444,-7.561570539535833,0 25.20541758333023,-0.9679485781524084,0.5
205 4 28 1 1 1 0 4.091562490711809,1.8732635651718053,0 -25.003992998794384,-11.447721787161031,0 -28.41091386140386,-6.408585925139022,0.5
846 20 22 1 1 1 1 -4.094054600545341,20.08702857387706,0 2.296664775915679,-11.26833310241884,0 -1.385655752731326,-23.244998561731993,0.5 -7.776375129192346,8.110363114563905,0.5
984 31 17 1 0 1 1 -14.827173863207978,27.79217363270103,0 2.9435714542836013,-18.26432005560368,0.5 -12.118954375007043,9.968999190314825,0.5
2084 6 8 1 1 1 1 -2.214600387635685,-6.111100156525327,0 8.688047674570765,23.974315998676282,0 8.53703142062389,5.947192154561718,0.5 -2.3656166415825597,-24.13822400063989,0.5
1843 3 2 1 1 0 1 -2.635061021223811,-2.303574052299367,0 21.456925458536745,18.757674425866274,0 -18.260815946373206,-23.933085905764056,0.5
1580 22 23 1 1 1 0 -22.184910834086363,-3.7522968011122937,0 9.366962352169796,1.5843030938029685,0 24.171519351453476,-1.9969106745946341,0.5
1739 16 0 1 1 0 1 -14.475676708133875,-7.918635225945846,0 13.598362968246974,7.438717939524886,0 -24.755879087911637,-20.381276961581662,0.5
187 30 9 1 0 1 1 28.190533016040032,11.642330019010663,0 -11.070952254637518,1.9193791119881607,0.5 18.506000417929073,14.13428273849115,0.5
343 7 13 1 1 1 1 5.646559331193879,4.936230112070074,0 -18.445427148566672,-16.125018366095574,0 -14.11279088580504,-4.367966736771029,0.5 9.97919559395551,16.69328174139462,0.5
2100 31 29 1 0 1 0 -9.734035322810849,-29.958280263297336,0 14.822340431831876,26.202065264457342,0.5
2311 31 23 1 0 1 1 4.013441375901585,-31.24327588973668,0 2.9569454922137406,24.072940687753064,0.5 7.03409228678043,-7.666260216106421,0.5
1181 5 29 0 1 1 0 20.802305659922563,-16.416883968377,0 19.44025332669636,-22.98535513308139,0.5
2800 29 31 1 0 1 0 26.949591000456728,-11.998730970736105,0 -26.33626205728713,18.29347700274331,0.5
19 5 0 0 1 0 1 -26.47902108626824,-1.0542496445158895,0 31.236364767937896,7.248414729051319,0.5
452 4 0 0 1 0 1 -16.070760835777232,-22.315479967037426,0 13.539494055445758,29.0677157809579,0.5
961 6 6 1 1 0 1 -2.779877240976433,5.875566570561622,0 10.905672253061391,-23.050299622972517,0 -16.329272164349042,20.484259092840425,0.5
1146 31 0 1 0 0 1 -23.231663196782474,21.272983455812273,0 -27.283660045508622,16.84790475166323,0.5
880 3 0 0 1 0 1 7.66421488753507,-27.45013315373326,0 -14.249949750166815,28.72610193043464,0.5
2636 19 7 1 1 1 1 14.102561173649171,-13.467285114063746,0 -9.040103316441776,8.632875073117784,0 -1.2802819547685287,9.518974635762724,0.5 21.862382535322418,-12.581185551418805,0.5
1151 11 2 0 1 0 1 15.263164677594979,-13.685240371459209,0 -25.969502449649127,15.22612697036472,0.5
2554 23 10 1 1 0 1 13.971740561183264,-18.895514433086664,0 -5.053608288087563,6.8345477736696445,0 17.607042921870644,-13.720132635926113,0.5
64 31 31 1 0 1 0 31.21744214425702,4.209668154375778,0 -32.01928369747145,1.7365113016731781,0.5
1939 15 26 1 1 1 0 -9.397123557507296,-12.326559489368533,0 10.003389593475507,13.121821391908439,0 20.837621368397066,17.436844201498218,0.5
796 13 16 1 1 1 1 -1.2986082741740936,13.437396196817543,0 1.7795743016459802,-18.414209603046263,0 -4.384988196817239,-17.000643473521038,0.5 -7.463170772637312,14.850962326342769,0.5
2047 9 0 0 1 0 1 9.280542421623137,20.496866403439657,0 -7.526928349355151,-31.170424277248358,0.5
800 4 31 0 1 1 0 2.8745327398604665,-27.34935212262752,0 -2.6744847792785604,-31.95461048370653,0.5
2192 6 16 0 1 1 1 3.0899978386560827,25.31209026052769,0 7.955196309842804,15.651353030069428,0.5 4.077551963293994,-16.112838669416302,0.5
1445 18 13 1 1 1 1 -18.377396163607333,2.1263372841180335,0 13.410532335605351,-1.5516515316537,0 12.72090943264815,-7.511888125256079,0.5 -19.067019066564534,-3.8338993094843454,0.5
1881 11 12 0 1 1 1 14.31239108936619,14.676697901947538,0 13.022686635549395,4.760213523812053,0.5 -9.318606772241733,-18.149753932886544,0.5
799 31 19 1 0 1 0 -3.2270273830326186,31.33426709321853,0 -3.9707482092119086,-20.012075321141495,0.5
1949 22 8 1 1 1 1 -13.263263170372287,-18.17514374285513,0 5.600044449712744,7.673949580316611,0 9.857271084679788,3.3292952352015512,0.5 -9.006036535405244,-22.519798087970194,0.5
1613 14 17 0 1 1 0 17.012186167682454,4.103111233699839,0 18.41896716209383,-1.7296383095055736,0.5
976 0 3 0 1 0 1 14.359452104450243,-28.036692659085155,0 -18.33220764861406,22.631397719276997,0.5
1453 10 19 0 1 1 1 21.395919182425377,-2.1129700279752712,0 18.815935064625265,-7.887368866980003,0.5 -13.029153951077621,-4.74248324394704,0.5
660 12 2 1 1 0 1 2.3422664323215594,12.278590634108607,0 -3.6539356344216323,-19.15460138920943,0 -0.3659747240932516,30.101761784010662,0.5
2700 23 29 1 1 1 0 19.011899367811264,-13.812953428873124,0 -6.876644452187052,4.9961746444860236,0 -20.339289820306107,22.193766908877645,0.5
1129 22 27 1 1 1 1 -16.04262919988369,15.776059341769706,0 6.773554551062003,-6.661002833191653,0 15.400708753163702,-23.559884759909735,0.5 -7.415474997781994,-1.1228225849483762,0.5
366 3 31 1 1 1 0 2.521081587107674,2.4277865703448174,0 -20.52880720930535,-19.76911921566494,0 -26.8516541188459,-17.528224983775914,0.5
968 8 31 1 1 1 0 -3.747474396278597,7.6293142319107785,0 10.360664507358473,-21.09280993528274,0 8.502300951918958,-30.918617021513075,0.5
1207 13 19 1 1 1 1 -11.036886185373385,7.77413296330299,0 15.124621809585749,-10.653441468230023,0 12.486998728515783,-16.134585918270268,0.5 -13.674509266443351,2.2929885132627463,0.5
1137 18 9 1 1 1 1 -13.406082908460364,12.748605455165945,0 9.78281725752513,-9.303036413229202,0 2.749521886452854,-10.89449996080209,0.5 -20.43937827953264,11.157141907593058,0.5
1545 31 28 1 0 1 0 -31.36020188499702,-2.964411869533194,0 28.938165871098864,-3.291284858040828,0.5
1697 24 29 1 0 1 0 -22.444033743086564,-9.824222581924314,0 29.43038085357549,6.332667906459096,0.5
1733 20 17 1 1 1 1 -18.107140178200808,-9.611528211839468,0 10.157664002405332,5.39183289932458,0 18.270444994612244,2.9053123238041874,0.5 -9.994359185993897,-12.098048787359861,0.5
2658 13 2 1 1 0 1 10.1823936399374,-8.863907702664912,0 -13.95365054361792,12.146836481429697,0 26.1899302662328,-14.843771510295594,0.5
2164 28 23 1 0 1 1 -5.105650879182085,-28.03894308100623,0 10.112858040239171,22.044956390475576,0.5 4.38019740396455,-9.43736566539107,0.5
2486 11 31 1 1 1 0 5.455548534440188,-10.123585836469582,0 -9.725108257045553,18.046392143271863,0 -9.661588157917258,30.57619522221156,0.5
1211 20 26 1 1 1 0 -16.858025493085574,11.664346380079635,0 9.456941130267516,-6.543413822971503,0 18.37812669689219,-20.01235766003043,0.5
1471 20 21 1 1 1 0 -20.462198975225053,1.2443524815335856,0 11.478794547077468,-0.6980513920798163,0 21.096154296494493,-7.293988888015727,0.5
965 26 21 1 1 1 1 -11.533624133366676,23.858447442158127,0 2.393771046547801,-4.951753242712065,0 3.955556008091879,-21.968240181381123,0.5 -9.971839171822598,6.841960503489068,0.5
742 29 11 1 0 1 1 0.494254117634954,29.49585924951502,0 -6.191833147453969,-11.397859547919087,0.5 -5.655693087646561,20.59764879053789,0.5
739 27 5 1 0 0 1 0.6334984751591765,27.492702298645927,0 -5.387945607278451,26.631185518729897,0.5
905 26 14 1 0 1 1 -8.452421696398858,25.11586286525402,0 -1.0617004752354973,-15.656397800927412,0.5 -11.26839837277374,14.67219131937933,0.5
2357 25 19 1 1 1 1 5.666845269410588,-24.862358389592867,0 -1.4444899706340717,6.337463903229555,0 1.5164967680019892,20.345767067197038,0.5 8.62783200804665,-10.854055225625386,0.5
1503 14 24 1 1 1 0 -14.499713782413988,-0.09110558750060378,0 17.4996545649824,0.10995501939728043,0 24.53721525476871,-5.84594453798063,0.5
1168 30 18 1 0 1 1 -23.419011893683216,19.539700149273635,0 10.361098988114678,-16.458968004054476,0.5 -14.209667588864432,4.041701005019501,0.5
186 15 20 1 1 1 1 14.3386967059341,5.886575980587916,0 -15.263773912768558,-6.2663550761097175,0 -21.2427573132372,-2.235008217190173,0.5 8.359713305465462,9.917922839507462,0.5
2688 4 3 0 1 0 1 -21.834735962815465,16.718083186601657,0 26.276308147630935,-12.562071092409251,0.5
2199 1 30 0 1 1 0 3.251640205395447,30.326174107108464,0 9.21744494777744,29.6865071814569,0.5
474 5 11 1 1 1 1 3.00516890703848,4.606404220231779,0 -14.47945018845813,-22.194493061116752,0 -11.308703227696945,-6.353206380079014,0.5 6.175915867799667,20.447690901269517,0.5
2973 15 20 0 1 1 1 -16.47362557679809,0.9325558189534092,0 -20.12812057034184,7.1490392575353585,0.5 11.820729033145362,5.340446154110564,0.5
779 26 2 1 1 0 1 -1.6085532078360993,26.451135260656773,0 0.33385066577730366,-5.489858261645746,0 -7.779589856419078,29.081402677070123,0.5
1335 26 28 1 0 1 0 -24.933340377286974,8.97655488650022,0 24.782674393723674,-15.299315340716156,0.5
1546 3 2 0 1 0 1 28.367836415503703,2.7415063565897513,0 -28.786039863783184,-8.809875649558592,0.5
859 10 31 1 1 1 0 -2.376268774803901,10.227577753793513,0 4.865693205550845,-20.94218301967243,0 1.2844761793868384,-32.040601132697056,0.5
1024 5 29 0 1 1 0 14.386355357426709,-22.254949551276,0 10.976142857978562,-28.031665807818953,0.5
1556 5 19 1 1 1 1 -5.462214247940094,-0.6435957656792266,0 26.317941376438636,3.1009614164544557,0 20.068136805255854,-3.6769396467082993,0.5 -11.712018819122877,-7.421496828841982,0.5
2449 22 31 1 1 1 0 9.108504613560196,-20.573894714048496,0 -3.84581305905875,8.686755545931586,0 -7.265534535238011,31.232387163283946,0.5
180 8 16 1 1 1 1 7.903100130050137,3.1290586978197625,0 -21.84974741837391,-8.650926988089932,0 -17.550059333264215,-0.4953962039676769,0.5 12.202788215159831,11.284589481942017,0.5
2683 21 8 1 1 0 1 16.932986099529312,-13.248546401516926,0 -8.269597862560827,6.470220335624545,0 22.20541636037397,-9.755484829696368,0.5
1664 23 21 1 1 1 1 -22.12732166353321,-7.914015162895121,0 8.003499325107757,2.862516122749299,0 22.264744967801477,1.5909530221721635,0.5 -7.866076020839488,-9.185578263472257,0.5
2253 28 27 1 1 1 0 0.17906960301841374,-28.49943743439991,0 -0.02199100387945432,3.4999309129964797,0 5.827095106083967,27.53715603733712,0.5
311 14 31 1 1 1 0 11.53129758682863,8.790857521539078,0 -13.917083294448348,-10.609655629443715,0 -28.6883461458163,-14.325808717759253,0.5
2433 18 29 1 1 1 0 6.918245306149307,-17.157735336691236,0 -5.048449277460305,12.520509570017929,0 -5.467125649257143,29.603387257799316,0.5
1082 3 30 0 1 1 0 18.258408336206507,-21.883338982622025,0 14.932681416090048,-27.26288733288459,0.5
927 23 9 1 0 0 1 -8.513471117556822,21.90367114276796,0 -13.743622425601542,18.797947830082474,0.5
2618 16 13 1 1 0 1 11.49496317714493,-11.83705290839245,0 -10.79829874216645,11.11965576242927,0 17.192674922880965,-9.091860590447922,0.5
2439 0 0 0 1 0 1 -12.145895756737966,29.064191305908626,0 17.68193219595866,-26.750687352244253,0.5
1035 7 4 1 1 0 1 -4.215625333890978,6.203104307059215,0 13.771042757377193,-20.26347406972677,0 -20.41977633658096,19.372215525437674,0.5
2445 6 4 1 1 0 1 2.5814612891260698,-5.96540506694588,0 -10.127271211186889,23.402742954941527,0 16.428094746560337,-22.85536486250081,0.5
1473 12 8 1 1 1 1 -12.480019376362188,0.7064816810253085,0 19.468830227125014,-1.1021114223994812,0 8.147301969034139,-6.470816843751059,0.5 -23.801547634453062,-4.66222374032627,0.5
1282 29 10 1 0 1 1 -26.478208216631526,13.00594055179043,0 6.779170947928421,-10.014631359104701,0.5 -21.9429532192651,4.093507544532375,0.5
2303 4 29 1 1 1 0 0.4984880589485042,-4.472304736384334,0 -3.046315915796414,27.330751166793156,0 2.6952068176278074,29.983092906006423,0.5
1038 24 17 1 1 1 1 -13.89808925360553,20.176548641896474,0 4.254517118450672,-6.176494482213207,0 4.98601102394767,-17.81543415325802,0.5 -13.166595348108531,8.537608970851661,0.5
2474 26 0 1 1 0 1 11.981269720815494,-23.636818226594496,0 -2.4866786213013286,4.9057547262743295,0 19.59361907793415,-25.38385493633335,0.5
459 12 29 1 1 1 0 7.155401569932388,10.249401366568152,0 -11.162426449094525,-15.98906613184632,0 -21.80646036099315,-20.753994471533296,0.5
2323 29 1 1 0 0 1 4.492728622180551,-29.155880873803824,0 10.575034176926433,-29.230440505692656,0.5
2785 12 10 1 1 1 1 11.25398464252742,-5.4403887421540915,0 -17.556216042342776,8.487006437760382,0 -6.8419605034890685,9.971839171822598,0.5 21.968240181381127,-3.9555560080918744,0.5
151 5 27 0 1 1 1 -25.185791520512442,-8.241717386885062,0 -28.002247967373677,-2.8502822270288517,0.5 2.4107833026790795,7.10198027788896,0.5
2871 2 2 0 1 0 1 -28.429848509555285,7.873608684951088,0 30.03126044547754,-2.0912666152110306,0.5
1235 30 6 1 0 0 1 -25.921727136099346,16.07215176264867,0 -24.83399844414509,8.3380166272441,0.5
335 31 3 1 0 0 1 24.05957490199123,20.331917163304443,0 17.8954406897436,22.978320271940444,0.5
2065 24 12 1 0 1 1 -9.257099277052445,-22.683829327844872,0 10.278233344090808,9.306337589214131,0.5 -1.8126718341001418,-20.3215211247057,0.5
410 1 27 0 1 1 0 -19.929328421698216,-23.08834919737857,0 -22.511036943638437,-16.89684040648267,0.5
2843 31 0 1 0 0 1 29.812357434616388,-10.172184828770718,0 31.749916449620333,-4.493640555510454,0.5
1229 25 21 1 0 1 1 -21.501697957985904,13.708646356352798,0 14.903318743473733,-16.617493506254924,0.5 -12.079204184194854,0.5855136860309385,0.5
293 2 10 0 1 0 1 -24.117640182852956,-16.987920179069494,0 14.122092978200731,17.28630932024108,0.5
1927 30 0 1 0 0 1 -19.094817134189903,-23.783144422297227,0 -15.042225350596674,-28.319277118278755,0.5
1595 9 31 0 1 1 0 22.056101428988743,4.447290158530327,0 32.064486042858995,0.3445791742121269,0.5
71 1 27 0 1 1 0 -30.163408340671847,-4.518716330318606,0 -28.085443519684837,1.8595328183694892,0.5
2798 0 5 0 1 0 1 -28.72276198005613,12.932630986657049,0 26.626951694966024,-5.408830135430954,0.5
1761 13 26 1 1 1 1 -11.532745327940487,-7.017534125379573,0 15.804132486436965,9.616620838483119,0 25.757255995755582,8.64949498925302,0.5 -1.5796218186218698,-7.984659974609672,0.5
828 5 0 1 1 0 1 -0.8945044085718596,5.426772693143274,0 4.309884877664415,-26.147177521508503,0 -11.04318636888604,30.10478425137854,0.5
1397 30 2 1 0 0 1 -29.793069592487978,6.528629584925783,0 -30.100568212719672,0.4536444327994342,0.5
478 30 5 1 0 0 1 16.450443289854846,25.683319792567115,0 9.240551751663958,25.55116833580845,0.5
1797 23 0 1 1 0 1 -19.09831286417771,-13.693226272211534,0 6.907900397681299,4.952869077182895,0 -22.103723301631007,-23.230915096158704,0.5
698 4 2 1 1 0 1 0.4891201993538337,4.47333895771202,0 -2.989067884940095,-27.337071408240124,0 -2.7579973034075613,29.977382321917244,0.5
2393 30 23 1 0 1 1 8.998752571812574,-29.142279460455672,0 -1.2005576614708673,24.224133860707664,0.5 8.240756512234128,-6.351372458458943,0.5
978 15 26 1 1 1 0 -7.123487839633061,13.766114956609941,0 7.583067700254549,-14.654251405423485,0 6.85004761358816,-26.293095057287857,0.5
245 28 26 1 0 1 0 24.8295936169254,13.990756978031511,0 -26.032588516375863,-7.781666604080094,0.5
67 19 23 1 1 1 0 19.308327992332682,2.7273558881272093,0 -12.377133328418386,-1.7483050564918008,0 -24.10819708454263,2.65421049143624,0.5
141 11 7 1 1 0 1 11.00218859292655,3.346915918525126,0 -19.612597056956023,-5.966241419979572,0 21.693228262221716,12.870658396645641,0.5
2993 11 15 0 1 1 1 -20.497796924433956,0.30053493085804817,0 -15.410372816759905,6.226588925605049,0.5 16.58618823601505,5.757461228655901,0.5
640 4 7 0 1 0 1 -6.279648928043032,-26.773419829011907,0 -0.2468770995278975,25.22278834105636,0.5
574 13 1 1 1 0 1 4.8643530534026285,12.593175507863476,0 -6.665965295403601,-17.257314584849947,0 5.392867783822171,30.613183060018653,0.5
144 3 20 0 1 1 1 -27.213639525279323,-8.465685074945496,0 -21.35697265676839,-0.36016515384935843,0.5 9.198692775124185,9.145165456615759,0.5
444 27 8 1 0 1 1 16.442387034081772,22.043092083949105,0 -9.89159426521417,-3.2258894730573364,0.5 9.241365192626436,22.424254042810713,0.5
1314 4 7 1 1 1 1 -4.162847430755061,1.7090059298481062,0 25.439623187947593,-10.443925126849539,0 4.659404478127626,-8.398806457420259,0.5 -24.943066140575027,3.754124599277386,0.5
1877 20 30 1 1 1 0 -14.434842621504272,-14.556281066687454,0 8.097594641331666,8.165718647166134,0 25.73660421248805,17.432073990484962,0.5
1596 24 29 1 1 1 0 -24.006448783414047,-4.892894522602978,0 7.3489128928818515,1.4978248538580543,0 30.103983928421727,0.012314110869533046,0.5
2249 18 22 1 1 1 0 -0.03874628106755941,-18.499959424974517,0 0.028274313211462274,13.499970391197621,0 6.0471106958847125,22.487384290568716,0.5
1481 3 28 0 1 1 0 28.477437772024334,-1.1338156554227579,0 28.238739739303753,-7.129065712691039,0.5
986 2 5 0 1 1 1 13.994667979650908,-25.96919845007415,0 -2.672695485164912,-7.688088113671636,0.5 -17.853352276650643,20.481889866069814,0.5
1395 15 4 1 1 0 1 -15.126709810050585,3.381220241646406,0 16.102626571989333,-3.599363483042948,0 -28.14657040169481,0.14343856677242872,0.5
589 5 29 1 1 1 1 1.819641016887189,5.190270375391032,0 -8.767361263183728,-25.00766635415679,0 -15.422005863730593,-25.853659995038598,0.5 -4.835003583659676,4.34427673450922,0.5
1627 16 3 1 1 0 1 -15.919748076231564,-4.337236584430395,0 14.954914859490255,4.074373761131582,0 -25.920569737334375,-13.280589764463976,0.5
2107 26 16 1 0 1 1 -7.81858830009946,-25.320341170559843,0 10.601085055660382,13.995249038250591,0.5 1.1597708819553745,-16.580257280916012,0.5
685 26 28 1 0 1 0 3.5964626695090667,26.254817772493254,0 -9.812380857206337,-27.422020018830317,0.5
862 1 3 0 1 0 1 7.089022665574411,-29.664722443450778,0 -12.459851823920504,26.32493290639019,0.5
2200 3 7 0 1 1 1 2.9790612031281456,28.343874017995788,0 6.751094846717046,6.831743435656125,0.5 3.4061840221521105,-24.992957216128623,0.5
1467 8 10 1 1 1 1 -8.479706304070415,0.5870102185724515,0 23.443893899488792,-1.6229106042885424,0 10.06057116250643,-6.710805308168615,0.5 -21.863029041052776,-4.500884485307621,0.5
2582 9 1 1 1 0 1 6.086136112068835,-7.294446327540675,0 -14.414532897005135,17.27632024943844,0 24.146718882457215,-19.575136454481854,0.5
1323 10 26 1 1 1 1 -9.786746680811214,3.803891350397731,0 20.039528917851534,-7.788920384147735,0 22.526232279915316,-15.19272389241973,0.5 -7.300043318747434,-3.599912157874264,0.5
2503 4 29 0 1 1 0 -13.899366049741625,23.72883527304469,0 -9.733028611967628,28.4871577037552,0.5
2559 26 2 1 0 0 1 15.977632854759145,-21.14155264777214,0 22.573188117057644,-19.917358716253705,0.5
2645 28 20 1 0 1 1 20.978766982912425,-19.290965135955833,0 -11.028734467858586,18.292539901212955,0.5 12.526372319972909,-3.367491128632194,0.5
1358 28 2 1 0 0 1 -27.248861655886458,8.351618912424144,0 -29.96319762537528,2.9080557186383675,0.5
2826 27 26 1 1 1 0 25.694045917556824,-9.801326664614411,0 -4.204480241054753,1.6038534542096308,0 -22.621245702820705,15.050888440640831,0.5
2110 3 1 0 1 0 1 8.237406212917431,27.28360567966392,0 -3.0715528216139703,-30.932435456394884,0.5
750 2 25 1 1 1 0 0.00000000000000015308084989341916,2.5,0 -0.0000000000000018063540287423458,-29.5,0 -6.000000000000002,-25.5,0.5
1893 9 24 1 1 1 1 -6.459557097862985,-6.965925789114318,0 15.298951021254437,16.498245290007596,0 21.058389856034633,13.8850357101182,0.5 -0.7001182630827865,-9.579135369003716,0.5
1701 6 10 0 1 1 1 23.27363547878933,10.420551405776887,0 12.035156116154873,-1.1853342396893582,0.5 -17.170974680757226,-14.262104631252512,0.5
1946 5 4 1 1 0 1 -3.2699818334684245,-4.422354441786239,0 15.75536701580241,21.30770776497006,0 -11.525522503575317,-25.679025118169477,0.5
2392 24 14 1 1 1 1 7.179461872083905,-23.424460019972575,0 -2.19779445063793,7.170753067338543,0 1.4875331826375016,15.621691490698193,0.5 10.864789505359337,-14.97352159661292,0.5
2767 24 0 1 1 0 1 21.640240700776573,-11.486948350734982,0 -6.624563479829563,3.516412760429076,0 30.636296823627422,-9.46928280993847,0.5
2495 9 27 0 1 1 1 -11.045334456340665,19.602310750204264,0 -8.272570357695233,26.903802327496056,0.5 7.4363497579892694,-0.9750396283500087,0.5
1476 23 0 1 1 0 1 -23.47031848024141,1.180741477224587,0 8.489264131151149,-0.42707670452804214,0 -31.76168004216817,-4.409725716973361,0.5
1639 4 0 1 1 0 1 -4.310652349051323,-1.291617716516116,0 26.342875466424754,7.893219378709597,0 -28.45240948800444,-14.788860481014577,0.5
2074 12 20 0 1 1 1 7.0262877438038025,18.19014240024724,0 12.983577084587765,16.961035525243364,0.5 1.4532587357815245,-12.889454567470056,0.5
142 29 4 1 0 1 1 28.204962064864937,8.644658172509192,0 -6.060687400913469,4.417925783488076,0.5 24.534525686397647,13.79518210620991,0.5
2189 28 20 1 0 1 1 -3.6312088639109685,-28.26772580499985,0 8.563022334742946,19.568460555053722,0.5 4.485875540176244,-12.170740348805758,0.5
1559 14 26 1 1 1 0 -14.389437826001807,-1.7871986603700232,0 17.366562893450457,2.1569639004465797,0 27.037468575949518,-2.6879905142210503,0.5
2956 22 29 1 1 1 0 22.404529821117805,-2.070517687594827,0 -9.459690368916407,0.8742185792067048,0 -28.8226899376625,8.689220031589077,0.5
2937 25 2 1 0 0 1 25.27834459227242,-3.3548911568532045,0 30.032961271104142,2.0666971931947042,0.5
838 23 29 1 0 1 0 -4.30672955656865,23.101992999015867,0 -0.4920611095880858,-30.099964715335314,0.5
1658 31 25 1 0 1 0 -29.79098749031318,-10.234601328435,0 26.065961554717337,2.6106796486734414,0.5
1610 7 11 0 1 1 1 23.852683120392427,5.594596317711059,0 12.566262603705276,-3.215438410966424,0.5 -18.588262288235853,-10.5226662545074,0.5
2053 21 17 1 1 1 0 -8.621256551484608,-19.69578471332086,0 4.2103811065389944,9.618871604179954,0 12.513799903763061,13.625520612753832,0.5
2254 10 29 1 1 1 0 0.08796356535508405,-10.499631536924046,0 -0.18011587191755307,21.499245527987334,0 5.752653718435171,29.5492296887038,0.5
2664 24 28 1 1 1 0 18.679841519780474,-15.852871058451386,0 -5.718318832585859,4.8529197117708325,0 -17.847275794409597,23.01574997079785,0.5
573 1 17 0 1 1 1 -11.049398684488645,-28.428168929975435,0 -11.932245592078816,-14.137592267791419,0.5 -0.3394338575333524,15.688683330871335,0.5
355 20 26 1 1 1 0 15.089990285954556,13.875957378494542,0 -8.465116501876945,-7.784073651350597,0 -23.56782862676893,-13.520630673872098,0.5
2951 5 13 0 1 1 1 -26.360573903818764,2.7148008142972904,0 -12.814299728896964,7.351443562865132,0.5 19.01733668326154,4.07319352295897,0.5
2034 30 8 1 0 1 1 -13.332030882853442,-27.43186017277432,0 9.111915525931153,5.0222500384085595,0.5 -4.875789006898686,-23.75871801171532,0.5
159 17 31 1 1 1 0 16.538603815646585,5.720540518961493,0 -13.703414590107169,-4.739876429996666,0 -31.730815046093507,-4.626594483051859,0.5
767 4 31 0 1 1 0 0.978922850368607,-27.482571023341798,0 -4.874885685579624,-31.69361906681739,0.5
2650 30 16 1 0 1 1 22.665917177060507,-20.408483493945194,0 -8.247105982223843,15.499523957785533,0.5 15.533528433052755,-5.912655445697949,0.5
2243 4 9 0 1 1 1 0.4031566145656727,27.49704465472848,0 6.138627482427083,9.4110176193646,0.5 5.669499785477936,-22.585543433410354,0.5
861 28 6 1 1 1 1 -6.566098660282822,27.73330756299061,0 0.8063629933680659,-3.4058447884374434,0 -4.341059792494923,-7.707476881443364,0.5 -11.713521446145812,23.431675469984686,0.5
2145 7 31 1 1 1 0 -1.6360743104740743,-7.319375714540604,0 5.34450941421531,23.909960667499305,0 12.727012675623595,29.432518552691278,0.5
947 19 1 1 1 0 1 -7.819279197858124,17.863618693477065,0 5.012358460165464,-11.451037624023758,0 -17.726652702335137,25.53459974173855,0.5
985 22 15 1 1 1 1 -10.632392209553714,19.829327671462327,0 4.489232266256012,-8.372382794617426,0 2.0367161430803833,-16.495508096221705,0.5 -13.084908332729343,11.706202369858048,0.5
632 21 15 1 1 1 1 5.259556300892507,20.846751965659827,0 -2.5686205190405267,-10.180971890205962,0 -9.6094713701299,-13.561270588947549,0.5 -1.7812945501968658,17.466453266918244,0.5
1824 20 24 1 0 1 0 -15.958477182123984,-12.867672906459358,0 22.83847455613628,10.707664542220016,0.5
310 18 17 1 1 1 1 14.735803483447631,11.185083624953934,0 -10.75315389332665,-8.16208805064206,0 -17.566868254597683,-5.801305001946383,0.5 7.922089122176597,13.545866673649613,0.5
2146 9 26 1 1 1 0 -2.0529386870466193,-9.275529243510977,0 4.862223206163046,21.96835873463126,0 11.584847438715922,24.57725187692223,0.5
1750 29 13 1 1 1 1 -25.54774941164094,-14.750000000000004,0 2.1650635094610964,1.2500000000000002,0 14.691342951089922,1.5538475772933698,0.5 -13.021469970012113,-14.446152422706634,0.5
2803 5 29 0 1 1 0 -24.276199762930364,10.626199935550797,0 -24.61851673181664,17.325664025521913,0.5
1900 27 20 1 1 1 0 -18.401091674868606,-20.436482700628336,0 3.011087728614863,3.344151714648273,0 18.176046383220964,11.219685284133426,0.5
326 1 1 0 1 0 1 -23.662699478337842,-19.24387313920641,0 19.877019516526744,23.898830413633526,0.5
2562 16 15 1 1 1 1 10.030849911960988,-13.100841577689284,0 -9.422919614266384,12.306851179041448,0 -4.658977222379372,15.95443296520908,0.5 14.794792303848,-9.453259791521653,0.5
2992 23 1 1 1 0 1 23.496701436054337,-0.39372785642106417,0 -8.498806902402633,0.14241220338634236,0 30.59624514630569,5.488149318956748,0.5
1768 11 15 1 1 1 1 -9.735497243620586,-6.121282007835941,0 17.354582042975824,10.911850535707547,0 16.31546950635954,3.1710337095420496,0.5 -10.774609780236869,-13.862098834001438,0.5
2938 31 0 1 0 0 1 31.234801639773742,-4.078868289610184,0 32.01172893303283,1.8706177370133865,0.5
1375 24 9 1 1 0 1 -23.66518274408217,6.341066605011765,0 7.244443697168012,-1.9411428382689075,0 -23.28624536211916,0.027873557072314092,0.5
2116 19 6 1 0 0 1 -5.401095593823578,-18.737079985589524,0 -1.297715780972518,-26.164210933101245,0.5
2839 1 6 0 1 0 1 -28.782408445350267,10.090736548192584,0 26.04904375887171,-2.7744043051412888,0.5
424 5 19 0 1 1 1 -16.720086497999016,-20.55939462871976,0 -16.958417150313185,-11.342931180077029,0.5 3.231875979346005,13.48350761686759,0.5
1495 29 6 1 0 0 1 -29.49838249628261,0.3089176314292484,0 -25.561432523518036,-5.732640521228808,0.5
753 12 29 1 1 1 0 -0.0785392995694868,12.499753260701715,0 0.12252130732839939,-19.499615086694675,0 -5.8145288181528345,-29.537116559049398,0.5
865 24 29 1 1 1 0 -5.844069710675227,23.792789857786083,0 1.7890009318393554,-7.283507099322271,0 1.2099313191103143,-30.07966200280575,0.5
761 0 9 0 1 0 1 0.7256437079095912,-31.49164081481261,0 -6.516724708471157,22.355811304311942,0.5
2778 16 12 1 1 1 1 14.748383498495855,-7.3983230654855285,0 -13.85454207434459,6.949939849395496,0 -8.482718505350608,10.967838746032983,0.5 20.12020706748984,-3.380424168848041,0.5
1835 24 18 1 1 1 1 -18.713002701548728,-15.813713349236792,0 5.728470214759815,4.84093265792963,0 18.00297265608458,7.358191051085237,0.5 -6.438500260223963,-13.296454956081186,0.5
2529 12 7 0 1 0 1 -10.757094477254386,16.264529455456838,0 18.519794432075564,-17.125046399752115,0.5
2506 0 4 0 1 0 1 -16.09155550377459,27.079731192700965,0 19.206227413016094,-20.575976977035843,0.5
908 3 24 0 1 1 1 9.259877392393571,-26.95375058647383,0 2.2857716699929655,-25.120215920104222,0.5 -8.111283647782273,5.14364438751552,0.5
2568 7 23 1 1 1 1 4.633947098177508,-5.897163241024641,0 -15.137560520713194,19.26406658734716,0 -9.801970314803146,22.18493583375255,0.5 9.969537304087556,-2.9762939946192533,0.5
446 0 6 0 1 0 1 -18.728077773500967,-25.328029984775743,0 10.33643820049588,24.070896230247214,0.5
2932 0 31 0 1 1 0 -31.181080249535448,4.471044002470856,0 -30.32945282049338,10.41029738333475,0.5
1602 1 8 1 1 1 1 -1.4659021853522902,-0.31801066488308183,0 29.8066777688299,6.466216852622663,0 9.578821709861973,-4.061548307071697,0.5 -21.693758244320218,-10.845775824577442,0.5
278 6 4 1 1 0 1 5.429007790961087,3.5743355194614583,0 -21.298415179924266,-14.022393191733412,0 19.669492482255563,20.133580543224095,0.5
2580 31 29 1 0 1 1 20.078855677083713,-24.27116714743737,0 -14.180928240931598,26.554684600377925,0.5 6.216639431026461,1.898260831552662,0.5
1922 4 3 1 1 0 1 -2.8538589994298533,-3.4792942978962325,0 17.440249440960216,21.2623540426992,0 -13.435381265860762,-25.840675885915942,0.5
2219 8 24 1 1 1 0 -0.5514854619152878,-8.4820907673342,0 1.5246951005893252,23.450486239100435,0 7.5769339318740885,24.059095415081902,0.5
1591 5 2 0 1 0 1 26.020155121963363,5.020112292465555,0 -27.82920386200475,-11.479782768283549,0.5
157 23 5 1 1 1 1 22.240965070269368,7.588772808765452,0 -8.044604387118707,-2.744875271255589,0 -7.14289126549252,3.9024485095066472,0.5 23.142678191895556,14.236096589527687,0.5
1899 24 2 1 1 1 1 -16.431796625149644,-18.172673432099106,0 5.030141824025401,5.563063295540543,0 6.127164577774235,-2.1697590273734724,0.5 -15.33477387140081,-25.905495755013124,0.5
1679 11 0 0 1 0 1 19.076181609329286,7.506616761756732,0 -27.11512293284547,-17.11783012933233,0.5
475 7 18 0 1 1 1 -13.343656357868166,-20.547428914662888,0 -15.107845555450547,-12.24757129690018,0.5 2.320603565030324,14.589886877353386,0.5
2491 21 21 1 1 1 1 10.397140894365979,-18.81885919025653,0 -5.077673460039199,9.190605651055513,0 -5.145366236619971,21.720386881707498,0.5 10.329448117785207,-6.289077959604542,0.5
2058 17 23 1 0 1 1 -6.849039169651043,-16.10405732890273,0 14.71867225486948,19.27720641207474,0.5 2.1947149160790023,-10.170212703633112,0.5
2980 0 18 0 1 1 1 -31.47236914811404,1.3190830924697978,0 -18.23251843445368,6.769436574583349,0.5 13.73941212870979,5.429415655248952,0.5
373 29 6 1 0 1 1 20.946843486208778,20.77209060167688,0 -8.840238178658248,-0.3165263726660026,0.5 13.881761535195341,22.215910890169933,0.5
2080 22 15 1 1 1 1 -7.842871064740848,-21.088844763567558,0 3.3114344495572468,8.904178900172969,0 11.026558670439488,12.436438553193426,0.5 -0.12774684385860624,-17.5565851105471,0.5
2387 13 17 1 1 1 1 3.8206500589829693,-12.948074494950724,0 -5.235705636384069,17.74365764122877,0 0.8020052546298055,18.48260770485448,0.5 9.858360949996843,-12.209124431325014,0.5
1425 30 4 1 0 0 1 -30.1244943881517,4.771251183727045,0 -28.100036156607672,-1.6241822549644738,0.5
836 26 26 1 0 1 0 -4.747359589414932,26.071297952514563,0 -1.155575796060063,-27.146171821816058,0.5
1488 16 3 1 1 0 1 -16.49478912317445,0.4146465748150739,0 15.495104933891149,-0.3895164793717361,0 -28.641779967234072,-5.281897415564672,0.5
1466 4 5 1 1 0 1 -4.488595557655849,0.32017170360945163,0 27.43030618567463,-1.9566048553910933,0 -26.859736111008157,-4.099338488952139,0.5
2487 29 18 1 1 1 1 14.049027008204181,-25.939831150621423,0 -1.190595509169846,2.1982907754763916,0 -3.534508906713519,19.12478096053293,0.5 11.705113610660508,-9.013340965564884,0.5
2870 9 11 1 1 1 1 9.150044384577752,-2.5547382958450258,0 -21.67115775294731,6.0506959638434825,0 -9.462850594481473,8.871553337861506,0.5 21.35835154304359,0.2661190781729976,0.5
2707 2 24 0 1 1 1 -24.11764018285295,16.9879201790695,0 -16.574734352728143,19.013894423197303,0.5 9.586773642230987,0.5863199916642863,0.5
2004 3 28 0 1 1 0 14.04272923412631,24.800237008081478,0 19.263831762143464,21.843872958791728,0.5
715 28 8 1 0 1 1 2.0872886181375017,28.423462600897057,0 -6.606411538931618,-8.037743873642103,0.5 -4.262789230847405,23.876319397540556,0.5
2976 29 31 1 0 1 0 29.462740219877514,-1.4822073863032215,0 -31.158748224010928,7.575117762298866,0.5
1296 22 2 1 1 0 1 -20.477384340412403,9.323450572348897,0 8.646006721507458,-3.936568019436201,0 -29.33437962116708,6.763443815191914,0.5
323 4 9 1 1 1 1 3.5089885213225434,2.817268101765721,0 -21.443818741415544,-17.216638399679407,0 -11.164222125146331,-1.2689146308531312,0.5 13.788585137591756,18.764991870592,0.5
178 5 11 1 1 1 1 5.1222067654957115,2.00324682740544,0 -24.679723506479338,-9.652007441135302,0 -12.895428866842423,1.3992549232384919,0.5 16.906501405132627,13.054509191779236,0.5
2417 3 2 1 1 0 1 1.19936631196103,-3.288087658462438,0 -9.766268540254101,26.77442807605128,0 15.745666329607147,-25.657825157964496,0.5
2647 17 29 1 1 1 0 12.931203468807023,-11.791266973837596,0 -10.714425731297247,9.769906921179723,0 -17.755594313530377,24.310262659488643,0.5
1943 1 22 0 1 1 1 18.287265287592216,24.409545843813333,0 18.292483410941145,14.40954720525399,0.5 -0.894155579319543,-11.200468106287868,0.5
1753 8 20 0 1 1 1 20.277368324238186,11.877640078870126,0 20.721357068940573,5.184145177506743,0.5 -6.89037852151142,-10.989662589465343,0.5
2115 29 26 1 0 1 0 -8.230237628157273,-28.328663727469817,0 13.155026424101242,23.77383603420361,0.5
1762 19 2 1 1 1 1 -16.63714369120675,-10.171305216054602,0 10.664835699491505,6.520067446188847,0 5.262599514068947,-3.815107646518153,0.5 -22.039379876629305,-20.506480308761603,0.5
1630 9 31 1 1 1 0 -9.150044384577754,-2.5547382958450227,0 21.67115775294731,6.0506959638434745,0 31.953139777817828,2.6919989485949145,0.5
1976 0 10 0 1 1 1 17.100762028639302,26.45399663642241,0 10.739110511722131,5.560710873352366,0.5 -6.6330921840384285,-21.313190471584686,0.5
950 0 31 0 1 1 1 12.812204256887703,-28.776681915741932,0 7.330931511032098,-31.21710177419673,0.5 -5.684641067393505,-1.9836471296334999,0.5
627 8 23 1 1 1 1 2.1655511683087485,8.219512645980698,0 -5.987112053559481,-22.724534962417223,0 -11.78912098013409,-21.19591060831693,0.5 -3.6364577582658613,9.748137000080991,0.5
2320 10 19 1 1 1 1 1.5338717999053177,-10.387359496111378,0 -3.140785114091841,21.26935515870425,0 3.0870149408109113,20.167308664152742,0.5 7.761671854808069,-11.489405990662888,0.5
2312 8 10 1 1 1 1 1.1006469987836969,-8.428438537716724,0 -3.0429652319313973,23.30215360427565,0 4.58986326342018,11.188527839850329,0.5 8.733475494135273,-20.542064302142045,0.5
2270 5 14 1 1 1 1 0.23031609551059729,-5.495175565543721,0 -1.109704823823787,26.476754997619746,0 5.387540001519757,14.738534958808643,0.5 6.727560920854142,-17.233395604354822,0.5
2611 10 10 1 1 1 1 7.20375969344139,-7.6390998343488885,0 -14.750555562760942,15.641966327476295,0 -2.838559788099168,11.755533944886825,0.5 19.115755468103163,-11.525532216938359,0.5
523 9 0 1 1 0 1 4.3483280811258656,8.44642189917673,0 -10.298671771087577,-20.00468344541857,0 9.08355822741099,30.75286929587602,0.5
2158 5 29 0 1 1 0 5.074597727740838,26.009583962485973,0 11.538042895972474,27.805099642524194,0.5
1021 11 0 1 1 0 1 -6.182330709727729,9.696844177130899,0 11.020676482558127,-17.285678750537688,0 -21.99343325384425,23.335357158370165,0.5
1568 17 16 1 1 1 1 -17.322822360853028,-2.4839133347060174,0 14.35319567042108,2.058099620184986,0 17.184574226417777,-3.5972779509982216,0.5 -14.491443804856333,-8.139290905889226,0.5
662 14 0 1 1 0 1 2.6573437689466153,14.254421212158723,0 -3.2071390314872947,-17.20361180777777,0 -0.12553093456096232,32.06609177908135,0.5
2539 31 17 1 0 1 0 17.923263949878468,-25.9037952698632,0 -5.023312619164888,17.804952410218313,0.5
1175 15 13 1 0 1 1 -12.04576240258305,9.75446606127248,0 6.715548133370083,-13.15870104791463,0.5 -18.153122633252984,6.979551465680167,0.5
2724 12 7 0 1 1 1 -16.331796780821765,10.654689761318243,0 -3.003094219910451,9.123125840759869,0.5 23.797803061438092,-8.361493254736736,0.5
1431 25 1 1 1 0 1 -25.2341910243676,3.6722749550824414,0 6.432244770917231,-0.936070086589642,0 -31.04613631269437,-1.5451278437722014,0.5
167 30 6 1 0 1 1 28.65333530945838,10.451620718517566,0 -8.162505043363439,3.409327120865118,0.5 21.90001069115027,14.37496197308027,0.5
1474 17 23 1 1 1 1 -17.47406031744485,0.9524788828626566,0 14.478507120168588,-0.7891967886576298,0 23.138602523587313,-7.270149465825229,0.5 -8.813964914026123,-5.528473794304943,0.5
915 11 27 1 1 1 1 -3.8954860828208506,10.820128842973594,0 6.944127365028473,-19.288055763561623,0 3.67000819302016,-27.90664866771295,0.5 -7.169605254829164,2.2015359388222664,0.5
2331 1 31 0 1 1 0 -5.149420063738381,30.06216015204444,0 0.5956140624428734,32.060805415469844,0.5
401 25 31 1 0 1 0 17.023103876693156,18.985887769691317,0 -25.4958077934895,-19.447719273926175,0.5
2250 22 2 1 1 0 1 -0.000000000000004133182947122317,-22.5,0 0.0000000000000017451216887849782,9.5,0 5.999999999999995,-29.5,0.5
2566 4 19 1 1 1 1 2.765522722392288,-3.549913248507905,0 -16.90041663684176,21.693914296437196,0 -7.250714132356042,19.070321040057305,0.5 12.415225226878007,-6.173506504887796,0.5
793 1 12 0 1 1 1 2.743087640808636,-30.376396596614995,0 -4.8514683301502295,-12.988966665657024,0.5 -7.729461920506831,18.88135107505379,0.5
2765 3 27 1 1 1 0 3.084562082227472,-1.653927677041691,0 -25.11714838385227,13.467696798768056,0 -21.40054034257295,18.282966746288956,0.5
1121 20 1 1 0 0 1 -14.373742955834619,14.616617715449587,0 -25.66335933881236,17.53972597981486,0.5
1554 10 13 0 1 1 1 21.362643176180182,2.4264122747798553,0 14.090891001261003,-4.438106667328048,0.5 -17.704670935379266,-8.049510983279461,0.5
1383 22 18 1 1 1 1 -21.82784842102738,5.458482692896666,0 9.216202666656006,-2.30469269255637,0 16.491746650294512,-10.308845348655673,0.5 -14.552304437388873,-2.5456699632026347,0.5
493 28 16 1 1 1 1 14.610308604455724,24.470163106987393,0 -1.7942484251085977,-3.005107749980908,0 -13.61021300405066,-11.09108209258097,0.5 2.794344025513663,16.384188764387332,0.5
2626 24 2 1 0 0 1 17.360361660514606,-17.287794625577163,0 25.137038234230364,-16.56439883638525,0.5
1708 22 23 1 1 1 1 -20.39855871052885,-9.494672323630109,0 8.61272478888996,4.0088616477549355,0 23.837073939520383,4.477042104094866,0.5 -5.174209559898426,-9.02649186729018,0.5
1037 18 2 1 0 0 1 -10.462543716396919,15.257299203413538,0 -21.631828911037314,20.935949416341508,0.5
879 31 27 1 0 1 0 -8.407412663591824,30.357295866135306,0 1.5574626365702642,-28.103813088897518,0.5
2235 7 0 1 1 0 1 -0.23558069308596225,-7.496299202742987,0 0.7695635974141434,24.487910728960426,0 5.007600451233348,-31.672921205989315,0.5
582 19 5 1 1 0 1 6.7205370019030815,18.305310224250544,0 -4.308036539681463,-11.734173220673426,0 3.500634318201457,26.944304766874765,0.5
1420 3 25 0 1 1 1 28.10088705650939,-4.752909281408924,0 24.142286465001256,-10.168579263683647,0.5 -7.409586721254897,-4.831979368768362,0.5
2910 29 27 1 0 1 0 28.977473896496317,-5.527748780278878,0 -25.88861150752459,11.04670965547956,0.5
2928 4 7 1 1 1 1 4.448932851320613,-0.6760151510434096,0 -27.187922980292633,4.131203700820836,0 -6.513534550809808,7.058602386833166,0.5 25.123321280803438,2.251383534968921,0.5
730 7 13 1 1 1 1 0.31406740296899643,7.493421225741438,0 -1.0259535163653883,-24.47850933742203,0 -6.560058305937344,-13.236904283959392,0.5 -5.220037386602959,18.735026279204078,0.5
2549 2 31 0 1 1 0 -17.289642112736324,23.902265072864846,0 -13.600343597084919,29.039294999039342,0.5
1113 10 24 1 1 1 0 -7.235694988067157,7.608857866963992,0 14.815946880327987,-15.580042299021507,0 12.535369524367752,-21.888684539906738,0.5
2997 19 27 1 1 1 0 19.499615086694675,-0.12252130732839671,0 -12.499753260701715,0.07853929956948506,0 -27.46175830975042,6.17266802418969,0.5
2903 7 29 1 1 1 0 7.345759740173448,-1.5132130846800522,0 -23.996148484566596,4.943162743288171,0 -27.682751176938186,11.828579258546963,0.5
347 25 11 1 1 1 1 19.057027209340333,16.94342686537945,0 -4.85767360238087,-4.31891273039084,0 -12.581034278419237,-3.157146890032222,0.5 11.333666533301967,18.105192705738066,0.5
351 15 20 1 1 1 1 11.496997477450458,10.39562643631916,0 -12.238739250189196,-11.06631201285588,0 -19.229819800364474,-9.298603682570324,0.5 4.50591692727518,12.163334766604716,0.5
2252 24 17 1 1 1 1 0.10262505990740595,-24.499785062262873,0 -0.03141583466553243,7.499934202733532,0 5.92664374796725,17.524979140777333,0.5 6.060684642540188,-14.474740124219071,0.5
2699 30 18 1 0 1 1 24.637417073648066,-17.97909007539355,0 -11.40713689869272,15.752054715956362,0.5 14.441956424479024,-3.111252904128672,0.5
2809 2 24 0 1 1 1 -27.17096082714064,11.488641683418832,0 -20.229040344557042,15.067711396834076,0.5 9.244544281493823,2.6054560114305967,0.5
1524 25 2 1 1 0 1 -25.467792393453447,-1.2812301135841202,0 6.491790217939114,0.3265880681685012,0 -29.1612743107989,-7.474629125939303,0.5
926 29 21 1 0 1 1 -10.629512227805739,27.518420554220192,0 2.1499657482204153,-22.217732721443003,0.5 -9.38035260058581,7.632757371270426,0.5
2842 17 21 1 1 1 1 16.550548605729542,-5.68588962690834,0 -13.713311701890193,4.71116569086691,0 -18.38408327209915,12.659995349308947,0.5 11.879777035520586,2.262940031533697,0.5
2394 2 28 0 1 1 0 -8.762726656522522,28.16850407002597,0 -2.7364978064656285,28.995889014741536,0.5
593 7 25 1 1 1 0 2.4219487687549313,7.09818034157533,0 -7.911699311266109,-23.187389115812746,0 -13.91317008702703,-22.196254146352178,0.5
2977 17 0 1 1 0 1 17.479699956399553,-0.8426680451076114,0 -14.483179963873916,0.6982106659463065,0 31.752374679841804,4.4762375038575755,0.5
2181 11 14 1 1 1 1 -1.6561239993509005,-11.380125363930485,0 2.9522210423211703,20.286310431354345,0 8.025613058623563,13.484789024424924,0.5 3.417268016951492,-18.181646770859903,0.5
2855 29 28 1 0 1 0 28.150089691230168,-8.821703371554555,0 -25.40160460917737,14.24810455039613,0.5
209 26 2 1 1 0 1 24.001495660304105,11.232907284777312,0 -4.981442495534814,-2.3313581157084986,0 24.175346349822913,17.938858070292653,0.5
1584 30 25 1 1 1 0 -30.029212203140762,-5.3382032987459205,0 1.476846501793808,0.2625345884629141,0 26.156528884346393,-1.4442980033056916,0.5
1286 27 1 1 1 0 1 -24.78377940498381,11.916974381322651,0 4.05552753899735,-1.950050353307343,0 -30.08753156872517,7.809637898197746,0.5
82 29 5 1 0 0 1 29.06602047638832,5.041473362636661,0 25.084769574524426,10.440514134515302,0.5
188 28 23 1 1 1 1 26.319131004443943,10.934045142165704,0 -3.232173983001888,-1.342777473599297,0 -24.00364384061147,-3.4749219233063293,0.5 5.547661146834361,8.801900692458672,0.5
100 0 2 0 1 0 1 -30.81164942311488,-6.549218260759418,0 27.60788407674071,12.002280483526734,0.5
2444 26 8 1 0 1 1 10.473459325414371,-24.342486515532688,0 2.15209489913864,10.179316654132606,0.5 14.799291065676748,-19.21538404386913,0.5
1990 19 27 1 1 1 0 -10.10152668277604,-16.67960307312988,0 6.475337617164128,10.692053252006332,0 19.377928318724123,20.41435509817515,0.5
1709 10 14 1 1 1 1 -9.510026582384647,-4.450774584534404,0 19.472911573454276,9.1134908159514,0 15.6761936144556,0.712006855375332,0.5 -13.306744541383322,-12.852258545110471,0.5
1230 5 12 1 1 0 1 -4.643803590261082,2.9470473723844837,0 22.374690025803393,-14.19941006694342,0 -19.67935531716327,5.3826549490783515,0.5
2979 31 9 1 0 1 1 31.469537442360927,-1.3849957270127498,0 -9.227004169534995,6.4118947320884665,0.5 22.742049740164997,5.004914945916784,0.5
530 6 26 1 1 1 0 2.890128664702029,5.8221264415561835,0 -11.338197069215651,-22.84064988610503,0 -17.157102809837056,-21.068550571234876,0.5
1628 21 5 1 1 1 1 -20.732032092004516,-5.694984226149778,0 10.124945905397555,2.781271366259194,0 6.892841016880163,-4.328826944567597,0.5 -23.964136980521907,-12.805082536976569,0.5
2829 15 31 0 1 1 0 -15.453073131345173,5.783816283155777,0 -27.398115511420503,16.66113040651382,0.5
776 21 23 1 1 1 0 -1.170188341802693,21.468131247146527,0 0.5714873297175943,-10.484436190466909,0 -4.712063323279808,-23.79173090040742,0.5
2722 5 20 0 1 1 0 -22.133647147764428,14.572290963958263,0 -13.822868707374383,16.284296137650223,0.5
1478 5 25 1 1 1 0 -5.494162613555942,0.25333214522468916,0 26.471874410769537,-1.2206003360825932,0 25.19657341351425,-7.168171888102767,0.5
1153 24 29 1 1 1 0 -18.309692808974052,16.278978753011625,0 5.605008002747159,-4.98336084275866,0 18.059676136598565,-24.08522571704846,0.5
2777 10 22 1 1 1 1 9.375453914538038,-4.727670028288073,0 -19.197358015482653,9.68046720078034,0 -17.38873265784547,15.488123726067608,0.5 11.184079272175222,1.0799864969991946,0.5
322 30 25 1 0 1 0 23.82308432229313,19.04496398980348,0 -23.66421095597691,-11.236330354302623,0.5
2766 19 9 1 1 1 1 17.20467891548159,-9.178726677223985,0 -11.028640330436916,5.883799152066657,0 -5.557543058140061,9.76543471418038,0.5 22.675776187778443,-5.297091115110263,0.5
1501 24 20 1 1 1 1 -24.499946265506793,-0.05131264249486848,0 7.499983550665345,0.01570795178414341,0 20.51252139991259,-5.957051772322283,0.5 -11.487408416259548,-6.024072366601295,0.5
489 24 29 1 1 1 0 12.735524894207382,20.92979707663273,0 -3.898630069655321,-6.407080737744714,0 -20.4602761975067,-22.08228017940495,0.5
2635 7 31 1 1 1 0 5.413201710737714,-5.191073804028054,0 -17.683125588409865,16.957507759824978,0 -18.582588141875952,26.133071345508,0.5
279 28 0 1 0 0 1 23.77123535797538,15.72190731291026,0 22.96359543504431,22.38131552647458,0.5
391 4 2 0 1 0 1 -18.783018576919822,-20.086020341000477,0 15.766651853568433,25.6449349644012,0.5
1319 1 14 0 1 1 1 28.334605193414944,-11.287167427362052,0 11.250123630830965,-10.940051110073423,0.5 -18.477986736030616,0.9022229120769252,0.5
577 27 13 1 1 1 1 9.747491723319069,25.714517399784626,0 -1.595044100179484,-4.207830119964757,0 -10.395572460491461,-10.496764892988292,0.5 0.9469633630070913,19.42558262676109,0.5
2039 28 25 1 0 1 0 -12.188692518127443,-25.762099578616336,0 16.329272164349046,20.48425909284042,0.5
80 13 0 1 1 0 1 13.310946500451816,2.2513780806673807,0 -18.240926685804343,-3.0852218142478924,0 30.058262687424293,11.169191743980253,0.5
1937 28 19 1 0 1 1 -17.373368943126717,-22.592389239874567,0 16.643334380007662,11.800399176098026,0.5 -2.8636061877135637,-13.566494005515523,0.5
1752 23 11 1 1 1 1 -20.302200304031636,-11.835145238440369,0 7.343349046139103,4.280797213903963,0 12.956858507532171,0.6081263156542303,0.5 -14.688690842638568,-15.507816136690101,0.5
2756 11 25 1 1 1 0 10.0307605290097,-5.624397141886501,0 -17.88092094301729,10.02609925292811,0 -19.307653098993768,17.704929590622953,0.5
1448 29 2 1 0 0 1 -29.325222056112136,3.206454640208461,0 -29.977382321917247,-2.7579973034075667,0.5
2430 31 31 1 0 1 0 11.595923409567366,-29.287959305479912,0 -6.017264494237859,31.496706621587983,0.5
1918 16 17 1 1 1 1 -10.57065745780377,-12.669301516254855,0 9.93001155127021,11.901465060724256,0 15.818322097520916,9.59326253258408,0.5 -4.682346911553065,-14.977504044395031,0.5
1659 28 29 1 1 1 0 -26.934297642624436,-9.316308845165862,0 3.307720763129317,1.1441081037922989,0 29.840688895733898,3.972818423741975,0.5
1490 0 29 0 1 1 1 31.493091529457633,-0.6596862263257489,0 29.3678756432078,-6.616485487408108,0.5 -2.625106227987257,-5.94632805114068,0.5
1852 27 22 1 0 1 0 -20.359225324838903,-18.486534130886685,0 20.690973621607103,10.683333308942434,0.5
2350 2 23 0 1 1 1 -6.1333948791239035,28.855354221647264,0 0.9829608701854866,24.233938762150988,0.5 7.636134976353788,-7.06678446133079,0.5
1461 14 16 1 1 1 1 -14.451655956493433,1.1830638677382899,0 17.441653740595523,-1.4278357024427635,0 15.955444143152546,-7.326240659078785,0.5 -15.93786555393641,-4.715341088897731,0.5
636 11 11 1 1 1 1 2.719738465772835,11.17376492851875,0 -4.848229438986357,-19.918450524750813,0 -8.549528863260878,-9.754770946376402,0.5 -0.981560958501686,21.337444506893164,0.5
1699 30 26 1 0 1 0 -27.88905727904351,-12.347084031714948,0 26.660410560162056,5.241422398891313,0.5
1560 19 0 1 1 0 1 -19.34623667563232,-2.4439980545039335,0 12.401433766430973,1.5666654195538037,0 -30.499613690020226,-9.900685065162453,0.5
39 20 30 1 1 1 0 20.431651524697614,1.6726075371472295,0 -11.461658172391344,-0.9382920330338117,0 -30.887854474446858,3.4914819153753744,0.5
2877 23 24 1 0 1 0 22.724534962417223,-5.987112053559486,0 -22.162912096079364,12.043891705817478,0.5
1514 6 7 1 1 0 1 -6.497206005518962,-0.19056264546948595,0 25.48903894472824,0.7475919168418295,0 -24.31356480959964,-6.715695514940951,0.5
851 6 14 1 1 1 1 -1.3647390956110763,6.355115042303377,0 5.353976452012684,-24.931605165959404,0 -2.8218420565322555,-15.436554259548528,0.5 -9.540557604156016,15.850165948714254,0.5
409 8 29 1 1 1 0 5.5675392398835015,6.42281144144505,0 -15.39260848673674,-17.757184573406903,0 -23.856385438262777,-18.36090612745035,0.5
268 2 7 0 1 1 1 -24.973666842331067,-15.70241906357915,0 -9.542949684710436,1.0872494263438228,0.5 17.547129601885974,18.120381969887305,0.5
1273 15 26 1 1 1 0 -13.78100415128835,7.094640553415884,0 14.670101193306955,-7.552359298797553,0 20.81475914120297,-17.464129004725873,0.5
91 20 16 1 1 1 1 20.128799245292413,3.8834830941714666,0 -11.291765430285988,-2.1785392967303348,0 -17.337857859139202,2.7656255813622086,0.5 14.0827068164392,8.82764797226401,0.5
1963 31 0 1 0 0 1 -17.81460146305422,-25.97864458959602,0 -12.866288207893074,-29.371902011130157,0.5
1486 9 31 1 1 1 0 -9.495916469604637,0.2785146356861699,0 22.490328480642564,-0.6596399266251393,0 31.310555892466216,-6.920916825446545,0.5
1173 7 2 0 1 0 1 18.975324974868975,-15.497968966871552,0 -26.643261247341393,14.013801415244771,0.5
561 11 0 1 1 0 1 4.434215911190061,10.61073650850632,0 -7.90447184168663,-18.914791167337352,0 6.609859317517304,31.377695259572995,0.5
1135 27 17 1 1 1 1 -19.84840627270496,19.033937281436188,0 3.2479210264426297,-3.1146442824168306,0 8.477944948498898,-16.44306691132229,0.5 -14.618382350648691,5.705514652530725,0.5
755 8 22 1 1 1 1 -0.08901016498808696,8.499533939606852,0 0.24608692673176985,-23.498711480089536,0 -5.764055873577549,-22.561597015421494,0.5 -6.099152965297406,9.436648404274893,0.5
1574 2 20 0 1 1 1 29.14640738588141,4.553782657992985,0 21.180476181644977,-2.7635898246248223,0.5 -10.435965728463671,-7.7032862671934845,0.5
2882 18 20 1 1 1 0 17.93790285417241,-4.525664724023785,0 -13.08982100169338,3.302512095909248,0 -18.40935244142658,10.832623998244435,0.5
1543 8 23 1 1 1 1 -8.46555314987631,-0.76446704743847,0 23.404764590834503,2.113526542918123,0 23.944388389026365,-3.862158033465154,0.5 -7.925929351684449,-6.740151623821747,0.5
889 7 8 1 1 0 1 -2.152696194193527,7.184420581752206,0 7.0321409010321885,-23.46910723372387,0 -12.492651207208148,20.78902753413542,0.5
2741 17 13 1 1 1 1 14.987828390072881,-9.034102066598834,0 -12.418486380346103,7.4853988551818915,0 -8.464632620936623,12.107848470829802,0.5 18.94168214948236,-4.411652450950922,0.5
502 31 2 1 0 0 1 15.635592799954368,27.345534147169534,0 9.43418357827418,28.587517909245317,0.5
1756 17 18 1 1 1 1 -15.04429510705609,-8.939753057652553,0 12.465273088703618,7.407223962054972,0 18.96902730436874,4.292552052813466,0.5 -8.540540891390968,-12.054424966894057,0.5
1400 26 13 1 0 1 1 -25.92091141944585,5.509659806670622,0 11.95752246499982,-8.675693430442585,0.5 -19.343200758481963,-2.022519324274287,0.5
1070 26 1 1 0 0 1 -16.460416177375222,20.767876619134757,0 -23.647168042443504,20.175763766768256,0.5
261 27 29 1 1 1 0 23.492629371730615,14.294976922069509,0 -3.844248442646828,-2.3391780417931924,0 -28.320088290853466,-10.208947017115158,0.5
1656 12 0 1 1 0 1 -11.838728812434304,-4.011795122590119,0 18.468416947397515,6.258400391240585,0 -27.90793494849119,-15.792313538895565,0.5
2964 8 24 1 1 1 1 8.475850652215218,-0.6402778469874282,0 -23.433234156124428,1.770179929906419,0 -23.978432223217446,7.828460136998036,0.5 7.930652585122201,5.418002360104189,0.5
1616 30 24 1 0 1 0 -29.604293294553088,-7.337289590174229,0 25.22389912319987,0.07009295711311747,0.5
60 23 10 1 1 1 1 23.31469548089023,2.94533098876115,0 -8.432974961173063,-1.0653324852965862,0 -11.169203765187843,4.636689255461672,0.5 20.57846667687545,8.647352729519408,0.5
2365 30 29 1 0 1 0 7.275270456146714,-29.6195955372439,0 -1.209931319110317,30.07966200280575,0.5
2941 14 16 1 1 1 1 14.389437826001805,-1.7871986603700285,0 -17.366562893450453,2.156963900446586,0 -15.634657390814455,7.987958955318366,0.5 16.121343328637803,4.043796394501751,0.5
2942 16 23 1 1 1 1 16.37841134504733,-1.999410366189231,0 -15.385780354438399,1.878233980359581,0 -22.59976996433193,8.803431010650357,0.5 9.1644217351538,4.925786664101546,0.5
2600 20 27 1 0 1 0 13.717177430356598,-15.234468922286577,0 -13.942222722004242,24.451266338781487,0.5
1078 30 3 1 0 0 1 -19.34282210724678,23.581883574630027,0 -22.713499393584044,18.230385220769673,0.5
2420 27 26 1 1 1 0 9.585731301349915,-25.775254711027017,0 -1.568574212948168,4.217768952713512,0 -3.6134673170767506,26.929405005466016,0.5
2921 1 30 1 1 1 1 1.4795147308965046,-0.24705497578523566,0 -30.083466194895596,5.023451174299791,0 -29.095246291754652,10.94151009788581,0.5 2.4677346340374475,5.6710039478007825,0.5
656 0 25 0 1 1 0 -6.16152074649452,-30.891514402672424,0 -10.871995728623645,-23.83379342187872,0.5
2755 30 15 1 0 1 1 26.57202123916577,-14.972564485261803,0 -10.558391550672088,12.836291047755822,0.5 17.32045040517397,-2.872629067928691,0.5
365 10 29 1 1 1 0 7.578482395032802,7.267503325639272,0 -15.517844904114787,-14.881078238213746,0 -25.444785772124124,-16.087662260586825,0.5
830 9 8 0 1 1 1 3.7522968011123004,-22.184910834086363,0 -4.498441875336161,-9.381578795395907,0.5 -9.835041770251433,22.170294390860253,0.5
2995 5 31 1 1 1 0 5.499698431510317,-0.05759481263935451,0 -26.49854698818607,0.27750227908052627,0 -31.435442130316154,6.32953221585483,0.5
1623 25 12 1 0 1 1 -24.658537937942093,-6.496653504926252,0 13.616142951130731,-2.6173748555323293,0.5 -17.327904657267187,-10.770038077400567,0.5
571 4 30 0 1 1 0 -10.069851753576113,-25.589999719831965,0 -16.751653701929573,-26.184577488487935,0.5
81 0 19 0 1 1 1 -31.04780474719344,-5.318253508451117,0 -20.233070273681868,2.621615398995677,0.5 11.307556771086073,8.024285629803162,0.5
1374 5 3 1 1 0 1 -5.309599013583006,1.4346282845944338,0 25.582613429081757,-6.912299916682272,0 -29.07842574448769,1.641693096262423,0.5
2846 8 2 1 1 0 1 8.061692040012192,-2.6942756822574943,0 -22.288207404739588,7.4488798274177785,0 29.88065520869466,-3.6601153395909343,0.5
2581 11 13 1 1 1 1 7.348918021597858,-8.845530165673182,0 -13.100245168935313,15.768118990982629,0 -4.011931504133216,14.21810133618914,0.5 16.437231686399954,-10.395547820466671,0.5
1155 3 7 0 1 0 1 21.378165484468095,-18.847388161724076,0 -22.34559239788817,11.701474282646714,0.5
631 31 13 1 0 1 1 7.769813542509012,30.526709575626448,0 -9.14453143738509,-11.602911048123906,0.5 -1.2513875211854595,19.40834947314741,0.5
190 0 7 0 1 1 1 -29.038689275037765,-12.206740973241244,0 -9.239067155626373,2.624812011140231,0.5 20.260553695205648,15.025310777607526,0.5
276 14 21 1 1 1 1 12.144156580611055,7.922718027646902,0 -14.656740700737481,-9.56190106784971,0 -21.285218941311662,-6.722310214533937,0.5 5.5156783400368745,10.762308880962676,0.5
1172 19 24 1 1 1 0 -15.076941957550341,12.366722330862697,0 9.664706383045091,-7.92738610952737,0 15.137679178195242,-20.176735838535286,0.5
2150 2 20 0 1 1 1 6.133394879123914,28.855354221647264,0 10.13107526616691,18.804555670136455,0.5 3.477901159998596,-12.496167553345323,0.5
819 3 24 1 1 1 0 -0.5040377389328827,3.4635164151092783,0 4.104307302739188,-28.20291938017555,0 -2.4091925390857263,-25.10867960107846,0.5
1363 3 22 0 1 1 1 27.334823933784858,-8.065816791186277,0 19.88205746536988,-12.122449873838608,0.5 -10.809674670809606,-3.0660941784715616,0.5
1582 13 10 1 1 1 1 -13.301399201059061,-2.3071149286642325,0 18.227843349599453,3.1616019392806147,0 11.370917124674484,-4.117310255954068,0.5 -20.15832542598403,-9.586027123898916,0.5
487 26 1 1 1 0 1 13.869865759955815,22.580452249696094,0 -2.8786513841417727,-4.686508957484095,0 10.850875176621727,29.129169365111913,0.5
1713 17 2 1 1 0 1 -15.787344288943551,-7.550480799416776,0 13.080942410838944,6.2561126623739005,0 -24.024215527276237,-18.140757103797498,0.5
2388 22 10 1 1 1 1 6.412933405574473,-21.566740252890956,0 -2.7076829934647777,9.10595699566507,0 2.7584284781695003,11.774594359502304,0.5 11.879044877208752,-18.898102889053717,0.5
2498 6 0 0 1 0 1 -12.657384647582099,22.136860976280104,0 20.844265970843793,-24.367325994797284,0.5
759 25 17 1 1 1 1 -0.4806352127429054,25.495469985710628,0 0.12251485815015235,-6.498845290475258,0 -5.669086419265213,-17.609981804956604,0.5 -6.272236490158271,14.384333471229283,0.5
2970 1 4 0 1 0 1 -30.439815217062282,1.9151108456440544,0 27.822478148953348,4.261421083513515,0.5
163 2 21 1 1 1 1 2.355728531423798,0.836984519711014,0 -27.797596670800814,-9.876417332589964,0 -22.26802821755109,-1.5443183940976057,0.5 7.885296984673516,9.169083458203374,0.5
673 29 16 1 1 1 1 4.736823843906317,29.117219988724894,0 -0.4014257494835861,-2.467561015993635,0 -8.571556384976393,-15.322480906797384,0.5 -3.4333067915864897,16.262300097921145,0.5
1377 29 15 1 0 1 1 -28.52654388899183,7.515736407659777,0 13.459898706217448,-9.750955174667034,0.5 -17.484148902180472,-1.5982919527988022,0.5
1357 10 27 1 1 1 0 -10.032588010976541,3.097931213246955,0 20.54291830819006,-6.343382960458051,0 24.50557933546411,-13.846536802871476,0.5
1600 26 6 1 1 0 1 -25.92091141944585,-5.509659806670615,0 5.379811804035931,1.1435142994976748,0 -23.69529367380549,-11.17063372025569,0.5
1779 2 31 1 1 1 0 -2.085196084032929,-1.3791146765710747,0 24.605313791588557,16.27355318353868,0 29.58334588258548,12.372374323116514,0.5
2051 2 31 0 1 1 0 11.942261604445601,26.974661958419134,0 18.238278382730552,26.374518036051835,0.5
1406 21 27 1 1 1 1 -21.084684433570064,4.205482414274034,0 10.297171467557474,-2.053840248831505,0 25.795159415699192,-11.263203395067737,0.5 -5.586696485428348,-5.003880731962198,0.5
1974 14 31 1 1 1 0 -7.922718027646899,-12.144156580611057,0 9.561901067849705,14.656740700737483,0 22.23659016238232,23.103767180921853,0.5
2385 7 6 1 1 1 1 2.092433295294219,-7.202202642577073,0 -6.835282097961116,23.527195299085104,0 3.948319924806669,7.915855593135506,0.5 12.876035318062005,-22.813542348526674,0.5
1073 6 10 1 1 1 1 -4.069387258106041,5.068538975243674,0 15.964519243339085,-19.884268287494415,0 1.8949742090232915,-11.943997352106894,0.5 -18.138932292421835,13.00880991063119,0.5
2593 28 31 1 0 1 0 18.757674425866274,-21.456925458536745,0 -16.214919005739198,27.664533280670355,0.5
312 8 0 1 1 0 1 6.748918388506601,5.167407530404145,0 -18.658774368224133,-14.286361995823226,0 21.363115771239183,23.913746769267078,0.5
679 8 19 1 1 1 1 1.2593143871379733,8.406195767072482,0 -3.481633893852044,-23.240658885435685,0 -8.822800606073574,-18.395874251186537,0.5 -4.081852325083556,13.250980401321632,0.5
780 17 26 1 1 1 0 -1.0988340917629846,17.465467747494753,0 0.9104625331750443,-14.471387562209937,0 -4.324211603042824,-26.824451420525076,0.5
538 25 20 1 0 1 1 10.95392473359942,23.027408298170226,0 -14.2243100716788,-15.93483614552522,0.5 -0.4782084452010986,12.962303679629573,0.5
2990 14 11 1 1 1 1 14.496819910385259,-0.30366508830867345,0 -17.496161960809797,0.36649234795874386,0 -11.371823340660582,6.239521929507676,0.5 20.621158530534473,5.569364493240259,0.5
2787 25 30 1 1 1 0 23.004415963889173,-11.002129164864453,0 -5.863870735893318,2.8044642969262332,0 -24.926349486644433,18.572213149478465,0.5
294 4 19 0 1 1 1 -22.449329394722557,-15.883249344112357,0 -19.384051609518693,-6.364632212431114,0.5 6.738804413431194,12.117694297081448,0.5
2563 1 30 0 1 1 0 -18.592552728609284,24.17782006372542,0 -13.836260257056743,27.835371420173146,0.5
2983 4 21 0 1 1 1 -27.482571023341794,0.9789228503686276,0 -21.272790541804977,6.761536997199137,0.5 10.706928467174569,5.622426771315643,0.5
485 4 25 0 1 1 0 -14.491284376158637,-23.372049057138756,0 -18.536728943086466,-18.510528898184965,0.5
1966 9 3 1 1 0 1 -5.3233241718673785,-7.868431848927237,0 12.607873038633263,18.63575964219609,0 -11.00043661101651,-26.967395023750584,0.5
1909 30 25 1 1 1 1 -19.97764080193492,-23.046558701655766,0 0.982506924685324,1.1334373131961852,0 21.23636697243525,15.338406625593855,0.5 0.27621924581500323,-8.841589389258099,0.5
584 30 2 1 0 0 1 10.39158643429053,28.67516227292653,0 4.4098631532462775,29.77923952974019,0.5
2160 13 27 1 1 1 0 -2.5296477469072824,-13.260877884837297,0 3.4665543198359057,18.17231413848074,0 11.04670965547956,25.88861150752459,0.5
1090 8 23 1 1 1 0 -5.554075133915896,6.43445797303993,0 15.35538419376748,-17.789383807816275,0 10.81341385985694,-21.709907431756907,0.5
1782 27 24 1 0 1 1 -22.841387227884855,-15.31407945342516,0 23.69085322922654,8.65987720878572,0.5 -2.8882155450394706,-9.160142518836285,0.5
2886 3 30 0 1 1 0 -27.691504388068203,6.740221415176166,0 -28.215773871755204,13.04300980671166,0.5
1270 4 30 0 1 1 0 24.370598428858404,-12.740640965796194,0 24.24943295583288,-19.44775054654307,0.5
201 29 31 1 1 1 0 26.924401828403333,12.055147704722296,0 -2.281728968508757,-1.0216226868408727,0 -31.201679451628433,-7.396296329773978,0.5
1526 31 29 1 0 1 0 -31.453308571400726,-1.7144619891527881,0 29.78283729495994,-4.3854991348697485,0.5
114 25 25 1 1 1 0 24.776609189324187,6.030724424104979,0 -6.315606263945381,-1.5372434806542103,0 -26.195603171466534,-0.2009340266169355,0.5
2278 7 0 0 1 0 1 -1.4359316796218573,24.457884213714365,0 7.835883803688763,-31.09419439405189,0.5
909 15 3 1 1 1 1 -5.066764459651607,14.648477665286975,0 5.3936524893065485,-15.593540740466782,0 -4.526270347286531,-5.269048941058971,0.5 -14.986687296244686,24.972969464694785,0.5
1186 12 26 1 1 1 0 -9.892961849567321,7.640635172746146,0 15.43302048532502,-11.919390869483989,0 17.305574238164567,-20.946768254014145,0.5
1536 30 8 1 0 0 1 -30.413346457948727,-2.29746756860195,0 -22.98127332295683,-7.753133331470105,0.5
1 7 5 1 1 0 1 7.499983550665345,0.015707951784145302,0 -24.499946265506793,-0.05131264249487466,0 26.487375517590234,6.055488270169589,0.5
118 14 21 1 1 1 1 14.059437372189187,3.5471426215321555,0 -16.968286483676604,-4.281034198400877,0 -22.31453511939727,0.5581419220823296,0.5 8.713188736468519,8.386318742015362,0.5
1772 24 21 1 1 1 1 -20.630863439930962,-13.214290511522742,0 6.3155704407951925,4.045190972915125,0 21.340788041944982,6.543757769720537,0.5 -5.60564583878117,-10.71572371471733,0.5
2301 26 0 1 0 0 1 2.825195588294395,-26.348970945520467,0 9.324056102052689,-30.680807971853902,0.5
2424 10 23 1 1 1 0 3.7423247264891346,-9.810453895794424,0 -7.662855392334895,20.088072262817157,0 -2.769705495021725,24.095201420009886,0.5
1317 12 29 1 1 1 0 -11.593064416683266,4.674490071722508,0 18.085180490025895,-7.292204511887113,0 25.115876788945705,-16.59646748927309,0.5
613 2 31 0 1 1 0 -8.348827906666495,-28.293940563040465,0 -14.669549913160589,-28.51410712867036,0.5
1371 14 30 1 1 1 0 -13.97399333520514,3.870078845145448,0 16.86516437007517,-4.670784813106575,0 27.792160251923043,-13.922852744011518,0.5
2810 24 6 1 0 0 1 22.58564721391826,-9.49413186807653,0 25.83260388421938,-4.35046854499763,0.5
1226 28 31 1 1 1 0 -23.934568385334565,15.472118025911746,0 2.93933295960249,-1.9000846698488107,0 23.196708630967304,-22.139618530814996,0.5
98 4 0 1 1 0 1 4.405544619221384,0.9171568066854812,0 -26.92277267301957,-5.604847151966829,0 29.615936592302383,12.294157139093546,0.5
898 13 0 1 1 0 1 -4.117912003917145,12.856624779777743,0 5.6430645979605325,-17.618337661176906,0 -15.322516800152336,28.168608039962667,0.5
2211 17 12 1 1 1 1 -1.4278357024427648,-17.441653740595523,0 1.1830638677382908,14.451655956493433,0 6.999878212806154,11.968780431016427,0.5 4.388978642625099,-19.924529266072533,0.5
2389 15 4 1 1 0 1 4.448905467999948,-14.847802535621227,0 -4.735931627225751,15.805725279854855,0 13.64075584411135,-24.62071851106994,0.5
1492 2 26 1 1 1 0 -2.499649088941951,0.041885942172453325,0 29.49585924951502,-0.4942541176349492,0 26.395754081570793,-6.443148800488688,0.5
411 21 5 1 1 0 1 14.014425093968892,16.304781178707522,0 -6.8442541156592265,-7.96280011053158,0 12.723422228740954,24.007593106956403,0.5
992 26 2 1 0 0 1 -12.863632697574758,23.16844737615979,0 -19.565579201336384,22.878769864576046,0.5
1834 11 26 1 1 1 0 -8.799181252559908,-7.404350699730413,0 15.68549701543288,13.199059942997694,0 24.139513686193048,12.471322263260568,0.5
1522 15 12 1 1 1 1 -15.483549183657654,-0.7139360456332042,0 16.482487840667826,0.7599964356740561,0 12.763095552872251,-5.417877066550378,0.5 -19.20294147145323,-6.891809547857639,0.5
692 6 25 0 1 1 0 -3.0899978386560907,-25.31209026052769,0 -9.045783782309664,-24.585031945549787,0.5
2541 5 21 1 1 1 1 3.1483766907702506,-4.509736601289988,0 -15.169451328256661,21.728730897124485,0 -7.3875780443309935,21.06356310406477,0.5 10.930249974695919,-5.174904394349703,0.5
1607 22 3 1 0 0 1 -21.937375049640764,-5.000157590656413,0 -26.45396637203659,-12.183499628068994,0.5
2604 6 4 1 1 0 1 4.389663252786658,-4.793835262828131,0 -17.22098660708612,18.806584492633437,0 22.996730927477213,-16.22961387862364,0.5
1829 2 28 0 1 1 0 22.76947380196203,18.756360595322448,0 25.812480234842457,13.489472344234498,0.5
435 19 11 1 1 0 1 11.951687546233044,15.408022741325961,0 -7.661338170662208,-9.876937654696128,0 7.8236645256318775,19.87562007561951,0.5
2135 21 2 1 1 0 1 -5.128469337939495,-20.879387018057173,0 2.504601304575102,10.196909939051178,0 -1.2099313191103285,-30.079662002805748,0.5
690 10 22 1 1 1 1 1.3159989524251947,10.417204363802018,0 -2.6946645216325416,-21.330466078261274,0 -8.772685963083713,-21.570581378189928,0.5 -4.762022489025977,10.177089063873366,0.5
1224 18 27 1 1 1 1 -15.49426874077962,10.108295414583981,0 11.306628540568912,-7.376323680912635,0 19.753655020753282,-20.05101277544525,0.5 -7.047242260595253,-2.566393679948638,0.5
108 18 5 1 1 0 1 18.028747146551677,4.1490090775635515,0 -13.156112782618791,-3.0276552728166455,0 24.479337563148007,11.790336401878063,0.5
244 30 8 1 0 1 1 26.60332140302573,14.916879376307666,0 -10.348508465034909,1.0762771711324346,0.5 17.56317300699209,16.726773565947035,0.5
227 1 0 0 1 0 1 -27.1174597815674,-13.960421734140935,0 25.26024435129598,19.752722731634226,0.5
2840 19 23 1 1 1 0 18.415339219630876,-6.412899611402386,0 -11.80470462796851,4.110833084232299,0 -20.219644820149295,13.394624419781607,0.5
1245 0 3 0 1 0 1 27.11337385062422,-16.0348045961367,0 -27.58539626411462,9.343228186861925,0.5
794 7 0 1 1 0 1 -0.6901725625316034,7.468176607039269,0 2.2545637042699043,-24.396043582994945,0 -8.87326604826415,30.814203699539647,0.5
1953 13 2 1 1 0 1 -7.8663214755257735,-10.971371219846771,0 10.779773873868653,15.034842042012242,0 -12.313204163624423,-27.470620728787733,0.5
423 7 30 1 1 1 0 4.744276214348434,5.8087729514905035,0 -15.497968966871552,-18.97532497486898,0 -23.940408299542703,-19.826922364582632,0.5
1677 15 30 1 1 1 0 -14.447102243102268,-5.615268183920463,0 15.379173355560479,5.977543550625009,0 30.60182113020271,5.456972009739389,0.5
1390 1 10 0 1 1 1 29.69415653763139,-6.964701538375,0 8.852473259504249,-8.239157553400847,0.5 -22.30205163243688,-0.9319297098598636,0.5
2709 28 0 1 0 0 1 23.368635115775383,-16.314315579445854,0 29.263084197319287,-13.111899300276917,0.5
329 28 30 1 1 1 0 21.997627232403996,18.120551761582707,0 -2.7014629934531227,-2.2253309180891043,0 -27.356173373958534,-14.761090011713982,0.5
1423 19 20 1 1 1 1 -19.246975924750355,3.1311208459719775,0 12.337805079968176,-2.007128747417934,0 19.270578532387198,-9.213837584150136,0.5 -12.31420247233133,-4.075587990760225,0.5
922 8 15 1 1 1 1 -2.9962079712882668,7.954416244627172,0 8.283633802973444,-21.991621382204535,0 -0.1512086956229286,-16.620082308170677,0.5 -11.431050469884639,13.325955318661029,0.5
2056 0 4 0 1 1 1 12.44958372643596,28.935408499595454,0 7.290018341794748,1.7622805044305965,0.5 -5.357177824743372,-27.632420193571136,0.5
1080 14 6 1 1 0 1 -9.242647851356,11.172442020248944,0 11.154919820602071,-13.483981748576312,0 -20.877391195246325,15.823543752290487,0.5
837 4 21 1 1 1 1 -0.8154259363221188,4.425503422478983,0 4.983158499746281,-27.044743137371565,0 -2.0047473119885213,-22.23130648916241,0.5 -7.803331748056921,9.238940070688136,0.5
1026 30 15 1 0 1 1 -16.665027575395204,25.544605221285323,0 3.44394413412832,-16.260050701058812,0.5 -14.040674961368289,10.540846580289724,0.5
2833 23 14 1 1 1 1 22.07715999253351,-8.052888094595499,0 -7.9853557419802055,2.912746757619648,0 -11.566020907411186,10.60552499263131,0.5 18.496494827102527,-0.36010985958383657,0.5
1964 25 20 1 0 1 1 -14.377266621237387,-21.0604891800227,0 16.513603953549122,13.548095233844744,0.5 -1.5284561201605396,-12.880753933242563,0.5
680 17 2 1 1 0 1 2.556452999842204,17.312265826852297,0 -2.118203914154969,-14.344448827963332,0 -1.626184655186786,30.060031993782623,0.5
2269 21 23 1 1 1 1 0.8553346172487406,-21.482979371878006,0 -0.41772155726101284,10.491687600219493,0 5.060349429112681,23.720094090354678,0.5 6.333405603622435,-8.254572881742819,0.5
2922 19 20 1 1 1 1 19.240375912053423,-3.1714247213002444,0 -12.333574302598349,2.032964564936054,0 -19.251238865091988,9.254177551742336,0.5 12.322711349559787,4.049788265506038,0.5
1784 16 1 1 1 0 1 -13.666223737610471,-9.245773561664382,0 12.837967753512865,8.685423648836238,0 -21.899708038008065,-22.06020824584403,0.5
901 17 9 1 1 1 1 -5.442643557376929,16.632126475810104,0 4.5096189475408845,-13.780904794242657,0 -2.7478654319874165,-10.894917877969004,0.5 -12.70012793690523,19.51811339208376,0.5
1517 2 30 0 1 1 0 29.48130346140302,1.0501172394863352,0 30.694252847786785,-4.9104828801384715,0.5
1083 12 0 1 1 0 1 -8.028158164707305,9.581162585116873,0 12.523926736943396,-14.946613632782322,0 -24.829916615918506,20.291013795435013,0.5
661 26 31 1 1 1 0 4.911075599005658,26.040954983657016,0 -1.019279841303061,-5.404726506042022,0 -11.733758915872464,-29.842401071364606,0.5
831 2 11 0 1 1 1 4.98058661902565,-29.076515556895444,0 -3.9722829566975477,-12.34791351248988,0.5 -9.374953187505033,19.192713532278056,0.5
806 20 14 1 1 1 1 -2.398856944804387,20.359162196867626,0 1.3457002373292903,-11.420993427511107,0 -4.262026706416689,-15.102487488946679,0.5 -8.006583888550367,16.677668135432057,0.5
2693 27 21 1 1 1 1 22.008606908356285,-16.488517882255277,0 -3.601408403185574,2.698121108005409,0 -13.609234226768308,17.6929009424955,0.5 12.00078108477355,-1.4937380477651896,0.5
2029 3 1 1 1 0 1 -1.5627856193023317,-3.131724941322566,0 12.725540042890415,25.50118880791232,0 -8.249889068795921,-29.969806978900642,0.5
751 6 1 0 1 0 1 0.053407036066094815,-25.49994407226217,0 -6.063865844454467,30.48736674461175,0.5
694 21 29 1 1 1 0 2.515874356746067,21.352292060129457,0 -1.2286828253876143,-10.42786356424927,0 -9.4107928318505,-28.595226494574074,0.5
402 11 14 1 1 1 1 7.659136475493893,8.578323172378095,0 -13.653243282402157,-15.291793481195732,0 -14.13281895034174,-6.820075404045132,0.5 7.179560807554309,17.050041249528697,0.5
570 6 27 0 1 1 0 -9.387176093459292,-23.70930039015041,0 -15.702084114158154,-23.360106045818846,0.5
2404 28 24 1 1 1 1 9.03374787580453,-27.030379192982053,0 -1.1094076338707315,3.319520251769726,0 -2.075247291204162,25.138483420452193,0.5 8.067908218471098,-5.211416024299588,0.5
746 20 0 1 1 0 1 0.17173838950279727,20.499280619708852,0 -0.09634104776986188,-11.499596445202528,0 -5.73589875360561,31.549159505260764,0.5
1177 6 9 1 1 1 1 -5.068538975243674,4.069387258106043,0 19.88426828749441,-15.964519243339092,0 3.6515071871044054,-10.626217354379914,0.5 -21.301300075633677,9.407689147065218,0.5
2087 20 23 1 1 1 0 -6.863273061630321,-19.31697395767514,0 3.850128790670668,10.83635124454947,0 13.521402960700652,20.13508534807726,0.5
724 30 22 1 0 1 1 1.6600346244177777,30.454790838975306,0 -7.215722101090224,-22.140084791161893,0.5 -5.474046429569932,9.812482646451544,0.5
955 3 26 0 1 1 0 11.86400257942143,-25.913229107841456,0 5.576024340618216,-26.592441643309726,0.5
884 29 31 1 0 1 0 -8.170888206040809,28.345838952558505,0 2.9595913483028626,-31.92946631328264,0.5
2543 14 28 1 1 1 0 8.349994664288394,-11.854433310215859,0 -10.077579767244613,14.307074684743279,0 -11.506775729029247,26.75526326392292,0.5
783 15 31 1 0 1 0 -1.070430398573291,15.462993848598991,0 -3.8102842281635665,-31.839154104665027,0.5
1210 9 11 1 1 1 1 -7.800917486770189,5.421778893002101,0 18.47585720550834,-12.841055272899714,0 6.0189344989310065,-11.490101283173189,0.5 -20.257840193347523,6.772732882728626,0.5
1305 6 11 0 1 1 1 23.40274295494152,-10.127271211186907,0 8.1712908515571,-10.073728496403863,0.5 -21.196857170330297,2.635004003909115,0.5
484 29 28 1 0 1 0 15.597672161610886,25.03922169594951,0 -20.161660568868044,-21.01802662253884,0.5
896 5 18 0 1 1 1 7.977525316691891,-25.270716052805863,0 -0.15245577200132754,-19.448052787813577,0.5 -9.785693890270782,11.067528860857651,0.5
2545 27 26 1 1 1 0 15.930232239423677,-22.416014382535234,0 -2.606765275542056,3.6680750807784928,0 -10.460184292709675,25.076573620862757,0.5
2307 19 14 1 1 1 1 2.32239462184995,-19.361210789111368,0 -1.4887145011858653,12.411032557122672,0 4.2303868060432785,15.111380726831515,0.5 8.041495929079094,-16.660862619402522,0.5
1695 8 17 0 1 1 1 21.567233703573564,9.33297542991733,0 18.443593293278354,1.443560332004762,0.5 -10.924554728609051,-11.265172168308197,0.5
529 13 3 1 1 0 1 6.027887388737566,12.079510487958467,0 -8.260438273455184,-16.55340326127642,0 7.356868714908878,28.18024986957346,0.5
134 26 2 1 0 0 1 25.463211262467812,7.339950422375642,0 26.68396338522817,13.936143586222201,0.5
1914 11 1 1 1 0 1 -7.4411435580486085,-8.768088876631651,0 13.264647212173607,15.630071475734681,0 -15.160551761799361,-27.136832355265827,0.5
143 31 0 1 0 0 1 30.09776403292963,9.293793639740862,0 28.327517625359942,15.0267010745846,0.5
706 2 0 0 1 0 1 -2.714678745957644,-29.374827987687787,0 -3.0758165229986756,31.91847979959021,0.5
303 27 4 1 0 0 1 22.145966857055853,16.303562554429128,0 18.5888259360895,21.13540986869586,0.5
1353 16 24 1 1 1 1 -15.724159135034109,5.000081948940772,0 14.771179793516891,-4.697046679307998,0 21.529782249375213,-13.142240155106276,0.5 -8.965556679175785,-3.4451115268575068,0.5
2293 9 7 1 1 1 1 0.854404347137113,-9.461500579273523,0 -2.023589243219478,22.40881716143729,0 5.301154828643451,8.009229518670958,0.5 8.179148419000043,-23.861088222039854,0.5
1552 29 15 1 1 1 1 -29.325222056112136,-3.2064546402084537,0 2.4851883098400114,0.2717334440854622,0 16.06032778681318,-4.279704590286162,0.5 -15.750082579138967,-7.757892674580078,0.5
317 26 7 1 1 0 1 20.87088984360591,16.329603704195268,0 -4.331694118484245,-3.3891630329461875,0 15.59845958276125,19.82266527601583,0.5
2314 17 26 1 1 1 0 2.3387045302087563,-17.343023413476125,0 -1.937783753601541,14.369933685451645,0 2.404712596018554,27.06413415076399,0.5
2518 10 10 1 1 1 1 5.588996615850211,-8.888932265914445,0 -11.444135927693289,18.201147020681958,0 -0.5096067496133854,12.082644617828851,0.5 16.523525793930112,-15.007434668767551,0.5
2574 22 0 1 1 0 1 14.123055629040747,-17.51540178525804,0 -5.963067932261649,7.395391864886727,0 24.44305169005919,-20.755414331617054,0.5
1910 31 31 1 0 1 0 -20.582749025688326,-23.84534425303032,0 25.124719359598863,19.924820629089687,0.5
328 16 31 1 1 1 1 12.75741242561952,10.464149664576128,0 -11.984235914975912,-9.829958775813937,0 -28.160205417846765,-15.337953932147325,0.5 -3.418557077251334,4.956154508242738,0.5
1246 24 14 1 1 1 1 -21.114253670241496,12.42732038488964,0 6.463547041910662,-3.80428175047642,0 9.452765547312811,-12.525782351116277,0.5 -18.125035164839346,3.705819784249785,0.5
2264 0 3 0 1 0 1 -0.9234958972751852,31.486459872899587,0 6.832964835229851,-28.311845428380547,0.5
2940 2 27 1 1 1 0 2.4802867532861943,-0.31333308391076165,0 -29.267383688777095,3.697330390146987,0 -26.531154884762312,9.399352130905244,0.5
330 12 2 1 1 0 1 9.631415534697366,7.96779987185862,0 -15.02500823412789,-12.429767800099448,0 18.905596723393646,23.42708715424108,0.5
377 22 25 1 0 1 1 15.843119950431516,15.976406048803307,0 -22.215910890169937,-13.881761535195345,0.5 0.3165263726660008,8.840238178658248,0.5
272 10 26 1 1 1 0 8.84179861711327,5.663267362081176,0 -18.104635263612884,-11.596214122356693,0 -25.55116833580845,-9.240551751663958,0.5
234 21 5 1 1 0 1 18.969261368351496,10.120134541554648,0 -9.264057877567009,-4.942391287735991,0 20.556493907534268,17.767401560991033,0.5
1796 21 30 1 1 1 0 -17.49912445159829,-12.491222655427883,0 8.54608403450149,6.100364552650827,0 28.310261939828614,12.836629966556313,0.5
1373 0 31 0 1 1 0 30.392246327351167,-8.28017893391258,0 28.815069387558296,-14.069178234360422,0.5
2230 14 27 1 1 1 0 -0.6071969790733982,-14.487281036433446,0 0.7328239402609977,17.48464952673002,0 7.146317458146147,27.224623905343407,0.5
130 16 18 1 1 1 1 15.89218235216136,4.437177040151884,0 -14.929019785363703,-4.168257219536619,0 -19.43202640944827,0.8039587194035338,0.5 11.389175728076793,9.409392979092036,0.5
2370 0 31 0 1 1 0 -7.833731445692931,30.510369575551877,0 -2.0222324789211443,32.00250889854101,0.5
2154 27 12 1 1 1 1 -5.492024464146196,-26.94601394056679,0 0.898694912314832,4.409347735729111,0 8.37550507073557,11.049928271716642,0.5 1.9847856942745423,-20.305433404579258,0.5
445 30 14 1 1 1 1 18.18485868645128,24.485932993328994,0 -0.8943373124484235,-1.2042262127866719,0 -13.462165538148117,-8.063504140477466,0.5 5.617030460751587,17.6266550656382,0.5
2414 21 16 1 0 1 1 7.240481957542344,-20.24414535174315,0 0.09287999120977819,17.556804188326325,0.5 10.869411276854198,-12.57401680031464,0.5
518 15 11 1 1 1 1 7.238563250150258,13.705954985829122,0 -7.7055673308051125,-14.590210146205193,0 -10.676077889787269,-7.3669098603957,0.5 4.2680526911681,20.929255271638613,0.5
2268 25 19 1 1 1 1 0.9610996580833342,-25.481881552335025,0 -0.24498618735457536,6.49538157216383,0 5.26077827377981,19.712285812511094,0.5 6.466864119217719,-12.264977311987757,0.5
1570 27 27 1 0 1 0 -27.204989156482178,-4.01728328546631,0 28.081487327856646,-1.9183507123116197,0.5
2188 14 6 1 1 0 1 -1.8775742920427823,-14.377924564340296,0 2.2660379386723233,17.35266757765208,0 2.6475450302724703,-26.062242906409256,0.5
791 10 9 1 1 0 1 -0.9005294344673952,10.461311903277611,0 1.8439412229570473,-21.42078151623511,0 -7.907598447160196,21.9025086873278,0.5
552 16 7 1 1 1 1 6.647956189275434,15.101479348245139,0 -6.245049753561772,-14.186238175624222,0 -8.513245303577975,-4.446870180374906,0.5 4.379760639259231,24.840847343494456,0.5
2419 24 30 1 0 1 0 8.491902013398482,-22.981244531026572,0 -4.943491600918132,30.688953888844953,0.5
2548 18 6 1 1 0 1 10.811239107704687,-15.012231977825177,0 -7.889282592108825,10.954871983818371,0 19.770810222347055,-17.186188150719673,0.5
1294 1 6 0 1 1 1 27.7050489011693,-12.754617414247194,0 3.3952496187579433,-8.168370708184346,0.5 -25.67234267099345,5.2135229723373,0.5
2152 4 15 1 1 1 1 -0.9171568066854805,-4.405544619221384,0 5.604847151966825,26.92277267301957,0 9.03315515976739,13.951777946181904,0.5 2.5111512011150836,-17.376539346059047,0.5
3 16 0 1 1 0 1 16.499674304126263,0.1036718754317227,0 -15.499694043270125,-0.09738873146616374,0 31.46167935317497,6.19780060005193,0.5
1233 8 29 1 1 1 0 -7.205262456723205,4.509345066607242,0 19.920431497999452,-12.467012831208258,0 21.823432008669542,-20.736147553559164,0.5
1316 18 9 1 1 1 1 -17.143208177087185,6.954165183330858,0 12.509908669766324,-5.074661079727923,0 6.547864139586114,-9.131017205630608,0.5 -23.105252707267393,2.897809057428172,0.5
1218 15 30 1 1 1 0 -12.874236437535098,8.631572055566911,0 13.704832336730911,-9.1884476720551,0 21.991921226543163,-21.968281698064608,0.5
1925 21 5 1 1 0 1 -13.530388407571497,-16.70863817132488,0 6.607864106023289,8.160032595298198,0 -12.014114594078855,-24.37029032490876,0.5
2130 8 0 1 1 0 1 -2.11386404090127,-8.232956869593362,0 5.844212348374099,22.76170428652283,0 -2.022232478921156,-32.00250889854101,0.5
1624 28 7 1 0 1 1 -27.544274636566104,-7.318670285333344,0 8.789266017061257,-3.8728287957683003,0.5 -22.137638838030508,-12.090283151230299,0.5
207 13 4 1 1 0 1 12.251039731305077,5.671157333559385,0 -16.788461854010663,-7.771585975618415,0 22.435307304409875,16.997264078571373,0.5
2215 30 0 1 0 0 1 -2.2337650123927686,-30.41809155534597,0 3.6768836538263483,-31.854835215336223,0.5
128 5 27 0 1 1 0 -25.553434904098587,-7.019399162463689,0 -28.107013390094085,-1.4985987752135816,0.5
811 16 17 1 1 1 1 -2.102278815948448,16.365525466052546,0 1.974867978618239,-15.373675437806938,0 -3.721410516194996,-18.121840518279406,0.5 -7.798557310761684,13.617360385580074,0.5
575 24 8 1 1 1 1 8.780014763859853,22.872720449181443,0 -2.687759621589751,-7.001853198729013,0 -8.647610130118263,-5.785225927954413,0.5 2.8201642553313437,24.089347719956045,0.5
1381 2 25 0 1 1 0 28.58850579304699,-7.276492047746537,0 23.232133743600645,-12.104460405959955,0.5
1683 3 1 0 1 0 1 26.432186870037846,10.657837363527312,0 -26.043321942280365,-16.970426695010882,0.5
1869 31 9 1 0 1 1 -22.55199921518769,-21.992210698294382,0 10.990389102668233,2.336952582307001,0.5 -11.919578354030369,-20.00434082548412,0.5
863 4 1 0 1 0 1 6.447746224385469,-26.733435406358137,0 -12.983886264796569,28.24302918354947,0.5
2550 19 18 1 1 1 1 11.461812419703222,-15.775831390311478,0 -7.347315653655912,10.112712429686844,0 -6.019925201161063,18.493525909691368,0.5 12.78920287219807,-7.395017910306955,0.5
2046 15 16 1 1 1 1 -6.422821505395907,-14.106642545617431,0 6.837197086389192,15.016748516302426,0 12.297832910499165,12.53049503034272,0.5 -0.9621856812859342,-16.592896031577137,0.5
1396 18 22 1 1 1 0 -18.062872737363477,3.997827969511844,0 13.181015240778754,-2.917333923697832,0 20.671765879654444,-10.720452202064724,0.5
2668 8 3 1 1 0 1 6.526609872010075,-5.445490205535276,0 -18.044156704969033,15.055178803538706,0 25.72721442182339,-13.651389603022931,0.5
152 9 30 1 1 1 0 9.022660806754635,2.973481455508643,0 -21.369459805471504,-7.042456078836259,0 -30.84547824621771,-3.8479178476300833,0.5
1833 18 4 1 1 0 1 -14.180120625972972,-11.881674083766812,0 10.347655591926223,8.670410817883889,0 -17.225041768197613,-22.26090600321217,0.5
1362 20 20 1 1 1 1 -19.649696674856205,5.842894880634509,0 11.023000573699823,-3.2777215184047246,0 17.93958110003635,-11.594025614738765,0.5 -12.733116148519679,-2.473409215699531,0.5
1977 22 25 1 0 1 1 -12.175228172854707,-18.921253101708803,0 18.84425942302435,18.19735933584205,0.5 1.5283793549643208,-8.712867297699354,0.5
970 20 0 1 1 0 1 -9.115021173291007,18.362091084907966,0 5.113304560626663,-10.30068524275325,0 -19.380278705761683,25.547109372431947,0.5
1806 0 31 1 1 1 0 -0.4007834924354384,-0.29895249152875925,0 25.249360023432622,18.834006966311833,0 28.836789921777733,14.024605057086571,0.5
2718 8 30 0 1 1 0 -19.519003631101597,13.086576987472418,0 -21.991921226543155,21.968281698064608,0.5
2009 1 5 0 1 0 1 14.749432431542445,26.696521176875535,0 -7.56330597949579,-26.096865763162505,0.5
2605 23 2 1 1 0 1 15.906585287542521,-17.298281547313763,0 -5.753445742302614,6.256825240517744,0 24.384423628356892,-17.653608251936205,0.5
1485 30 13 1 0 1 1 -30.484950091154815,0.9580281518829112,0 13.304874010468607,-6.42108460974912,0.5 -18.679335921234802,-5.4159403192490165,0.5
1714 1 29 0 1 1 0 27.487464430982048,13.217007950194207,0 29.186303226725755,7.376293375240552,0.5
2343 11 30 1 1 1 0 2.225818882584895,-11.282540950598342,0 -3.967764095042638,20.11235560758835,0 -0.016715670891237266,31.084557590326853,0.5
1384 4 12 0 1 1 1 26.6923955934495,-6.615588974747274,0 10.68950585707764,-8.830881299819561,0.5 -20.37073628802723,-1.132741401931824,0.5
822 21 5 1 1 0 1 -3.229850166096279,21.25601251186515,0 1.57736868576795,-10.380843319748097,0 -9.912888580127548,25.297917700830176,0.5
2360 21 27 1 1 1 1 4.909543707379092,-20.931946411772945,0 -2.397684136161882,10.222578480168183,0 -0.43817551080406236,28.14352504967584,0.5 6.869052332736912,-3.010999842265289,0.5
2587 3 24 1 1 1 0 2.2702798898882324,-2.6637997712983377,0 -18.48656481766132,21.690940994857893,0 -11.325445335563334,22.538506781753906,0.5
2820 30 0 1 0 0 1 28.358182819591658,-11.2277988568827,0 31.496706621587983,-6.017264494237871,0.5
1064 2 28 0 1 1 0 18.0318990076809,-23.34738996497888,0 12.672026506068892,-26.223457899931642,0.5
2594 0 6 0 1 0 1 -20.78179069374533,23.67207586083992,0 21.332321201763346,-15.204672707585587,0.5
943 1 27 1 1 1 0 -0.5899502041862511,1.3791152078708293,0 11.995654151787106,-28.042009226706863,0 5.299292911931286,-27.643579627710206,0.5
321 15 14 1 1 1 1 12.127057563937116,9.653210597565744,0 -12.909448374513703,-10.275998378053858,0 -15.081393436289204,-4.336077953618103,0.5 9.955112502161615,15.593131022001499,0.5
1188 27 23 1 0 1 1 -21.834735962815472,16.718083186601646,0 15.011192582056502,-19.050304387710234,0.5 -10.396500174674232,0.4034651385171326,0.5
2 10 12 1 1 1 1 10.499907883826944,0.043982168531740744,0 -21.499811381169458,-0.09005872604118342,0 -12.525023005621645,5.947587637744277,0.5 19.474696259374763,6.081628532317201,0.5
874 27 4 1 1 0 1 -7.061874836725163,26.577808859844485,0 1.155579518736845,-4.349095995247279,0 -12.860669497054868,25.037036168195357,0.5
2890 10 25 1 1 1 0 10.222578480168183,-2.3976841361618866,0 -20.931946411772945,4.909543707379101,0 -23.456156802601654,11.664420605060688,0.5
2153 1 8 1 1 0 1 -0.30264261693601036,-1.4691519480346895,0 6.153733211032211,29.872756276705356,0 1.1352067934745955,-24.227284320287513,0.5
1841 14 10 1 1 1 1 -10.956560694229792,-9.497566938624797,0 13.223435320622164,11.462580787995442,0 11.864088891114593,2.3437992200125244,0.5 -12.315907123737361,-18.616348506607714,0.5
2838 26 30 1 1 1 0 24.989249201160902,-8.819717929859157,0 -5.186447947410754,1.8305074948764288,0 -26.764294077594435,15.80893932330829,0.5
172 27 1 1 1 0 1 25.734876085558497,9.693614024756158,0 -4.211161541273209,-1.5862277495055532,0 26.4273467803999,16.36598124612414,0.5
374 7 10 0 1 1 1 -17.36036166051461,-17.287794625577156,0 -11.673900619953727,-3.1575376981825496,0.5 11.000857467249027,19.422438955632508,0.5
2507 26 31 1 0 1 0 13.585023790107956,-22.752958678426875,0 -10.996622540295824,30.121824192871482,0.5
1706 28 31 1 0 1 0 -25.88832438305984,-11.918249059214585,0 31.12251622532184,7.722628037435101,0.5
2774 28 20 1 1 1 1 25.366531453457995,-12.991885237359753,0 -3.1151880732316832,1.5954946782722503,0 -15.510967837604571,14.685362669706066,0.5 12.970751689085102,0.09798275407406365,0.5
772 1 6 0 1 1 1 1.4048418962459979,-30.467629038810223,0 -5.694239406795487,-6.769463610811227,0.5 -7.168171888102763,25.19657341351425,0.5
2229 21 25 1 1 1 1 -0.9453145438340977,-21.479208095579683,0 0.46166524233758266,10.48984581412031,0 7.115384625174306,25.211531124384987,0.5 5.708404839002625,-6.757522785315,0.5
1951 30 29 1 0 1 1 -17.875731675879937,-24.712511346521275,0 22.151119754674944,20.38572769400321,0.5 3.3962537340796004,-5.542153063002715,0.5
229 24 11 1 1 1 1 21.73571301528395,11.30525451802019,0 -6.653789698556311,-3.4607921993939357,0 -12.971111297301492,0.016483719774347705,0.5 15.41839141653877,14.782530437188473,0.5
2352 19 12 1 1 1 1 4.134138643480062,-19.056728409579772,0 -2.650088874025681,12.215851544602419,0 3.21351986738348,13.487894204134745,0.5 9.997747384889223,-17.784685750047444,0.5
2832 7 8 1 1 1 1 7.040503932404054,-2.5848219238088816,0 -22.99897951251991,8.44375161777568,0 -5.911380251010822,8.561867992906642,0.5 24.12810319391314,-2.46670554867792,0.5
1645 7 4 1 1 0 1 -7.156802463872076,-2.2428059419206505,0 23.378888048648783,7.326499410274124,0 -24.44736428066109,-13.949063758140046,0.5
236 15 30 1 1 1 0 13.644833083937263,7.353130633375903,0 -14.525144895804184,-7.827526158109832,0 -29.695883410344642,-9.18719263318332,0.5
1288 11 20 1 1 1 1 -10.384909624665003,4.9400052720154255,0 18.512230200489785,-8.80609635446228,0 15.934836145525216,-14.224310071678802,0.5 -12.962303679629573,-0.47820844520109684,0.5
421 30 28 1 0 1 1 19.392169429062193,23.541320371520065,0 -22.751631178930914,-18.182774229965528,0.5 -2.4057484992591047,6.516315995891587,0.5
378 19 3 1 1 0 1 13.70167441107756,13.874945705581064,0 -8.783124622485614,-8.894195965116067,0 15.75631007601149,24.494666619257725,0.5
2893 21 18 1 1 1 1 20.962380602990063,-4.777928364405015,0 -10.237441689832355,2.3334068756396587,0 -16.704021905529583,9.96120736555503,0.5 14.495800387292835,2.8498721255103567,0.5
1279 23 17 1 1 1 1 -21.027296034594364,10.492989158172808,0 7.605617714640515,-3.795336504019952,0 12.979563644951682,-13.182599424493205,0.5 -15.653350104283199,1.105726237699555,0.5
2261 27 31 1 1 1 0 0.6334984751591758,-27.492702298645927,0 -0.10366338684422875,4.498805830687515,0 5.27276406634042,31.629858663938247,0.5
1967 20 16 1 1 1 1 -11.45158679162355,-17.003269096085997,0 6.424060883105893,9.538419249023852,0 14.193697396990466,10.333874113935494,0.5 -3.681950277738978,-16.207814231174353,0.5
2042 7 13 1 1 1 1 -3.164890774543375,-6.7995195701762805,0 10.338643196841693,22.21176392924252,0 11.1364190503191,9.707222606682606,0.5 -2.3671149210659674,-19.304060892736192,0.5
1310 20 31 1 1 1 0 -18.898194607564257,7.944069522268115,0 10.601426243267754,-4.456429244199186,0 26.71359575632514,-17.737919882772253,0.5
2416 19 11 1 1 1 1 6.643801162907048,-18.333300469575985,0 -4.258846899299389,11.75211568562563,0 1.7228763817448645,12.856192942439286,0.5 12.625524443951301,-17.229223212762324,0.5
1364 7 1 1 1 1 1 -7.197804467543,2.1075129529893837,0 23.512827927307132,-6.884542313098653,0 -0.24644946888290709,-6.179746164632276,0.5 -30.95708186373304,2.812309101455761,0.5
97 28 12 1 0 1 1 27.913887012659103,5.750209721784198,0 -13.453503368033122,3.3545859843386716,0.5 17.888404856706924,9.810961812306893,0.5
334 5 27 1 1 1 0 4.208304077311258,3.5412112042188952,0 -20.276374190681516,-17.06219943850922,0 -24.90465988206781,-13.115178845845831,0.5
1034 2 31 1 1 1 0 -1.4008747820703613,2.0706399602440104,0 16.530322428430264,-24.433551530879324,0 12.681486349500926,-29.452162976043404,0.5
548 8 23 1 1 1 0 3.4897575678280877,7.750586566046895,0 -9.648153275760007,-21.42809227083553,0 -15.119155557675462,-18.964733987662765,0.5
1130 14 2 1 1 0 1 -10.359853854675645,10.145118437443802,0 12.503271893574055,-12.244108458983899,0 -25.274924092247886,16.353232467347468,0.5
450 10 28 1 1 1 0 6.171745149070968,8.494678440936948,0 -12.637382924288172,-17.39386537906137,0 -21.605981656585172,-19.530272825931164,0.5
567 31 10 1 0 1 1 11.779714980740712,29.214522330041834,0 -9.491242580254873,-7.494418875587141,0.5 2.475452003354741,22.183826031122024,0.5
1885 22 6 1 1 0 1 -15.573221412084163,-16.239605132213143,0 6.5753601517688685,6.856722166934437,0 -13.319089565105212,-22.55774485973067,0.5
267 31 1 1 0 0 1 26.70185498668012,16.711102305662124,0 22.671109944754633,21.26665873786589,0.5
2552 6 27 1 1 1 0 3.8425977734452204,-5.2425606674137635,0 -15.07480664966971,20.566968772161687,0 -11.417857656193997,25.7270776914692,0.5
447 18 30 1 1 1 0 10.967851172979598,14.898195885655754,0 -8.0035670721743,-10.871656457100146,0 -22.91398032917904,-21.00474959322286,0.5
2881 6 12 1 1 1 1 6.299162293383236,-1.6032948579780484,0 -24.712098227888077,6.2898490582215745,0 -10.633809156834179,8.897870690003849,0.5 20.377451364437135,1.0047267738042267,0.5
1304 2 4 1 1 0 1 -2.2923020720865406,0.9976728974507387,0 27.049164450621177,-11.772540189918717,0 -27.609737746833716,5.472876898950428,0.5
1676 7 11 0 1 1 1 22.854281477233723,8.827899985804759,0 12.889454567470056,-1.4532587357815343,0.5 -16.96103552524338,-12.98357708458775,0.5
604 29 30 1 0 1 0 8.880641390279656,28.13155183236879,0 -14.903351640601432,-27.278931611714242,0.5
156 1 12 0 1 1 1 -28.886498302339703,-9.78878009911989,0 -13.764390471277562,1.670794707378347,0.5 16.542755288554257,11.94099022120905,0.5
1205 28 4 1 0 0 1 -23.2311421782638,16.509513411766342,0 -25.891701416591317,11.03946546505234,0.5
2948 30 9 1 0 1 1 30.31929738004814,-3.3151480178426365,0 -8.791555311586936,6.997039031140783,0.5 23.01885505436521,3.5188509468468694,0.5
1673 5 8 1 1 0 1 -5.142903479956926,-1.9494983446638103,0 24.779444039792462,9.393037478834723,0 -19.847498492909985,-13.940114905334745,0.5
1264 10 28 1 1 1 0 -9.243274024602663,4.981153009706257,0 18.926703955138784,-10.199503781779478,0 22.24251348980365,-18.802143326118504,0.5
1007 29 11 1 0 1 1 -15.122951011629604,25.32876532126766,0 0.7437743968181181,-12.949779907266294,0.5 -15.660782632746198,14.525490949702014,0.5
2530 15 1 1 1 0 1 8.57756901327183,-12.910279231006545,0 -9.130960562515174,13.743200471716644,0 21.875969696182587,-22.083748546197977,0.5
1326 22 0 1 0 0 1 -21.02240120527377,8.019267271048143,0 -31.569832959662783,5.621000524727729,0.5
138 0 14 1 1 1 1 0.4792608945086879,0.14250963123498805,0 -30.19343635404734,-8.978106767804247,0 -15.608681515571806,1.6183514282896008,0.5 15.06401573298422,10.738967827328835,0.5
111 22 7 1 1 0 1 21.894716497097846,5.183762100223288,0 -9.244435854330202,-2.1886995534276106,0 22.458576959002556,11.483132019469227,0.5
1692 20 30 1 1 1 1 -18.864752871000345,-8.023160170162644,0 10.58266624470751,4.500797168627825,0 30.41531334568226,6.415505754339442,0.5 0.9678942299744073,-6.108451584451026,0.5
1046 27 29 1 0 1 0 -15.977145256942645,22.382601042741996,0 12.255642866303855,-27.49634917463799,0.5
263 7 23 1 1 1 0 6.390694032932855,3.925433705647872,0 -20.876267174247328,-12.823083438449714,0 -23.164521601041244,-7.187137051350382,0.5
873 19 30 1 1 1 0 -4.9680291508259495,18.856529011367485,0 3.1846340710422756,-12.087518597030439,0 1.9684982067685421,-31.02216973085456,0.5
2971 30 7 1 0 1 1 30.44375945094459,-1.8513536920378042,0 -7.1219696304871345,6.444187193309871,0.5 24.819023891815384,4.501783319696437,0.5
2633 14 14 1 1 1 1 10.423392599720115,-10.079825728260381,0 -12.579956585869104,12.165306913417702,0 -6.2524302294054745,14.39295370055836,0.5 16.750918956183746,-7.852178941119723,0.5
1978 4 14 0 1 1 1 14.832366900688799,23.157091616249037,0 12.873158900272065,8.973950073871935,0.5 -4.386322584165808,-17.972483806854214,0.5
764 22 30 1 1 1 1 -0.659639926625135,22.490328480642564,0 0.27851463568616813,-9.495916469604637,0 -5.103242360968389,-30.66279369863773,0.5 -6.0413969232796925,1.3234512516094683,0.5
2427 28 1 1 0 0 1 10.324847951079548,-26.564026705059014,0 16.641825359237906,-26.254516729748165,0.5
2355 14 15 1 1 1 1 3.163077000249872,-14.150793048111836,0 -3.8175067244395007,17.078543333928078,0 2.474280329986069,16.43556925842984,0.5 9.454864054675442,-14.793767123610072,0.5
2271 15 27 1 1 1 0 0.681505833926902,-15.485010487510934,0 -0.7254739522447666,16.484043422189057,0 4.78507435432747,27.737214413555616,0.5
1811 25 19 1 1 1 1 -20.279178514767597,-15.459783917189407,0 5.169202366509388,3.940729233793378,0 19.145203315337437,7.050616286140701,0.5 -6.30317756593955,-12.349896864842085,0.5
25 31 26 1 0 1 0 31.456830344769077,1.6485826216527306,0 -26.77769840845387,4.6048743680894315,0.5
2703 11 9 1 1 1 1 9.345982890980581,-6.700940516188622,0 -16.660230370878427,11.945154833205804,0 -4.224451684102939,10.411724543450035,0.5 21.781761577756072,-8.23437080594439,0.5
1960 0 23 0 1 1 0 17.977477382059615,25.86620008771167,0 18.338664095386378,15.872725008535445,0.5
2167 19 17 1 1 1 1 -3.3727318929369705,-19.206110475012004,0 2.162007623677545,12.311609278853847,0 8.936383126998411,16.198489331030164,0.5 3.401643610383895,-15.319230422835686,0.5
1688 14 7 1 1 0 1 -13.390435072436395,-5.562935247768514,0 16.160869915009442,6.713887367996482,0 -20.32331364055728,-14.94031200034117,0.5
1166 17 15 1 1 1 1 -13.390058427808547,11.267490195241942,0 11.094619840184226,-9.33592044748618,0 7.996626540547477,-14.570654205320078,0.5 -16.488051727445296,6.032756437408043,0.5
1785 14 13 1 1 1 1 -11.99266832698115,-8.150208978855888,0 14.473910049804836,9.83645911241228,0 14.53808801981937,2.6256421553563865,0.5 -11.928490356966616,-15.361025935911782,0.5
1938 17 31 1 1 1 0 -10.6387802096556,-13.894831976337114,0 8.814989316571783,11.512860780393607,0 23.91374676926709,21.36311577123917,0.5
204 18 17 1 1 1 1 16.83696045767242,7.665948248375757,0 -12.28643060424744,-5.594070343409336,0 -18.413107972947127,-1.7909368432724984,0.5 10.710283088972734,11.469081748512593,0.5
2472 17 5 1 1 0 1 7.846706281575553,-15.642224922647122,0 -6.501556633305459,12.96070065019333,0 17.245203771293422,-20.996498443468308,0.5
1468 11 29 1 1 1 0 -11.474182008108736,0.7701605318333257,0 20.453976623150353,-1.3728948610941893,0 29.031948352018063,-7.9621589337161325,0.5
871 17 2 1 1 0 1 -4.387563881276741,16.941053190038563,0 3.635410073057871,-14.03687264317481,0 -13.204540207879727,27.05346776105584,0.5
2603 2 30 0 1 1 0 -19.87670718446908,21.798314418846132,0 -16.116938393668818,26.57996043666514,0.5
2466 30 17 1 1 1 1 13.33203088285343,-27.43186017277433,0 -0.6556736499763982,1.349107877349557,0 -2.2530944069930845,18.36228650231709,0.5 11.734610125836745,-10.418681547806793,0.5
433 15 26 1 1 1 0 9.551277638302892,12.207501606637418,0 -10.167489098838562,-12.995082355452734,0 -21.055088197087173,-17.173621080391886,0.5
385 30 28 1 0 1 0 21.110366803047413,22.013686957000047,0 -24.05664182389677,-16.41730745758088,0.5
1449 0 31 0 1 1 0 31.320474897505466,-3.3582513596706915,0 30.680807971853906,-9.324056102052685,0.5
607 17 27 1 1 1 0 5.163218688744924,16.720980018294238,0 -4.2780954849600805,-13.854526300872369,0 -13.846536802871476,-24.505579335464112,0.5
417 13 3 1 1 0 1 8.670410817883889,10.347655591926223,0 -11.881674083766809,-14.180120625972972,0 13.705242574676555,25.698566613125976,0.5
885 21 1 1 1 0 1 -5.998308779843427,20.646314242054277,0 2.9294066134119063,-10.083083699607903,0 -14.270990848258148,27.61501077691139,0.5
2260 29 1 1 1 0 1 0.6178013865590126,-29.49353016250794,0 -0.0523560497083909,2.499451708687114,0 6.637427907291442,-30.36765632668265,0.5
1446 28 27 1 1 1 0 -28.31792234982024,3.2164069688942334,0 3.4776395868200294,-0.3949973470571866,0 26.64717273005934,-9.065218447140802,0.5
126 24 13 1 1 1 1 23.65185015141521,6.390616904102475,0 -7.240362291249554,-1.9563112971742271,0 -14.59770116198858,2.270929498086034,0.5 16.294511280676186,10.617857699362737,0.5
2298 18 17 1 1 1 1 1.8566917247474715,-18.406593814154053,0 -1.354883150491398,13.431838729247552,0 4.2133760919915435,18.01381308628004,0.5 7.424950967230414,-13.824619457121564,0.5
1583 11 12 1 1 1 1 -11.326680536545542,-1.989047013783338,0 20.191039217320313,3.5456925028311677,0 13.34937293821907,-3.747564830172306,0.5 -18.168346815646785,-9.282304346786812,0.5
2708 25 27 1 1 1 0 20.878161026555404,-14.640778399703446,0 -5.321884183239613,3.731963121493035,0 -19.070774816943256,20.70158322161479,0.5
1643 17 26 1 1 1 1 -16.72098001829424,-5.163218688744913,0 13.85452630087237,4.278095484960072,0 27.090587578129533,2.085680865255701,0.5 -3.4849187410370766,-7.355633308449284,0.5
1649 2 28 0 1 1 0 28.075198191258462,9.057220684158999,0 28.96564313748543,3.039986452575617,0.5
2461 27 10 1 0 1 1 11.761019096438751,-24.8581662600684,0 0.9330289835564916,12.05734037488548,0.5 14.618578477594312,-16.86852581864866,0.5
1456 25 30 1 0 1 0 -25.39180046393351,2.346586712607456,0 29.81844681860107,-8.781243039926606,0.5
2361 8 10 1 1 1 1 1.9583101267510237,-8.271337343348074,0 -5.4141515268998885,22.86781500807997,0 3.419502085788553,11.599870925371873,0.5 10.791963739439467,-19.53928142605617,0.5
2143 29 28 1 0 1 0 -6.555762174416182,-28.762336176195667,0 12.18349962806899,26.45396637203659,0.5
537 2 18 1 1 1 1 1.0786401142023976,2.2553348984205073,0 -12.727953347588292,-26.612951801361984,0 -13.39474060130696,-14.100741974225997,0.5 0.41185286048372927,14.767544725556492,0.5
57 21 1 1 1 0 1 21.346975998250993,2.5605889420396992,0 -10.425267347983043,-1.2505201809961322,0 29.5683364788101,9.58975901031241,0.5
2696 3 4 0 1 0 1 -22.915836652892327,16.94445131888184,0 25.679025118169474,-11.52552250357532,0.5
2364 4 20 0 1 1 1 -6.50372241815243,26.719872655153534,0 0.981560958501686,21.337444506893164,0.5 8.549528863260878,-9.754770946376402,0.5
592 1 1 1 1 0 1 0.48736196802071485,1.4186184519196752,0 -9.909693349754535,-28.845241855700063,0 4.235219542075835,30.794689727782924,0.5
2448 3 24 0 1 1 0 -11.48283341783938,26.084373419696153,0 -4.379760639259225,24.840847343494456,0.5
509 23 1 1 1 0 1 11.364316791516298,20.569450742838534,0 -4.110497562888874,-7.440014098473512,0 9.497657773796421,29.59804886832651,0.5
1791 31 3 1 0 0 1 -25.82849144375175,-18.031611956229607,0 -19.934042362207855,-21.234028235398547,0.5
630 3 6 1 1 1 1 0.8704146050769923,3.3900410639502088,0 -7.0876617841983665,-27.604620092165987,0 -7.427983233343344,-4.8036512243469724,0.5 0.5300931559320148,26.19100993176922,0.5
1450 26 9 1 1 1 1 -26.354830227259242,2.770004276592824,0 5.469870424525503,-0.5749065479720955,0 8.820787226392675,-6.96015177325235,0.5 -23.00391342539207,-3.6152409486874304,0.5
1262 8 4 0 1 0 1 20.64044835796246,-11.23485164932252,0 -27.022188925102242,7.877265115259342,0.5
2911 25 0 1 0 0 1 25.05827743710392,-4.725751991496015,0 32.06628436148038,0.05837164276466833,0.5
1095 22 2 1 1 0 1 -14.879516969782163,16.877499066685342,0 6.282462720574691,-7.126055161489366,0 -24.009366444830484,18.16040536215665,0.5
659 19 21 1 1 1 1 3.694044894455785,19.14690659918059,0 -2.3679774964460156,-12.273658076397814,0 -9.964277170558098,-19.97406269311015,0.5 -3.902254779656297,11.44650198246825,0.5
2465 25 12 1 1 1 1 11.098393033994336,-22.958128670755944,0 -2.829002145920125,5.85207201411426,0 -0.03847611374092352,13.865371238761384,0.5 13.888919066173537,-14.944829446108818,0.5
2733 27 23 1 0 1 1 23.31114324233979,-14.589057568435189,0 -16.73736439215905,17.553080447718752,0.5 10.388329562563612,0.5767225499032591,0.5
1634 13 21 1 1 1 1 -12.971824605408132,-3.739220026493248,0 17.776204088892626,5.124116332601858,0 22.320707346313654,0.18979873608563214,0.5 -8.427321347987103,-8.673537623009473,0.5
2929 28 5 1 0 0 1 28.185479924890085,-4.222407062756727,0 27.096479311793953,2.0076874521504298,0.5
2955 20 2 1 1 0 1 20.40902027436314,-1.9292204230295555,0 -11.44896259293542,1.0822456031629215,0 29.93372783570195,3.19717654472229,0.5
1871 13 1 1 1 0 1 -9.625577519930216,-9.46563560506182,0 13.190606231015481,12.971426569899531,0 -17.53972597981486,-25.663359338812356,0.5
2328 25 6 1 0 0 1 4.1472477124695395,-25.160491577300636,0 10.067363377716749,-24.184668586131334,0.5
511 16 31 1 1 1 0 7.918635225945849,14.475676708133873,0 -7.438717939524889,-13.598362968246972,0 -20.381276961581666,-24.75587908791163,0.5
1663 10 10 1 1 1 1 -9.89405983197995,-3.5153349827862588,0 20.25926537024466,7.1980668695147205,0 11.902822679286384,-2.138413492630856,0.5 -18.250502522938227,-12.851815344931836,0.5
1912 26 13 1 1 1 1 -17.231465664775772,-20.132724382051563,0 3.5763419304251607,4.178489966086174,0 13.336646519501219,6.354829629020433,0.5 -7.471161075699714,-17.956384719117306,0.5
671 23 30 1 1 1 0 3.870527953968698,23.17906411737857,0 -1.3999781961163376,-8.383916808413526,0 -10.941510097885818,-29.09524629175465,0.5
899 2 28 0 1 1 0 9.057220684159013,-28.075198191258455,0 3.039986452575632,-28.965643137485426,0.5
132 28 22 1 0 1 1 27.417788640203447,7.779130162243767,0 -23.283334223790888,-0.3692525196233003,0.5 7.501551266963865,8.365209416931105,0.5
2438 23 7 1 1 1 1 9.015791608452409,-21.70173960015554,0 -3.2610310073125732,7.849565387290302,0 2.663489384576178,9.227991346888553,0.5 14.940312000341159,-20.32331364055729,0.5
2133 0 5 0 1 0 1 7.641875770055335,30.558987789438333,0 -0.6081200371376632,-27.163950191760247,0.5
1011 27 5 1 1 0 1 -14.294976922069512,23.492629371730615,0 2.339178041793193,-3.844248442646828,0 -18.900824169644576,19.519447884307063,0.5
916 25 31 1 0 1 0 -8.688047674570768,23.974315998676282,0 5.091278657134177,-31.659578039440294,0.5
2035 18 6 1 1 0 1 -8.051775338388055,-16.65589727094058,0 5.875619841526418,12.154303413929615,0 -5.696480405581183,-25.5695152669899,0.5
695 31 1 1 0 0 1 3.6205202405252983,31.291242116412487,0 -2.4546535035699475,30.987492253769293,0.5
1163 4 0 1 1 0 1 -3.4248854202407175,2.9189312869991584,0 20.929855345915495,-17.837913420550414,0 -27.866106324350564,15.86600511533982,0.5
1313 26 19 1 1 1 1 -24.493413931969208,10.115467065697793,0 5.083538740597383,-2.099436560805202,0 15.733161104875954,-12.989135523506498,0.5 -13.843791567690635,-0.7742318970035038,0.5
2873 5 27 1 1 1 0 5.306582692077186,-1.445745528143469,0 -25.568080243644626,6.965864817418533,0 -24.955736520593057,13.017726941165185,0.5
2687 12 28 1 1 1 0 9.908942649067793,-7.619898659266104,0 -15.457950532545755,11.887041908455123,0 -18.934837883426837,22.12966141467926,0.5
655 1 1 0 1 0 1 -6.028548881563351,-29.898270825962516,0 0.14692183383301938,31.084214868237275,0.5
2340 23 22 1 1 1 1 4.40346089276452,-23.083750392124184,0 -1.5927411739786563,8.349441631193853,0 1.677643926193336,23.22575102890984,0.5 7.673845992936513,-8.207440994408197,0.5
2752 4 1 1 1 0 1 3.9065048781670764,-2.2336561142791953,0 -23.87308536657658,13.65012069837286,0 29.455630104393556,-9.930551603669555,0.5
2105 7 0 0 1 0 1 7.326499410274121,23.378888048648786,0 -3.694342984969066,-31.852815101799244,0.5
2758 13 28 0 1 1 0 -16.174199111658723,8.980271883212565,0 -22.004488831513417,19.080159099541106,0.5
2142 28 30 1 1 1 0 -6.3917166870573725,-27.774015874417447,0 0.7849476633228353,3.41084405475302,0 12.687419445675598,28.377445054294313,0.5
1002 18 29 1 1 1 0 -9.317029230261575,15.982583218067454,0 6.798913222082771,-11.662966132103278,0 9.673343945097931,-28.50748001700321,0.5
2137 24 3 1 1 0 1 -5.744355727179771,-23.817060634755435,0 1.7584762430142158,7.290936929006766,0 -0.8494601802486068,-29.112341324637082,0.5
2567 17 1 1 1 0 1 10.783700559374237,-13.78266310426805,0 -8.935066177767224,11.419920857822099,0 23.51993403922986,-20.32394407565315,0.5
932 21 29 1 1 1 0 -7.998342933320095,19.95686624500471,0 3.9061674790633023,-9.746376538258115,0 5.4051125145541645,-29.614772643142302,0.5
2284 4 24 0 1 1 0 -1.9566048553910849,27.430306185674635,0 4.241637023889681,24.864804752050002,0.5
2454 12 0 1 1 0 1 5.179694762416051,-11.376324633562447,0 -8.08032382936904,17.747066428357417,0 18.513466625398422,-26.182084590617663,0.5
1139 30 23 1 0 1 1 -22.18976618548962,20.925206728567854,0 12.980598852052427,-20.487900171615813,0.5 -10.30046730977275,1.4664150845865258,0.5
369 12 30 1 1 1 0 8.94920603777289,8.727067737418407,0 -13.960761418925708,-13.614225670372717,0 -26.02505524612669,-16.998426381169928,0.5
2957 11 26 1 1 1 1 11.453395438067947,-1.0342789465344047,0 -20.416922302642863,1.8437146438221999,0 -25.852983080834278,8.35902301839734,0.5 6.017334659876534,5.481029428040735,0.5
2457 19 26 1 1 1 0 8.191671704030213,-17.695946278551784,0 -5.2510716051475725,11.343555306763964,0 -5.687365255666151,26.568851620810438,0.5
87 6 1 1 1 0 1 6.392393832469644,1.1778374635763929,0 -25.077852727380908,-4.620746972492003,0 28.907844170594732,11.427447020599669,0.5
309 3 30 0 1 1 0 -22.737141526849275,-17.1834919381372,0 -27.950307656060566,-13.602584384283826,0.5
1243 11 7 1 1 1 1 -9.873925464222985,5.895387682499678,0 17.60134539274532,-10.509169347064642,0 3.3636621640586366,-8.996431339485694,0.5 -24.11160869290967,7.4081256900786245,0.5
1092 17 16 1 1 1 1 -11.490250725676736,13.19939916288182,0 9.520493458417866,-10.936645020673508,0 6.308156685507155,-16.38466231666345,0.5 -14.702587498587446,7.751381866891874,0.5
2178 29 5 1 0 1 1 -4.43165487906235,-29.165226469768463,0 6.75815120859165,4.5362310613339805,0.5 1.9509323567274066,-27.100624770279264,0.5
262 22 0 1 1 0 1 19.196704259084708,11.736121403139926,0 -8.105275131613544,-4.955251259103524,0 23.745753588547945,21.54969110015182,0.5
1244 13 18 1 1 1 1 -11.605599082586128,6.896380930189109,0 15.903969113173584,-9.450596089518408,0 12.838910921978425,-14.608640126223353,0.5 -14.670657273781288,1.7383368934841625,0.5
2213 28 17 1 0 1 1 -2.206329879978328,-28.41447005419448,0 7.336757657010092,16.982991111176613,0.5 4.8594749847537235,-14.920975265462804,0.5
2428 15 14 1 1 1 1 5.645513786324418,-14.435309975487916,0 -6.009740482216316,15.366620296487136,0 0.3065748355628024,15.689359829840084,0.5 11.961829104103536,-14.11257044213497,0.5
2408 16 27 1 1 1 0 5.360981648227856,-15.60480297111643,0 -5.036073669547379,14.659057336503311,0 -3.2604956060343913,27.957452823943573,0.5
2395 4 1 1 1 0 1 1.3456835651523882,-4.294081478323247,0 -8.223621787042372,26.24160903419762,0 14.846186134908294,-27.31008526620993,0.5
1942 19 0 1 1 0 1 -11.724517813548669,-15.581581499956286,0 7.5157165471465825,9.988193269202746,0 -14.14527292959207,-28.777790981021283,0.5
2242 11 1 1 1 0 1 -0.192675333993286,-11.498385809132975,0 0.3434647258141185,20.497122529324,0 5.48814931895675,-30.59624514630569,0.5
2856 1 25 0 1 1 1 -29.12336861477261,9.059768238099569,0 -22.566796401577186,13.303747598694251,0.5 7.988869030315389,3.79841698822913,0.5
1298 16 22 1 1 1 1 -15.045256275267498,6.7742352787251185,0 14.133422561614921,-6.363675564862991,0 18.05290027401018,-14.708595843813342,0.5 -11.125778562872238,-1.5706850002252333,0.5
461 2 4 0 1 0 1 -16.785278937187766,-24.259109855903635,0 10.713237682618363,26.02837948001615,0.5
817 12 2 1 1 0 1 -1.748305056491799,12.377133328418386,0 2.7273558881272066,-19.308327992332682,0 -10.067023930961472,28.370848227951328,0.5
1891 1 29 0 1 1 0 20.83207514894745,22.277222560018703,0 24.531460729641378,17.44870867629072,0.5
568 22 6 1 1 0 1 8.370358883707084,20.885092581981674,0 -3.534151528676324,-8.818150201281151,0 3.917048713006249,25.90186729523445,0.5
301 21 13 1 1 1 1 17.367359576506026,12.673784807244614,0 -8.481733746665734,-6.1895228128403925,0 -14.441956424479024,-3.1112529041286567,0.5 11.407136898692738,15.752054715956351,0.5
989 14 9 1 1 1 1 -6.958800653103927,12.721049228360071,0 8.398552512366807,-15.352990448020774,0 -0.7046682183222845,-11.213984247451327,0.5 -16.062021383793017,16.86005542892952,0.5
953 7 0 1 1 1 1 -3.093514140541043,6.832288801146554,0 10.105479525767407,-22.318810083745408,0 -5.259596764881173,-2.930297232509271,0.5 -18.458590431189624,26.22080165238269,0.5
1248 5 5 0 1 0 1 22.893970555610135,-13.346014843347664,0 -25.9157097654247,8.162474340190652,0.5
720 17 6 1 1 1 1 1.0988340917629866,17.465467747494753,0 -0.9104625331750461,-14.471387562209937,0 -6.3962987475101665,-6.110430617607884,0.5 -4.3870021225721345,25.826424692096804,0.5
519 30 27 1 0 1 1 14.187107881362484,26.999554995639883,0 -18.10304251512484,-21.552954593177766,0.5 -3.2182080166461677,6.774447369460799,0.5
2169 2 19 0 1 1 1 4.980586619025657,29.07651555689544,0 9.206119742792303,18.207068937129055,0.5 3.803449511984811,-13.33355810763888,0.5
813 17 20 1 1 1 1 -2.302376284114943,17.347883543716364,0 1.9076832068380956,-14.373960650507845,0 -3.250776425025249,-21.111192591478577,0.5 -7.460835915978287,10.610651602745632,0.5
987 12 24 1 1 1 1 -5.95297754584924,10.991453877381954,0 9.286644971524815,-17.146668048715846,0 6.391938128721173,-24.400678821676262,0.5 -8.847684388652882,3.737443104421536,0.5
239 9 13 1 1 1 1 8.334480528925564,4.559214220999125,0 -19.73955914745528,-10.798138944471612,0 -14.723239206998933,-1.215000927361558,0.5 13.350800469381914,14.142352238109178,0.5
891 25 30 1 0 1 0 -7.421422254120926,24.39615731475018,0 3.1363307789093007,-30.92593457351396,0.5
1535 26 7 1 1 1 1 -26.42883364644814,-1.940812223882245,0 5.48522962473452,0.40281008420197534,0 7.919287761949227,-5.43460038488951,0.5 -23.99477550923343,-7.7782226929737295,0.5
2622 21 0 1 1 0 1 15.10697435067526,-15.298017059999632,0 -7.377824682887917,7.471124610697495,0 26.402688111919467,-18.19747401329939,0.5
1875 1 23 1 1 1 0 -1.0606601717798214,-1.0606601717798212,0 21.566756826189703,21.566756826189696,0 20.859650045003153,12.37436867076458,0.5
547 10 28 1 1 1 0 4.3309197967574615,9.565204321605174,0 -8.868073869550992,-19.585894563286786,0 -17.22118477497321,-23.487886131924068,0.5
606 22 10 1 0 1 1 6.683435585483284,21.484452256799468,0 -8.848123875038723,-8.243828230377542,0.5 0.6572067354263922,22.311837201515033,0.5
849 29 30 1 1 1 0 -6.072946958711491,28.86813667760143,0 0.5146565219247026,-2.4464522608136803,0 0.40732414152853824,-31.08189323454619,0.5
119 10 8 1 1 0 1 10.17556985854215,2.5899378475030033,0 -20.835690662729164,-5.303206068696626,0 21.293929961021192,11.611138911197473,0.5
1653 5 19 0 1 1 1 25.151047842242804,8.347142770865586,0 20.397293945242573,0.44766026333668396,0.5 -9.97378269444685,-9.631908365633082,0.5
472 13 24 1 1 1 1 7.423619925035339,11.275631565842257,0 -10.173108786159538,-15.451791405043092,0 -18.48388722654958,-17.163796578735056,0.5 -0.8871585153547032,9.563626392150294,0.5
1012 15 30 1 1 1 0 -8.08488363327417,13.224396267369464,0 8.606489028969278,-14.077583123328786,0 10.789843432944865,-29.151831480929918,0.5
2048 11 28 1 1 1 0 -4.721436709414477,-10.48608770700462,0 8.416474134173633,18.6925911298778,0 17.171954126986115,23.523902555925634,0.5
341 30 23 1 0 1 0 23.04655870165577,19.977640801934918,0 -21.687212272148198,-10.858859233952,0.5
1415 8 31 1 1 1 0 -8.365662667738556,1.505220292716459,0 23.128596787277186,-4.16149139751021,0 29.93965320911362,-11.48334296788233,0.5
1350 18 19 1 1 1 1 -17.59454555146034,5.716814395936529,0 12.839262969984572,-4.171729424061791,0 16.691500101505806,-11.732170488082398,0.5 -13.742308419939103,-1.843626668084077,0.5
2694 19 12 1 1 1 1 15.63055620498209,-11.659147169621624,0 -10.019587310885955,7.47381228821899,0 -6.43215741254084,12.283214197444249,0.5 19.217986103327206,-6.849745260396366,0.5
2020 8 27 0 1 1 1 10.88745682531676,20.82578411193354,0 18.057862441183495,21.590822218139227,0.5 3.2323893173479075,-6.7676923172596375,0.5
50 4 22 0 1 1 1 -27.349352122627515,-2.87453273986047,0 -23.00391342539207,3.6152409486874366,0.5 8.820787226392676,6.960151773252347,0.5
2848 0 31 0 1 1 0 -29.917243727660107,9.859438510370763,0 -28.03925543997044,15.557961125163164,0.5
1074 20 31 1 1 1 0 -12.867672906459358,15.95847718212398,0 7.218450654843054,-8.95231646802077,0 15.10150407125492,-28.28771066710544,0.5
84 11 31 1 1 1 0 11.322489847085862,2.0127651782156746,0 -20.18356885784871,-3.5879727089931586,0 -32.06391489152163,0.3941596494540365,0.5
2006 6 17 1 1 1 1 -3.1790070801967176,-5.669560299005482,0 12.471489314617893,22.24212117302151,0 13.7923054919193,12.329732730987022,0.5 -1.8581909028953092,-15.58194874103997,0.5
479 1 22 0 1 1 1 -16.396616230147465,-25.717717165434117,0 -17.155087481013858,-15.74652258496337,0.5 0.04791971127200689,11.23600034270521,0.5
13 28 3 1 0 0 1 28.489436885998177,0.7758775152859995,0 28.326094251201123,6.773653701811932,0.5
1190 8 1 1 1 0 1 -6.7705043032056675,5.139092476330187,0 18.71845307356861,-14.20807919926581,0 -27.92175718891223,13.66109349515726,0.5
2834 21 3 1 1 0 1 20.21363897927608,-7.325216666794959,0 -9.871777175925528,3.577431395411492,0 28.83907027489014,-4.069155401302319,0.5
2998 12 28 1 1 1 1 12.499890337889221,-0.052359724442559416,0 -19.499828927107185,0.08168117013039268,0 -28.474617302654995,6.119327533915861,0.5 3.5251019623414104,5.98528663934291,0.5
352 6 8 1 1 1 1 4.8121805313255575,4.369544430936854,0 -18.87855439212334,-17.142058921367656,0 -10.32627709259821,-1.2720068423092163,0.5 13.364457830850691,20.239596509995295,0.5
2481 8 1 1 1 0 1 3.953784163658395,-7.52446614632587,0 -10.931050334820268,20.802935816312697,0 19.49849574935721,-24.208648527175136,0.5
2629 0 30 0 1 1 0 -22.459680879837155,22.0864830784776,0 -17.539725979814847,25.66335933881237,0.5
1805 22 1 1 1 0 1 -18.063393191800074,-13.415059686726355,0 7.626766014315588,5.66413631217335,0 -20.908583743535296,-23.001763537597967,0.5
492 3 20 1 1 1 1 1.8005383682352725,3.001343296677783,0 -14.661526712772933,-24.439509701519093,0 -15.691170379682795,-14.492659249280836,0.5 0.7708947013254104,12.94819374891604,0.5
5 27 30 1 1 1 0 27.498492157551585,0.28797406319675933,0 -4.499753262144805,-0.04712302852310607,0 -30.561158370345595,5.680281600647576,0.5
2473 20 13 1 1 1 1 9.230212912371945,-18.30445764266951,0 -5.177924316696457,10.268354287351189,0 -0.7210306566343503,14.755680763427808,0.5 13.68710657243405,-13.81713116659289,0.5
1747 14 1 1 1 0 1 -12.602673276924165,-7.170957138004765,0 15.210122920425718,8.654603442419544,0 -23.541778766769546,-20.298636715220024,0.5
2783 4 24 0 1 1 0 -24.70841412872494,12.072459204463101,0 -19.378959670072085,16.14639037387984,0.5
302 24 24 1 1 1 1 19.760420977174945,14.483637761447374,0 -6.049108462400493,-4.433766661667564,0 -23.307434306508995,-9.64435099152698,0.5 2.5020951330664425,9.273053431587957,0.5
2022 0 0 0 1 0 1 14.47676560957686,27.976298137626653,0 -9.147946916695593,-30.73377730135558,0.5
1194 14 2 1 1 0 1 -11.622721280627713,8.669622254334021,0 14.027422235240342,-10.463337203506578,0 -27.233655952035974,12.82879509097154,0.5
1678 18 24 1 1 1 1 -17.229240938485578,-6.738193874000113,0 12.572689333489475,4.917060394540623,0 25.00246303983229,3.3356921233561776,0.5 -4.799467232142765,-8.319562145184557,0.5
1127 5 0 1 1 0 1 -3.9053437008185843,3.872762654549928,0 18.816656013034997,-18.659674608286018,0 -26.59180045510636,17.919992984256588,0.5
2441 2 30 1 1 1 0 0.9736137019846458,-2.3026237989102243,0 -11.48864168341882,27.170960827140647,0 -6.351790046828141,30.428683231467886,0.5
407 24 17 1 1 1 1 16.125018366095578,18.44542714856667,0 -4.936230112070074,-5.646559331193878,0 -16.035117726451944,-9.22632101646299,0.5 5.026130751713709,14.865665463297557,0.5
942 30 20 1 0 1 1 -11.936896838534674,28.06707134465905,0 2.5017690859674264,-21.212994872023557,0.5 -10.02218825282305,8.234424243684295,0.5
231 31 1 1 1 0 1 27.88478630697234,14.652258959439937,0 -0.4426156556662276,-0.23257553903872916,0 24.208648527175136,19.49849574935721,0.5
197 21 24 1 1 1 1 19.69578471332086,8.621256551484603,0 -9.618871604179956,-4.210381106538992,0 -24.849965803965986,-4.32772452239291,0.5 4.464690513534832,8.503913135630683,0.5
1272 6 12 0 1 1 1 22.647479444745382,-11.719286445847944,0 8.344226446440379,-11.073566950649866,0.5 -20.076139915593046,3.6329885892377494,0.5
809 2 23 0 1 1 0 3.636024860752801,-29.275063163245054,0 -3.057755754297611,-24.060343508500868,0.5
1006 4 7 0 1 1 1 14.048183376311144,-23.641035168231006,0 -1.3267212977109986,-9.512613237076343,0.5 -17.673698317418513,17.99695495868337,0.5
2201 5 25 1 1 1 0 -0.5634492256088712,-5.4710625083397435,0 2.7148008142972886,26.360573903818764,0 8.580787327829942,24.751163383456404,0.5
1403 2 7 0 1 0 1 28.893321644682228,-5.951971466408202,0 -25.206718952310638,-0.9334450488505901,0.5
2713 18 6 1 1 0 1 15.257299203413533,-10.462543716396922,0 -11.133704824112579,7.634829198451808,0 24.423588755969007,-9.473030786358935,0.5
1275 1 9 1 1 1 1 -1.3365097862825517,0.6809857496093203,0 27.175698987745218,-13.84671024205618,0 5.740618981352212,-9.658948892655902,0.5 -22.771589792675556,4.868747099009597,0.5
2471 9 28 1 1 1 0 4.241846680963469,-8.500396269304108,0 -10.046478981229269,20.132517479930783,0 -7.356868714908866,28.180249869573462,0.5
200 7 10 1 1 1 1 6.851590932319507,3.050524823068501,0 -22.38186371224372,-9.965047755357103,0 -12.03264716370211,1.2105379935597043,0.5 17.200807480861116,14.22611057198531,0.5
2499 12 14 1 1 1 1 6.227313816743628,-10.838383764556129,0 -9.71460955412006,16.90787867270756,0 -2.0212598204356667,15.561635798922051,0.5 13.92066355042802,-12.18462663834164,0.5
1240 2 20 0 1 1 1 25.233245674734945,-15.28179677650734,0 14.426805277051605,-15.751739253112207,0.5 -12.944851048084606,0.8251250468279574,0.5
1511 30 17 1 0 1 1 -30.491906185770937,-0.7026073997219968,0 17.633573857354865,-5.595272380966908,0.5 -14.357934271978579,-6.332434242970314,0.5
1332 13 21 1 1 1 1 -12.6729070783273,4.65267946285598,0 17.36657636659667,-6.375894078728566,0 18.11492040051119,-13.04222599417536,0.5 -11.92456304441278,-2.013652452590815,0.5
980 27 12 1 0 1 1 -12.74064096579619,24.370598428858408,0 0.47397896361098013,-13.857320951109354,0.5 -14.351494160224588,14.50119358428952,0.5
1666 24 31 1 1 1 0 -23.03414674382623,-8.347339922626816,0 7.051269411375377,2.5553081395796373,0 31.65957803944029,5.0912786571341755,0.5
2841 30 1 1 0 0 1 28.82442379298404,-9.97008490447577,0 30.785751970913697,-4.299706453396944,0.5
1079 31 2 1 0 0 1 -20.02797826280194,24.313166941078098,0 -23.38744001267066,18.954620799523564,0.5
0 9 22 1 1 1 1 9.5,0,0 -22.5,-0,0 -22.5,6,0.5 9.5,6,0.5
2913 23 28 1 1 1 0 23.110962317390246,-4.258335445237739,0 -8.359284242460301,1.5402489908306713,0 -26.940953760604067,11.065035493345405,0.5
2795 30 7 1 0 1 1 27.731701325935585,-12.69656416394224,0 -4.321586064290605,8.57752259623542,0.5 24.773969425215583,-4.743462756097422,0.5
427 9 6 1 1 1 1 5.947565992616522,7.40786465612537,0 -14.086340508828606,-17.544942606612718,0 -8.748038619869433,-1.3121815062227125,0.5 11.285867881575694,23.640625756515377,0.5
1897 7 30 1 1 1 0 -5.0534001316446835,-5.541944343774438,0 16.507773763372633,18.10368485632983,0 24.98404934370793,18.494520226033636,0.5
2208 2 31 0 1 1 0 2.5916102982469247,29.38594146972359,0 8.744114346207446,30.851101508705476,0.5
2817 1 25 0 1 1 0 -28.287077176707164,11.405755775002923,0 -21.406096175607058,15.100630666321887,0.5
6 1 24 0 1 1 0 -30.49759184821639,-0.3832642164422545,0 -24.57346182229361,5.691658288080758,0.5
1682 30 6 1 0 0 1 -28.310903277797387,-11.346486486802924,0 -21.437675890590683,-15.055764756729799,0.5
852 25 23 1 1 1 1 -5.406181303012387,24.920337150988935,0 1.3780462144933534,-6.352242803193258,0 -0.8814416582408828,-24.23784356338487,0.5 -7.665669175746623,7.034736390797319,0.5
1004 10 13 1 1 1 1 -5.325994450666986,9.048965858674928,0 10.905607684699067,-18.528834853477232,0 1.676869517329024,-14.677810075820327,0.5 -14.55473261803703,12.89999063633183,0.5
2888 12 6 1 1 1 1 12.157673132561793,-2.9053371580222977,0 -18.9659700867964,4.532325966514785,0 -4.92742819308143,7.346458425801256,0.5 26.19621502627676,-0.09120469873582682,0.5
974 3 29 0 1 1 1 12.885516492197798,-25.420729036148796,0 7.985907449226044,-29.02542475507285,0.5 -6.482040892890781,-0.4828518022040278,0.5
866 7 25 0 1 1 1 5.893888359320299,-23.780497892345917,0 0.31065982892212674,-26.194531690234395,0.5 -7.387480068965611,4.865710454870476,0.5
1599 10 16 1 1 1 1 -10.275099495417457,-2.1615573920837523,0 21.039489442997652,4.426046088552446,0 17.381760573989578,-2.474752381249793,0.5 -13.932828364425532,-9.06235586188599,0.5
2399 31 26 1 0 1 0 9.671269544101994,-29.97860145846242,0 -2.4259375926326445,27.062239870281466,0.5
1680 2 26 0 1 1 0 27.42840633370341,10.85967430419801,0 26.847824192146728,4.1766417308144685,0.5
784 30 7 1 0 0 1 -2.1700526577973815,30.422703224111867,0 -7.727951129859248,24.011013542424802,0.5
247 20 2 1 1 0 1 17.81757256392727,10.138249746834322,0 -9.995223633422615,-5.687310833589986,0 22.67262888560237,19.80408794708176,0.5
147 30 11 1 0 1 1 29.065869916275176,9.242575723799606,0 -12.777474045244661,2.232970448326413,0.5 17.717864883306344,11.930099076575178,0.5
1018 28 3 1 1 0 1 -15.17013367159341,24.12710186462493,0 1.8629988719500679,-2.9629774219714826,0 -20.249523537830235,20.933389512710527,0.5
4 2 29 0 1 1 0 -29.49896479421518,-0.24713573123573307,0 -29.549229688703804,5.75265371843515,0.5
2185 16 4 1 1 0 1 -2.2393069451660175,-16.34733936777882,0 2.1035913727317137,15.356591527307376,0 2.212308800885299,-28.059859047570527,0.5
954 5 11 1 1 1 1 -2.279065695463063,5.005582838767476,0 10.98095289632203,-24.117808223152384,0 -0.6953166426872066,-12.952472148837156,0.5 -13.955335234472297,16.17091891308271,0.5
1573 20 17 1 1 1 1 -20.260866369931474,-3.122065652701731,0 11.365851866059119,1.7514026832229224,0 18.20963684829323,-3.2648316730394407,0.5 -13.417081387697364,-8.138300008964094,0.5
841 22 31 1 1 1 0 -4.262359493602826,22.092584537516064,0 1.799662897298971,-9.327980138062339,0 0.07594741437300634,-32.06624755081658,0.5
2305 23 30 1 0 1 0 2.7010230365823595,-23.344259991609317,0 2.454653503569955,30.98749225376929,0.5
2537 29 0 1 0 0 1 16.683515655876164,-24.329206837875645,0 22.762914718215356,-22.585387168061892,0.5
191 24 5 1 0 0 1 22.565713229320195,9.541414279449533,0 22.071139383685225,15.846602358421787,0.5
707 5 31 1 1 1 0 0.49465514834254165,5.47771086168467,0 -2.383338442014064,-26.39260687902614,0 -8.808709516890561,-30.83272022782034,0.5
1575 18 9 1 1 1 1 -18.272234301010048,-2.8940376032442687,0 13.33379259803436,2.1118652780431146,0 10.321646025895195,-4.440002625688635,0.5 -21.284380873149217,-9.445905506976018,0.5
936 3 3 0 1 0 1 10.823704222371328,-26.364700394782055,0 -16.374167463378075,24.086025821651248,0.5
1641 8 22 1 1 1 1 -8.132052438250058,-2.473807418040312,0 22.482733211632514,6.839349920464392,0 23.27223816104332,0.8080414442831376,0.5 -7.342547488839258,-8.505115894221566,0.5
1398 23 1 1 1 0 1 -22.965800903852546,4.982167083168288,0 8.306779050329645,-1.8020604343374658,0 -31.078720428362228,0.6026081112135104,0.5
1408 16 17 1 1 1 1 -16.194646618151644,3.1596551889707167,0 15.21315288371821,-2.9681609350937035,0 16.027174829323,-9.240111849448327,0.5 -15.380624672546857,-3.1122957253839076,0.5
10 4 20 1 1 1 1 4.499013075636805,0.09424088947510632,0 -27.493968795558253,-0.5759165467923164,0 -20.621158530534473,5.569364493240255,0.5 11.371823340660582,6.239521929507678,0.5
1022 20 14 1 1 1 1 -11.05685532596801,17.262559204840194,0 6.20262615846986,-9.683874675885962,0 2.7682461949997554,-15.44625563053614,0.5 -14.491235289438114,11.500178250190014,0.5
2702 29 30 1 1 1 0 23.93842396464014,-17.239543442015588,0 -2.0286799970034015,1.4609782577979313,0 -21.243548144726464,22.69276673794293,0.5
1382 11 0 1 1 0 1 -11.150588260701769,2.813251044663437,0 19.877135595164024,-5.014925775269606,0 -32.01069882435533,1.8881633341467525,0.5
240 2 31 0 1 1 0 -25.851047061293976,-14.211733386000603,0 -30.494182465991997,-9.917400653940852,0.5
2889 14 21 1 1 1 1 14.109928409240833,-3.3406466868105755,0 -17.029223942187212,4.03181496684035,0 -19.539281426056167,10.791963739439474,0.5 11.599870925371874,3.4195020857885488,0.5
1846 6 12 1 1 1 1 -4.866708451371562,-4.308729377594816,0 19.092471616919205,16.90347678902582,0 13.336343370417449,3.7936717710316668,0.5 -10.622836697873318,-17.41853439558897,0.5
2015 21 31 1 1 1 0 -10.159841444684673,-18.948024219397325,0 4.961783031125073,9.253686246682415,0 20.17316980576517,24.92575415083292,0.5
1133 3 3 1 1 0 1 -2.515991317173821,2.43306138268354,0 20.4873578684154,-19.81207125899454,0 -24.65832023873004,15.49894328669656,0.5
2475 22 6 1 0 0 1 10.2147862441398,-20.04764679423828,0 16.922796888488648,-19.996723368366105,0.5
404 2 1 0 1 0 1 -19.55500255985341,-22.08736912545554,0 15.72553773975579,26.813382158830997,0.5
212 22 3 1 1 0 1 20.31830143956196,9.665227706117136,0 -8.578838385592828,-4.080873920360569,0 23.159121101813916,17.660835478298228,0.5
2725 24 31 1 1 1 0 20.547428914662888,-13.343656357868161,0 -6.29002925959068,4.084792762612702,0 -23.150288680190698,22.188153010645895,0.5
338 19 0 1 1 0 1 14.814646243396442,12.67975775332556,0 -9.49656810474131,-8.12804984187536,0 20.029887699847926,25.041038291801733,0.5
2082 3 30 0 1 1 0 9.822323310473749,26.753914943135406,0 16.144012302746027,26.56352511939605,0.5
2422 6 19 0 1 1 1 -8.988623913864792,23.86324873388152,0 -1.2587715261597783,20.363337011524642,0.5 10.021070248101923,-9.582700615307068,0.5
2845 20 29 1 1 1 0 19.429252405196504,-6.538665840610443,0 -10.899336715110234,3.6680320569278098,0 -26.04541223949435,15.095910084350592,0.5
1196 16 0 1 1 0 1 -13.267063325358722,9.809945500405268,0 12.462998881397587,-9.215403348865555,0 -28.895282894014024,13.90369110973416,0.5
1548 24 10 1 1 1 1 -24.376299916041855,-2.4588620138547608,0 7.462132627359751,0.7527128613841104,0 11.04915596741094,-4.915908095950046,0.5 -20.789276575990666,-8.127482971188918,0.5
2835 9 5 1 1 0 1 8.938367305065139,-3.2180102423302763,0 -21.169817301470065,7.621603205519076,0 26.96576789875872,-3.3312702727748933,0.5
1430 6 6 1 1 0 1 -6.430270164259424,0.9495396856556746,0 25.2264444905562,-3.725117228341493,0 -26.10294266193067,-2.210516769436437,0.5
531 29 30 1 0 1 0 13.0613678156476,26.450910585164454,0 -18.883972267397915,-24.691002235716283,0.5
196 27 29 1 0 1 0 25.21532279295195,10.974401871958117,0 -29.443579404502955,-6.2710152169110085,0.5
1746 1 4 0 1 0 1 26.540604517420537,15.028183917222888,0 -20.97368920412221,-18.77110442059517,0.5
1101 2 7 0 1 0 1 19.78522450783324,-21.88138229579281,0 -20.882247261582076,14.148559972878793,0.5
344 2 25 1 1 1 0 1.87873617943174,1.6493484677575654,0 -22.169086917294532,-19.46231191953927,0 -23.121545352821904,-12.31438754049099,0.5
243 29 25 1 0 1 1 25.761242416892646,14.373878708897301,0 -25.191693352004958,-7.185303477136452,0.5 2.752705201912488,8.40670054607418,0.5
1236 1 1 0 1 0 1 25.9553316947381,-16.01782621381953,0 -29.106379474505875,10.911859323051377,0.5
2813 22 30 1 0 1 0 20.79629484789838,-8.58860411238493,0 -25.90023858607071,17.188008645116916,0.5
2511 29 1 1 0 0 1 15.334611607310919,-25.201184235129215,0 20.9800935401274,-22.936557611104256,0.5
2334 16 21 1 1 1 1 2.8878804730920473,-16.24531151973189,0 -2.7128574141167716,15.260747185202684,0 2.1443902392068073,22.21827154622957,0.5 7.745128126415627,-9.287787158705003,0.5
1513 0 15 0 1 1 1 31.488324979261144,0.8575488326845105,0 15.657597783322373,-5.575807713300221,0.5 -16.330541878149262,-6.446968432217819,0.5
218 16 26 1 1 1 0 14.80984527370916,7.274509122187866,0 -13.91227889348436,-6.833629781449207,0 -26.430785120389086,-6.297904248225667,0.5
2915 30 23 1 0 1 0 30.017966043061882,-5.401084579747286,0 -22.066088345359688,10.066665045325657,0.5
1441 12 0 1 1 0 1 -12.40468778103604,1.540688500318983,0 19.35131293841622,-2.4034740604976137,0 -31.999343688363933,-2.0717151140934624,0.5
1992 23 8 1 0 1 1 -12.089329043865408,-20.151876420550824,0 9.51789597430472,4.202339374957003,0.5 -6.944169106703496,-23.238513623239864,0.5
2784 22 6 1 1 0 1 20.236618160243353,-9.835104749645982,0 -8.544349889880527,4.1525997831838595,0 25.557528514848062,-5.750020540200553,0.5
1424 4 15 0 1 1 1 27.152359822915262,-4.35882507643255,0 14.3530409744215,-8.380943549898038,0.5 -17.242432274061713,-3.3088561882310725,0.5
1959 10 9 1 1 1 1 -6.010537318743208,-8.609497147917246,0 12.307290700283712,17.62897035049722,0 10.357817849101329,4.354952285024247,0.5 -7.96001016992559,-21.88351521339022,0.5
1462 31 1 1 0 0 1 -31.40029068605682,2.5043451900912843,0 -30.880474192548593,-3.5561655815414843,0.5
1355 6 8 1 1 1 1 -6.2025621353558,1.9437651496645654,0 24.33312837716506,-7.625540202530218,0 6.316798038851831,-8.2672887052744,0.5 -24.218892473669026,1.302016646920383,0.5
9 24 8 1 1 1 1 24.49564763332982,0.4617867730275003,0 -7.498667642856067,-0.14136329786556132,0 -8.611580633529327,5.838722376703885,0.5 23.382734642656562,6.441872447596946,0.5
78 9 28 1 1 1 0 9.373516469974746,1.545053069351394,0 -22.20043374467703,-3.6593362168848804,0 -29.096372401093543,1.2849564571930268,0.5
647 22 3 1 1 0 1 4.816202152814101,21.978493961671457,0 -2.0335075756326204,-9.279808561594615,0 0.23959100378547316,29.12374625886761,0.5
206 19 13 1 1 1 1 17.713064051567258,8.15459146156788,0 -11.35452823818414,-5.22730221895377,0 -14.771995562336679,-0.19531284214168387,0.5 14.295596727414715,13.186580838379966,0.5
2685 10 30 0 1 1 0 -16.98833276607734,13.177501653538995,0 -20.422285555540697,23.434595210669922,0.5
1825 4 3 1 1 0 1 -3.49715682655637,-2.831941759724268,0 21.371513940066706,17.306310753870527,0 -18.372737555224653,-22.598506913662188,0.5
2607 13 7 1 1 0 1 9.179370612752654,-9.898947174004565,0 -12.579137506364747,13.565223905117367,0 21.058389856034623,-13.885035710118217,0.5
2092 27 24 1 0 1 1 -8.934969413713103,-26.008004951860713,0 13.634719285350375,21.2213201759385,0.5 3.237663967575127,-9.042540131681235,0.5
2945 7 30 0 1 1 0 -24.337632757209715,2.815960187075236,0 -29.608246447854892,9.465819683634816,0.5
870 13 12 1 1 1 1 -3.3573134767255377,13.075872675236521,0 4.60076291254981,-17.918788480879677,0 -2.7028753772111047,-13.599428837097019,0.5 -10.660951766486452,17.39523231901918,0.5
754 1 12 0 1 1 1 0.2555132136505063,-30.49892970249366,0 -5.895070919486249,-12.549826247969632,0.5 -6.163150356758912,19.44905081694175,0.5
149 14 8 1 1 0 1 13.799673687228735,4.451854234586632,0 -16.65477858803468,-5.372927524501108,0 20.522841809817617,12.92528390594195,0.5
894 30 26 1 0 1 0 -9.05976823809956,29.123368614772613,0 2.1424146433115627,-27.08615992524825,0.5
216 3 22 1 1 1 1 3.1479183804822988,1.5299051832782649,0 -25.633049669641576,-12.457799349551586,0 -22.859312760148946,-4.438673240247763,0.5 5.921655289974929,9.54903129258209,0.5
384 9 8 0 1 0 1 -15.607199380788112,-16.206953059977906,0 11.978998537273474,21.089181919742643,0.5
611 28 24 1 0 1 0 8.180245537935408,27.30079821065838,0 -12.779677366433956,-21.74695027836905,0.5
2190 26 31 1 1 1 0 -3.3213306894540717,-26.291039584833662,0 0.6893327846036752,5.456630857229627,0 9.900685065162461,30.499613690020222,0.5
2236 1 29 0 1 1 0 0.8941785672029683,30.486889718204363,0 6.862282165302091,29.311415583075767,0.5
1775 1 0 0 1 0 1 25.579452322335435,16.611490567958327,0 -23.150288680190698,-22.188153010645898,0.5
2609 25 5 1 1 0 1 17.416980862234745,-18.625218861654986,0 -4.4396225727265035,4.74760480787284,0 22.48240415761375,-15.257506457272498,0.5
999 1 26 0 1 1 0 15.194645712854467,-26.445656385516948,0 7.999481084509564,-25.96648421289593,0.5
711 24 24 1 1 1 1 1.9989699834198622,24.41831523683373,0 -0.6119295867611823,-7.474994460255224,0 -7.978965551624041,-23.928771567424786,0.5 -5.368065981442998,7.964538129664169,0.5
1625 0 14 0 1 1 1 30.426663528105657,8.152799920729391,0 15.558838751806615,-2.042678803747865,0.5 -15.350787689443575,-10.324888247028516,0.5
882 11 28 1 1 1 0 -3.138947258449238,11.063318223239989,0 5.595514678105164,-19.72156726751476,0 2.006964132727248,-29.055500253307397,0.5
2996 31 26 1 0 1 0 31.49889461077214,-0.26389069606526566,0 -26.448805174891117,6.221792733662298,0.5
337 23 4 1 1 0 1 17.885512750145974,15.243307832106714,0 -6.469228016010246,-5.513536875442854,0 17.037946963249958,22.404427314204703,0.5
520 5 13 0 1 1 1 -12.277344930676337,-23.48439484962719,0 -11.571717949505423,-9.183972108902228,0.5 3.253755174330154,19.174542426496643,0.5
1056 25 5 1 1 0 1 -15.246577067966722,20.43995811420736,0 3.8863823898738703,-5.210185401660699,0 -20.6538839602495,17.654095200733128,0.5
1884 5 18 0 1 1 1 18.381812604039332,19.088189159529534,0 17.15444030686433,9.163797125549449,0.5 -5.0424654791454255,-13.886091670863573,0.5
1388 19 21 1 1 1 1 -18.9659700867964,4.532325966514791,0 12.157673132561793,-2.9053371580223017,0 19.516635952155582,-10.83286301542802,0.5 -11.607007267202613,-3.3951998908909276,0.5
1693 12 0 1 1 0 1 -11.49262673225691,-4.916251701552092,0 17.92849770232078,7.669352654421264,0 -26.60161854854241,-17.90541511939459,0.5
775 9 25 1 1 1 1 -0.4971915843079665,9.486980580168451,0 1.1775590154662365,-22.46916453197791,0 -4.657210324332375,-25.779068873699295,0.5 -6.331960924106578,6.177076238447067,0.5
1496 7 30 1 1 1 0 -7.499736812088605,0.06283111811077995,0 24.499140252822777,-0.20524831916188116,0 30.448664808005034,-6.255302663321388,0.5
2347 17 18 1 1 1 1 3.530830530920115,-17.140106060404715,0 -2.925545297048095,14.201802164335335,0 2.1440155165946377,19.330111160171878,0.5 8.600391344562848,-12.011797064568169,0.5
581 10 28 0 1 1 0 -7.452077277063978,-20.167214588451888,0 -15.506394880327196,-24.65363498179046,0.5
802 3 28 0 1 1 0 3.0977612625742705,-28.33114673217613,0 -2.866690681041757,-28.983306997981238,0.5
1923 3 15 0 1 1 1 18.028249614524054,22.073337215663912,0 14.451855870845833,8.209376461601625,0.5 -5.790389310374155,-16.574721464757854,0.5
1651 26 5 1 0 0 1 -25.185791520512446,-8.241717386885057,0 -23.319742300840357,-13.94416075001995,0.5
1728 3 16 1 1 1 1 -3.108477570847407,-1.6085295121752057,0 25.31188879118603,13.09802602771239,0 17.411730569152414,2.2542490073732724,0.5 -11.008635792881021,-12.452306532514324,0.5
792 23 22 1 1 1 1 -2.064503118942465,23.409139814864552,0 0.7467351706813171,-8.467135677716966,0 -4.000149732467313,-22.94011338502584,0.5 -6.811388022091095,8.936162107555681,0.5
250 12 9 1 1 1 1 10.825317547305485,6.249999999999999,0 -16.887495373796554,-9.749999999999998,0 -11.227241335952169,0.4461524227066329,0.5 16.48557158514987,16.446152422706632,0.5
2207 0 19 0 1 1 1 2.833024940507281,31.372344026012208,0 7.729461920506832,18.88135107505379,0.5 4.8514683301502295,-12.988966665657024,0.5
726 19 15 1 1 1 1 0.9797642045055072,19.47537065381734,0 -0.62805397724712,-12.484211957575218,0 -6.771208671422533,-15.178956918314654,0.5 -5.163390489669906,16.78062569307791,0.5
2089 17 11 1 1 1 1 -5.789766871913777,-16.514496648971466,0 4.79723540815713,13.683440080576357,0 9.4668170811907,8.867320584667953,0.5 -1.1201851988802076,-21.33061614487987,0.5
1411 25 8 1 0 0 1 -25.05827743710392,4.725751991496012,0 -24.204863989055617,-1.5409605028418518,0.5
61 16 28 1 1 1 0 16.365525466052546,2.1022788159484516,0 -15.373675437806936,-1.9748679786182426,0 -29.032190828981104,2.3198913055626904,0.5
1201 19 7 1 1 1 1 -15.799802336300486,11.428746481300287,0 10.12807842070544,-7.326119539295056,0 2.560309673561637,-9.257149365515644,0.5 -23.36757108344429,9.4977166550797,0.5
189 17 0 1 1 0 1 16.146772947727012,6.74771986485444,0 -13.378754728116666,-5.5909678880222495,0 26.75068735224424,17.68193219595868,0.5
1409 28 23 1 0 1 0 -27.98394041418701,5.398988691896924,0 21.937847985333796,-10.343153569989466,0.5
198 6 27 1 1 1 0 5.9490676220359635,2.6188918321388073,0 -23.338649901833396,-10.274114110698397,0 -27.58657086135721,-5.588479946400218,0.5
1855 19 15 1 1 1 1 -14.353893198834822,-13.19908140881188,0 9.20121358899668,8.460949621033256,0 15.470760668451847,6.074995007362831,0.5 -8.084346119379655,-15.585036022482306,0.5
2055 1 7 0 1 0 1 12.113010664360798,27.99151608336143,0 -4.22359556644823,-24.867875673066223,0.5
2661 3 21 0 1 1 1 -21.613314585728563,18.577261171075055,0 -12.39377882690224,18.56459658570123,0.5 11.873802462336851,-2.2940826239269017,0.5
171 4 0 0 1 0 1 -25.75512188557529,-9.639693805259624,0 27.398115511420503,16.661130406513813,0.5
2079 9 2 1 1 0 1 -3.330076041816961,-8.897223924107827,0 7.887022204303329,21.072372451834326,0 -4.72146312515299,-29.73142758021923,0.5
219 29 30 1 0 1 0 26.450910585164458,13.061367815647593,0 -30.004101008183103,-8.12427982597508,0.5
442 22 27 1 0 1 0 13.528289784863848,17.978747884564946,0 -21.328909172939802,-18.36648124961568,0.5
1256 18 24 1 1 1 1 -16.136440851015607,9.047943228252189,0 11.77524062101139,-6.602553166562408,0 18.43541305299293,-17.215851578284987,0.5 -9.476268419034064,-1.5653551834703912,0.5
2869 22 1 1 1 0 1 21.658437684069064,-6.0960706266657585,0 -9.14467368882916,2.5738964868144314,0 30.984834361071158,-2.487979022617389,0.5
17 30 4 1 0 1 1 30.480669680433632,1.0857144340451843,0 -4.7107311529909,5.836009938668802,0.5 27.268987855988648,6.9751201645522745,0.5
2097 5 2 1 1 0 1 -1.7324258581041798,-5.220028797446619,0 8.347142770865593,25.1510478422428,0 -3.597525459889745,-29.888255395145517,0.5
2601 30 15 1 0 1 1 20.455910084369947,-22.62312406853156,0 -5.945175799886716,15.521110936670784,0.5 15.51676264928831,-8.214625790968885,0.5
1694 26 18 1 1 1 1 -24.342486515532684,-10.473459325414385,0 5.052214182469047,2.1737368411237403,0 19.365160622258152,1.8001539029045288,0.5 -10.029540075743583,-10.847042263633597,0.5
1823 23 8 1 0 1 1 -18.32471783357328,-14.712400086998766,0 10.384446898185764,0.6428550526829708,0.5 -14.56836036455232,-19.391051448762155,0.5
470 14 31 1 1 1 0 8.02417746402849,12.077357990296443,0 -9.684352111758521,-14.576121712426742,0 -22.429361245425937,-22.91666978690807,0.5
1764 3 27 0 1 1 0 24.253342731148724,14.967476953896918,0 26.553396029121803,9.33633543316747,0.5
2670 15 0 1 1 0 1 11.942955263024736,-9.880071841104689,0 -12.713468505800524,10.51749583085338,0 28.0957110859295,-15.455776220428987,0.5
2674 25 22 1 0 1 1 19.783568416315237,-16.089139837697175,0 -13.670409817290581,18.851257131218738,0.5 11.156028979654032,-1.33903599844046,0.5
104 2 24 0 1 1 1 -28.802959229849876,-6.374914870302661,0 -25.21769458824196,0.5638081714130188,0.5 6.026193389900274,7.478970064622684,0.5
1239 29 9 1 0 1 1 -25.201184235129205,15.334611607310938,0 4.996731545419045,-10.063929345092513,0.5 -22.340146268958396,6.5702256187702,0.5
291 1 31 0 1 1 0 -25.0085393344263,-17.459179830635023,0 -29.263084197319298,-13.1118993002769,0.5
2775 20 29 1 1 1 0 18.26563374586154,-9.306805244660714,0 -10.24657502816623,5.22089074700479,0 -23.56074946511957,18.738758887446842,0.5
1598 2 28 0 1 1 0 28.880792503784633,6.012472399382586,0 29.12465833064941,-0.06539971662047783,0.5
1988 7 11 1 1 1 1 -3.9120404677133127,-6.3989014196949,0 12.779332194530154,20.903077971003338,0 11.117583186249666,6.682016469361529,0.5 -5.5737894759938005,-20.61996292133671,0.5
177 31 19 1 0 1 1 29.360240042433645,11.411674051193188,0 -20.349038893162387,-1.471942975989374,0.5 9.477236705500363,10.120868758556085,0.5
2523 4 23 0 1 1 1 -14.880834433489081,23.125976013199654,0 -7.670681931192562,23.00892519676823,0.5 9.64519813686746,-3.901301436773185,0.5
1759 30 25 1 0 1 1 -26.12164376555559,-15.745149316072258,0 24.93681350551151,8.02529327759046,0.5 -2.4695012649074686,-8.494207644190269,0.5
2500 30 28 1 0 1 0 15.250000000000004,-26.413774815425377,0 -9.053847577293372,27.6817240078565,0.5
1907 15 0 1 1 0 1 -10.201542231611485,-11.669555951134017,0 10.859706246554163,12.422430528626533,0 -16.214919005739205,-27.664533280670348,0.5
820 8 1 1 1 0 1 -1.241705742780498,8.4088148301854,0 3.432951171216671,-23.247899824630228,0 -10.391166368931483,29.296307983996677,0.5
2525 16 26 1 1 1 0 8.98654407774794,-13.8380643710995,0 -8.441905042732913,12.999393803154076,0 -9.40091102022566,25.492604260643905,0.5
1016 25 28 1 0 1 0 -13.482733563426356,21.64407299141399,0 9.97621445526146,-27.362842417092423,0.5
2191 2 1 0 1 0 1 3.6360248607528147,29.27506316324505,0 2.194970194118965,-31.00696866588105,0.5
1404 27 30 1 1 1 0 -26.94601394056679,5.492024464146194,0 4.409347735729111,-0.8986949123148318,0 28.687319214633085,-11.970284719994897,0.5
2198 19 27 1 1 1 0 -2.1195208638666023,-19.38446881675209,0 1.3586672204273091,12.425941549200058,0 8.953519828556107,26.68491114243502,0.5
2898 28 16 1 1 1 1 27.85214152169351,-6.042202632778565,0 -3.4204384324886767,0.7420248847271922,0 -14.85288137934286,9.361726055123066,0.5 16.419698574839327,2.577498537617309,0.5
2672 5 1 0 1 0 1 -20.48917753205559,16.806058552198024,0 27.387028907203156,-14.703763043385143,0.5
2653 23 30 1 1 1 0 17.562358408607757,-15.614530640643814,0 -6.352342403113444,5.647808955126486,0 -18.80701053696484,24.74967382941629,0.5
1736 4 5 1 1 0 1 -3.9614031534011414,-2.1347798613026807,0 24.208574826340307,13.04587693018305,0 -20.481889866069814,-17.853352276650643,0.5
2368 29 7 1 0 0 1 7.2166005058757525,-28.603682929626277,0 11.811146100736055,-22.287817923409808,0.5
31 29 27 1 1 1 0 29.43784442780693,1.913978956058949,0 -2.4947325786277057,-0.16220160644567366,0 -27.83134222037438,4.203140517804084,0.5
2426 25 4 1 0 0 1 9.188222434204963,-23.787109292631012,0 15.505834223389119,-23.490830233024433,0.5
1521 13 1 1 1 0 1 -13.486944618154684,-0.5935695972911735,0 18.482109291545306,0.8134101888804971,0 -30.206695797775616,-7.335225216763622,0.5
1419 0 12 0 1 1 1 31.04780474719344,-5.318253508451124,0 11.307556771086071,-8.024285629803163,0.5 -20.233070273681868,-2.621615398995673,0.5
2147 22 4 1 1 0 1 -4.816202152814103,-21.978493961671457,0 2.0335075756326213,9.279808561594615,0 -0.025537574771515636,-28.146924305015546,0.5
1274 30 31 1 1 1 0 -27.1466389238761,13.90359648208675,0 1.3350806028135787,-0.68378343354525,0 25.301558924904157,-19.69977451570456,0.5
1579 31 24 1 0 1 1 -31.0698093488266,-5.188154491489951,0 25.15362717445052,-1.8828276524271672,0.5 -6.40935375134158,-7.153333802512197,0.5
1995 2 24 1 1 1 0 -1.2726035393759276,-2.1518550675098593,0 15.016721764635948,25.39188979661634,0 17.635966847907753,18.033931167094398,0.5
1944 23 30 1 1 1 0 -14.050767101851697,-18.836824144465595,0 5.082192355988912,6.813319371402449,0 23.045503892479587,20.860363140216617,0.5
1675 19 12 1 1 1 1 -18.204818316695434,-6.988175016133359,0 11.669755331215022,4.479599369316255,0 13.819963028486825,-1.1218831896669554,0.5 -16.05461061942363,-12.589657575116568,0.5
2325 4 0 0 1 0 1 -4.301947788606344,27.16142936636629,0 10.853815692338092,-30.173575938505458,0.5
2378 17 13 1 1 1 1 4.635452277098663,-16.874909842329256,0 -3.840803315310321,13.982068155072813,0 2.2097630464653477,14.607085516230683,0.5 10.686018638874332,-16.249892481171386,0.5
2681 17 23 1 1 1 1 13.73737166221302,-10.841338469682915,0 -11.382393662976503,8.982823303451559,0 -14.730297328223344,19.268324800618664,0.5 10.38946799696618,-0.5558369725158085,0.5
2863 28 3 1 0 0 1 27.334823933784858,-8.065816791186279,0 29.03289062666618,-2.3111170156526253,0.5
306 22 1 1 1 0 1 18.035257159594725,13.452862118794174,0 -7.6148863562733276,-5.680097339046429,0 20.860363140216624,23.045503892479587,0.5
991 23 25 1 1 1 0 -11.364316791516286,20.56945074283854,0 4.110497562888869,-7.440014098473515,0 7.079718030920598,-25.22156998687151,0.5
1365 15 26 1 1 1 1 -14.884552127992617,4.3243621436080515,0 15.844845813669561,-4.60335324964728,0 23.773836034203615,-13.15502642410123,0.5 -6.955561907458561,-4.2273110308458985,0.5
364 28 7 1 0 1 1 20.611435561487248,19.68295516670855,0 -9.567842024961601,-0.8404754519786186,0.5 13.57482246512934,21.25968473520291,0.5
1984 17 28 1 1 1 0 -9.252856367057307,-14.853775582342928,0 7.666652418418911,12.307414053941285,0 20.161660568868047,21.018026622538837,0.5
867 9 5 1 1 0 1 -2.3046926925563684,9.216202666656006,0 5.458482692896662,-21.827848421027383,0 -12.249639195018926,24.252759422215362,0.5
2108 28 20 1 0 1 1 -8.351618912424145,-27.248861655886458,0 11.743907285614517,17.841822823548334,0.5 2.36665096289267,-12.753390263762778,0.5
257 0 4 0 1 0 1 -27.045969749828174,-16.14823582597738,0 20.535706449663824,19.2492794829634,0.5
1216 29 5 1 0 0 1 -24.433551530879324,16.530322428430267,0 -25.31088305555538,9.879736785360208,0.5
287 3 25 0 1 1 1 -23.504487962015446,-16.117972752287148,0 -24.42358875596901,-9.473030786358933,0.5 1.967415271557106,8.624342128489793,0.5
2351 12 25 1 1 1 1 2.6244982607905296,-12.22137508135265,0 -4.094217286833226,19.06534512691013,0 0.5122835870365918,26.191364331138857,0.5 7.2309991346603475,-5.095355877123923,0.5
1541 2 26 0 1 1 0 29.391304871113284,2.530058887313169,0 26.916946861301053,-3.705127752979008,0.5
1741 2 31 0 1 1 0 25.821225400584545,14.265844482967264,0 30.473344644617516,9.981245722371579,0.5
1830 8 1 1 1 0 1 -6.549362563594209,-5.418103912863862,0 18.107061205231048,14.979463759094207,0 -19.676109966169435,-24.06451114398977,0.5
1606 6 18 1 1 1 1 -6.340475334129126,-1.431213658857459,0 24.87417246466042,5.614761277056186,0 19.36708855915901,-1.7792922024479632,0.5 -11.84755923963053,-8.825267138361609,0.5
2187 27 2 1 0 0 1 -3.6180198750377683,-27.260959854411432,0 2.066697193194706,-30.032961271104142,0.5
498 12 0 1 1 0 1 6.295290020447012,10.79904271491044,0 -9.820652431897338,-16.846506635260287,0 10.680590348369456,30.235326851388876,0.5
1771 21 6 1 1 1 1 -18.12888259202733,-11.558270457317066,0 8.853640335641254,5.6447367349688005,0 8.706388818236281,-1.5648622130047927,0.5 -18.276134109432306,-18.76786940529066,0.5
1648 3 1 0 1 0 1 27.14176342397523,8.693369786047311,0 -27.21626546368283,-15.017486281343661,0.5
1017 17 20 1 1 1 1 -9.28394572536785,14.834363881488954,0 7.692412172447647,-12.291330073233706,0 5.789411661777554,-20.560464795584608,0.5 -11.186946236037944,6.565229159138051,0.5
1208 23 31 1 0 1 0 -19.24065820094322,13.492482054628663,0 22.345780468167636,-22.99817591176435,0.5
1724 12 0 1 1 0 1 -11.149442559714386,-5.6515423211393845,0 17.39313039315444,8.816406020977439,0 -25.38385493633335,-19.593619077934154,0.5
2797 6 16 1 1 1 1 5.921316960993678,-2.6810455884689066,0 -23.229781923898276,10.517948077839558,0 -12.556224050089579,12.271562150107544,0.5 16.594874834802376,-0.9274315162009206,0.5
2003 26 4 1 1 1 1 -13.105542355663879,-23.032471850930374,0 2.7200182247604276,4.780324346419512,0 7.440368743625272,0.9438818564227702,0.5 -8.385191836799034,-26.868914340927116,0.5
533 31 6 1 0 1 1 13.828453270566813,28.3023652747213,0 -8.244417076413082,-3.206179513088495,0.5 5.803535452416696,25.54542965488235,0.5
1920 12 2 1 1 0 1 -7.967799871858619,-9.631415534697368,0 12.429767800099446,15.025008234127892,0 -14.180928240931603,-26.554684600377925,0.5
1052 15 1 1 1 0 1 -9.163117767446302,12.501490822294352,0 9.754286655668643,-13.308038617281083,0 -22.869937860701825,21.052694417761284,0.5
296 28 11 1 0 1 1 23.196513807932618,16.558132357195102,0 -12.845919401206867,-1.7978750617595773,0.5 13.199289084892914,16.793712146319134,0.5
762 5 24 0 1 1 0 0.6659475292484413,-26.49163101600745,0 -5.382417797338033,-24.643043210100874,0.5
318 2 28 0 1 1 1 -23.195508748030257,-18.226858586164862,0 -26.116377994435645,-12.891268380254814,0.5 -0.9551481660638399,6.880239238635884,0.5
566 14 16 1 1 1 1 5.450561900448509,13.436568571230497,0 -6.57826436261027,-16.216548275623012,0 -11.762322950674715,-13.03448344983532,0.5 0.2665033123840628,16.61863339701819,0.5
1120 7 30 1 1 1 0 -5.24747505385024,5.358545097246024,0 17.141751842577452,-17.50458065100368,0 17.052895807860825,-25.989396771880692,0.5
2930 3 26 1 1 1 0 3.462453165370459,-0.5112905999684407,0 -28.194261489445168,4.163366314028731,0 -25.339218652144723,9.806834254681839,0.5
2933 5 1 1 1 0 1 5.44593866450409,-0.7692542248563945,0 -26.239522656246976,3.706406719762628,0 31.03939174845693,1.6751596598008192,0.5
2244 8 26 0 1 1 1 0.29530193725879306,23.498144538789678,0 6.3325263221317485,26.422511432101008,0.5 5.930413045864456,-5.574961982421105,0.5
663 2 23 0 1 1 1 -5.345570027000553,-29.011633547362226,0 -10.159006675209707,-22.023727735627425,0.5 -4.360422239141311,9.446518824223128,0.5
2916 8 13 1 1 1 1 8.368796843498247,-1.4876960012898461,0 -23.13726186143633,4.113041885918986,0 -12.241480162292618,8.270197303341458,0.5 19.264578542641956,2.6694594161326264,0.5
2184 31 30 1 0 1 0 -4.340394156566114,-31.199534909444512,0 10.145372420061381,29.38233173964003,0.5
2573 29 17 1 0 1 1 18.468757556019735,-23.003369195336667,0 -6.277391256214419,17.40242394083085,0.5 13.75651524523072,-7.550383321907228,0.5
1081 2 12 0 1 1 1 18.85157231627278,-22.690707816292065,0 3.372895154429062,-13.448924800043645,0.5 -17.07626803610412,11.164724356612155,0.5
2923 15 4 1 1 0 1 15.298878299160538,-2.488839646798233,0 -16.28590270555799,2.6494099465916676,0 28.106592974690592,1.5064631940652777,0.5
1781 25 16 1 0 1 1 -21.209890052277643,-14.155937410510612,0 17.05485530688803,4.169161841559186,0.5 -9.561477307734894,-13.595151771630603,0.5
2077 28 0 1 0 0 1 -10.10194596780339,-26.649590759776796,0 -5.554868541303369,-31.58153630665928,0.5
2336 3 10 0 1 1 1 -5.1056508791820745,28.03894308100623,0 4.02190611419739,11.405010793882733,0.5 9.754566750472,-20.077311261983915,0.5
1340 3 31 1 1 1 0 -3.3053172958311836,1.151033263585042,0 26.914726551768208,-9.372699432049627,0 27.77465578204915,-16.025557593690266,0.5
1611 19 0 1 1 0 1 -18.975420964151468,-4.492593820193518,0 12.16373138727658,2.879867833457383,0 -29.270266535877443,-13.095858006205365,0.5
1015 6 24 1 1 1 0 -3.4252126707284045,5.5243025044146155,0 13.437372785165278,-21.67226367116503,0 7.811060831747418,-23.98410575115823,0.5
1913 6 8 1 1 0 1 -4.216234081221005,-4.947056718125482,0 16.540610626328558,19.407684048030738,0 -10.676793938452418,-21.77742113281152,0.5
756 23 21 1 1 1 1 -0.29530193725878734,23.498144538789678,0 0.10681133900849754,-8.499328875732436,0 -5.729356407730815,-21.57369868968216,0.5 -6.131469683998099,10.423774724839953,0.5
585 0 0 0 1 0 1 -10.670244487726682,-29.637744222058103,0 5.02495987400133,31.670171743529853,0.5
232 25 20 1 1 1 1 22.548506589589845,11.908604056698811,0 -5.74765854244447,-3.0355265242565594,0 -20.929255271638613,-4.2680526911681,0.5 7.3669098603957,10.676077889787269,0.5
2908 16 10 1 1 1 1 16.194646618151644,-3.159655188970711,0 -15.21315288371821,2.9681609350936986,0 -9.156718688288969,7.899652072309232,0.5 22.251080813580884,1.7718359482448225,0.5
325 29 12 1 0 1 1 22.92580586298064,18.564951535970206,0 -13.490246864511159,-3.2036291193811444,0.5 11.378423902111907,16.934623394213656,0.5
1154 20 30 1 1 1 0 -15.34884973124876,13.589069575491356,0 8.610330337041988,-7.623136591129297,0 18.858804846348246,-24.710230265364828,0.5
1502 3 0 0 1 0 1 28.499749970387423,0.11938017172901234,0 -31.47459098374841,-6.1318938677820505,0.5
1308 17 30 1 1 1 0 -16.10405732890273,6.849039169651041,0 13.34336178680512,-5.674918169139435,0 25.718829343635832,-17.458287922729895,0.5
46 3 21 0 1 1 1 -28.3678364155037,-2.7415063565897606,0 -21.97745687974976,3.9040221693453456,0.5 9.874148920114045,6.982204745165427,0.5
1013 19 31 1 1 1 0 -10.206127634684465,16.61580448562543,0 6.542389509413119,-10.651156721554761,0 11.374266337374774,-29.981261902836295,0.5
2669 30 27 1 0 1 0 23.45988435243756,-19.49060866597694,0 -17.318136645776107,22.188558833737417,0.5
2485 19 9 1 1 1 1 9.214739914946557,-17.185417315267344,0 -5.906884560863178,11.0162931508124,0 0.7985884461339374,11.20768738383175,0.5 15.920212921943673,-16.994023082247995,0.5
2251 12 30 1 1 1 0 0.026179919640238254,-12.499972584442242,0 -0.040840674638771675,19.499957231729898,0 5.936107836610094,30.512499467466384,0.5
855 14 2 1 1 0 1 -3.163077000249864,14.150793048111838,0 3.817506724439491,-17.07854333392808,0 -12.290726192830483,27.480685028813795,0.5
700 25 3 1 1 0 1 2.665475813325163,25.36030833189097,0 -0.6794350112397475,-6.4643923198937765,0 -2.988070169081516,28.971044797601706,0.5
1908 1 29 0 1 1 0 20.02586555046517,23.004667112451166,0 23.894788079128837,18.310901197197325,0.5
2493 3 5 0 1 0 1 -13.886628583171952,24.887979962082735,0 18.151703060580815,-20.2179542981109,0.5
295 12 27 1 1 1 0 10.189097446606928,7.241014654283486,0 -15.894992016706807,-11.295982860682237,0 -25.891701416591314,-11.039465465052343,0.5
2415 4 28 0 1 1 0 -9.315292806745527,25.874221146241197,0 -4.008746113265467,28.847529436667173,0.5
1311 0 23 0 1 1 1 29.06419130590862,-12.145895756737989,0 19.36930543328332,-14.597260257739507,0.5 -10.156222242560355,-2.258572504862819,0.5
1608 23 2 1 1 0 1 -22.901381510484562,-5.270362882310458,0 8.283478418685906,1.90630146806974,0 -27.402918181507737,-12.463148684726207,0.5
2808 13 1 1 1 0 1 12.42312993943925,-5.283544502302234,0 -17.0242891762686,7.240412836488246,0 30.41531334568226,-6.415505754339454,0.5
914 10 6 1 1 1 1 -3.5360493281020737,9.886675636897818,0 7.240481957542341,-20.244145351743153,0 -3.46054601797366,-8.140922629376025,0.5 -14.237077303618074,21.989898359264945,0.5
977 1 30 0 1 1 0 13.960421734140926,-27.117459781567405,0 8.625839482029306,-29.863772253857423,0.5
1872 29 31 1 0 1 0 -20.99030247767392,-20.72817410906605,0 26.629273650885587,17.864259985408033,0.5
1991 28 26 1 1 1 0 -14.71268050846096,-24.408749092404406,0 1.806820413319767,2.9975656780145763,0 18.81889572030322,19.598447996419335,0.5
1444 9 8 0 1 1 1 22.345421923391296,-2.632891768687741,0 7.739499366075537,-6.95342718107527,0.5 -24.040656258303194,-3.208869998941594,0.5
1112 26 4 1 1 0 1 -18.221256585576633,19.24151263395319,0 3.7817702347423197,-3.9935214900657563,0 -23.26542007196515,15.842039921518978,0.5
1087 11 1 1 1 0 1 -7.459491066775626,8.75248496283739,0 13.297353640773942,-15.602255803318826,0 -24.35038150553747,19.3212039100771,0.5
2197 12 11 1 1 1 1 -1.3846890526347382,-12.423068712178708,0 2.160114922110192,19.379987190998783,0 7.236986910269739,10.764572469939736,0.5 3.6921829355248086,-21.038483433237754,0.5
2031 27 15 1 0 1 1 -12.175851353569794,-24.657628511593987,0 12.24259880181439,11.241386683937746,0.5 -1.9256645914304613,-17.451126493189804,0.5
1687 23 27 1 0 1 1 -21.720574618916093,-8.970319850713132,0 27.707988132956228,4.951504177919769,0.5 -1.8689645396103671,-7.263399448583219,0.5
749 11 4 1 1 0 1 0.02408552606902201,11.499974777686862,0 -0.04293506820999576,-20.499955038485275,0 -5.942391017323745,27.512506047200244,0.5
1773 22 10 1 1 1 1 -18.921253101708807,-12.175228172854702,0 7.988973531832607,5.140651895205319,0 12.07664562689203,0.6361056535431793,0.5 -14.833581006649382,-16.679774414516842,0.5
1278 7 27 1 1 1 0 -6.703810681134478,3.362874120675242,0 21.899114891705963,-10.985388794205791,0 21.89033986761956,-17.69358698738347,0.5
1213 2 20 0 1 1 1 24.32920683787564,-16.68351565587617,0 13.513479533599783,-16.54194277873611,0.5 -12.877524493926334,1.5554301361126148,0.5
1437 8 3 0 1 0 1 23.2957293301334,-3.091762438668647,0 -29.04165364003463,-2.198261552286978,0.5
2924 26 29 1 1 1 0 26.165001283900157,-4.200322346380459,0 -5.4304719645830515,0.8717650152865104,0 -28.176060520632902,10.59998177062734,0.5
1809 26 21 1 1 1 1 -21.141552647772137,-15.977632854759145,0 4.3878694174621415,3.316112479289634,0 20.770157700213428,8.176218509082597,0.5 -4.759264365020852,-11.117526824966182,0.5
1348 2 15 0 1 1 1 28.01773618939597,-9.233442414474215,0 12.843195133857364,-10.549992357990718,0.5 -17.548925478368773,-0.534054823645806,0.5
2621 26 1 1 1 0 1 18.580692113639877,-18.8946521687519,0 -3.856370061321484,3.9215315821937904,0 25.663359338812363,-17.539725979814857,0.5
2717 14 29 1 1 1 0 12.026702531377898,-8.099902852611779,0 -14.514985813731945,9.775744822117664,0 -21.116435004136367,21.4556792648493,0.5
619 30 4 1 0 0 1 8.263562405035808,29.35921552729362,0 1.6751696057286232,28.09704266986195,0.5
2885 20 1 1 1 0 1 19.90825273814754,-4.889935880360915,0 -11.168044218960814,2.743134762153684,0 31.050796282715382,-1.4484647766889118,0.5
2734 30 6 1 1 1 1 25.88800887208339,-16.126406811157022,0 -1.2731807642008226,0.7931019743191978,0 -2.3447087475934394,8.529498278853147,0.5 24.816480888690773,-8.390010506623074,0.5
115 7 20 0 1 1 1 -23.792789857786083,-5.844069710675231,0 -21.339453483619025,0.9368697990969093,0.5 9.73684347348933,8.569940441611497,0.5
2958 6 3 0 1 0 1 -25.4014070331509,2.2402055120439535,0 28.916915039884874,3.473042553162851,0.5
1588 29 4 1 0 0 1 -29.000374190253954,-5.406320081650011,0 -25.934656601426568,-10.938171097860984,0.5
1644 19 30 1 1 1 0 -18.619858622559537,-5.792310840752184,0 11.935806809333037,3.713019769712939,0 30.90561810423482,3.330580969619713,0.5
168 12 29 1 1 1 0 11.734173220673426,4.3080365396814635,0 -18.305310224250544,-6.720537001903082,0 -29.76050633983639,-4.534563087725009,0.5
1896 28 14 1 0 1 1 -19.2469850314492,-21.019123844707952,0 14.217404421903899,6.64194335296737,0.5 -7.393245437968888,-16.95847640249419,0.5
1370 9 4 0 1 0 1 21.67115775294731,-6.05069596384348,0 -28.10048951062719,1.61631966613386,0.5
1698 16 8 1 1 1 1 -15.101479348245144,-6.647956189275424,0 14.186238175624228,6.245049753561762,0 10.196988581559776,-2.066742332159379,0.5 -19.090728942309596,-14.959748274996565,0.5
1417 10 26 1 1 1 1 -10.341751794237233,1.8160864038891373,0 21.17596795962862,-3.7186531127253764,0 25.062848011804935,-10.493028616046242,0.5 -6.454871742060914,-4.9582890994317275,0.5
2947 23 31 1 1 1 0 23.35536917889597,-2.6032154189533094,0 -8.447686724281521,0.9415885557916225,0 -30.64148240942567,9.452489394485323,0.5
697 29 10 1 0 1 1 3.2678661642179723,29.31844216074175,0 -7.126211786058956,-9.770726972965441,0.5 -3.581407811314037,22.03232893021205,0.5
1745 28 30 1 0 1 0 -24.8295936169254,-13.990756978031511,0 29.517443760856622,9.745281618540657,0.5
2814 0 21 0 1 1 1 -29.139932015285417,11.96304150893676,0 -17.61048537381003,13.715713794725486,0.5 11.991985244892616,1.5627827380278259,0.5
963 4 27 0 1 1 0 11.865041256226377,-24.808683882625576,0 6.45223750001716,-27.39742015671133,0.5
2014 15 20 1 1 1 1 -7.35313063337591,-13.64483308393726,0 7.8275261581098405,14.52514489580418,0 15.006979128247078,15.20001899486828,0.5 -0.1736776632386725,-12.96995898487316,0.5
1890 23 25 1 1 1 0 -16.08685698932419,-17.130762744403167,0 5.818650400393856,6.196233333081996,0 21.82976296571004,14.481417363673856,0.5
107 8 31 1 1 1 0 8.287452796530953,1.8889484231368694,0 -22.91236949629146,-5.222386816907815,0 -32.04570042700544,-1.1502539470147841,0.5
1564 1 28 0 1 1 0 30.22641223491553,4.076027895506705,0 29.046193969446975,-2.1374320782803955,0.5
2008 13 2 1 1 0 1 -6.553171374236196,-11.802793946345556,0 8.980271883212565,16.174199111658723,0 -9.074206804584772,-28.703811086119337,0.5
1557 4 4 1 1 0 1 -4.467971720564162,-0.5359372204269138,0 27.304271625669877,3.2751719026089177,0 -26.58968866510066,-9.232467530027801,0.5
2317 12 12 1 1 1 1 1.7483050564918006,-12.377133328418386,0 -2.727355888127209,19.308327992332682,0 4.192718941149025,13.216319755534451,0.5 8.668379885768035,-18.469141565216617,0.5
2864 15 13 1 1 1 1 14.875462566255532,-4.355526769511396,0 -15.835169828594598,4.636528496576647,0 -11.27003767918589,9.551766889415292,0.5 19.440594715664236,0.5597116233272494,0.5
2698 6 25 0 1 1 1 -20.566968772161676,15.07480664966972,0 -17.019955442827623,19.914093419590113,0.5 8.789573996747812,0.996688996475172,0.5
994 16 28 1 1 1 0 -8.069787203576274,14.391960759013923,0 7.580709191238317,-13.51972071301308,0 8.705283075626681,-27.793309385051785,0.5
2447 21 27 1 1 1 0 8.621256551484601,-19.695784713320865,0 -4.210381106538991,9.618871604179958,0 -5.5306905528326205,27.598214833731692,0.5
94 1 27 0 1 1 0 -29.91083140576219,-5.965916913272471,0 -28.14240541436377,0.504992567855088,0.5
1807 24 5 1 0 0 1 -19.607667972899232,-14.68977047691834,0 -17.61079911919672,-20.69081328472373,0.5
2592 26 22 1 0 1 0 17.39952252745334,-19.987661589506757,0 -10.247671220024891,20.91017060108008,0.5
2010 10 22 1 1 1 1 -5.05841357806801,-9.201220140460567,0 10.357703993186878,18.840593620943068,0 16.097297747551774,16.82637825637664,0.5 0.6811801762968868,-11.215435505026996,0.5
1818 16 0 1 1 0 1 -12.973759130254214,-10.194683615990513,0 12.187470698117595,9.576824002900178,0 -21.060927933761494,-24.180308405165242,0.5
569 21 29 1 1 1 0 7.956527858632264,19.973574152735125,0 -3.8857461635180828,-9.754536214126457,0 -16.491117057956398,-25.185175365297333,0.5
2878 24 31 1 1 1 0 23.704557448009933,-6.192249687633477,0 -7.256497177962224,1.8955866390714724,0 -28.960818836184163,13.766661626469963,0.5
1770 18 5 1 1 1 1 -15.62006662178728,-9.912795707111433,0 11.398426994277205,7.233661732216452,0 7.858764360135062,-2.1189201806276103,0.5 -19.159729255929424,-19.265377619955498,0.5
258 17 31 1 1 1 0 15.006716483388916,9.002691841176361,0 -12.434136514807959,-7.459373239831842,0 -30.098726872789083,-11.059685376955535,0.5
2125 25 21 1 1 1 1 -6.599885650114276,-24.631108570371243,0 1.6823237931663841,6.278517870878944,0 11.360164427438605,19.214490994599846,0.5 3.0779549841579437,-11.695135446650342,0.5
331 6 5 0 1 1 1 -19.61400167171009,-16.295426917456133,0 -8.064689047025187,1.1003592935000701,0.5 16.54896010963061,21.549522484033258,0.5
682 11 3 1 1 0 1 1.6322859056639614,11.383568979989132,0 -2.9097270492270617,-20.292449051284972,0 -1.894023092914077,29.06308098814557,0.5
2144 11 27 1 1 1 1 -2.5321472425939744,-11.21776405268999,0 4.513827693319693,19.996883746099545,0 11.907881172823846,25.503967651600945,0.5 4.861906236910178,-5.710680147188591,0.5
856 18 0 1 1 0 1 -4.073454259825077,18.045968258675202,0 2.9725206760885694,-13.168679540114336,0 -12.788628039813034,29.405798626449645,0.5
2309 1 1 0 1 0 1 -3.7592799407783226,30.26743818572794,0 9.713530075675623,-29.527907705574826,0.5
2193 15 13 1 1 1 1 -1.8460059814704786,-15.389680370832112,0 1.9651031415653484,16.382562975401925,0 7.565107288699622,12.689332201123268,0.5 3.753998165663795,-19.08291114511077,0.5
2102 14 7 1 1 1 1 -4.422942522725829,-13.808967356057574,0 5.338034079151863,16.665995084897073,0 8.00178434874408,5.312386209246678,0.5 -1.7591922531336115,-25.162576231707966,0.5
437 11 12 1 1 1 1 7.010306766524813,9.11622723714237,0 -12.496633801196406,-16.25066594447118,0 -12.376191130818643,-6.251391292620064,0.5 7.130749436902576,19.11550188899349,0.5
626 24 21 1 0 1 1 6.291488490900603,23.678411529679632,0 -11.319896805405744,-19.238241507865652,0.5 -3.102442449943733,11.688663347226113,0.5
1182 4 31 0 1 1 0 21.62293188375702,-16.991139359984192,0 21.060927933761487,-24.180308405165245,0.5
2209 4 5 0 1 0 1 2.358529471224137,27.398674032393743,0 3.705127752979012,-26.916946861301053,0.5
2151 3 18 1 1 1 1 -0.7205191306945867,-3.4250331651391517,0 5.867084349941634,27.88955577327595,0 9.679943688195648,16.868571077401942,0.5 3.092340207559426,-14.446017861013162,0.5
2732 20 18 1 1 1 1 17.354582042975817,-10.911850535707561,0 -9.73549724362058,6.121282007835949,0 -12.467739735649133,14.926669617972916,0.5 14.622339550947263,-2.106462925570593,0.5
2764 7 18 1 1 1 1 6.602338589001899,-3.5579664355044733,0 -21.567639390739537,11.622690355981279,0 -13.439395371134438,14.05818807877922,0.5 14.730582608606998,-1.1224687127065325,0.5
357 9 3 1 1 0 1 6.965925789114321,6.459557097862982,0 -16.498245290007603,-15.29895102125443,0 16.818057095008445,23.778203370924302,0.5
2267 2 9 0 1 0 1 -1.0501172394863334,29.48130346140302,0 6.797134191757987,-22.27215676083559,0.5
2183 20 22 1 1 1 1 -2.86722029264656,-20.298498658606153,0 1.6084406519724606,11.386962662144915,0 9.087973099326074,21.43965356403703,0.5 4.612312154707053,-10.24580775671404,0.5
222 6 15 0 1 1 1 -22.792956315857225,-11.433772010295822,0 -16.544841370884782,-1.5868913044879163,0.5 12.05808420195566,12.761371610393116,0.5
2096 11 19 1 1 1 1 -3.6451965112895506,-10.90699511295767,0 6.49795899838572,19.442904331794107,0 11.871591534599327,16.5926283160815,0.5 1.728436024924056,-13.757271128670276,0.5
957 18 25 1 1 1 1 -7.771585975618416,16.788461854010663,0 5.6711573335593854,-12.251039731305077,0 5.2672795272543596,-25.661367196269318,0.5 -8.175463781923442,3.3781343890464215,0.5
386 15 13 1 1 1 1 10.704765090666054,11.209728112387802,0 -11.395395096515475,-11.932936377703145,0 -13.662754670859261,-5.619531546660582,0.5 8.437405516322269,17.523132943430365,0.5
1093 7 26 0 1 1 0 16.125018366095578,-18.44542714856667,0 12.924098931025828,-23.900160393207763,0.5
2780 8 8 1 1 0 1 7.61354996203501,-3.7793990230718832,0 -21.049226365626204,10.448926710845795,0 23.71703744073577,-5.074656149409318,0.5
990 8 23 0 1 1 1 11.321211341390313,-20.593206981030793,0 6.063371261127132,-23.483729025641086,0.5 -9.352746310127763,4.558084735762547,0.5
2067 14 26 1 1 1 0 -5.422408483198111,-13.447954723352586,0 6.5442861004115125,16.23029018335657,0 15.474589872059685,22.333541328941717,0.5
2038 31 2 1 0 0 1 -13.531318788563992,-28.445622015386746,0 -7.253973719692613,-29.216944831279143,0.5
1030 1 10 0 1 1 1 16.878442251921992,-25.404097841658036,0 0.813083822794515,-12.066022322916108,0.5 -16.895445752992494,14.587457379807075,0.5
693 27 4 1 1 0 1 3.2751719026089168,27.304271625669877,0 -0.5359372204269137,-4.467971720564162,0 -2.6821237248099656,28.018854586239094,0.5
428 6 9 1 1 1 1 4.058762817499104,5.077050757210011,0 -15.922838745573406,-19.91766066290081,0 -10.618546355307931,-3.6737546597693043,0.5 9.363055207764578,21.320956760341517,0.5
254 26 5 1 0 0 1 22.83786621475101,13.441795518350009,0 19.794440814369874,18.61263315187854,0.5
2467 16 23 1 1 1 1 7.243475522677855,-14.825048477234967,0 -6.804477006151924,13.926560690735878,0 -4.925538419364836,23.748454081884173,0.5 9.122414109464943,-5.0031550860866725,0.5
2939 1 22 0 1 1 1 -30.251425861491068,3.8860305385713896,0 -21.55216061154494,8.817844009403366,0.5 10.18704029231454,4.740697214836662,0.5
2114 9 28 1 1 1 0 -2.6695164071198865,-9.117218992221133,0 6.322538858968152,21.593413402629,0 13.76679279539406,25.665646614271893,0.5
2792 15 14 1 1 1 1 14.05234044503098,-6.540774267389643,0 -14.958943054387818,6.9627597039954265,0 -10.613825216039443,11.558404486924886,0.5 18.397458283379354,-1.9451294844601845,0.5
2290 20 20 1 1 1 1 1.7153957883124662,-20.42810361461484,0 -0.9622951983216275,11.4596678813693,0 4.26356136718456,20.930170674608732,0.5 6.941252353818654,-10.957600821375408,0.5
2455 14 30 1 1 1 0 6.036071487775813,-13.183923581182496,0 -7.284913864557017,15.9116319083237,0 -7.241147509659817,30.229386079498,0.5
2431 13 6 1 1 1 1 4.99595935309468,-12.541546561019729,0 -6.846314669055673,17.18656380584185,0 3.168558783037255,8.258948797421949,0.5 15.010832805187608,-21.469161569439628,0.5
653 6 28 1 1 1 0 1.3114513400560455,6.366325108150321,0 -5.144924487912179,-24.975583116589725,0 -11.626817513922958,-26.70331654491506,0.5
1525 7 3 0 1 0 1 24.466423601487058,1.2822309279521173,0 -28.146926003047692,-7.483351961451335,0.5
1123 4 28 0 1 1 0 19.36381327274964,-19.526718504092923,0 15.807576990865712,-24.46161298193259,0.5
941 13 5 1 1 0 1 -5.257513990717089,12.43416851411521,0 7.204741394686381,-17.039416111935658,0 -15.846602358421787,22.071139383685225,0.5
920 30 30 1 0 1 0 -10.631447443315357,28.587100679502694,0 5.007755506364008,-30.678532963433582,0.5
1269 20 16 1 1 1 1 -18.14724188231533,9.5355971005879,0 10.180160080323233,-5.349237397890773,0 11.815410168520758,-12.986380656272797,0.5 -16.511991794117804,1.8984538422058765,0.5
938 28 31 1 0 1 0 -10.9340451421657,26.319131004443946,0 6.544127577247575,-31.391470087472932,0.5
113 26 9 1 1 1 1 25.76131048249057,6.213282725316904,0 -5.346687081271628,-1.2895492448770933,0 -10.641967771153276,3.605346302054069,0.5 20.46602979260892,11.108178272248066,0.5
399 5 0 1 1 0 1 3.68877067095196,4.079579750063066,0 -17.77316777822308,-19.65615697757659,0 16.676145024474245,27.388979300490604,0.5
1140 1 6 0 1 1 1 22.233543136353045,-20.87868673082501,0 0.6310134426670402,-8.823367953064945,0.5 -22.695982634818122,13.082139436653097,0.5
2078 8 25 1 1 1 1 -2.996207971288267,-7.954416244627172,0 8.283633802973444,21.991621382204535,0 14.603505968895746,21.748278401207443,0.5 3.3236641946340346,-8.19775922562426,0.5
1840 10 3 1 1 0 1 -7.948448084343446,-6.860916341896103,0 16.27539369651277,14.04854298578726,0 -17.653835462134438,-23.164457547628533,0.5
1010 24 17 1 0 1 1 -12.691661729641687,20.956424373932414,0 3.9332871030667365,-18.077036609047646,0.5 -12.643577196873427,9.294619716088567,0.5
1646 15 31 1 1 1 0 -14.78098486107513,-4.666099713536759,0 15.734596787596107,4.967138404732679,0 31.84500783258627,3.76104721354562,0.5
2540 24 9 1 1 1 1 13.982482408268579,-20.118155623775746,0 -4.280351757633238,6.158619068502779,0 -0.49488363819987846,11.225198892876778,0.5 17.76795052770194,-15.051575799401746,0.5
844 16 28 1 1 1 0 -3.2274632481637937,16.181269449018888,0 3.0318594149417457,-15.200586452108652,0 -0.3093887346330426,-29.123088411274004,0.5
1103 23 30 1 1 1 0 -15.833987079153331,17.364758943826583,0 5.727186815863971,-6.280870256277701,0 16.116938393668814,-26.57996043666514,0.5
1156 10 22 1 1 1 1 -7.890691953613308,6.927263564581775,0 16.157131143112963,-14.184396822715062,0 12.950189292267504,-19.353103040454265,0.5 -11.09763380445877,1.7585573468425721,0.5
29 15 3 1 1 0 1 15.471418737365283,0.940851876281493,0 -16.469574784937237,-1.001551997331912,0 28.08324662949817,7.718889735368661,0.5
1934 29 7 1 0 1 1 -18.129537846793898,-23.27165351799626,0 9.342422201997689,2.2291584509901208,0.5 -10.32351715723637,-23.014669093954975,0.5
559 1 25 0 1 1 1 -11.878087164212685,-28.092010346704733,0 -15.45715687762793,-21.150089864121135,0.5 -2.9949014922244577,8.323494761929734,0.5
2123 4 10 0 1 1 1 7.228727640717343,26.532913460385934,0 8.549058945085372,8.553571835990846,0.5 0.1374485995233714,-22.321091099730967,0.5
1553 22 30 1 1 1 0 -22.361523681921675,-2.492440294742522,0 9.441532221255818,1.052363680002398,0 30.976938402980718,-2.5844316934170273,0.5
324 3 24 0 1 1 0 -22.186175594660167,-17.88920379678496,0 -22.838474556136276,-10.707664542220021,0.5
2619 30 20 1 0 1 1 21.294045279300907,-21.836062732165857,0 -10.016772191235196,18.865690415908375,0.5 12.32452121655592,-4.044277040790226,0.5
2111 30 22 1 0 1 1 -8.754297856387005,-29.21664369912564,0 12.205625047982343,19.8311047899018,0.5 3.0207879527566326,-10.822423025574283,0.5
92 5 10 1 1 1 1 5.398215539383881,1.0532183963235713,0 -26.009583962485973,-5.074597727740843,0 -11.454649734813124,3.878272740891962,0.5 19.95314976705673,10.006088864956377,0.5
1793 1 14 0 1 1 1 24.93518730769543,17.5637818800549,0 15.309603516128298,3.4447119152335572,0.5 -10.85190447883084,-14.982862516299452,0.5
732 31 10 1 0 1 1 1.1872407541029428,31.47761838817856,0 -6.39148375387785,-10.266398366706579,0.5 -5.18539790843994,21.710864757792276,0.5
1721 0 31 0 1 1 0 28.18552447190309,14.065070573720991,0 30.86458553356423,8.69639924573945,0.5
26 25 10 1 0 1 1 25.462202176848205,1.387897800742732,0 -10.811000378876964,5.419619064834923,0.5 21.141567058736474,7.161294736355215,0.5
256 6 11 0 1 1 1 -21.921687155996022,-13.026497312579425,0 -12.951309261546307,-0.7166508297524405,0.5 14.55825893421341,15.630326189955072,0.5
2547 28 3 1 0 0 1 16.606678670554402,-23.161783686343192,0 21.48284365715297,-19.665640808331737,0.5
973 29 10 1 0 1 1 -13.282501508047424,26.340560997987836,0 -0.6297322085908155,-12.076979644988366,0.5 -15.037869437659207,16.495832285032336,0.5
2214 6 23 1 1 1 1 -0.48962423593156224,-6.4815328516939905,0 1.9208335409622825,25.427551956645654,0 7.753133331470101,22.98127332295683,0.5 5.342675554576257,-8.927811485382815,0.5
1307 5 5 1 1 1 1 -5.05675576219304,2.163150748682922,0 24.364368672384646,-10.422453607290441,0 2.6969549454480344,-7.679611580166238,0.5 -26.72416948912965,4.905992775807125,0.5
2118 27 27 1 0 1 0 -7.506178226726464,-26.45576096861736,0 13.278344256242978,24.818049355513402,0.5
2821 18 19 1 1 1 1 17.21509072061423,-6.774263906951203,0 -12.562363498826603,4.943381769937364,0 -15.948577600555153,12.723713000499128,0.5 13.828876618885682,1.0060673236105595,0.5
486 6 2 1 1 0 1 3.413635094748422,5.531464131665497,0 -13.391953064013041,-21.70035928576464,0 10.386684693090073,28.255384992711186,0.5
2981 24 13 1 0 1 1 24.480604400512146,-0.9746836336090405,0 -13.250614596133051,6.532320630889589,0.5 18.724052375964447,5.259264456379822,0.5
1794 28 17 1 1 1 1 -23.265668645439746,-16.46082204753462,0 2.857187377510144,2.021504461977936,0 17.751373108084323,5.209486805586575,0.5 -8.371482914865565,-13.272839703925982,0.5
562 0 31 0 1 1 0 -12.08499726239368,-29.089565847016992,0 -17.625866947539773,-26.787661606561052,0.5
1342 30 25 1 0 1 1 -28.845241855700063,9.90969334975453,0 22.16706581055162,-13.95962726403085,0.5 -8.096794497068117,-3.5625719462556042,0.5
2359 1 28 0 1 1 0 -6.9024950125256135,29.708678237209728,0 -0.6055422437285776,29.11843606018462,0.5
56 2 5 0 1 1 1 -29.297330966224145,-3.4520136522794846,0 -6.16431871959016,5.315183413891786,0.5 25.615836904788573,9.059740596025463,0.5
2128 31 1 1 0 0 1 -7.961463884100182,-30.477288147441342,0 -1.9035212565208726,-31.02622450163689,0.5
1227 3 28 0 1 1 0 23.966920595497818,-15.421955685615963,0 20.720193082736564,-20.467623179404978,0.5
907 31 29 1 0 1 0 -10.172184828770709,29.812357434616388,0 3.8477875505091284,-29.857068358533578,0.5
1842 30 30 1 0 1 0 -23.004667112451173,-20.025865550465163,0 26.94418164696891,15.500357266048539,0.5
1814 13 12 1 1 1 1 -10.68439879753271,-8.251885986565835,0 14.641583537359638,11.308140055664293,0 13.560466732485471,2.8920134849538277,0.5 -11.765515602406877,-16.6680125572763,0.5
2062 26 29 1 1 1 0 -10.166743728680384,-24.472174442728587,0 2.110078887084608,5.079130544717254,0 16.85856553405445,24.940705044845696,0.5
169 10 10 1 1 1 1 9.84910479901139,3.6393865771707774,0 -20.16721458845189,-7.452077277063973,0 -11.928754271680404,1.9886733079785874,0.5 18.087565115782876,13.080137162213337,0.5
1487 4 2 0 1 0 1 27.48980752157719,-0.7486537428198298,0 -29.65240888521622,-5.194674898773751,0.5
712 3 4 0 1 0 1 -2.265836124368303,-28.409786811194266,0 -3.7946746472644652,27.88997031768604,0.5
2773 17 30 1 1 1 0 15.559198235325557,-8.010078044179226,0 -12.891907109269749,6.636921808034215,0 -24.371147309277383,19.295003986252553,0.5
2216 1 1 0 1 0 1 2.170052657797396,30.422703224111864,0 3.8147414190770688,-30.849598828924467,0.5
808 19 3 1 1 0 1 -2.3629395236781807,19.356304316874116,0 1.5147048228706286,-12.407887382611612,0 -9.409312939798607,27.562924917376574,0.5
282 29 9 1 0 1 1 24.502579026276475,16.427830686401546,0 -11.231914741289348,-0.30674296146290914,0.5 15.347154032976656,17.513276766159105,0.5
1023 8 9 1 1 1 1 -4.599530643078444,7.148028949534438,0 12.716349424981582,-19.762197684006974,0 0.09498440141630482,-11.235701044593862,0.5 -17.22089566664372,15.674525588947553,0.5
2534 26 8 1 1 1 1 14.849272689945835,-21.94878357858651,0 -3.081924520554796,4.555407912536823,0 0.20656164554639478,10.402275341798504,0.5 18.137758856047025,-16.10191614932483,0.5
2484 25 20 1 0 1 1 12.002950270215969,-22.498426274091315,0 -4.355683250779588,20.911193734908537,0.5 10.70684257851104,-7.322125511009972,0.5
1457 27 26 1 0 1 0 -27.388554308423355,2.473275741712704,0 25.85298308083428,-8.359023018397338,0.5
1749 5 27 1 1 1 0 -4.768888856404696,-2.7400180793671987,0 22.977373580858988,13.201905291496503,0 26.83355491406042,8.497666189849053,0.5
503 2 5 0 1 1 1 -14.58918866007866,-25.639921494431924,0 -7.9349175117635316,-1.8130317375899532,0.5 7.890643068660777,25.99976445975993,0.5
1851 16 7 1 1 1 1 -12.238739250189198,-11.066312012855878,0 11.49699747745046,10.395626436319159,0 9.587176754760865,0.5796911875929638,0.5 -14.148559972878793,-20.882247261582073,0.5
2569 8 4 1 1 0 1 5.265792970988842,-6.672437664503469,0 -14.55836880214562,18.44732766068606,0 21.746345022260464,-17.87026799387204,0.5
1020 31 4 1 1 1 1 -16.878544041838403,26.59632965331347,0 0.26791339748949844,-0.4221639627510075,0 -2.654746975606604,-7.014436434633049,0.5 -19.801204414934503,20.004057181431428,0.5
1387 13 28 1 1 1 0 -13.123686472212176,3.165257237425593,0 17.98431109155002,-4.337574732768405,0 26.298779335814334,-12.514959266659442,0.5
658 13 26 1 1 1 0 2.585172427339676,13.250165414851343,0 -3.5426436967247414,-18.157634087018508,0 -10.963560134341444,-24.860618439223895,0.5
993 29 19 1 1 1 1 -14.37387870889731,25.761242416892642,0 1.2181253143133315,-2.1831561370248003,0 4.261802722784464,-19.952118623145434,0.5 -11.330201300426177,7.992279930772005,0.5
988 24 6 1 1 1 1 -11.712930442910707,21.518765309365115,0 3.585590951911441,-6.587377135519933,0 -2.1623895500926973,-8.577532945646428,0.5 -17.460910944914847,19.52860949923862,0.5
2373 11 0 1 1 0 1 2.9298633453588923,-11.120517109268004,0 -5.222799876509329,19.82353049912992,0 13.827286785601142,-28.931922510416413,0.5
2232 30 6 1 0 1 1 -1.1495505714330188,-30.478328915537972,0 6.240723023198114,6.26924047614422,0.5 5.034637177760192,-25.708022648354635,0.5
853 2 7 0 1 1 1 6.314576155911818,-28.816247638635915,0 -4.25553100550769,-8.610485227974246,0.5 -11.105240733954407,22.64781729529183,0.5
2876 17 26 1 1 1 0 16.913151092628308,-4.493920350643287,0 -14.013753762463455,3.723534004818723,0 -24.070570391473737,12.603874048446682,0.5
2628 20 15 1 1 1 1 14.58648138279034,-14.404324380876417,0 -8.182660287906776,8.080474652686771,0 -6.812903177950819,15.16028859513788,0.5 15.956238492746298,-7.324510438425309,0.5
2366 3 3 0 1 0 1 -6.856155846556257,27.663028160484032,0 12.679951248763421,-26.219626929630085,0.5
153 24 26 1 0 1 1 23.25285555226222,7.717169731554967,0 -27.040966960174636,-2.6525659009238094,0.5 3.3301096795147913,7.427002728045944,0.5
2300 7 5 1 1 0 1 0.783963474507404,-7.45891421526205,0 -2.56094735005752,24.365786436522697,0 8.737135648802466,-25.72765944765332,0.5
2348 30 29 1 0 1 0 6.216285023090468,-29.859802419167163,0 -0.13841290708740406,30.103668246031937,0.5
2489 5 24 0 1 1 0 -12.717808090155449,23.24881410700289,0 -6.4940910779921195,24.37369034575485,0.5
2060 31 30 1 0 1 0 -12.206740973241251,-29.03868927503776,0 17.35040429632015,25.79173260473664,0.5
1254 4 22 0 1 1 1 23.930053253411955,-13.550001892578019,0 16.62277043077458,-16.307467712853715,0.5 -11.223109718650244,-0.5401927833083837,0.5
2757 25 26 1 0 1 0 22.26819259765297,-12.424878205995967,0 -20.2179542981109,18.15170306058082,0.5
781 29 3 1 0 0 1 -1.9139789560589524,29.43784442780693,0 -7.836456502187177,28.050667540886227,0.5
1665 13 17 1 1 1 1 -12.701890380882043,-4.572961923311435,0 17.40629422565317,6.266651524537893,0 18.497840978170697,0.28262899056724855,0.5 -11.610343628364522,-10.556984457282079,0.5
1757 20 3 1 1 0 1 -17.601345392745323,-10.509169347064638,0 9.873925464222985,5.895387682499675,0 -21.39430866394409,-19.761921890137273,0.5
1065 3 0 0 1 0 1 17.467851029109823,-22.51941785270718,0 -24.047502264322894,21.212440567916392,0.5
248 14 27 1 1 1 0 12.58762682964947,7.197336368232964,0 -15.191963415094186,-8.686440444419095,0 -26.85129351894884,-8.441447527483428,0.5
704 9 23 0 1 1 0 -2.164347123623497,-22.395660328029237,0 -8.232716416592337,-22.813863776308715,0.5
609 12 29 1 1 1 0 3.6379520853533966,11.958900644485382,0 -5.675205253151298,-18.655885005397195,0 -14.325839230786999,-26.476788520015873,0.5
497 17 3 1 1 0 1 8.84505112256286,15.100167901028435,0 -7.328756644409227,-12.511567689423561,0 9.227597119249765,27.624290966553573,0.5
804 26 27 1 0 1 0 -2.990694199147265,26.33069972878022,0 -2.8581172790993037,-28.001449348541122,0.5
2117 2 15 0 1 1 1 8.111502942411164,28.362889838929583,0 10.030699479354256,13.252738130472595,0.5 1.2317810333489252,-17.513786440569667,0.5
1585 4 26 0 1 1 0 27.065379219154156,4.869830358788538,0 27.14369205310241,-1.2124280293464977,0.5
2576 15 2 1 1 0 1 9.77967323467867,-12.025306292270049,0 -10.410619894980519,12.80113250467457,0 23.26788375333168,-19.101193304122223,0.5
966 17 7 1 1 0 1 -7.6495259163913225,15.739591902411496,0 6.338178616438524,-13.041376147712382,0 -16.10576779234608,19.4127340634705,0.5
2476 2 2 0 1 0 1 -13.447740859723242,26.256585188667053,0 18.788063270977556,-23.521451454486055,0.5
1321 7 1 1 1 0 1 -6.979090832681446,2.746323205520757,0 22.798363386759387,-8.971322471367806,0 -30.578694617321148,5.585108369639256,0.5
1808 17 29 1 1 1 0 -13.983470576883844,-10.522003166005216,0 11.586304192275184,8.718231194690038,0 27.17968005794884,12.94275828204862,0.5
1464 6 31 0 1 1 0 25.427551956645654,-1.9208335409622925,0 30.95854452504174,-8.355747775693574,0.5
2950 13 28 1 1 1 0 13.42604558747169,-1.4111342541133332,0 -18.398655064313054,1.9337765704516046,0 -27.71670323838986,8.946192575337786,0.5
2553 3 11 0 1 1 1 -16.896419374590174,22.951274742766987,0 -1.9860061175854415,12.81818160664426,0.5 16.985412127568438,-12.951670736111657,0.5
551 26 1 1 1 0 1 10.727794322637576,24.231475996546,0 -2.2265233499813837,-5.029174263434076,0 6.860712107968682,30.317991842659566,0.5
8 21 31 1 1 1 0 21.49698216490078,0.36021910268309926,0 -10.498526173556193,-0.17592095712430428,0 -31.596104781882467,5.47139494208777,0.5
174 1 24 0 1 1 0 -28.497032744926667,-10.870562300754148,0 -25.029530362466502,-3.1261173737349717,0.5
120 13 3 1 1 0 1 13.07587267523652,3.35731347672554,0 -17.918788480879677,-4.600762912549814,0 26.11248076917686,12.899160750970148,0.5
1376 30 29 1 0 1 0 -29.477206190009337,7.832261182549725,0 26.969967721638593,-13.374260394271243,0.5
241 27 0 1 0 0 1 24.070633848002544,13.298668585816941,0 24.670289261715578,20.484795037863595,0.5
1206 17 22 1 1 1 1 -14.285936887550719,10.107522309889683,0 11.836919135399167,-8.374804199622881,0 14.902196920603034,-17.893421331304125,0.5 -11.220659102346854,0.5889051782084387,0.5
2807 19 26 1 1 1 1 17.92849770232078,-7.669352654421263,0 -11.49262673225691,4.916251701552091,0 -22.004567855639646,15.93891443877375,0.5 7.416556578938045,3.353310082800397,0.5
1619 1 19 0 1 1 1 29.557607684336723,7.523152795127754,0 20.37745136443714,-1.0047267738042338,0.5 -10.633809156834182,-8.897870690003845,0.5
1136 19 1 1 1 0 1 -14.102561173649166,13.467285114063749,0 9.040103316441774,-8.632875073117788,0 -26.201632127214467,16.72496558651535,0.5
1609 17 25 1 1 1 1 -17.04596292298919,-3.9604479580065006,0 14.123797850476757,3.2815140223482433,0 26.19627098767219,-0.07339169192967798,0.5 -4.973489785793755,-7.315353672284422,0.5
1734 29 12 1 0 1 1 -26.027591179831127,-13.8857659988773,0 13.852863923428911,0.5900517934569312,0.5 -14.3804553224896,-14.472474035833699,0.5
507 6 7 0 1 1 1 -12.424878205995972,-22.268192597652963,0 -8.893950671799512,-3.625967656722408,0.5 6.698053351411119,24.318430897195036,0.5
2936 9 10 1 1 1 1 9.414784138744182,-1.269582459256186,0 -22.298172960183585,3.0069058245541247,0 -9.60397249487124,7.349402174174214,0.5 22.108984604056527,3.0729138903639033,0.5
998 30 21 1 0 1 1 -15.139224774558993,26.477421952021295,0 5.463239375111167,-21.642620348059406,0.5 -10.420537437540892,6.136969896684251,0.5
2155 31 0 1 0 0 1 -6.226206221942481,-30.878542000584236,0 -0.34457917421215,-32.064486042858995,0.5
69 10 12 1 1 1 1 10.390549245327835,1.5121132167986477,0 -21.275886549956994,-3.0962318248734215,0 -13.233766177846649,4.137321929712754,0.5 18.43266961743818,8.745666971384823,0.5
1715 7 1 1 1 0 1 -6.752390785516452,-3.264233245292455,0 22.057809899353742,10.66316193462202,0 -24.848335931532944,-18.676461159269145,0.5
68 12 30 1 1 1 0 12.373444543466446,1.774223810504305,0 -19.302573487807656,-2.767789144386716,0 -31.042832115100197,1.61014728323339,0.5
2991 30 25 1 0 1 1 30.494581747614674,-0.5748774113199482,0 -25.38237934741818,6.479569327027761,0.5 6.611935928767707,5.876419256134701,0.5
888 4 10 0 1 1 1 7.838029717924342,-26.35934919797784,0 -2.758428478169507,-11.774594359502304,0.5 -11.879044877208742,18.898102889053728,0.5
2091 10 9 1 1 1 1 -3.4323243113769033,-9.923162289387948,0 7.0280926375812784,20.318856116365797,0 8.775814732800788,7.0167710362784845,0.5 -1.6846022161573941,-23.225247369475262,0.5
918 7 12 0 1 1 1 8.443751617775664,-22.998979512519917,0 -1.3243666062417843,-13.802030759720527,0.5 -12.352940147826324,16.237452685203447,0.5
2812 9 23 0 1 1 1 -20.778261319297854,8.63214090170976,0 -19.399835359699598,14.556661293598513,0.5 10.151469627746238,2.279838677833518,0.5
260 3 15 0 1 1 1 -24.377881414574443,-14.76376976713421,0 -16.366308088726633,-2.8972330843204768,0.5 11.00534823640958,13.67963121561969,0.5
217 10 12 1 1 1 1 9.434121758240433,4.609484423522271,0 -19.31748740973041,-9.438468105307507,0 -13.865088430394195,-0.09655473757959854,0.5 14.88652073757665,13.95139779125018,0.5
1581 28 5 1 0 1 1 -28.090870961746443,-4.811753174312915,0 6.434045941595892,-4.985283624973952,0.5 -25.106581103172047,-10.387953855781435,0.5
1766 27 19 1 0 1 1 -23.341647343681753,-14.540202862518619,0 19.72375783188749,5.217602609346275,0.5 -7.437431804396734,-11.701906176129935,0.5
77 30 26 1 0 1 0 30.104244395122347,4.89739414369975,0 -27.11956856829314,1.6670334938587112,0.5
146 4 15 0 1 1 1 -26.224327979326837,-8.27856400788781,0 -16.587217008250647,1.05557184558909,0.5 13.928364640420583,10.688809963858542,0.5
1799 29 4 1 0 0 1 -23.902265072864843,-17.289642112736328,0 -18.765235146690348,-20.978940628387726,0.5
270 5 28 1 1 1 0 4.643803590261083,2.9470473723844814,0 -22.3746900258034,-14.199410066943411,0 -27.278306646681408,-10.205096103889314,0.5
777 16 10 1 1 1 1 -0.9325558189534042,16.47362557679809,0 0.8760372844713797,-15.475224026689112,0 -5.396964688592592,-10.822327483036384,0.5 -7.205557792017377,21.126522120450815,0.5
2953 28 0 1 0 0 1 28.36203240461038,-2.8009137580137353,0 31.93717555415121,2.8752074052712153,0.5
2240 26 28 1 0 1 0 -0.5549741269089533,-26.494188112083407,0 6.59554306752474,28.368094959732954,0.5
112 11 28 1 1 1 0 11.185059281956852,2.6729101853805157,0 -19.938583937401344,-4.764752939156572,0 -29.114056578091592,-0.7884856166611822,0.5
2624 1 8 1 1 1 1 1.0584364056475808,-1.0628792853376292,0 -21.52154024816748,21.611878801865128,0 -1.746289157319108,10.256728239503555,0.5 20.833687496495948,-12.418029847699202,0.5
727 14 28 1 1 1 0 0.6982106659462943,14.483179963873916,0 -0.8426680451075965,-17.479699956399553,0 -7.365385087083647,-28.178025170670953,0.5
1075 10 4 1 1 0 1 -6.607864106023292,8.160032595298196,0 13.530388407571502,-16.70863817132488,0 -21.969186522612354,17.59559159376768,0.5
2944 24 24 1 1 1 0 24.331681649914966,-2.86692659257112,0 -7.448473974463765,0.8776305895625878,0 -23.629577178264896,8.825705772142133,0.5
945 2 2 0 1 0 1 11.715862773726023,-27.073761457677445,0 -17.22239052782991,24.690874113868762,0.5
1810 27 30 1 1 1 0 -21.90457274566539,-16.626475658715318,0 3.584384631108882,2.720696016880688,0 27.92175718891223,13.661093495157267,0.5
1542 25 27 1 0 1 0 -25.4014070331509,-2.240205512043944,0 27.9207814307417,-3.5608937497136046,0.5
1069 18 23 1 1 1 1 -11.460843525093376,14.522364328625187,0 8.363318248041113,-10.597400996564325,0 9.848412803672607,-22.164357993148766,0.5 -9.975748969461883,2.955407332040748,0.5
646 17 0 1 1 0 1 3.781729160349037,17.086501238046537,0 -3.1334327328606304,-14.157386740095701,0 0.9488834927265977,32.05229508346058,0.5
1422 2 30 0 1 1 0 29.107235354132108,-4.797796373249072,0 29.118098307170673,-10.880549203691164,0.5
1221 21 3 1 1 0 1 -17.93268632268318,11.860386218511254,0 8.757823552938296,-5.792281641598519,0 -27.08111058174596,10.71743671123124,0.5
1704 29 22 1 0 1 1 -26.84812613520738,-12.224079639301868,0 22.963637826372107,3.8628147482389075,0.5 -6.159753235547759,-9.397203843546169,0.5
2234 3 30 0 1 1 0 0.9548654335805339,28.483999578776732,0 7.018505024451462,30.281852440393234,0.5
2737 9 2 1 1 0 1 8.094879108381615,-4.972216027153976,0 -19.172082098798562,11.776301116943628,0 28.27707682738753,-10.327484015868695,0.5
1702 5 5 0 1 0 1 24.163593411793258,10.879832417346398,0 -21.700235128620488,-16.350834699261853,0.5
1301 15 3 1 1 0 1 -14.173127469677848,6.274747622674813,0 15.087522790302224,-6.6795700499441555,0 -28.489201201410808,6.051067253430006,0.5
1617 24 28 1 0 1 0 -23.76810161400759,-5.943681154487487,0 29.104203384740458,1.0933184987284816,0.5
2104 6 14 0 1 1 1 7.676486625495967,24.31710412628489,0 10.0867325814667,12.02114078737863,0.5 0.4534944631972522,-18.494440861292603,0.5
2451 8 3 1 1 0 1 3.473517135258962,-7.757878492929776,0 -9.603253256304189,21.448252303982322,0 17.12264815440695,-23.559815792581748,0.5
1956 21 1 1 1 0 1 -12.417813123578753,-17.551293890419455,0 6.06451338593381,8.571562132530431,0 -12.71793195007606,-28.363783367407713,0.5
237 18 14 1 1 1 1 16.26735173852529,8.810406767856872,0 -11.870770187572509,-6.429215749517177,0 -15.6075157197707,-1.6295560920417786,0.5 12.5306062063271,13.61006642533227,0.5
2101 12 30 1 1 1 0 -3.8378053746436525,-11.89627042002477,0 5.986976384444098,18.55818185523864,0 15.0744549157424,27.184753245031484,0.5
1223 10 10 1 1 1 1 -8.782009302476785,5.755546247856168,0 17.98220952411913,-11.78516612656263,0 5.493125732273261,-10.773837277842903,0.5 -21.271093094322655,6.766875096575896,0.5
2203 23 29 1 1 1 1 -2.3095253794148327,-23.386237245906806,0 0.835360243618131,8.458851769796079,0 8.870145624177805,28.767525382032417,0.5 5.725260001144841,-3.0775636336704686,0.5
2740 8 19 1 1 1 1 7.270596211364306,-4.403229579671607,0 -20.101060113771904,12.173634720268561,0 -13.571441016891097,15.23371224373908,0.5 13.800215308245114,-1.343152056201089,0.5
2617 22 25 1 0 1 0 15.641108888679895,-16.174229896117428,0 -13.413462101539235,22.501756252581053,0.5
1220 26 18 1 1 1 1 -22.072412878817634,14.66487605494862,0 4.581066823905547,-3.043653520838393,0 12.088693657676775,-15.235271105262463,0.5 -14.564786045046407,2.4732584705245495,0.5
1165 31 1 1 0 0 1 -24.05957490199122,20.331917163304453,0 -27.168524999700285,15.103683303772652,0.5
2258 3 28 1 1 1 0 0.05864031904143358,-3.4995087245187313,0 -0.4774997407659592,28.495999613938242,0 5.521658072694723,28.59652587515213,0.5
2749 29 29 1 0 1 0 25.516801074001478,-14.803474691768718,0 -22.505924865506145,19.993332537328342,0.5
723 29 2 1 0 0 1 1.6672967672197263,29.452845728214765,0 -4.323112533434124,29.791956935106914,0.5
210 23 7 1 1 0 1 21.263435732951457,10.005813351779208,0 -7.691029945961166,-3.619123978303118,0 19.613587036027038,15.860554958140398,0.5
2059 25 27 1 1 1 0 -9.930859760243395,-23.486762748884285,0 2.5313956251600813,5.986821877166583,0 16.23604783921565,22.992188903249314,0.5
2586 12 4 1 1 1 1 8.08819951961805,-9.530531387643103,0 -12.617591250604159,14.86762896472324,0 1.6629032390061909,7.3133270689681815,0.5 22.3686940092284,-17.08483328339816,0.5
274 20 27 1 1 1 1 17.2160930491003,11.129067351971608,0 -9.657808295836753,-6.243135343788952,0 -26.352046973760384,-9.890380189493534,0.5 0.5218543711766683,7.481822506267026,0.5
2857 25 8 1 1 0 1 24.364856598085886,-7.52354723217118,0 -6.210649721080716,1.91776694153383,0 24.224133860707664,-1.2005576614708788,0.5
1508 20 25 1 1 1 1 -20.497122529324,-0.34346472581412135,0 11.498385809132975,0.1926753339932876,0 25.59694696842179,-5.571921203301653,0.5 -6.398561370035183,-6.108061263109062,0.5
2371 31 1 1 0 0 1 7.897614986298137,-30.493895742069412,0 13.455258143952687,-28.021527943343756,0.5
1816 1 10 0 1 1 1 24.0605231287758,18.744098451769958,0 11.970494543041497,1.7196686875714668,0.5 -13.273333001903605,-17.946270671662585,0.5
716 4 11 0 1 1 1 -1.9566048553910913,-27.43030618567463,0 -6.803010652765285,-11.04395970919679,0.5 -4.526234093764742,20.87494203413369,0.5
2858 12 27 1 1 1 1 11.951255112230903,-3.662990751063222,0 -18.64395797508021,5.714265571658626,0 -24.53452568639764,13.795182106209921,0.5 6.060687400913472,4.417925783488074,0.5
1054 0 14 0 1 1 1 18.728077773500964,-25.328029984775746,0 3.7964745335590324,-15.226187346674733,0.5 -15.228874315711789,10.503874860081579,0.5
2166 17 28 1 1 1 0 -3.0629035320673292,-17.229875854261095,0 2.5378343551415012,14.276182850673479,0 10.895543187970597,27.0099451802307,0.5
951 31 30 1 0 1 0 -12.872445854194993,28.74978500321034,0 6.9876472550376265,-30.288987864224932,0.5
1657 29 24 1 0 1 0 -27.919509343529633,-9.526331823769391,0 25.124948130816694,2.2331550380058403,0.5
1401 14 31 1 1 1 0 -14.189423112719345,2.9850078271632805,0 17.12516582569576,-3.6025956534729247,0 29.59012283363308,-12.356157602204096,0.5
1719 18 28 1 1 1 0 -16.587859180526866,-8.191027274219675,0 12.104653996600685,5.977236119025168,0 28.210818934612632,7.238763363897272,0.5
283 18 3 1 1 0 1 15.344413574516636,10.33435881195295,0 -11.197274770593221,-7.541288862776476,0 20.2870072433517,20.897065275013993,0.5
2057 20 18 1 1 1 1 -8.062652790545428,-18.847907840901335,0 4.522951565427923,10.573216593676358,0 12.79251334978041,14.649286746995223,0.5 0.20690899380705918,-14.771837687582467,0.5
1898 4 23 0 1 1 0 18.48653413088669,20.359225324838896,0 20.239596509995295,13.364457830850688,0.5
544 20 2 1 1 0 1 8.572775639084178,18.621426310621988,0 -4.809118041437466,-10.446165979129407,0 6.886259682402503,29.30579170721238,0.5
2013 27 6 1 0 1 1 -13.096550600868314,-24.1811985302403,0 8.37144618498494,2.858126794230985,0.5 -6.868176332389098,-25.279995131866823,0.5
2918 21 31 1 1 1 0 21.183709838723686,-3.6742941456504528,0 -10.345532711934824,1.7944227222944071,0 -30.011213723064813,11.295001145131693,0.5
2265 1 7 0 1 0 1 -0.9580281518829019,30.484950091154815,0 6.766602959608523,-24.299446174491656,0.5
1312 3 2 0 1 0 1 26.319131004443943,-10.934045142165706,0 -29.544513525757566,5.7768261637622675,0.5
192 25 3 1 0 0 1 23.465912107829695,9.980028504348661,0 23.878365648904094,16.675540589055494,0.5
353 26 22 1 0 1 1 19.58153668133636,17.855347131811207,0 -20.66855313663907,-10.726644919914492,0.5 2.977076063465213,10.834528975102817,0.5
917 12 8 1 1 1 1 -4.28345111414654,11.74317020879442,0 6.682183738068603,-18.319345525719292,0 -2.723974942601674,-10.041412276770544,0.5 -13.689609794816818,20.02110345774317,0.5
1222 7 7 1 1 0 1 -6.264239758801253,4.1242332916863,0 20.463183212084093,-13.472495419508581,0 -23.762569845433134,8.461103612467578,0.5
622 18 12 1 1 1 1 4.900335264361444,17.83919040474807,0 -3.5759203280475402,-13.017787592653997,0 -9.096720715297646,-10.464209106658497,0.5 -0.6204651228886631,20.392768890743568,0.5
2168 9 26 0 1 1 1 3.8451915477737275,22.168998668431765,0 10.440514134515306,25.08476957452442,0.5 4.971797266570449,-6.444472976134093,0.5
2739 22 25 1 1 1 1 19.22124221323414,-11.695890208965963,0 -8.115635601143303,4.93826475489674,0 -18.665170452607768,18.38100682702386,0.5 8.671707361769675,1.7468518631611594,0.5
2295 5 15 0 1 1 1 -2.493870302940634,26.38239206198162,0 4.514692931181505,15.995860331258827,0.5 7.526158957373969,-15.862122536039731,0.5
2963 10 6 1 1 0 1 10.468488967334807,-0.8128583768341215,0 -21.435477409304607,1.6644242954222488,0 25.8879637074326,4.0079090661655945,0.5
1198 29 12 1 1 1 1 -23.7931599521086,17.439482202559095,0 2.0163694874668305,-1.4779222205558553,0 6.5348341080001,-12.22889787269967,0.5 -19.27469533157533,6.688506550415278,0.5
833 27 25 1 0 1 0 -4.756416772090598,27.085540413478466,0 -1.4990769015476557,-26.153446588227073,0.5
441 28 1 1 0 0 1 17.183491938137205,22.737141526849275,0 13.60258438428383,27.950307656060566,0.5
1936 0 23 0 1 1 1 19.254400635320287,24.930263860909648,0 19.11301581255507,14.931263394268411,0.5 -0.4470102296750653,-10.394718940623928,0.5
2659 18 11 1 1 1 1 13.979060196086282,-12.11758540445233,0 -10.200935818765666,8.842562322167916,0 -4.759658369096123,12.066302342038892,0.5 19.420337645755826,-8.893845384581354,0.5
2436 29 28 1 0 1 0 11.203483317893145,-27.28977760161651,0 -5.273240981364594,28.643374967912862,0.5
1957 16 21 1 1 1 1 -9.501718066259212,-13.489527559900804,0 8.925856365273805,12.67198043505833,0 17.28630932024108,14.122092978200726,0.5 -1.1412651112919336,-12.039415016758408,0.5
140 7 1 1 1 0 1 7.179896231490504,2.167738477083537,0 -23.45432768953565,-7.081279025139555,0 27.464053893061223,14.559386791998786,0.5
1605 25 9 1 1 1 1 -24.88587742943806,-5.562652655611834,0 6.343458952601859,1.4179310690775262,0 10.580068686797356,-3.7831397783653307,0.5 -20.64926769524256,-10.763723503054692,0.5
1059 4 31 1 1 1 0 -2.7131829376006102,3.5900749779235706,0 16.580562396448173,-21.939347087310708,0 14.205513925972845,-28.74810209559914,0.5
1197 21 28 1 1 1 1 -17.314119542789122,12.746421633462775,0 8.45573279996678,-6.2249966116911235,0 19.394133821800615,-21.728266688856923,0.5 -6.3757185209552825,-2.756848443703024,0.5
2852 3 12 0 1 1 1 -27.141763423975227,8.693369786047322,0 -10.074099090645838,9.52693694278747,0.5 20.400863350308803,-0.23403965909022517,0.5
1360 26 5 1 0 0 1 -25.368966684599783,7.659342619028499,0 -27.103157466266612,1.9154256338360955,0.5
89 21 30 1 1 1 0 21.12756725089154,3.9844575614574205,0 -10.318114238807496,-1.9458978788512984,0 -31.083606814927283,0.24369525027432193,0.5
1324 28 27 1 1 1 0 -26.585592738822896,10.269189779405544,0 3.2648973538905315,-1.2611285694006809,0 23.490830233024436,-15.505834223389115,0.5
2772 9 4 1 1 0 1 8.437296263728674,-4.366008675904133,0 -19.983070098304754,10.340546863983473,0 27.181231506101405,-7.309627474209645,0.5
1255 3 26 0 1 1 0 24.829593616925397,-13.990756978031518,0 20.141743472994172,-18.236232337522374,0.5
2967 12 8 1 1 1 1 12.470156329515316,-0.8632503214300773,0 -19.45344387404389,1.3466705014309206,0 -8.065346149783979,6.572685256739804,0.5 23.85825405377523,4.362764433878806,0.5
2667 31 26 1 0 1 0 24.144529714494514,-20.230958575062417,0 -16.458548761388258,21.61865335003559,0.5
2716 7 10 1 1 1 1 6.211919880732029,-4.202624346211088,0 -20.292271610391293,13.728572864289553,0 -5.334588356055969,10.853209989281146,0.5 21.169603135067355,-7.077987221219496,0.5
2595 24 20 1 1 1 1 16.20214070042947,-18.37772120594626,0 -4.959838989927389,5.625833022228446,0 -9.056226821352109,19.345148119366332,0.5 12.105752869004753,-4.6584061088083715,0.5
148 20 17 1 1 1 1 19.52302281373657,6.253125635577889,0 -10.951939627218076,-3.507850966299791,0 -18.49617819774914,0.3760213785271409,0.5 11.97878424320551,10.136997980404821,0.5
2720 23 16 1 0 1 1 19.57364915668734,-13.004701407218588,0 -10.422851176256575,14.128488006775775,0.5 16.230628526466607,-3.5800415690112395,0.5
333 8 8 0 1 0 1 -18.01258566001972,-15.092937349649734,0 14.159069740960213,19.691895390505834,0.5
2085 21 4 1 1 0 1 -7.2828652852737825,-20.22893653251584,0 3.556748162575568,9.879248074019364,0 -3.670008193020185,-27.906648667712943,0.5
1489 1 7 0 1 1 1 30.491906185770937,-0.7026073997219908,0 7.359791868686888,-6.171180085657068,0.5 -24.631716260646556,-5.434018223653668,0.5
2743 0 31 0 1 1 0 -27.045969749828167,16.14823582597739,0 -23.970115306784855,21.299849111658947,0.5
1043 28 6 1 0 1 1 -16.412058478084088,23.300093058010482,0 -1.1621816926496957,-8.769226517388514,0.5 -19.589756124182706,17.392281477570624,0.5
1237 22 26 1 1 1 0 -19.172082098798565,11.776301116943618,0 8.094879108381617,-4.972216027153972,0 19.440105285177793,-18.982420986302103,0.5
62 5 0 0 1 0 1 -26.276896617587436,-3.431428878560944,0 30.45787434651466,10.028354316233749,0.5
2479 23 22 1 1 1 1 10.843815558101003,-20.84854105547644,0 -3.9222311593131285,7.540961658363819,0 -5.059344839336762,22.730002855184082,0.5 9.706701878077368,-5.659499858656177,0.5
2396 3 0 0 1 0 1 -8.579602699083717,27.177939905847822,0 15.204390331797333,-28.23254353823523,0.5
668 15 18 1 1 1 1 2.6489097329107882,15.271976860475219,0 -2.819807135034065,-16.257265690183296,0 -9.07333491752909,-17.20245893685979,0.5 -3.604618049584236,14.326783613798721,0.5
2509 18 7 1 1 1 1 9.550336470404476,-15.84427572664848,0 -6.969164451376239,11.562039043770511,0 1.266925990911206,9.520761447150836,0.5 17.78642691269192,-17.885553323268155,0.5
897 14 27 1 1 1 0 -4.394011409675221,13.818200451999674,0 5.303117218573542,-16.67713847655133,0 2.615593865797968,-28.02514350952016,0.5
1551 13 12 1 1 1 1 -13.423060670359485,-1.4392505827160074,0 18.39456462234448,1.9723063540923063,0 13.068426805614045,-4.633165313941246,0.5 -18.74919848708992,-8.04472225074956,0.5
786 12 1 1 1 0 1 -0.9415850690991578,12.464486253257673,0 1.4688727077946861,-19.44459855508197,0 -8.280420970165629,29.96138562478113,0.5
2610 28 29 1 0 1 0 19.509592518967626,-20.77560588151023,0 -15.820327860367847,25.611857144503773,0.5
1290 28 0 1 0 0 1 -25.787570995281552,12.134709809604576,0 -31.056727902070048,7.98308536950368,0.5
2894 19 5 1 1 1 1 19.021426002387372,-4.293640976572393,0 -12.193221796402161,2.7523339593412772,0 -4.043897289933138,7.063773404383199,0.5 27.170750508856397,0.017798468469529816,0.5
2129 13 8 1 1 1 1 -3.38469213698492,-13.06881246088689,0 4.638281817349705,17.90911337232648,0 7.939463550347642,6.724203933009559,0.5 -0.08351040398698384,-24.25372190020381,0.5
1161 14 31 1 1 1 0 -10.99624777168647,9.45158901686274,0 13.271333517552634,-11.407090192765377,0 19.97739797978947,-25.082933838710012,0.5
691 30 24 1 0 1 0 3.7592799407783235,30.26743818572794,0 -8.97399959552251,-23.573657570677526,0.5
1847 20 6 1 1 1 1 -15.320355207508898,-13.621186303540341,0 8.59434560421231,7.641153292229948,0 8.8443622765878,-0.16509367180688628,0.5 -15.070338535133407,-21.42743326757718,0.5
1633 30 10 1 0 1 1 -29.32434373177466,-8.386469143848808,0 11.74506308349924,-2.8815782419749336,0.5 -19.02146148754303,-11.680496687980241,0.5
1438 21 18 1 1 1 1 -21.318991595401126,2.7839894675117103,0 10.411600546591249,-1.3596227632033935,0 17.56732128883026,-8.34501184750574,0.5 -14.163270853162114,-4.201399616790636,0.5
821 24 6 1 1 1 1 -3.6297885276329795,24.229623093326566,0 1.1111597533570345,-7.417231559181602,0 -4.970780127769185,-7.31719515397635,0.5 -9.7117284087592,24.329659498531818,0.5
2513 22 2 1 1 0 1 11.776301116943621,-19.172082098798565,0 -4.972216027153973,8.094879108381617,0 20.552594468561253,-21.99638289835093,0.5
2162 14 3 1 1 0 1 -2.65734376894662,-14.254421212158723,0 3.2071390314873005,17.20361180777777,0 0.675326197101632,-29.1169011834623,0.5
27 12 14 1 1 1 1 12.480019376362188,0.7064816810253065,0 -19.468830227125014,-1.1021114223994781,0 -14.815933683472284,5.170890550664494,0.5 17.132915920014913,6.979483654089279,0.5
2678 7 4 1 1 0 1 5.858135489088474,-4.6831878663451185,0 -19.136575931022346,15.298413696727387,0 25.226380419733832,-12.485180451994657,0.5
284 22 20 1 0 1 1 18.635759642196092,12.607873038633254,0 -20.341347150969753,-6.51763730839134,0.5 6.162844340153581,11.413559902109288,0.5
43 9 31 1 1 1 0 9.461500579273523,0.8544043471371173,0 -22.408817161437288,-2.0235892432194884,0 -31.91196782420407,3.1426596358759924,0.5
1555 23 29 1 0 1 0 -23.344259991609317,-2.7010230365823613,0 29.99411948816889,-2.5695906540628193,0.5
638 9 24 1 1 1 0 2.2080562400969486,9.239831580746964,0 -5.229606884440142,-21.88381163861123,0 -11.53014393335337,-22.43447750397041,0.5
785 18 13 1 1 1 1 -1.3549066468611828,18.450317828652476,0 0.9887156612230253,-13.463745442530184,0 -4.995171202123723,-13.903174625295973,0.5 -7.338793510207932,18.010888645886688,0.5
2546 30 20 1 0 1 1 17.72010655770003,-24.824339338313848,0 -7.026758964031723,20.171134287922428,0.5 11.564828244046998,-5.874074198177347,0.5
2676 29 10 1 0 1 1 22.964637896227195,-18.516895158075656,0 -4.407705998709545,11.261533102954495,0.5 20.50308765143521,-8.824590458347913,0.5
443 26 16 1 0 1 1 15.888935413809628,21.208293929870603,0 -14.694988600267264,-9.607669334339894,0.5 4.491650389993419,16.00234597720197,0.5
2602 4 1 0 1 0 1 -18.48653413088667,20.35922532483891,0 24.945259743311887,-18.54680609535515,0.5
1801 19 2 1 1 0 1 -15.75179124380779,-11.494828080989304,0 10.097302079363967,7.368479539095708,0 -20.292762728533024,-22.236316710360576,0.5
1873 21 0 1 1 0 1 -15.266343557745385,-15.13898128596789,0 7.455656156108211,7.39345597686804,0 -18.142136481542895,-26.44074287695167,0.5
184 29 25 1 0 1 0 27.33646709319308,11.089074211257309,0 -25.885232411659914,-4.025511519589928,0.5
558 25 12 1 0 1 1 9.980028504348665,23.46591210782969,0 -10.413561919660253,-9.154656091050164,0.5 2.110395419130228,20.292763024657685,0.5
1494 8 10 0 1 1 1 23.498144538789678,-0.29530193725879167,0 10.423774724839951,-6.131469683998101,0.5 -21.57369868968216,-5.72935640773081,0.5
499 9 24 1 1 1 0 4.7672206634509395,8.217274922136072,0 -11.290785781857489,-19.461966920848592,0 -17.48426903024889,-18.181043327539804,0.5
1380 28 16 1 0 1 1 -27.604620092165987,7.087661784198362,0 14.489482835633284,-9.914882104991891,0.5 -16.505178320482912,-1.9568057157165368,0.5
2296 13 11 1 1 1 1 1.2986082741740979,-13.437396196817543,0 -1.7795743016459862,18.414209603046263,0 4.865954224289121,12.02383006729232,0.5 7.944136800109205,-19.82777573257148,0.5
2018 16 7 1 1 1 1 -7.705567330805115,-14.590210146205191,0 7.238563250150259,13.70595498582912,0 8.808061567167849,3.8298892188914087,0.5 -6.136069013787525,-24.4662759131429,0.5
1849 17 0 1 1 0 1 -13.029530822337184,-11.682522268318829,0 10.795896967079381,9.679804165178458,0 -19.44771927392619,-25.495807793489497,0.5
1979 18 22 1 1 1 1 -9.94548853304027,-15.599271067558396,0 7.257518659245603,11.38325186011018,0 17.155087481013865,15.746522584963365,0.5 -0.047919711272011334,-11.23600034270521,0.5
2045 3 1 0 1 0 1 11.864002579421436,25.913229107841453,0 -7.241147509659827,-30.229386079497996,0.5
1212 25 6 1 1 0 1 -21.0000812395249,14.465358202732288,0 5.352961884584778,-3.6872481693239165,0 -24.403694934285436,9.524162616961723,0.5
2005 20 29 1 1 1 0 -10.063526949110392,-17.859883127963883,0 5.645393166574122,10.018958827882178,0 19.708943598367796,22.755384906354738,0.5
1361 19 6 1 1 1 1 -18.679493512555734,5.597010104903174,0 11.974034302920343,-3.5878269903225477,0 4.504340882163755,-7.61320650036949,0.5 -26.149186933312322,1.5716305948562335,0.5
2338 6 1 0 1 0 1 -4.673259731595771,25.068120062761892,0 11.487966360401662,-28.883847197045615,0.5
23 27 7 1 0 0 1 27.468099931485014,1.3241926423119386,0 24.18266518063677,7.172775248201912,0.5
877 30 19 1 0 1 1 -8.017316110613768,29.42741311060986,0 -0.663174246121006,-20.391424666248355,0.5 -9.074784591682992,10.483238269473462,0.5
2962 21 5 1 1 1 1 21.43194443651497,-1.7093149710146982,0 -10.46676356201894,0.834781730030434,0 -5.005572305802053,6.418274370217241,0.5 26.893135692731857,3.8741776691721084,0.5
70 2 7 0 1 1 1 -29.183533822408155,-4.309449342591143,0 -8.296040668596882,4.840011283559843,0.5 23.360673986218746,9.514668197557015,0.5
2776 27 21 1 0 1 1 24.528773631371642,-12.433393106506655,0 -16.464300888561834,15.072385221022653,0.5 12.078272064306988,0.6044368789058172,0.5
2652 29 25 1 0 1 1 22.00526379001337,-19.64735008931043,0 -15.02542800371113,21.458949492118514,0.5 8.844688649862693,0.14656973422245478,0.5
1587 19 3 1 1 0 1 -19.177181497408927,-3.53351239072918,0 12.29306506244162,2.265072045339218,0 -26.940953760604067,-11.065035493345395,0.5
1098 29 5 1 0 0 1 -19.64735008931042,22.005263790013377,0 -22.124961359552756,15.771369149135317,0.5
1981 24 3 1 1 0 1 -13.084402987614412,-20.713483494036126,0 4.005429486004412,6.340862294092691,0 -10.14794221154261,-27.299620306355756,0.5
2994 18 2 1 1 0 1 18.498539317770597,-0.23247173784202976,0 -13.498934096751517,0.16964153842526494,0 29.573067043312694,5.628828088663984,0.5
735 28 30 1 0 1 0 0.8952066337266593,28.48593697042335,0 -6.955067514077305,-30.296485536686045,0.5
1950 24 14 1 0 1 1 -14.400738681165594,-19.82091636218621,0 13.376988124490545,8.204034904681897,0.5 -5.432139948868598,-17.684508915316417,0.5
2227 13 26 1 1 1 0 -0.6500582062258708,-13.48433996636537,0 0.8908205048280453,18.4785399539081,0 7.2690801676428,26.18034517565386,0.5
2179 30 0 1 1 0 1 -4.518716330318601,-30.163408340671847,0 0.2222319506714066,1.4834463118363204,0 1.2669142832457423,-32.04130035124835,0.5
65 26 3 1 0 0 1 26.254817772493254,3.596462669509066,0 27.422020018830317,9.812380857206337,0.5
522 26 24 1 0 1 1 12.17886630646943,23.53561589355893,0 -16.58852527810772,-19.00186383220291,0.5 -1.8819697382201075,9.418502529830512,0.5
2934 22 8 1 0 1 1 22.285382078174653,-3.100281540404368,0 -7.592180374313704,7.113986024999335,0.5 24.102585247979135,2.7046967230909007,0.5
1777 4 4 0 1 0 1 23.000500554105862,15.074049696766162,0 -19.711616983902335,-20.092340726752894,0.5
406 26 30 1 1 1 0 17.483093758230194,19.914603501976444,0 -3.628566629066644,-4.1332195947498285,0 -24.631018137278474,-18.962145066449068,0.5
1865 22 4 1 0 0 1 -16.239605132213146,-15.573221412084155,0 -15.695547229482514,-23.364498650026363,0.5
2514 27 3 1 0 0 1 14.44230232393561,-23.402348249354038,0 20.07344384466506,-21.102294951380962,0.5
103 23 3 1 1 0 1 22.955315915523524,5.0302555818280625,0 -8.30298660774255,-1.819454146618661,0 26.555105110700087,11.961454450010251,0.5
416 17 31 1 1 1 0 11.267490195241942,13.390058427808547,0 -9.33592044748618,-11.094619840184226,0 -24.872359526684143,-20.238965674543863,0.5
560 3 5 0 1 0 1 -11.044194213884934,-26.273099820272265,0 4.737984131449724,26.75446703580788,0.5
2205 31 6 1 0 0 1 -2.964411869533218,-31.36020188499702,0 3.573609797996351,-25.95147997728963,0.5
1832 1 27 0 1 1 0 23.41901189368322,19.539700149273628,0 24.959377966292795,13.01074369648936,0.5
2194 21 24 1 1 1 1 -2.515874356746084,-21.352292060129457,0 1.2286828253876223,10.42786356424927,0 8.82570577214213,23.629577178264896,0.5 5.081148590008425,-8.150578446113835,0.5
425 20 2 1 1 0 1 12.901068016521668,15.931492209867901,0 -7.237184497073131,-8.937178556755164,0 13.902075767228382,26.701728209279665,0.5
1158 12 3 1 1 0 1 -9.428142259201298,8.207321946911955,0 14.707901924354026,-12.80342223718265,0 -25.4356788854967,14.187185754542632,0.5
1783 8 8 1 1 1 1 -7.050135966669804,-4.748218913600006,0 19.491552378440048,13.12742876112943,0 10.401819905681574,-0.2283476511080913,0.5 -16.139868439428277,-18.103995325837527,0.5
2480 30 30 1 0 1 0 14.130529071155784,-27.02920916655205,0 -8.813307595768496,29.80898537727122,0.5
305 19 21 1 1 1 1 15.654940766226733,11.62638506182951,0 -10.035218439888933,-7.452810937070198,0 -20.837924966402657,-8.001929960614053,0.5 4.852234239713008,11.077266038285654,0.5
617 1 30 0 1 1 1 -8.386469143848814,-29.324343731774658,0 -14.155192500919238,-27.67454652314866,0.5 -5.356274054913925,3.091978047893602,0.5
1681 17 2 1 1 0 1 -16.25756035687743,-6.476243605863467,0 13.470550009984155,5.366030416286873,0 -25.185175365297336,-16.491117057956394,0.5
1094 0 13 0 1 1 1 20.78179069374532,-23.67207586083993,0 4.397514895254674,-14.103611691549553,0.5 -16.71414549204216,9.944211405176723,0.5
1019 2 18 0 1 1 1 15.75468931161736,-24.94072502343125,0 4.807369563536733,-18.8451372475655,0.5 -12.282462910082096,8.209208540563314,0.5
2490 24 10 1 1 1 1 11.802965015492015,-21.469513661074664,0 -3.613152555762862,6.572300100328978,0 0.199426502195176,12.09174218507086,0.5 15.615544073450053,-15.950071576332782,0.5
1443 11 14 1 1 1 1 -11.418149952552856,1.3696173410910049,0 20.35409339368118,-2.4414917819448347,0 13.682214805693077,-7.684204448794496,0.5 -18.09002854054096,-3.8730953257586567,0.5
99 3 26 0 1 1 0 -27.889555773275955,-5.867084349941618,0 -27.167569617244297,0.41612629355097663,0.5
1531 10 4 1 1 0 1 -10.477876830236365,-0.6812467470718276,0 21.45470017619827,1.39493381543279,0 -27.05277450943515,-7.7715758596089,0.5
2050 30 5 1 0 1 1 -12.405467613811902,-27.86313645809933,0 7.718324282772506,2.584080158579505,0.5 -5.297248295653096,-26.649374485983724,0.5
769 27 19 1 1 1 1 -1.094032649969323,27.47822942914629,0 0.17902352454043466,-4.4964375429512105,0 -5.219481450926398,-19.723260718842493,0.5 -6.492537625436155,12.251406253255006,0.5
304 13 29 1 1 1 0 10.854869993475317,8.02631904578613,0 -14.875192213280991,-10.999029803484694,0 -27.287154006091754,-12.714606806654734,0.5
1499 30 11 1 0 1 1 -30.49993310603907,0.06387900392220422,0 11.487408416259543,-6.024072366601303,0.5 -20.512521399912593,-5.957051772322269,0.5
1861 28 28 1 0 1 0 -20.73469955037556,-19.55306202505519,0 24.851133660913494,15.187862119712968,0.5
2850 16 22 1 1 1 1 15.692432518870033,-5.098780407186637,0 -14.74137600257488,4.789763412811689,0 -19.544669650391267,12.659221471207243,0.5 10.889138871053644,2.770677651208918,0.5
2999 6 4 0 1 0 1 -25.49994407226217,0.053407036066096966,0 27.512506047200247,5.9423910173237395,0.5
2862 14 15 1 1 1 1 13.898565940751947,-4.132779305814666,0 -16.774131307804073,4.987837093224598,0 -13.14697215494946,10.168929302388896,0.5 17.52572509360656,1.0483129033496335,0.5
1032 23 30 1 1 1 0 -13.086576987472409,19.519003631101604,0 4.733442740149595,-7.06006514316441,0 12.001130907714845,-28.67442862440142,0.5
2281 16 1 1 1 0 1 1.0705306025414352,-16.46523501894286,0 -1.0056499599631663,15.467341987491778,0 7.966217787343693,-30.0464536037884,0.5
768 3 11 0 1 1 1 1.0741702060931355,-28.479749970256794,0 -5.562299735139288,-11.717970031386383,0.5 -6.768385580577195,20.259293093112472,0.5
1125 15 5 1 1 0 1 -10.960155108391486,10.960155108391488,0 11.667261889578032,-11.667261889578034,0 -22.980970388562795,14.495689014324228,0.5
1958 4 31 0 1 1 0 15.789074744778222,22.515663852167595,0 22.99817591176435,22.345780468167632,0.5
1947 31 27 1 0 1 0 -18.674989835073358,-25.367198399900346,0 21.135409868695856,18.588825936089503,0.5
2345 24 31 1 1 1 0 4.842604839288588,-24.016643778232186,0 -1.482430052843445,7.352033809662914,0 -0.34457917421213846,32.064486042858995,0.5
527 24 9 1 1 1 1 11.031230066005497,21.876059133922098,0 -3.376907163062907,-6.696752796098601,0 -9.634817976758564,-5.781027811274569,0.5 4.7733192523098396,22.79178411874613,0.5
127 27 10 1 0 1 1 26.532913460385938,7.22872764071733,0 -11.707925715576595,3.028939655810315,0.5 19.166737220145226,11.4405500013723,0.5
1057 12 21 1 1 1 1 -7.4947808555705775,10.00391223107104,0 11.6918581346901,-15.606103080470822,0 8.089145200667295,-20.804223848116067,0.5 -11.097493789593385,4.8057914634257966,0.5
1940 18 25 1 1 1 0 -11.185083624953945,-14.735803483447624,0 8.162088050642067,10.753153893326646,0 20.19645693713575,16.683918220442745,0.5
731 6 0 1 1 0 1 0.2585895354472938,6.494854228707305,0 -1.0144666390624604,-25.479812743390195,0 -4.742085385485241,31.71376083337905,0.5
133 30 26 1 0 1 0 29.324343731774658,8.386469143848812,0 -27.128325369020374,-1.5178809810277238,0.5
2524 3 19 0 1 1 1 -15.472118025911739,23.93456838533457,0 -5.547329515553386,19.633571637526124,0.5 11.824873180207163,-7.240329707410937,0.5
535 3 21 0 1 1 1 -12.404086332111333,-25.659084984962515,0 -14.759381264918202,-16.745466988913194,0.5 -0.831986085003722,12.064733695956997,0.5
2742 28 21 1 0 1 1 24.439509701519086,-14.661526712772943,0 -15.35018590547448,16.205609913464308,0.5 12.090667092722388,-0.2564551675439084,0.5
787 31 18 1 0 1 1 -2.438575130502362,31.405466902004427,0 -4.549814650721678,-18.908971062542733,0.5 -7.027097322978046,12.994995314096686,0.5
1831 25 5 1 0 0 1 -19.6140016717101,-16.29542691745612,0 -16.548960109630624,-21.549522484033247,0.5
2599 1 3 0 1 0 1 -20.3609673819271,22.708610861787665,0 23.493089690349127,-17.214085418668386,0.5
154 0 29 0 1 1 0 -29.875682265927534,-9.98466870483658,0 -29.88065520869466,-3.6601153395909165,0.5
233 3 6 0 1 1 1 -25.173341223352338,-13.362368489630486,0 -8.55441855752888,2.2520930581584517,0.5 19.710385623077254,17.255454169322505,0.5
1916 19 27 1 1 1 0 -12.55520336041245,-14.920350819558093,0 8.048207282315675,9.564327448434677,0 22.296933196343126,17.17838089104476,0.5
709 18 1 1 1 0 1 1.586647098823508,18.431835258155793,0 -1.1578235586009382,-13.45025816135693,0 -3.3620689208009593,30.902208538740148,0.5
2033 29 24 1 0 1 0 -12.950456237514961,-26.505389701723114,0 16.14639037387984,19.378959670072085,0.5
2390 23 15 1 1 1 1 6.792247228195067,-22.497008192003584,0 -2.456770274028003,8.137215729022573,0 1.2639241325531048,16.572642993413872,0.5 10.512941634776176,-14.061580927612289,0.5
1685 1 15 0 1 1 1 28.239052836704843,11.52414399796324,0 16.61803878546572,0.30130868682626755,0.5 -13.009819928454114,-11.789596491364673,0.5
2369 26 30 1 1 1 0 6.536509805602802,-25.68120011917781,0 -1.3566341105968078,5.330060402093507,0 -1.708541447389381,31.037572168624152,0.5
591 4 22 1 1 1 1 1.470996133447241,4.252783838309122,0 -8.989420815510918,-25.989234567444633,0 -13.025359118315034,-19.302591013615952,0.5 -2.5649421693568755,10.939427392137802,0.5
2337 21 2 1 1 0 1 3.895923917983454,-21.14407190739959,0 -1.9026605180849425,10.326174652450963,0 11.246241256972532,-27.9243989655994,0.5
2016 12 11 1 1 1 1 -5.883799152066656,-11.028640330436918,0 9.178726677223983,17.20467891548159,0 10.706842578511043,7.322125511009968,0.5 -4.355683250779594,-20.91119373490854,0.5
705 26 7 1 0 0 1 2.4938703029406346,26.38239206198162,0 -3.6677181113148745,24.955918012686546,0.5
1469 22 6 1 1 1 1 -22.452593207649354,1.4598144580110648,0 9.479983798785282,-0.6163661044935607,0 6.097020848962417,-6.409082365465246,0.5 -25.835556157472215,-4.332901802960621,0.5
708 1 9 0 1 1 1 -2.679461494797671,-30.382075078866762,0 -6.811388022091096,-8.93616210755568,0.5 -4.00014973246731,22.94011338502584,0.5
972 5 4 0 1 0 1 11.882155226385851,-23.686797740008494,0 -17.69358698738347,21.890339867619563,0.5
624 7 0 1 1 0 1 1.9563112971742274,7.240362291249554,0 -6.390616904102476,-23.65185015141521,0 2.424217615132113,31.97457066098751,0.5
1385 0 14 0 1 1 1 30.590729817153534,-7.5138039137253045,0 12.650246313218236,-9.285540814347241,0.5 -18.426050643890115,-1.652470171832646,0.5
1827 3 2 0 1 0 1 22.073337215663916,18.028249614524047,0 -19.052419304383903,-23.307838137629574,0.5
2620 17 12 1 1 1 1 12.24410845898389,-12.503271893574064,0 -10.145118437443793,10.359853854675654,0 -4.4589556786202404,13.128888538490237,0.5 17.930271217807444,-9.734237209759481,0.5
741 30 26 1 0 1 0 0.5748774113199493,30.494581747614674,0 -6.49841776674317,-26.38220169979899,0.5
2041 19 21 1 1 1 1 -8.26572422842105,-17.661477938714338,0 5.298541172064775,11.321460217124574,0 14.54779172017121,16.929611810863175,0.5 0.9835263196853852,-12.053326344975735,0.5
1969 15 30 1 1 1 0 -8.604589406388802,-12.89228611020798,0 9.159724206800982,13.724046504414947,0 21.922173777813313,22.03788322083939,0.5
139 21 23 1 1 1 0 20.59533900102299,6.171062423354777,0 -10.058188814453088,-3.0137746718709377,0 -24.233341444845067,-0.9975782764046199,0.5
2028 2 9 0 1 1 1 13.227304874655943,26.368322012462286,0 9.622689097762887,5.8011942328968145,0.5 -4.725573817118136,-22.80173133994363,0.5
676 4 31 0 1 1 0 -4.245051630332461,-27.170379766499618,0 -10.790596543798916,-30.19624192228157,0.5
752 24 31 1 0 1 1 -0.10262505990739262,24.499785062262873,0 -5.868000856591607,-31.524856319213256,0.5 -6.002041751164528,0.47486294578314614,0.5
2023 28 30 1 0 1 0 -13.044984243377593,-25.339265697530195,0 19.295003986252553,24.371147309277383,0.5
2171 24 10 1 1 1 1 -4.035231271158848,-24.165407271309576,0 1.2352748789261778,7.397573654482524,0 7.647443754082667,9.36838321313459,0.5 2.376937603997642,-22.194597712657508,0.5
121 4 0 0 1 1 1 -26.621655012917742,-6.894743242006308,0 -1.988337707581699,5.683002125691029,0.5 28.989588125631673,13.705976080025643,0.5
1134 23 26 1 1 1 1 -16.927262084865813,16.300852686600916,0 6.122626711547209,-5.896053099408842,0 14.926269324652704,-22.703666753366775,0.5 -8.123619471760318,-0.5067609673570139,0.5
1776 23 3 1 0 0 1 -19.681908940990333,-12.840267148255322,0 -20.591183060795426,-20.59740712217952,0.5
832 6 4 0 1 0 1 4.357883754143552,-25.124865157556005,0 -10.611411536638578,26.070058404232505,0.5
2025 9 3 1 1 1 1 -4.312909747525696,-8.464561979789494,0 10.214786244139805,20.047646794238275,0 6.935005894218621,0.39457983622200565,0.5 -7.592690097446881,-28.117628937805762,0.5
645 20 10 1 1 1 1 4.471936448629125,20.00629361974432,0 -2.508647276060241,-11.223042762295595,0 -8.146004606296183,-8.938266551977591,0.5 -1.1654208816068152,22.291069830062323,0.5
2418 20 9 1 1 1 1 7.065179925077602,-19.24404408190442,0 -3.9633936165069477,10.795439363019552,0 2.358295375765331,10.985829186758906,0.5 13.38686891734988,-19.053654258165064,0.5
1954 28 26 1 0 1 1 -16.55813235719512,-23.196513807932604,0 20.279634747833907,18.08276567603661,0.5 1.6880475397551744,-7.962442810063159,0.5
2516 20 21 1 1 1 1 10.839060315695697,-17.400137110744577,0 -6.080448469780514,9.761052525539641,0 -6.275071908438538,21.421332184155247,0.5 10.644436877037673,-5.73985745212897,0.5
1062 1 9 0 1 1 1 18.541874079685456,-24.216707158758982,0 1.0113954362117363,-11.19049057332207,0.5 -18.44237409001563,14.217202183408666,0.5
2440 1 22 0 1 1 0 -11.819225386789137,28.116826123449265,0 -3.1879217856413122,23.067014429453877,0.5
634 12 22 1 1 1 1 3.0070858976123964,12.13290708793159,0 -4.691054000275338,-18.92733505717328,0 -11.236550017909478,-20.395831527422914,0.5 -3.5384101200217426,10.664410617681959,0.5
1760 1 0 0 1 0 1 26.08860993489546,15.799823785880463,0 -23.835812138817186,-21.450036356216636,0.5
1277 24 25 1 0 1 1 -21.876059133922098,11.031230066005492,0 20.06743377628492,-16.838886591292763,0.5 -8.50537815373578,-2.430749362224363,0.5
2103 16 18 1 1 1 1 -5.000081948940779,-15.724159135034107,0 4.697046679308005,14.77117979351689,0 11.32402853730964,15.811906200271897,0.5 1.6268999090608567,-14.683432728279099,0.5
2686 22 24 1 1 1 0 17.807331329221178,-13.753143310943067,0 -7.518651005671164,5.8068827312870726,0 -15.722700342233797,19.724266626374764,0.5
462 8 20 1 1 1 1 4.82178606757743,7.000027079841633,0 -13.330820304478777,-19.353016044268045,0 -16.570209042869074,-13.478804556622224,0.5 1.5823973291871347,12.874238567487454,0.5
2805 11 4 1 1 0 1 10.554178195365784,-4.567200742299974,0 -18.813969826521614,8.141531758012997,0 27.62113955011817,-5.415039238352572,0.5
790 2 20 0 1 1 1 2.468496378303302,-29.39653934786038,0 -4.263561367184562,-20.930170674608732,0.5 -6.941252353818652,10.957600821375408,0.5
93 10 4 1 1 0 1 10.301450433155008,2.0322694145340323,0 -21.093446125031683,-4.161313563093495,0 25.818692421386526,11.209153476058662,0.5
2960 26 23 1 0 1 0 26.407060770111862,-2.21746284830637,0 -22.915515132369457,7.9453864738064475,0.5
2851 7 30 0 1 1 1 -23.316690023248547,7.52209853430156,0 -27.184753245031484,15.074454915742402,0.5 3.2696990302319255,5.249673156654651,0.5
2575 30 18 1 0 1 1 19.194271927020022,-23.702951824437626,0 -6.979551465680154,18.15312263325299,0.5 13.158701047914626,-6.715548133370092,0.5
2093 28 1 1 0 0 1 -9.203405321268743,-26.973085297986255,0 -4.170714053009793,-30.803492404076955,0.5
1620 29 6 1 0 0 1 -28.573203253294615,-7.336351671363223,0 -23.206731285790962,-12.15309108947559,0.5
2649 31 0 1 0 0 1 23.364865841270287,-21.126595660906677,0 27.388979300490607,-16.67614502447424,0.5
747 21 2 1 1 0 1 0.1350875952595199,21.499575608406946,0 -0.06597301163837019,-10.49979273898944,0 -5.81452881815283,29.5371165590494,0.5
583 16 4 1 1 0 1 5.654155470673438,15.500984675608631,0 -5.311479381541715,-14.561531058905079,0 3.786870750901077,27.89103099413806,0.5
2896 24 28 1 0 1 1 23.92110173326515,-5.294420824488651,0 -26.529994875556117,12.017045057041528,0.5 4.71389310258612,5.101883163831862,0.5
721 27 31 1 0 1 0 1.6692533288865214,27.449291308228727,0 -7.9009900985199195,-31.07771477221403,0.5
2648 4 28 1 1 1 0 3.3315095986100025,-3.0250692214178203,0 -20.359225324838906,18.48653413088668,0 -17.06613516263959,23.60078453379287,0.5
633 26 8 1 0 0 1 6.4288796160783,25.708354806987803,0 -0.11967765524855789,24.25357040228993,0.5
1063 21 17 1 1 1 1 -13.106225693937695,17.043381356396605,0 6.400714873783525,-8.323511825216947,0 5.91156565142,-17.53007106514264,0.5 -13.59537491630122,7.836822116470912,0.5
801 14 29 1 1 1 0 -1.5458617369912682,14.417361460756485,0 1.8656951998170477,-17.40026383194748,0 -2.8207756912618276,-29.97154024236303,0.5
1104 21 20 1 1 1 1 -14.519655374602024,15.856532023200739,0 7.090994485270755,-7.743887732260826,0 9.419243862331955,-19.171015754568714,0.5 -12.191405997540825,4.429404000892854,0.5
2644 6 19 0 1 1 1 -18.734284613983203,17.299612134446026,0 -10.255720673176327,17.637182129631242,0.5 13.253969822802596,-4.0721350586931795,0.5
1669 20 23 1 1 1 1 -19.229204607593665,-7.105469031619139,0 10.787114779869617,3.9859948226156146,0 24.12288402283736,2.5172338828042813,0.5 -5.893435364625917,-8.574229971430471,0.5
1691 0 25 0 1 1 1 29.013059866268826,12.267532645006538,0 25.82343563364744,4.404562642858849,0.5 -3.6501489924034334,-8.057692742544619,0.5
1603 0 30 0 1 1 0 30.769891546340045,6.742683013939736,0 31.07739016657174,0.6676978618133873,0.5
1345 17 11 1 1 1 1 -16.585947175167746,5.581787912716231,0 13.74264194513899,-4.624909984822019,0 8.985580859321812,-9.354642516985322,0.5 -21.343008260984927,0.8520553805529278,0.5
1343 7 30 0 1 1 0 23.187389115812746,-7.91169931126611,0 26.928374374069065,-15.527802599530318,0.5
1435 5 2 0 1 0 1 26.254817772493254,-3.596462669509068,0 -30.04135472851341,-1.9408776560166805,0.5
550 17 11 1 1 1 1 7.117891253826507,15.987045508745515,0 -5.897681324599105,-13.246409135817713,0 -10.15874414122731,-8.065352904435107,0.5 2.8568284371983026,21.16810174012812,0.5
430 0 18 0 1 1 1 -19.566155078766773,-24.686343905763955,0 -16.19339467910378,-10.771442278858174,0.5 3.6833342898021506,14.3067483555687,0.5
1615 31 13 1 0 1 1 -30.590729817153537,-7.513803913725297,0 14.541513524251574,-2.6066040021469745,0.5 -16.53478343285678,-10.239674644661562,0.5
2533 13 12 1 1 1 1 7.541288862776479,-11.19727477059322,0 -10.334358811952953,15.344413574516635,0 -2.0061083082330873,13.719530948820307,0.5 15.869539366496346,-12.822157396289551,0.5
758 26 28 1 0 1 1 -0.44399098702800044,26.49628034278468,0 -5.521658072694719,-28.59652587515213,0.5 -6.057798132502116,3.3989824633048444,0.5
670 30 7 1 0 1 1 5.0864467748411215,30.0728791306504,0 -7.166741822793797,-6.394357797732172,0.5 -1.8301419278785218,25.157515388523983,0.5
2931 20 6 1 1 1 1 20.286310431354345,-2.952221042321172,0 -11.380125363930485,1.6561239993509016,0 -5.568180075603717,6.873526798205546,0.5 26.098255719681113,2.265181756533472,0.5
608 20 26 1 1 1 0 6.007304831743676,19.600058384058684,0 -3.36995149097816,-10.995154703252432,0 -13.502142846124855,-23.578425277419175,0.5
902 27 1 1 0 0 1 -8.607446318577653,26.118228651131837,0 -15.244963077214889,27.089501670838366,0.5
2140 16 16 1 1 1 1 -3.767789356825821,-16.064051897407143,0 3.5394384867151647,15.090472994533984,0 9.609262774064783,14.69394667674321,0.5 2.3020349305237975,-16.46057821519792,0.5
280 30 5 1 0 1 1 25.404097841658032,16.878442251921996,0 -7.901416119365612,1.9538739234222033,0.5 18.752063583357568,19.662403499209216,0.5
681 7 1 1 1 0 1 1.0800808691418908,7.421820889519882,0 -3.528264172530177,-24.244614905764948,0 -1.5451278437722165,31.046136312694365,0.5
1147 28 20 1 0 1 1 -21.059388506342877,19.20292050024979,0 11.10526110100106,-18.246182501515015,0.5 -12.54036809910322,3.314991393502291,0.5
457 23 5 1 1 0 1 13.53274997315706,19.212357433798115,0 -4.8948244583759575,-6.94915056116102,0 10.355052327058443,25.120169014237973,0.5
35 23 29 1 0 1 0 23.436890214774767,1.7210976324993448,0 -29.860206260887303,3.823360048081614,0.5
1726 19 23 1 1 1 0 -17.356047836576522,-8.889184636088252,0 11.125671690113155,5.698195279543752,0 23.651396511593735,5.372284714287938,0.5
1972 12 7 1 1 0 1 -6.8737221528105,-10.440399598002088,0 10.72300655838438,16.287023372883258,0 -8.461103612467578,-23.762569845433134,0.5
652 23 5 1 0 0 1 4.789596657135295,23.00673301148945,0 -0.4730249640362292,27.16663849988435,0.5
125 12 31 1 1 1 0 12.074072828613353,3.2352380637815092,0 -18.835553612636833,-5.046971379499155,0 -31.979577798720776,-2.3572449629949936,0.5
2346 5 27 1 1 1 0 1.0984048928292371,-5.389202788113359,0 -5.292314483631779,25.966158888182544,0 0.38710585015929677,28.144273823653233,0.5
2728 6 5 1 1 0 1 5.473494382022499,-3.505832176526444,0 -21.47293949870365,13.753649307911434,0 25.55116833580844,-9.240551751663965,0.5
1971 5 4 0 1 0 1 14.618615571653406,22.10307849074903,0 -10.16579084060281,-26.247032148132785,0.5
2372 2 28 0 1 1 1 -7.455974113681113,28.542222233318086,0 -1.3980314861018046,29.09115858751363,0.5 6.689804840603132,-1.8698960384585295,0.5
2712 26 28 1 0 1 0 21.823613837153328,-15.032627151859048,0 -20.067065337649645,21.108360635883127,0.5
2434 7 5 1 1 0 1 2.8192561554043993,-6.949949260981292,0 -9.20957010765437,22.70316758587222,0 15.521331157880578,-22.30108246447704,0.5
14 3 2 0 1 0 1 -28.487749408813915,-0.8355439070585075,0 29.311415583075767,6.862282165302086,0.5
85 17 24 1 1 1 0 17.223423139461733,3.0989829555927075,0 -14.270836315554007,-2.567728734633958,0 -25.175300837163928,1.5665975099856606,0.5
600 15 31 1 1 1 0 4.789763412811686,14.74137600257488,0 -5.0987804071866325,-15.692432518870033,0 -15.440374420581765,-28.104178297047653,0.5
2585 5 30 0 1 1 1 -17.104628724684684,20.240594758818023,0 -15.10368330377263,27.168524999700296,0.5 5.55096270339378,2.7270520833917384,0.5
2738 1 1 0 1 0 1 -26.02219910675926,15.908964568700808,0 29.15183148092991,-10.789843432944888,0.5
642 1 16 0 1 1 1 -6.840258208956126,-29.723069619990603,0 -9.547628792384252,-14.734068835282237,0.5 -2.3709644420040545,16.450791093888235,0.5
1200 4 9 0 1 0 1 22.247967345311054,-16.164094438043016,0 -21.729593887191154,8.371066210330966,0.5
1299 8 21 1 1 1 1 -7.757878492929773,3.4735171352589678,0 21.448252303982315,-9.603253256304205,0 17.170974680757215,-14.262104631252523,0.5 -12.035156116154873,-1.1853342396893503,0.5
185 20 6 1 1 0 1 18.980346988604893,7.745736129778575,0 -10.64751172531494,-4.345169048412372,0 21.34265519174406,15.190163572730878,0.5
422 18 1 1 1 0 1 11.732531442100509,14.303765446906734,0 -8.56157699828956,-10.437882893688698,0 14.703763043385141,27.38702890720316,0.5
2174 7 11 0 1 1 1 3.8833168862762726,24.190284205869958,0 7.746932629689668,10.403606818361098,0.5 2.6748452680227,-21.19186643012211,0.5
376 6 20 0 1 1 1 -17.99341889600888,-18.068947850739693,0 -18.71681468520079,-10.29227127702394,0.5 3.8631619686142713,12.382486810178815,0.5
576 28 26 1 0 1 0 10.157738543327646,26.62837486001344,0 -15.050888440640819,-22.621245702820715,0.5
771 11 5 1 1 1 1 -0.5056333606554448,11.488878748798435,0 0.9013464255162278,-20.480175160901556,0 -5.752372957320492,-5.758489850636874,0.5 -7.159352743492164,26.210564059063117,0.5
54 27 15 1 0 1 1 27.32431103930023,3.103550584020746,0 -16.078113622301018,4.212393897581085,0.5 15.717448314339249,7.823798213532498,0.5
1302 31 0 1 0 0 1 -28.830096937558903,12.691552724980376,0 -31.24753555184088,7.200105689254871,0.5
360 4 23 0 1 1 1 -20.046637254088818,-18.825045413038936,0 -21.238045379975304,-11.713045224795714,0.5 2.0889506975098664,10.192462164922322,0.5
342 13 24 1 1 1 0 10.1823936399374,8.863907702664912,0 -13.95365054361792,-12.146836481429697,0 -22.418673362552283,-11.560842731530814,0.5
2823 28 17 1 0 1 1 26.56402670505901,-10.324847951079558,0 -14.137592267791414,11.932245592078818,0.5 15.688683330871333,0.33943385753334976,0.5
850 8 20 1 1 1 1 -1.7672493719509526,8.314254606237348,0 4.8859247342173395,-22.986468617244434,0 -1.6066959426387726,-21.29949595994957,0.5 -8.259870048807064,10.001227263532211,0.5
1433 26 5 1 0 0 1 -26.23952265624698,3.7064067197626134,0 -27.078709083363044,-2.234617277878212,0.5
2761 14 24 1 1 1 0 12.72104922836007,-6.95880065310393,0 -15.352990448020773,8.398552512366813,0 -18.61468290870332,17.021855956634944,0.5
307 9 6 1 1 1 1 7.60297329561399,5.6960334502336405,0 -18.007042015927873,-13.490605540027042,0 -8.79952917083082,0.904591826017398,0.5 16.810486140711042,20.09123081627808,0.5
2736 7 27 0 1 1 0 -20.849364803969955,12.866778434051737,0 -20.25130046958626,19.548269214703776,0.5
455 1 1 0 1 0 1 -17.668075756451703,-24.861397769720902,0 12.777308982080378,28.337084803776975,0.5
2339 27 3 1 1 1 1 5.096399206515299,-27.023632530210115,0 -0.8339562337934125,4.422048959488928,0 5.247432653034805,4.551313057993716,0.5 11.177788093343516,-26.894368431705324,0.5
2754 23 0 1 1 0 1 20.449318234733852,-11.579092526384855,0 -7.396561914690968,4.1881824031604795,0 30.367152321379805,-10.299808730754034,0.5
912 28 2 1 0 0 1 -9.485357018905118,26.875230272946638,0 -15.476119778785291,25.82130354170158,0.5
2794 3 27 0 1 1 0 -25.888324383059835,11.918249059214594,0 -22.470857058907296,16.95023843602668,0.5
1530 21 14 1 1 1 1 -21.45757466120784,-1.349996169880237,0 10.479280648496852,0.6593004550577901,0 14.848130679385818,-5.077697837394585,0.5 -17.088724630318872,-7.086994462332612,0.5
744 10 18 1 1 1 1 0.13194341877520416,10.499170964140069,0 -0.27016985749208466,-21.498302450382045,0 -6.2319980030649225,-18.42314307847048,0.5 -5.829884726797634,13.574330336051634,0.5
2353 7 8 0 1 1 1 -5.244309010842016,23.93213786937559,0 4.041477576493731,9.587307181826311,0.5 10.891187304940445,-21.67099534143977,0.5
1372 25 23 1 1 1 1 -24.58915434167977,6.754516175200917,0 6.267823655722294,-1.7217394172080767,0 21.071295293265454,-12.010433575188241,0.5 -9.78568270413661,-3.5341779827792483,0.5
526 27 1 1 0 0 1 12.433393106506644,24.52877363137165,0 8.438030834917189,29.917380159850005,0.5
281 17 1 1 1 0 1 14.555806898621913,9.714859007213164,0 -12.060525716001013,-8.04945460597662,0 22.03788322083939,21.922173777813313,0.5
1850 8 25 0 1 1 1 17.463903398718763,15.724569249433168,0 22.964976687826706,12.603961509286519,0.5 -0.8156577274499135,-8.808217894196945,0.5
1527 5 5 0 1 0 1 26.45764107788784,1.4977411637736475,0 -26.118529870995694,-7.488150464427497,0.5
1537 17 31 1 1 1 0 -17.44748161222468,-1.3547639613901963,0 14.456484764414736,1.1225187108661625,0 31.869957403052496,-3.5434185651175376,0.5
1055 26 26 1 1 1 0 -15.799959186588822,21.274663092564534,0 3.2792368123108875,-4.4154961135511295,0 10.983054335442135,-24.85201234235823,0.5
1894 3 9 0 1 1 1 19.334860620851444,20.93831809798122,0 10.853020508279862,2.90894239318291,0.5 -10.856296680044569,-20.600748102796004,0.5
1111 27 0 1 0 0 1 -18.86698967329888,20.007166232818513,0 -25.976478985666397,18.800865392508722,0.5
1993 11 6 1 1 0 1 -5.895387682499682,-9.873925464222982,0 10.50916934706465,17.601345392745316,0 -7.920768097252523,-24.970210907189923,0.5
1533 0 9 0 1 1 1 31.424793950378593,2.175390810003783,0 9.891678964718075,-5.329604793880496,0.5 -22.031921238841132,-7.539525616741482,0.5
666 24 15 1 1 1 1 4.288064944894263,24.121826195965532,0 -1.3126729423145702,-7.38423250896904,0 -8.62024342129201,-14.210608831351026,0.5 -3.0195055340831773,17.295449873583546,0.5
1128 11 21 1 1 1 1 -8.182660287906781,8.080474652686766,0 14.58648138279035,-14.404324380876409,0 11.08211724120654,-19.37618841393097,0.5 -11.687024429490592,3.1086106196322048,0.5
2515 28 28 1 0 1 0 15.018240171655307,-24.221941750125623,0 -9.918884013734123,27.383676523105688,0.5
1334 20 5 1 1 0 1 -19.27346972442603,6.9845089148510136,0 10.811946430775578,-3.9181391473554465,0 -26.95873176519004,3.3877398974144235,0.5
2634 12 5 1 1 1 1 9.003862811098832,-8.670666322660066,0 -14.046025985314179,13.526239463349706,0 0.20022019799334556,8.136947331297868,0.5 23.250108994406354,-14.059958454711904,0.5
1202 31 3 1 0 1 1 -25.56136796224287,18.408326048253922,0 -0.6661958229102694,-6.914201553725268,0.5 -26.633299784553817,11.78632014608824,0.5
969 24 9 1 0 0 1 -10.847576660453084,21.96770540123828,0 -15.341906419086698,17.517873941434402,0.5
1983 3 30 0 1 1 0 15.11956875274192,24.158821178424873,0 21.26665873786589,22.671109944754633,0.5
2866 10 0 1 1 0 1 10.089196915317435,-2.908282242828081,0 -20.65883177898332,5.955054116267023,0 31.92946631328264,-2.959591348302851,0.5
1001 2 8 0 1 1 1 14.803474691768711,-25.51680107400148,0 -0.9244498835245718,-10.36317482303813,0.5 -16.982456328833003,17.31606701994653,0.5
2315 5 2 0 1 0 1 -3.596462669509049,26.254817772493258,0 9.948096429640621,-28.412767859301766,0.5
32 16 17 1 1 1 1 16.46295679424297,1.1050129369782506,0 -15.465201837016123,-1.0380424559492656,0 -17.862534637643726,4.814546325353843,0.5 14.065623993615366,6.95760171828136,0.5
2081 7 13 0 1 1 1 8.491902013398489,22.981244531026572,0 10.307271198654654,10.583485268917052,0.5 -0.7841926555801075,-19.432834118546225,0.5
2925 13 15 1 1 1 1 13.333792598034359,-2.1118652780431195,0 -18.272234301010048,2.8940376032442754,0 -14.370562488983246,8.350864251694407,0.5 17.23546441006116,3.3449613704070127,0.5
2954 29 14 1 0 1 1 29.363199096749444,-2.8376995620841527,0 -13.855599645097017,7.366977567142945,0.5 17.996006154766786,4.288794991322847,0.5
2526 2 29 0 1 1 0 -16.118633228660922,24.707077181243193,0 -11.09346498840807,27.985443261648804,0.5
2247 23 11 1 0 1 1 -0.14765388319063047,-23.49953613011922,0 6.0721377207407485,11.462074136052225,0.5 5.871077113842869,-20.537294211344165,0.5
725 26 21 1 0 1 1 1.386902840438015,26.463682670996207,0 -7.117000267750738,-21.156519259765673,0.5 -5.442249667976531,10.79962585238069,0.5
2220 31 10 1 0 1 1 -1.9779013651733661,-31.437841945490554,0 6.647460825627418,10.102537531320973,0.5 4.6381642006893955,-21.83431777838372,0.5
649 30 6 1 0 0 1 6.4037757563288995,29.820155198500466,0 -0.5122835870365856,26.19136433113886,0.5
2289 8 3 0 1 0 1 -1.9173793718517038,23.4216493087997,0 8.305327997896672,-27.915435279560906,0.5
2660 19 29 1 1 1 0 14.761403585209246,-12.74170177780706,0 -9.462438195646952,8.167757549876322,0 -18.41083051778617,23.817878151618658,0.5
2730 13 26 1 1 1 0 11.398426994277205,-7.233661732216451,0 -15.62006662178728,9.912795707111432,0 -19.159729255929424,19.265377619955494,0.5
259 23 30 1 1 1 0 20.126512409526445,12.131508489432717,0 -7.2798023608925435,-4.387992432348004,0 -29.21905018838948,-10.60646529661869,0.5
1654 30 3 1 0 1 1 -28.927247908279046,-9.667695095159221,0 5.221361909833836,-4.581198512020229,0.5 -25.128537534917946,-14.724354021695476,0.5
854 26 26 1 1 1 0 -5.726618442814253,25.87384473189904,0 1.1885434503954109,-5.370043246243197,0 -0.1316105530874161,-27.170437586875853,0.5
702 23 28 1 1 1 0 2.35850029900355,23.381348899060555,0 -0.8530745762353267,-8.45708364434105,0 -8.830014975147426,-27.753933694859768,0.5
2914 6 12 0 1 1 1 -25.087475388268732,4.568213944531341,0 -11.222908183771418,8.142255946519771,0.5 20.25941387209523,2.4095953102451473,0.5
1266 5 8 0 1 1 1 23.38071750052626,-12.473654202381319,0 4.675251831705105,-9.294730782015048,0.5 -23.558067414213397,5.767795047275602,0.5
2306 24 27 1 1 1 0 2.86692659257111,-24.331681649914966,0 -0.8776305895625847,7.448473974463765,0 2.7408003511748684,28.013175711350538,0.5
110 31 30 1 0 1 0 30.66773544050455,7.193052408485655,0 -31.064261758295324,-1.1232281211360373,0.5
7 17 7 1 1 1 1 17.498119325736305,0.25655420926906164,0 -14.498441727038653,-0.21257348768007966,0 -7.587155439922094,5.88940339342285,0.5 24.409405612852865,6.358531090371991,0.5
1115 0 11 0 1 1 1 21.80250997691781,-22.735447185098412,0 3.6290851309195036,-12.453101666353605,0.5 -18.51949643293351,10.643225632793987,0.5
886 26 20 1 0 1 1 -7.446545767229152,25.432242451985267,0 0.002291830803246242,-21.36000924034237,0.5 -8.989763435284786,9.35062315450776,0.5
2779 11 19 1 1 1 1 10.289953378631287,-5.13486703485052,0 -18.3429603706036,9.15345862734223,0 -14.769120754278866,14.075619778380247,0.5 13.863792994956018,-0.21270588381250288,0.5
675 9 29 1 1 1 0 1.4861274178821937,9.38303923565381,0 -3.5197754634051956,-22.2229876633906,0 -10.54094676225764,-28.198199257315178,0.5
2446 10 9 1 1 1 1 4.1902261692930995,-9.627668702763472,0 -8.579986918076347,19.71379781994425,0 1.7103679626948938,11.105162827810627,0.5 14.480581050064341,-18.236303694897096,0.5
2421 26 0 1 0 0 1 9.289159485068357,-24.8185719988271,0 16.661130406513806,-27.39811551142051,0.5
213 1 27 0 1 1 0 -27.515085760730187,-13.159409393269247,0 -27.39742015671133,-6.452237500017152,0.5
1798 3 7 0 1 0 1 23.12695196583878,16.65515213889641,0 -16.374716151918307,-19.186418919227883,0.5
2443 5 1 0 1 0 1 -10.422453607290423,24.364368672384657,0 17.512114983270408,-25.68220840996187,0.5
1544 1 3 0 1 1 1 30.370584868626356,2.806701754295199,0 4.037287133310277,-5.652460756449997,0.5 -27.826933056723934,-8.597197023251518,0.5
587 9 30 1 1 1 0 3.1805411749018546,8.951768419410431,0 -7.53286067739913,-21.20155678281418,0 -15.86495961589149,-26.731125236063896,0.5
235 22 29 1 0 1 0 19.829327671462323,10.632392209553716,0 -28.833756425131593,-8.65242685124714,0.5
875 2 17 0 1 1 1 7.635161830524365,-28.494811875527514,0 -1.266221668440295,-18.45661623067382,0.5 -9.548431111720962,12.453010210576366,0.5
1858 26 5 1 1 0 1 -19.393485672770925,-18.05942173659026,0 4.025063064160004,3.7481818698583558,0 -15.30455999656181,-22.45039962476481,0.5
215 2 0 0 1 0 1 -26.55940375636471,-12.839317431483662,0 25.748654702935134,19.111692258641476,0.5
1980 25 9 1 1 0 1 -13.663583271964406,-21.53036210030139,0 3.482874167363476,5.488131515763099,0 -6.990135334015326,-22.212339093669325,0.5
1148 29 28 1 0 1 1 -21.839896257554454,19.83100934040572,0 17.066135162639583,-23.600784533792876,0.5 -6.6245997608093194,-2.089181181488363,0.5
448 3 31 0 1 1 0 -16.848313314336746,-22.986612157121876,0 -23.461106748924166,-21.859242212748022,0.5
403 10 11 1 1 1 1 6.976705179862127,7.84701120384602,0 -14.285634415908165,-16.067689607875185,0 -12.125159694427674,-4.607656930005378,0.5 9.137179901342616,19.307043881715828,0.5
997 6 0 0 1 0 1 12.610993587525615,-22.163321969763192,0 -20.793185483358275,24.410928647936743,0.5
2806 21 18 1 1 1 1 19.749564531469915,-8.497334924392801,0 -9.645136166531818,4.149861242145321,0 -14.622462059806354,12.823166664655176,0.5 14.772238638195379,0.17597049811705467,0.5
350 21 19 1 1 1 1 15.977613747763977,14.386308036715452,0 -7.80302066751264,-7.025871366768012,0 -18.506107734962335,-8.58917787113337,0.5 5.274526680314279,12.823001532350094,0.5
372 18 0 1 1 0 1 13.163410028371779,12.99902444127871,0 -9.605731642325352,-9.485774592284464,0 18.197474013299395,26.40268811191946,0.5
225 12 25 1 1 1 0 11.137581552354598,5.674881246744334,0 -17.374627221673173,-8.852814744921162,0 -25.444609365240662,-6.2307185982282345,0.5
1567 16 31 1 1 1 0 -16.33781599351227,-2.30776267456917,0 15.3476453272388,2.1678982700498266,0 32.0295624147304,-1.5352952552815005,0.5
2136 6 6 1 1 1 1 -1.537243480654213,-6.31560626394538,0 6.0307244241049895,24.776609189324184,0 7.367033878142257,4.89661228180303,0.5 -0.20093402661694615,-26.195603171466534,0.5
308 25 26 1 1 1 0 20.375914269173602,15.332061756179028,0 -5.193860499985428,-3.908172604516223,0 -24.782513673340183,-11.138986310733436,0.5
2975 16 30 1 1 1 0 16.47738732345047,-0.8635432780085674,0 -15.478757788695896,0.8112073217656239,0 -30.144185072556844,7.588023873937219,0.5
2657 1 9 0 1 1 1 -22.962674613521774,20.074002455751636,0 -3.203324396522854,10.76980560691053,0.5 20.888662083237698,-10.291442871255121,0.5
2032 26 29 1 0 1 0 -11.683302529574455,-23.78550907595713,0 18.391338833139216,23.83293217219957,0.5
2326 28 7 1 0 0 1 4.517327806484634,-28.13971836193036,0 9.807468120366867,-23.239267825557405,0.5
1379 1 1 0 1 0 1 29.525835559781495,-7.646897050225175,0 -31.030143176219234,1.838535956497668,0.5
2462 11 31 1 1 1 0 4.940005272015422,-10.384909624665005,0 -8.806096354462273,18.51223020048979,0 -8.113105071347459,31.02301607035132,0.5
394 29 5 1 0 0 1 20.013276782986576,21.67299592598057,0 13.569961328585114,23.539459414793374,0.5
467 28 6 1 0 1 1 15.920498710305898,23.638691182363466,0 -8.607557498637513,-2.0395965060886723,0.5 9.268090176091917,24.502091839021187,0.5
1085 24 22 1 0 1 1 -15.813713349236792,18.713002701548728,0 9.94002180198104,-21.05815677062315,0.5 -10.714624205185384,3.383316145685394,0.5
253 31 24 1 0 1 0 27.180302221851186,15.92109202061314,0 -24.17282401774708,-7.205871148378248,0.5
829 18 3 1 1 0 1 -3.047011368017909,18.24734834772356,0 2.2234947820671227,-13.315632578068543,0 -10.6121034635055,27.122559983892646,0.5
818 0 31 0 1 1 0 4.4710440024708475,-31.181080249535448,0 -1.4682093783930465,-32.032707678577516,0.5
83 4 22 0 1 1 1 -27.085540413478466,-4.756416772090598,0 -23.19866036130215,2.017958731230267,0.5 8.319059392563702,7.552698247844781,0.5
1647 1 2 0 1 0 1 29.065869916275172,9.242575723799614,0 -26.294678956961306,-14.657416503270152,0.5
398 27 6 1 0 0 1 18.486534130886692,20.359225324838896,0 12.700046123220993,22.91198002068044,0.5
2822 26 29 1 0 1 0 24.679723506479334,-9.652007441135305,0 -25.288294294125603,16.332549454806323,0.5
2218 9 21 1 1 1 1 -0.6362195697753609,-9.478672093655042,0 1.5068358231521706,22.449486537604045,0 7.4263950854842635,21.04990869420329,0.5 5.283339692556732,-10.8782499370558,0.5
1303 27 24 1 0 1 1 -25.192282772852263,11.027188612364032,0 20.038101682207138,-15.320720641455722,0.5 -9.276554635293678,-2.4890829834321213,0.5
2217 24 28 1 0 1 0 -1.6919706300029498,-24.441506405850017,0 7.953885771027926,28.01759627700848,0.5
179 18 31 1 1 1 0 17.21509072061423,6.774263906951203,0 -12.562363498826603,-4.943381769937364,0 -31.50924006167868,-5.951284797042028,0.5
1999 29 3 1 0 0 1 -14.803474691768718,-25.516801074001478,0 -9.111804144793204,-27.66270097490354,0.5
2989 25 0 1 1 1 1 25.493233040562586,-0.5874258587839739,0 -6.498275088770855,0.14973600321944433,0 -0.36164946539519405,6.009925928343823,0.5 31.629858663938247,5.272764066340405,0.5
2679 6 20 1 1 1 1 5.085540268747822,-4.048120573172731,0 -19.950965669702995,15.88108840244687,0 -12.302284933891379,17.461494363465835,0.5 12.734221004559437,-2.4677146121537668,0.5
2557 12 25 1 1 1 1 7.494780855570577,-10.003912231071041,0 -11.691858134690099,15.606103080470824,0 -10.487475074449877,24.0054757620588,0.5 8.6991639158108,-1.6045395494830643,0.5
840 31 27 1 0 1 0 -5.902511409450332,30.94204839795369,0 -0.7407373532646986,-28.137187282553285,0.5
2127 18 18 1 1 1 1 -4.713258425142573,-17.889527523605047,0 3.4394047967256616,13.054520084792873,0 10.515267351717183,16.360903169504752,0.5 2.362604129848948,-14.583144438893168,0.5
1416 20 24 1 1 1 1 -20.18356885784871,3.5879727089931643,0 11.322489847085862,-2.0127651782156777,0 23.071687842113874,-10.195450952069502,0.5 -8.434370862820698,-4.59471306486066,0.5
453 31 7 1 0 0 1 18.354750109560147,25.599866179642458,0 9.39975176528155,23.40714990662226,0.5
1099 3 28 0 1 1 0 19.02582197983353,-21.21952162494912,0 14.558554269317927,-25.224957831229865,0.5
1767 6 9 1 1 1 1 -5.5099065845530415,-3.44832269799377,0 21.615787370169624,13.528035199821712,0 11.236007498648695,-0.04621136559652861,0.5 -15.889686456073973,-17.022569263412013,0.5
2904 27 30 1 1 1 0 26.94601394056679,-5.492024464146198,0 -4.409347735729111,0.8986949123148323,0 -28.687319214633085,11.9702847199949,0.5
2066 16 22 1 1 1 1 -6.202363541889684,-15.28988837415884,0 5.826462721169098,14.363228472694667,0 14.01772787499824,18.59444285862035,0.5 1.9889016119394567,-11.058673988233156,0.5
2354 13 24 1 1 1 1 2.9173339236978224,-13.181015240778757,0 -3.997827969511831,18.06287273736348,0 0.5638081714130294,25.217694588241965,0.5 7.478970064622683,-6.0261933899002775,0.5
555 29 19 1 0 1 1 11.715862773726027,27.073761457677442,0 -13.250911621482107,-15.513327857028948,0.5 -0.5421791211691298,13.854820164858447,0.5
1295 26 12 1 0 1 1 -24.094756889747316,11.031440994900633,0 8.86776660952595,-10.658926557537427,0.5 -20.227788879980242,2.6620587947954135,0.5
1281 18 29 1 1 1 0 -16.587859180526863,8.191027274219678,0 12.104653996600684,-5.977236119025171,0 23.79436119893105,-18.44121403635901,0.5
789 28 30 1 0 1 0 -2.325332429692489,28.404978948969852,0 -3.4914819153753753,-30.887854474446858,0.5
1107 5 27 0 1 1 0 18.01876453614411,-19.431266674897838,0 14.299185837531168,-24.244242293454914,0.5
203 28 8 1 0 0 1 25.962697444356902,11.755353734055964,0 18.9330269311597,15.158842014612512,0.5
1339 31 29 1 0 1 0 -29.726093968148632,10.421580369444811,0 25.853659995038594,-15.422005863730593,0.5
1427 15 0 1 1 0 1 -15.319191645557943,2.360586225213508,0 16.307526590432648,-2.5128821107111534,0 -32.04632607653911,-1.132689276072397,0.5
515 10 30 1 1 1 0 4.9617830311250675,9.253686246682419,0 -10.159841444684663,-18.948024219397333,0 -19.7006190408961,-24.044450698767935,0.5
1349 1 0 0 1 0 1 28.987420429269037,-9.485750199999789,0 -31.803876876130275,4.094315040143578,0.5
2859 30 29 1 0 1 0 29.179717572544323,-8.876603088262305,0 -26.476788520015862,14.325839230787015,0.5
2762 31 10 1 0 1 1 27.666983969183715,-15.059481998028062,0 -6.35385522819875,10.289729041091967,0.5 21.752287216686295,-5.0087923537301915,0.5
2241 17 24 1 1 1 1 -0.3298476950196413,-17.496891166664156,0 0.2733023758734171,14.49742410952173,0 6.460720887312352,24.382556995037373,0.5 5.857570816419293,-7.611758281148516,0.5
1905 0 4 0 1 0 1 20.831323757695035,23.628498693359475,0 -13.685409878617673,-24.595925606779545,0.5
2639 2 17 0 1 1 1 -21.46223286793258,20.239134376811535,0 -8.615398946710203,16.371466061077875,0.5 14.66566721511497,-5.582849195124467,0.5
2572 25 22 1 0 1 1 15.922838745573394,-19.91766066290082,0 -9.363055207764567,21.320956760341524,0.5 10.618546355307927,-3.6737546597693105,0.5
931 24 1 1 1 0 1 -9.066741048208861,22.760584499628397,0 2.775532973941488,-6.967525867233183,0 -16.861188121148597,26.114178814261756,0.5
501 29 8 1 0 0 1 14.69646060751498,25.578585684352454,0 6.504925768491095,23.365272109402458,0.5
2952 31 7 1 0 0 1 31.340957034910957,-3.1613940178132753,0 24.978470205149147,3.510844088033031,0.5
1743 30 2 1 0 0 1 -26.634504871702568,-14.86112883462263,0 -22.837741662540658,-19.613453437756817,0.5
1402 17 9 1 1 1 1 -17.13267351919427,3.5667209148879864,0 14.195643773046681,-2.955283043764332,0 8.077718453886725,-7.810279417520086,0.5 -23.250598838354232,-1.2882754588677674,0.5
273 4 22 0 1 1 1 -23.12597601319965,-14.880834433489085,0 -22.16798061447006,-7.1295606790656905,0.5 4.742246019071352,10.186319388994335,0.5
618 31 18 1 0 1 1 8.597985968795749,30.303871654961704,0 -10.821776836587034,-16.159800311238634,0.5 -2.0873149000326223,14.62508517951611,0.5
2040 14 4 1 1 0 1 -6.173799727693546,-13.119992260757288,0 7.451137602388763,15.834473418155346,0 -6.2799682032433655,-27.437419692205978,0.5
1164 2 10 0 1 1 1 22.492054074837714,-19.088150866298605,0 4.12331059620354,-11.368742662547852,0.5 -20.274849756162798,9.337048107674363,0.5
2494 15 11 1 1 1 1 7.580709191238322,-13.519720713013077,0 -8.069787203576277,14.391960759013921,0 -0.3909568658814342,12.96522860303744,0.5 15.259539528933164,-14.946452868989557,0.5
1378 8 11 1 1 1 1 -8.224030135023854,2.148331524281001,0 22.737024490948304,-5.939504802423944,0 9.610159694951566,-8.711763922279369,0.5 -21.35089493102059,-0.6239275955744237,0.5
2170 1 30 0 1 1 0 5.0864467748411055,30.072879130650403,0 11.002422997264135,29.072266650353793,0.5
1711 23 11 1 1 1 1 -21.242432985876633,-10.050325409684026,0 7.683433207657505,3.6352240843537964,0 12.961273693433423,-0.505355561867809,0.5 -15.964592500100714,-14.190905055905631,0.5
420 14 21 1 1 1 1 9.242647851355999,11.172442020248944,0 -11.15491982060207,-13.483981748576312,0 -18.327695236251564,-12.74149078118733,0.5 2.069872435706505,11.914932987637926,0.5
1258 26 27 1 0 1 0 -23.16844737615979,12.863632697574763,0 21.13020779845078,-18.59473899774584,0.5
1338 0 20 0 1 1 1 29.70420188062523,-10.483815652474075,0 17.334388718665803,-12.48074387807841,0.5 -12.84130842990586,-1.830518453342843,0.5
1241 20 28 1 1 1 0 -17.557170399799663,10.582805278015778,0 9.849144370619323,-5.936695643764948,0 21.31134266957052,-19.85136452791452,0.5
620 9 5 0 1 0 1 -6.050695963843478,-21.67115775294731,0 1.3473998455185923,27.137326943829535,0.5
2591 16 0 1 1 0 1 10.807576171538559,-12.467810445158042,0 -10.152571555081677,11.712185569693917,0 25.166394671176533,-19.872155878378603,0.5
2049 22 29 1 1 1 0 -9.194604181567849,-20.535560716578814,0 3.882166209995314,8.670570080333277,0 17.531297229143306,24.472507379985238,0.5
981 28 31 1 0 1 0 -13.256805725207563,25.229092372974975,0 9.340871091445207,-30.675692775437092,0.5
289 25 30 1 0 1 0 20.9697390279845,14.50930891180637,0 -28.495407600955506,-12.420215201654402,0.5
868 6 0 0 1 0 1 6.238078403384133,-24.725217447643054,0 -13.523559780096413,29.075132516880448,0.5
1293 0 27 0 1 1 0 28.58575937304518,-13.232700444971904,0 22.435307304409875,-16.997264078571376,0.5
1170 29 8 1 0 1 1 -22.73014066188578,18.80400769758635,0 2.7248186251020687,-10.041183369518599,0.5 -21.931605143723182,10.356384302439476,0.5
2584 2 7 0 1 1 1 -18.99376918626498,22.57181277830584,0 -0.2380471941407558,9.60173596457233,0.5 20.36536344858736,-14.88294230342045,0.5
546 7 31 1 1 1 0 3.107816857449632,6.825794780137468,0 -10.152201734335463,-22.297596281782393,0 -18.51346662539843,-26.18208459061766,0.5
255 29 21 1 0 1 1 25.391889796616336,15.016721764635953,0 -21.560202075087016,-5.779938276609321,0.5 5.98354278903918,10.50938702740256,0.5
2406 17 30 1 1 1 0 5.616513171626165,-16.574220337408025,0 -4.653682342204537,13.732925422423794,0 -4.106190269151423,30.81215996118296,0.5
923 4 0 0 1 0 1 9.74749172331906,-25.71451739978463,0 -16.775748861209387,27.328085372847326,0.5
1359 13 3 1 1 1 1 -12.915612696044212,3.928988252181669,0 17.699172953838364,-5.384169086323028,0 1.6022751794862762,-6.758898893251935,0.5 -29.0125104703963,2.5542584452527617,0.5
1472 13 4 1 1 0 1 -13.476793342250772,0.7912276601998091,0 18.46819828382513,-1.084274941755294,0 -27.80438391652556,-4.377925881334066,0.5
419 31 20 1 0 1 1 20.129645015681106,24.229060888583046,0 -17.715304385808285,-11.933900892757645,0.5 2.7338588047249033,12.679748263898148,0.5
1792 6 31 0 1 1 0 20.87816102655541,14.640778399703438,0 29.235558538616317,13.173158958091207,0.5
1737 27 14 1 0 1 1 -24.1811985302403,-13.096550600868317,0 15.6075157197707,1.6295560920417742,0.5 -12.530606206327107,-13.610066425332267,0.5
1876 30 13 1 0 1 1 -21.521540248167486,-21.61187880186512,0 13.777444792178748,5.332167945448335,0.5 -8.802531861636318,-17.342590141754414,0.5
221 0 29 0 1 1 0 -28.18552447190309,-14.065070573720993,0 -29.07502842423705,-7.803378891852405,0.5
2987 22 3 1 1 0 1 22.491660699472245,-0.6125348804889544,0 -9.496478961999392,0.25862583842866965,0 28.65277952079523,5.221898671239924,0.5
740 1 29 0 1 1 0 -0.63874380644239,-30.493310845982787,0 -6.616485487408106,-29.3678756432078,0.5
2272 19 26 1 1 1 0 0.8981776057966105,-19.47930381169834,0 -0.5757548755106477,12.48673321262714,0 4.773031605978454,26.748236751014648,0.5
1868 27 27 1 0 1 0 -19.728421513987414,-19.158271961908216,0 23.908408123858298,14.853889086129143,0.5
131 1 25 0 1 1 1 -29.35921552729362,-8.263562405035803,0 -26.171848209055806,-1.1332966611361064,0.5 4.631263163842417,7.5366704523440795,0.5
1482 10 27 1 1 1 0 -10.492539462726187,0.3957469180343126,0 21.48472366177267,-0.8103389274035925,0 27.254319401596597,-7.032216859266735,0.5
635 5 0 1 1 0 1 1.3119340166821944,5.341238539502998,0 -6.321136625832392,-25.735058417605355,0 1.6869982342674792,32.02193056262502,0.5
2790 26 23 1 0 1 0 23.977916890349523,-11.283151226474414,0 -18.70875998356103,15.434775666575316,0.5
964 27 1 1 0 0 1 -11.916974381322648,24.78377940498381,0 -18.624378002190674,24.88739729323892,0.5
565 8 2 0 1 0 1 -8.879258490233982,-21.757958743034877,0 5.591079702284817,29.580226972805647,0.5
2959 1 12 0 1 1 1 -30.38762029047306,2.615823595357681,0 -11.93935449373007,7.049951366715062,0.5 19.942738925782646,4.3054807092906096,0.5
275 9 31 1 1 1 0 7.967370395481528,5.174070832642756,0 -18.870087778772042,-12.254378287838106,0 -29.68595710037102,-12.124106195300808,0.5
678 27 12 1 0 1 1 4.131203700820819,27.187922980292637,0 -7.809730332436947,-11.456793274499384,0.5 -3.0025114805727218,20.180062557113867,0.5
1515 18 27 1 1 1 0 -18.490871366766033,-0.5810990429453678,0 13.493338564937376,0.4240452475547279,0 27.674894964526388,-5.13324348754587,0.5
514 22 29 1 1 1 0 10.673899306513407,19.807015767005705,0 -4.5067574849723275,-8.362962212735741,0 -19.276538850852432,-23.12282530167057,0.5
2122 26 3 1 1 0 1 -7.019399162463698,-25.553434904098584,0 1.456856429945296,5.30354309330348,0 -1.7634817624763741,-29.071293952512903,0.5
1214 8 0 0 1 0 1 19.408686107079745,-13.24963786663053,0 -29.398784662672135,12.804743666229074,0.5
1819 28 26 1 0 1 1 -22.372290992746915,-17.65589407919789,0 24.519335992385283,11.706927969903951,0.5 -0.6004293328042349,-8.117233803230523,0.5
1232 31 2 1 0 0 1 -26.666796797743345,16.766989847550615,0 -28.167379194245473,10.62302919734232,0.5
2884 30 29 1 0 1 0 29.60429329455308,-7.337289590174253,0 -27.190259496664602,12.920518120572424,0.5
1428 24 7 1 0 1 1 -24.221967746078892,3.6805269334585495,0 6.513534550809812,-7.0586023868331615,0.5 -25.123321280803435,-2.251383534968934,0.5
2177 4 7 0 1 0 1 4.18813685118527,27.17921098405441,0 2.1987604745559044,-25.12798146241617,0.5
881 28 9 1 0 0 1 -7.721689460443291,27.43402106648748,0 -11.871654009084175,20.03281885029153,0.5
2961 7 31 1 1 1 0 7.474994460255224,-0.6119295867611854,0 -24.41831523683373,1.998969983419872,0 -30.905433063662993,8.550099832601157,0.5
847 30 6 1 0 0 1 -6.15373321103221,29.872756276705356,0 -11.021532280050934,23.765012648845683,0.5
1509 22 19 1 1 1 1 -22.496002928568203,-0.4240898935966848,0 9.498312347617684,0.17906017729637802,0 19.609626509718222,-5.631389539834394,0.5 -12.384688766467663,-6.234539610727457,0.5
1116 28 2 1 1 0 1 -19.769119215664933,20.528807209305352,0 2.4277865703448165,-2.5210815871076746,0 -24.78462667080518,17.087196399316433,0.5
277 21 11 1 1 1 1 17.98220952411913,11.78516612656263,0 -8.782009302476785,-5.755546247856168,0 -12.907274711011432,-1.2854024795700214,0.5 13.856944115584483,16.25530989484878,0.5
672 3 20 0 1 1 1 -4.635159208054186,-28.12054940992424,0 -9.254177551742325,-19.25123886509199,0.5 -4.049788265506046,12.322711349559784,0.5
1500 28 28 1 0 1 1 -28.5,0.0000000000000034902433775699565,0 28.5,-6.0000000000000036,0.5 -3.500000000000001,-6,0.5
2544 22 1 1 1 0 1 12.995385827001014,-18.367633141136643,0 -5.486940682511539,7.75522288181325,0 22.51400295868226,-21.43291092634051,0.5
2324 26 9 1 0 1 1 4.090686116502161,-26.182365956808724,0 4.461610476757805,10.312324275045126,0.5 9.401306919326451,-21.30411763506352,0.5
2745 3 30 0 1 1 0 -24.531147769612396,14.507680348885579,0 -23.19838332911806,20.690215342409985,0.5
1930 8 1 1 1 0 1 -5.279756132365639,-6.661394387269636,0 14.596972836540298,18.41679624715723,0 -14.242846554533433,-27.629537130107973,0.5
266 1 2 0 1 0 1 -25.888008872083393,-16.12640681115702,0 21.86681379867272,20.690395218414174,0.5
2727 29 4 1 0 0 1 24.807865177795986,-15.963076937742843,0 26.372703525960905,-9.835166939700077,0.5
2598 15 26 1 1 1 1 10.323183945230898,-11.562087754074826,0 -10.989195812665148,12.308028899499009,0 -13.17366761446257,23.76351155834634,0.5 8.138712143433477,-0.10660509522749395,0.5
2880 13 10 1 1 1 1 13.075872675236518,-3.357313476725547,0 -17.918788480879673,4.600762912549824,0 -8.677983868861492,8.422742782002768,0.5 22.3166772872547,0.46466639272739574,0.5
2319 22 3 1 1 0 1 3.240242607425667,-22.26546266855965,0 -1.3681024342463926,9.400973126725185,0 10.041764014355085,-27.338854684862042,0.5
2695 31 5 1 0 1 1 25.2887504685201,-18.78108356141691,0 -0.8381468637574319,8.096141663457574,0.5 24.852012342358222,-10.98305433544214,0.5
2425 0 25 0 1 1 1 -11.288590410676962,29.407783434661855,0 -3.5369001544219483,25.956508572950447,0.5 7.930874231027663,-3.918065074960009,0.5
1458 19 0 1 1 0 1 -19.424605378291865,1.7130983327394915,0 12.451670114289657,-1.0981399568842893,0 -31.905315867314393,-3.2094889635106254,0.5
2690 20 2 1 1 0 1 16.328863319496016,-12.394281854678695,0 -9.160094057278252,6.952889820917317,0 27.12522727088803,-13.056494380294899,0.5
1333 9 2 1 1 0 1 -8.924809358683758,3.255422846751374,0 21.137706375829953,-7.710212005463781,0 -29.76993822754517,4.472222929164525,0.5
590 2 15 0 1 1 1 -9.701566078788208,-27.85910292200569,0 -10.763691245872927,-12.664633858249456,0.5 -0.23995855023826174,17.555409989349936,0.5
2398 1 12 1 1 1 1 0.45754577821301634,-1.4285138644197493,0 -9.303430823664666,29.0464485765349,0 1.9011739725705277,13.734465316349976,0.5 11.662150574448209,-16.740497124604673,0.5
1717 5 24 0 1 1 1 23.809926342225854,11.633460687937163,0 24.64694186838326,5.364536935890768,0.5 -4.104667299587582,-8.683415592939014,0.5
834 1 24 0 1 1 1 5.338203298745922,-30.029212203140762,0 -1.6193210622809664,-25.17196454981719,0.5 -7.220058949489803,6.334094155117383,0.5
1864 6 30 0 1 1 0 18.44181076554123,17.611065149160275,0 26.201632127214474,16.72496558651533,0.5
2868 0 4 0 1 0 1 -30.3038716549617,8.597985968795768,0 28.093472581721315,-1.7340121972099505,0.5
1497 6 1 0 1 0 1 25.499496651831496,-0.16022017112175774,0 -30.53709681990554,-5.80824567418727,0.5
1344 14 14 1 1 1 1 -13.732925422423792,4.653682342204541,0 16.574220337408025,-5.61651317162617,0 11.807263763580533,-10.336272172173008,0.5 -18.499881996251283,-0.06607665834229604,0.5
1405 5 29 0 1 1 0 25.977186127475626,-5.237919520046848,0 27.732055609066034,-11.712518588914557,0.5
930 26 10 1 0 1 1 -9.755300646143967,24.639076876038665,0 -1.7133511121403902,-11.971400417934708,0.5 -13.493336798050086,17.78144713048934,0.5
601 23 11 1 0 1 1 7.215074104330059,22.364988389646566,0 -9.240990746284046,-9.102422206593838,0.5 0.5837910128036938,21.352030068669574,0.5
979 11 14 1 1 1 1 -5.3065480390707,10.202477537786343,0 9.459498678343422,-18.18702517605392,0 1.367833159983225,-15.632627176724018,0.5 -13.398213557430898,12.756875537116244,0.5
1315 11 28 1 1 1 0 -10.64751172531494,4.345169048412372,0 18.980346988604893,-7.745736129778575,0 24.120266946174045,-16.32368593318628,0.5
1941 9 5 1 1 0 1 -5.727830646045733,-7.5790471756164255,0 13.565914688003053,17.95037488961785,0 -11.190866217527724,-24.75912989790628,0.5
1144 5 19 0 1 1 1 19.468962441982548,-17.97802829658116,0 10.25572067317633,-17.637182129631242,0.5 -13.253969822802596,4.072135058693179,0.5
1068 0 25 0 1 1 1 19.46257781234553,-24.768085612303498,0 11.037689540983807,-23.757512698025792,0.5 -8.733818077906887,1.4037171303460187,0.5
1652 27 27 1 1 1 0 -26.118228651131844,-8.607446318577638,0 4.273891961094302,1.40849121576725,0 27.99621693882151,2.908923703785236,0.5
2036 13 26 1 1 1 0 -5.850151059922035,-12.166582616992049,0 8.016873674707973,16.672724326989105,0 16.89099991036194,21.282483925241266,0.5
2597 27 21 1 0 1 1 18.27232309011509,-20.551696010072913,0 -9.801628013710436,20.054378282082112,0.5 11.460711582059853,-3.8603225296390917,0.5
1565 28 8 1 1 1 1 -28.236313453436146,-3.8678938143776582,0 3.467617441650053,0.4750045035200633,0 9.235650078613094,-4.79090467713708,0.5 -22.468280816473104,-9.1338029950348,0.5
703 30 30 1 1 1 0 2.9974691094532835,30.352350468091814,0 -0.14741651357966967,-1.4927385476110728,0 -8.968423299897575,-29.762684413773137,0.5
2195 0 8 0 1 0 1 3.6205202405253023,31.291242116412487,0 3.2592135570200105,-24.033882894566517,0.5
1455 30 23 1 0 1 0 -30.36463992039394,2.870303556214688,0 22.831056288261294,-8.184917150603567,0.5
1209 1 2 0 1 0 1 25.0085393344263,-17.45917983063502,0 -27.62317997866839,11.967035049087713,0.5
1150 8 4 1 1 0 1 -6.316731016557852,5.687610154050293,0 17.463903398718767,-15.724569249433163,0 -24.451266338781494,13.94222272200423,0.5
2277 24 31 1 0 1 0 1.3847040948095972,-24.46083797766989,0 4.210075464470082,31.78876003532486,0.5
2905 4 1 0 1 0 1 -26.95745730209735,5.435576860425977,0 31.08421486823727,-0.1469218338330256,0.5
713 0 26 0 1 1 1 -2.438575130502373,-31.405466902004424,0 -8.033493408582203,-25.955981654606443,0.5 -5.556210736325824,5.94798472203297,0.5
79 7 6 1 1 1 1 7.397573654482523,1.2352748789261803,0 -24.165407271309576,-4.035231271158856,0 -7.399450403692464,4.847487361849995,0.5 24.163530522099634,10.117993511935031,0.5
2391 19 11 1 1 1 1 5.675205253151303,-18.655885005397195,0 -3.6379520853533993,11.95890064448538,0 2.3933563908278552,12.748405593896182,0.5 11.706513729332556,-17.86638005598639,0.5
2746 2 4 0 1 0 1 -25.423285031515274,14.963508218540577,0 26.7430978873869,-8.77819545155167,0.5
2099 4 31 0 1 1 0 8.552725590163746,26.136198747701588,0 15.499201766413364,28.071778436786097,0.5
2407 29 21 1 0 1 1 9.52633182376939,-27.919509343529633,0 -1.264375530503866,22.28567599418656,0.5 9.069272549517166,-7.99989346320152,0.5
1804 31 25 1 0 1 1 -25.32802998477574,-18.72807777350097,0 24.07089623024721,10.336438200495882,0.5 -1.6591659765090947,-8.688910648774943,0.5
389 24 31 1 0 1 0 16.808772618029913,17.824566280147405,0 -25.976478985666397,-18.800865392508722,0.5
1199 30 8 1 0 1 1 -24.637417073648084,17.979090075393522,0 3.3292952352015606,-9.857271084679784,0.5 -22.519798087970198,9.006036535405222,0.5
860 0 11 0 1 1 1 7.193052408485657,-30.66773544050455,0 -3.2154384109664207,-12.566262603705278,0.5 -10.522666254507406,18.588262288235853,0.5
2409 22 0 1 0 0 1 7.354980667236214,-21.263919191545607,0 15.967351385209529,-27.80815869023419,0.5
1354 21 9 1 1 1 1 -20.50265642020098,6.472331860712292,0 10.012925228470248,-3.160906257557166,0 7.2530811547737475,-8.581539125487101,0.5 -23.262500493897484,1.0516989927823577,0.5
1935 26 6 1 0 1 1 -16.242036921803876,-20.939107827955795,0 8.724825922998491,1.4585652585241293,0.5 -10.888199793896758,-23.826395137497965,0.5
2488 4 4 1 1 0 1 2.1513545711468645,-3.9524262813119604,0 -13.147166823675281,24.15371616357309,0 18.41706853209123,-21.28524340204394,0.5
1498 12 5 1 1 1 1 -12.499890337889221,0.05235972444254678,0 19.499828927107185,-0.08168117013037297,0 5.474819080938834,-6.022985640941546,0.5 -26.524900184057568,-5.888944746368627,0.5
358 29 1 1 0 0 1 21.58897461685819,20.10388457469483,0 18.231878588678164,25.176350075570898,0.5
1031 13 8 1 1 1 1 -7.4943198055644435,11.228765321794045,0 10.26999380762535,-15.387567292828878,0 -0.2719165617382595,-10.4007721532323,0.5 -18.03623017492805,16.215560461390623,0.5
1975 1 24 0 1 1 0 16.611490567958324,25.579452322335438,0 18.375679765540706,17.27959470457273,0.5
629 0 19 0 1 1 1 -7.897614986298137,-30.493895742069412,0 -10.697360847150163,-17.37286593817666,0.5 -2.6743868928155483,13.605059895036714,0.5
2895 11 0 1 1 0 1 11.223042762295593,-2.5086472760602483,0 -20.00629361974432,4.471936448629138,0 32.050237449449796,-1.0160115323586316,0.5
1268 21 1 1 1 0 1 -19.011485948085554,10.040587734079391,0 9.284679183948759,-4.903542846875982,0 -29.771806875399335,8.938093497716656,0.5
2030 17 31 1 1 1 0 -7.78111563573623,-15.674955804189725,0 6.447210098181447,12.987820523471488,0 19.38027870576169,25.54710937243194,0.5
1053 31 2 1 0 0 1 -18.674989835073365,25.367198399900342,0 -22.32112350901798,20.199441707511745,0.5
1265 19 23 1 1 1 0 -17.185417315267348,9.214739914946556,0 11.016293150812402,-5.906884560863176,0 17.875326534312993,-16.392763686812724,0.5
1510 5 2 0 1 0 1 26.494188112083407,0.5549741269089452,0 -29.367875643207803,-6.616485487408087,0.5
214 8 20 1 1 1 1 7.660440906994997,3.6834284451360904,0 -21.178866036986168,-10.183596289493897,0 -21.075248148731056,-3.4761926686258686,0.5 7.764058795250108,10.39083206600412,0.5
2239 0 3 0 1 0 1 0.7256437079096129,31.491640814812605,0 5.341872990903227,-28.630654776813238,0.5
610 21 2 1 1 0 1 6.214183634306139,20.582369196939446,0 -3.034833867916952,-10.051854724086706,0 2.782521024669509,29.975115958862812,0.5
380 20 24 1 1 1 1 14.343098480523992,14.64668993247247,0 -8.046128415903702,-8.216435815777238,0 -21.428587920374273,-13.306600607923489,0.5 0.9606389760534197,9.556525140326219,0.5
2463 0 19 0 1 1 1 -13.590865438950194,28.417219720098398,0 -3.0005891345694735,20.18034848176571,0.5 10.8060043272212,-8.687938218016786,0.5
949 10 22 1 1 1 1 -4.250635486328095,9.601150866555964,0 8.70368218629086,-19.659499393424117,0 3.622132689813939,-23.002829277664546,0.5 -9.332184982805018,6.257820982315532,0.5
2781 13 0 1 1 0 1 12.104653996600684,-5.977236119025172,0 -16.587859180526863,8.19102727421968,0 30.90074204496834,-8.567038057013988,0.5
2665 10 30 1 1 1 0 8.019858300663742,-6.777305721101482,0 -16.421614615644806,13.877340286064939,0 -19.423032747012883,24.26923564738835,0.5
2094 0 26 0 1 1 1 10.109723708927108,29.833596607334442,0 14.187595489859524,23.172443423517464,0.5 3.917399976028812,-7.134702336314351,0.5
2819 29 15 1 0 1 1 27.405601744450514,-10.917096364169868,0 -12.179127079795382,11.31012217326563,0.5 17.548983287066193,-0.5321518488847365,0.5
1341 27 12 1 0 1 1 -25.98923456744463,8.989420815510925,0 9.851960261817903,-9.756478821765612,0.5 -20.390058143935846,0.7039381271925551,0.5
1251 12 0 1 1 0 1 -10.838383764556125,6.227313816743636,0 16.907878672707554,-9.714609554120072,0 -30.30183771871838,10.490406611207023,0.5
2861 11 24 1 1 1 1 11.016111558686715,-3.30080083109674,0 -19.63741625678936,5.884036264128971,0 -21.74695027836905,12.779677366433951,0.5 8.906577537107026,3.594840271208238,0.5
220 4 1 0 1 0 1 -24.632073406583856,-12.227467427585506,0 24.65139761219253,18.935643526576765,0.5
1566 31 30 1 0 1 0 -31.199534909444512,-4.340394156566104,0 31.03581522785569,-1.7401646882984414,0.5
2901 1 24 0 1 1 1 -29.846717581926896,6.2788095674814,0 -22.740056503354772,10.91511934081494,0.5 8.57453243506033,4.327515860178718,0.5
2139 15 24 1 1 1 1 -3.571036113487166,-15.08302692022296,0 3.8014255401637578,16.056125431205086,0 11.483132019469249,22.45857695900255,0.5 4.110670365818324,-8.680575392425496,0.5
699 8 8 0 1 0 1 -2.50536212546861,-23.366068574329475,0 -3.4604426169133835,24.005735499981036,0.5
2106 1 25 0 1 1 1 9.059768238099567,29.12336861477261,0 13.30374759869425,22.566796401577186,0.5 3.79841698822913,-7.988869030315389,0.5
1108 18 1 1 1 0 1 -12.607520834978114,13.538848488538187,0 9.200082771470516,-9.879700248392732,0 -25.176350075570898,18.231878588678164,0.5
2535 9 31 1 1 1 0 5.339792089595241,-7.857265455608338,0 -12.646876001672938,18.60931292117764,0 -12.74314295669474,29.425538356761482,0.5
543 15 15 1 1 1 1 6.511328790383,14.066008580387312,0 -6.9314145187948055,-14.973493004928429,0 -11.9562353376297,-11.545494209916473,0.5 1.4865079715481047,17.494007375399267,0.5
2748 27 6 1 0 0 1 23.757893972802968,-13.849638044983427,0 25.05178634823186,-7.658851138554895,0.5
2332 0 28 0 1 1 0 -5.383268166883207,31.03659813580448,0 1.0411570177350935,29.1061160594199,0.5
1394 31 3 1 0 0 1 -30.726918926933454,6.935881577540001,0 -29.121665996280743,0.4225749650250581,0.5
2949 0 20 0 1 1 1 -31.320474897505463,3.358251359670709,0 -19.74349927748691,8.151333405024836,0.5 12.07412601521705,4.739776468216496,0.5
1141 7 30 0 1 1 0 17.894818121982244,-16.733962004892202,0 18.179109415963477,-25.214479586983902,0.5
2887 0 4 0 1 0 1 -30.621935101828416,7.385600220659708,0 28.140216400769514,-0.6149966811800462,0.5
1763 10 30 1 1 1 0 -8.946971646106,-5.495607187907019,0 18.31998956107419,11.252909956190564,0 29.129169365111917,10.850875176621724,0.5
327 0 20 0 1 1 1 -24.396846396260116,-19.92596010026342,0 -19.67273370555279,-8.320669958026647,0.5 5.111364220806692,11.921575223193333,0.5
2984 3 29 0 1 1 0 -28.483999578776732,0.9548654335805357,0 -29.282413858681767,6.985000974150393,0.5
549 27 0 1 0 0 1 11.2378495552496,25.099018653596325,0 7.39629632977398,31.201679451628433,0.5
136 2 28 0 1 1 0 -28.311364239002465,-8.289550948424907,0 -29.037667339054906,-2.2503056473252547,0.5
1072 27 27 1 0 1 0 -17.17168884326543,21.479830126657742,0 12.485180451994648,-25.226380419733836,0.5
24 19 30 1 1 1 0 19.47537065381734,0.9797642045055064,0 -12.484211957575218,-0.6280539772471194,0 -30.762943085562153,4.459970035153133,0.5
1267 29 18 1 0 1 1 -26.05661635399628,13.831223524354362,0 13.527459708569662,-13.973468926255368,0.5 -14.737344472036472,1.029892184908685,0.5
1845 31 1 1 0 0 1 -23.628498693359482,-20.831323757695028,0 -18.910516431787112,-24.670678310154138,0.5
2482 6 29 1 1 1 0 3.035526524256558,-5.747658542444471,0 -11.908604056698804,22.54850658958985,0 -8.47108941706179,28.887551715023267,0.5
2333 31 14 1 0 1 1 5.448259211667403,-31.025255382711702,0 3.4016436103839003,15.319230422835686,0.5 8.936383126998404,-16.19848933103017,0.5
1622 8 8 0 1 0 1 22.737024490948304,5.9395048024239285,0 -21.220555179691132,-11.744702544793707,0.5
1614 5 23 1 1 1 1 -5.343974531030706,-1.3007444836304862,0 25.748240922238857,6.267223421128707,0 24.252339705637187,-0.272063967430511,0.5 -6.83987574763238,-7.840031872189704,0.5
2927 29 3 1 0 0 1 29.155880873803824,-4.492728622180564,0 29.081321241914992,1.5895769325653184,0.5
621 13 7 1 1 1 1 3.6031768558250716,13.010269656915131,0 -4.93768680242695,-17.82888804836518,0 -7.784106989642876,-5.626515651252819,0.5 0.756756668609146,25.21264205402749,0.5
773 0 16 0 1 1 1 1.51680248119367,-31.463459921519195,0 -5.198524399664115,-16.76977471721361,0.5 -6.739403110718002,15.193105203059858,0.5
1459 21 7 1 1 0 1 -21.420781516235106,1.8439412229570513,0 10.461311903277611,-0.9005294344673971,0 -24.924316022581507,-3.8766571690680416,0.5
2830 10 4 1 1 0 1 9.84146088966486,-3.660006496879063,0 -20.151562774075668,7.494299017419033,0 27.866686994957906,-3.9620393643985787,0.5
1231 27 30 1 0 1 0 -23.249828411673196,14.686574782016185,0 22.58182974050674,-21.361436411692104,0.5
2401 8 22 1 1 1 1 2.6435697278687913,-8.078461431107765,0 -7.3086927770490115,22.334569838944997,0 -1.295241210635437,23.250211831427936,0.5 8.657021294282366,-7.162819438624825,0.5
688 5 31 0 1 1 0 -3.431428878560944,-26.276896617587436,0 -10.028354316233749,-30.45787434651466,0.5
929 22 24 1 1 1 0 -8.238969616562267,20.93727249804434,0 3.4786760603262907,-8.8401817213965,0 3.3880498052226455,-24.995421951175995,0.5
599 6 8 1 1 1 1 2.0215533213114316,6.177646976729466,0 -7.930709183606385,-24.235384293323293,0 -8.346013091003687,-6.212412211435673,0.5 1.6062494139141297,24.200619058617086,0.5
710 12 5 1 1 0 1 1.045973041653946,12.456160740618804,0 -1.6317179449801553,-19.431610755365334,0 -3.7614943071906612,26.90912783010576,0.5
1247 15 15 1 1 1 1 -13.374434426625188,7.834188137127101,0 14.237301163826812,-8.339619629844979,0 10.341845470317923,-13.01138856033685,0.5 -17.26989012013408,3.162419206635229,0.5
135 17 19 1 1 1 1 16.805139499346502,4.882344355686512,0 -13.924258442315674,-4.045371037568825,0 -20.399673506935763,0.321435546296688,0.5 10.329724434726412,9.249150939552024,0.5
2827 2 9 1 1 1 1 2.3376833999804205,-0.8861356112108238,0 -27.584664119768963,10.456400212287722,0 -6.756471453019621,8.97775548255414,0.5 23.165876066729762,-2.3647803409444057,0.5
1040 29 19 1 0 1 1 -16.836050246690732,24.223901669444274,0 6.202019315044191,-19.436690984213822,0.5 -12.06081485085762,6.840083708064712,0.5
564 28 24 1 1 1 0 10.823704222371331,26.364700394782055,0 -1.3292268343263038,-3.237770223920603,0 -14.855051081290874,-20.385716994313416,0.5
2704 5 31 1 1 1 0 4.476520208548397,-3.195429051388532,0 -21.568688277551367,15.3961581566902,0 -22.152329501989694,23.184570249096208,0.5
382 13 27 1 1 1 0 9.40496987220949,9.684861470502911,0 -12.888292047101894,-13.271847200318804,0 -23.462654837687293,-15.548434904116526,0.5
2677 9 31 1 1 1 0 7.407864656125366,-5.947565992616528,0 -17.544942606612707,14.086340508828618,0 -20.806562180236824,24.399528074123452,0.5
603 10 3 1 1 1 1 3.1818703311441268,10.006283085930798,0 -6.515258297104641,-20.489055842620207,0 -6.778499492818022,-1.517216077513622,0.5 2.918629135430746,28.978122851037384,0.5
481 31 12 1 0 1 1 16.82280384121854,26.6316216351893,0 -11.74840564528151,-7.363760234684285,0.5 5.341426828337324,19.690585553444528,0.5
1167 9 26 1 1 1 0 -7.281683564688822,6.101400205177553,0 17.24609265321037,-14.450684696473152,0 16.45854876138826,-21.618653350035586,0.5
1561 3 22 0 1 1 1 28.267725804999852,3.6312088639109596,0 23.081090659507456,-3.0843563295439482,0.5 -8.65811024435203,-7.16150312411064,0.5
738 13 7 1 1 1 1 0.3392562884850567,13.49573655532455,0 -0.46490676570174433,-18.49415750174105,0 -6.186580851524831,-7.346850846964724,0.5 -5.3824177973380305,24.643043210100874,0.5
1309 19 8 1 1 0 1 -17.960465631499748,7.594186875480243,0 11.513118994551121,-4.868068509923233,0 -23.981336594519256,3.6256716812711387,0.5
906 0 4 0 1 0 1 10.109723708927094,-29.833596607334446,0 -14.508539099666722,24.119541728512214,0.5
359 7 28 0 1 1 0 -17.894818121982244,-16.733962004892202,0 -24.914534224728456,-15.08363299622589,0.5
1592 12 0 1 1 0 1 -12.268671680417913,-2.3936781734626553,0 19.139127821451943,3.7341379506017427,0 -29.768087111391065,-11.92103140372649,0.5
1994 1 25 0 1 1 0 15.58071247190874,26.220057186583468,0 18.184541349284384,18.85662896480085,0.5
876 1 26 0 1 1 0 7.955665941841848,-29.444139984414857,0 1.120010083682618,-27.147662466821142,0.5
788 24 28 1 1 1 0 -1.9478240367376611,24.422448311377526,0 0.5962726643074473,-7.476259687156386,0 -3.7151716253568092,-28.886804942640225,0.5
2291 10 31 1 1 1 0 0.900529434467394,-10.461311903277611,0 -1.8439412229570447,21.42078151623511,0 3.276304212756453,31.898523958099915,0.5
320 27 3 1 0 0 1 21.551570076460592,17.081563957653536,0 18.60837685211657,22.404872481886883,0.5
2508 5 30 0 1 1 0 -13.63264764520992,22.724456389131788,0 -10.545245843174031,29.241200216595438,0.5
16 0 5 0 1 0 1 -31.482315323911124,-1.0553775844837519,0 26.284098113547376,6.88448882324718,0.5
122 0 24 0 1 1 0 -30.477288147441342,-7.961463884100174,0 -25.221026759267108,-0.38705194526368825,0.5
2558 5 28 0 1 1 0 -15.933319079950746,21.17496973070983,0 -12.341500958276878,26.380624596412627,0.5
2560 21 0 1 1 0 1 12.998880969541064,-17.125393237520218,0 -6.348290706054938,8.36356413925406,0 23.82405162630999,-21.463097728587925,0.5
2985 1 10 0 1 1 1 -30.484950091154815,0.958028151882915,0 -10.306354329371413,6.326852332514737,0.5 21.677855602332,5.321708042014629,0.5
1440 23 22 1 1 1 0 -23.314695480890226,2.9453309887611567,0 8.432974961173061,-1.0653324852965886,0 21.57058137818992,-8.772685963083719,0.5
2027 24 14 1 1 1 1 -11.031230066005502,-21.87605913392209,0 3.376907163062909,6.6967527960985995,0 11.886089418800504,10.245529675340297,0.5 -2.5220478102679085,-18.327282254680394,0.5
2119 23 30 1 1 1 0 -6.367007098962014,-22.621034914472133,0 2.3029600145181752,8.18207645842609,0 14.03914578745422,27.733596693516084,0.5
72 24 8 1 0 1 1 24.221967746078896,3.680526933458548,0 -9.304893364996811,4.654992960901049,0.5 22.33196246661644,9.462211812765275,0.5
797 0 10 0 1 1 1 3.095746785173059,-31.34750949983253,0 -4.939038595386605,-11.038835887596187,0.5 -8.083924218419554,20.8062531281067,0.5
2538 11 30 1 1 1 0 6.523592914957696,-9.470624872726919,0 -11.629013457098502,16.882418251382767,0 -12.360507362595499,28.52135792242758,0.5
765 14 7 1 1 0 1 -0.45545600663286,14.492845125303107,0 0.5496882838672449,-17.491364806400302,0 -6.766602959608532,24.299446174491656,0.5
827 29 13 1 0 1 1 -4.736823843906312,29.117219988724898,0 -3.7544473911733616,-14.288251285126238,0.5 -8.89269698456326,17.296529719592296,0.5
2711 30 1 1 0 0 1 25.081452562883406,-17.35427144353313,0 28.495407600955495,-12.420215201654425,0.5
2330 19 24 1 1 1 0 3.251990560963978,-19.22692272287485,0 -2.0846093339512684,12.324950463381313,0 1.830141927878545,25.157515388523986,0.5
488 2 26 0 1 1 0 -15.387359173005683,-25.16901225079995,0 -18.941664121676283,-19.479819308751342,0.5
2126 3 31 0 1 1 0 7.318670285333351,27.5442746365661,0 13.887851291487621,28.902899275081825,0.5
1968 8 29 1 1 1 0 -4.733442740149597,-7.060065143164408,0 13.086576987472414,19.519003631101597,0 21.411406081576416,21.16132532734735,0.5
2613 5 11 0 1 1 1 -18.261515922264724,19.203307949956745,0 -3.5768900153322223,12.468193847475128,0.5 18.47475185306292,-10.720706318510373,0.5
1631 20 30 1 1 1 0 -19.733243223262928,-5.554197682073239,0 11.069868149635301,3.115769431406939,0 30.984834361071158,2.4879790226173775,0.5
911 2 23 1 1 1 1 -0.8271095531305401,2.3592138069959234,0 9.759892726940373,-27.838722922551895,0 2.1127166626368616,-24.161672713274978,0.5 -8.474285617434052,6.036264016272843,0.5
339 3 31 0 1 1 0 -21.613314585728574,-18.577261171075044,0 -27.79940268340001,-15.982590855245352,0.5
181 2 8 0 1 1 1 -27.40560174445052,-10.917096364169849,0 -10.116955695350796,2.428416656652861,0.5 19.611154671510786,14.270690678803206,0.5
2847 4 3 1 1 0 1 4.270932652456325,-1.4174393384488748,0 -26.100143987233096,8.662129290520902,0 28.93915925015522,-3.2825389402344403,0.5
1426 1 29 0 1 1 0 30.1344211955723,-4.708148171823277,0 28.220214302899777,-10.481865516138377,0.5
454 24 21 1 1 1 1 14.234183956185268,19.940862747170144,0 -4.35740325189345,-6.104345738929635,0 -17.374699246571595,-14.01320185008353,0.5 1.2168879615071209,12.032006636016249,0.5
2349 28 1 1 0 0 1 5.867084349941624,-27.889555773275955,0 12.150294993434219,-28.61154192930761,0.5
1572 0 0 0 1 0 1 31.142529959244293,4.732106057303842,0 -30.24117642451975,-10.664016525731327,0.5
2512 23 24 1 1 1 1 12.25772679883504,-20.049891115044026,0 -4.433645863408419,7.252088275654222,0 -7.660211058774228,24.032710345173992,0.5 9.031161603469233,-3.269269045524253,0.5
1465 9 2 0 1 0 1 22.439575737550307,-1.6478594353717129,0 -29.860206260887303,-3.823360048081614,0.5
45 7 11 1 1 1 1 7.4667147345231,0.7058123498888573,0 -24.39126813277546,-2.3056536763036006,0 -12.013612472846505,4.891126184455565,0.5 19.844370394452053,7.902592210648024,0.5
2651 16 3 1 1 0 1 12.284986203917912,-11.014949567272042,0 -11.540441585498643,10.347376866225252,0 25.224957831229865,-14.558554269317924,0.5
2646 11 24 1 1 1 0 8.481400849618998,-7.766327293391782,0 -15.11901890584256,13.844322566481004,0 -14.01707452654911,20.970732503114142,0.5
650 29 31 1 0 1 0 6.133394879123897,28.855354221647268,0 -12.41810386516225,-29.564179278208325,0.5
1291 12 19 1 1 1 1 -11.321460217124578,5.29854117206477,0 17.66147793871434,-8.26572422842104,0 15.118178176123251,-13.700025132640839,0.5 -13.864759979715668,-0.13575973215502746,0.5
2968 23 1 1 0 0 1 23.44724149483089,-1.5738063041811572,0 30.833349081592733,3.9439300719770234,0.5
910 23 0 1 0 0 1 -7.728366198356705,22.192844700580807,0 -16.02555759369026,27.77465578204916,0.5
2831 13 7 1 1 1 1 12.66313474158607,-4.679211313505291,0 -17.353184645877207,6.412252540729473,0 -4.955425383767687,8.227621725985637,0.5 25.06089400369559,-2.863842128249127,0.5
1911 17 30 1 1 1 0 -11.407090192765382,-13.271333517552627,0 9.451589016862746,10.996247771686463,0 24.431100113409137,19.219036064500735,0.5
1071 9 11 0 1 1 1 14.012725060982527,-17.603793237973235,0 2.467714612153763,-12.734221004559439,0.5 -17.46149436346583,12.302284933891384,0.5
1863 14 0 1 1 1 1 -10.50747038771218,-9.992150221616548,0 12.681429778273321,12.059491646778593,0 4.497009415417613,-4.003361876928607,0.5 -18.691890750567886,-26.05500374532375,0.5
1253 17 30 1 1 1 1 -15.21012292042572,8.654603442419543,0 12.602673276924167,-7.170957138004764,0 23.541778766769553,-20.29863671522002,0.5 -4.271017430580333,-4.473076134795715,0.5
1183 1 30 0 1 1 0 24.02121283886717,-18.79444954633795,0 20.32394407565315,-23.519934039229852,0.5
2564 2 31 0 1 1 0 -18.0318990076809,23.347389964978884,0 -14.505778947527965,28.597768743827803,0.5
1754 12 29 1 1 1 0 -10.772578403184438,-6.340469584127365,0 16.805222308967725,9.89113255123869,0 28.46671043189641,9.79267058501205,0.5
2090 30 0 1 0 0 1 -10.030432725526808,-28.803479292243168,0 -4.693041150840506,-31.721055542912154,0.5
1722 28 26 1 0 1 0 -25.474480588311028,-12.778921658565903,0 26.377097036548687,6.519106681478254,0.5
1178 28 6 1 0 1 1 -22.260914858536204,17.796113892111446,0 1.3305004641339169,-8.745271208769882,0.5 -23.66421095597691,11.236330354302622,0.5
1882 15 7 1 1 1 1 -10.798298742166454,-11.119655762429266,0 11.494963177144934,11.837052908392446,0 9.529366138117677,1.2004919848529534,0.5 -12.763895781193709,-21.756216685968756,0.5
2710 31 2 1 0 0 1 25.86620008771167,-17.977477382059615,0 27.648183075550854,-11.909154991888528,0.5
1386 7 31 0 1 1 1 23.804977456409514,-5.794225427081253,0 29.187405604669884,-13.279508803735368,0.5 -1.9048098485996845,-5.711540898976181,0.5
1366 4 13 0 1 1 1 26.424087159164706,-7.616929683597375,0 11.309949038077793,-9.504475406674647,0.5 -19.438079656222957,-0.6411390475795198,0.5
1306 29 15 1 0 1 1 -27.098239705970343,11.65913396602734,0 11.866708869368686,-11.637492024042231,0.5 -17.52799182863304,1.0097041424959006,0.5
2865 4 31 0 1 1 0 -26.40807635611593,7.672255416078816,0 -28.575304462588324,14.549981954297394,0.5
1532 24 16 1 0 1 1 -24.44499645205774,-1.6407767852101336,0 16.864779680416877,-4.881516806382825,0.5 -15.06337895084221,-7.024572199310347,0.5
1660 0 20 0 1 1 1 29.747855662480656,10.359299372265369,0 21.33291547029986,1.0755080367160677,0.5 -8.887128377299533,-9.448224658918592,0.5
952 15 29 1 1 1 0 -6.363675564862985,14.133422561614925,0 6.774235278725112,-15.045256275267501,0 6.640509277017323,-29.362452835923754,0.5
173 28 2 1 0 0 1 26.649590759776796,10.101945967803394,0 25.457938652862985,16.066840372240733,0.5
2397 21 31 1 1 1 0 6.515258297104644,-20.489055842620203,0 -3.1818703311441285,10.006283085930797,0 -3.827734944329075,31.837060875589035,0.5
1138 25 14 1 1 1 1 -18.515417817577593,17.53366199744167,0 4.719616306441347,-4.469364822877289,0 6.4028073086362784,-14.326690426210579,0.5 -16.83222681538266,7.676336394108378,0.5
2521 7 31 1 1 1 0 4.031954810692,-6.324028811172324,0 -13.171052381593867,20.658494116496257,0 -11.87498715596854,29.78648485547736,0.5
1451 1 4 0 1 0 1 30.339528455338577,-3.1245820692855566,0 -27.96998442418112,-3.1511856992353655,0.5
664 18 27 1 1 1 0 3.314194430346276,18.2007174385479,0 -2.4184662059283633,-13.28160461731874,0 -10.829440619773514,-25.980246647458902,0.5
336 14 26 1 1 1 0 11.055416409665995,9.382311442756942,0 -13.342743942700338,-11.323479327465273,0 -24.087062311220034,-12.572327915521587,0.5
2897 6 17 0 1 1 1 -24.908959823227654,5.4583624398559865,0 -15.810063618327373,9.606866730856693,0.5 15.448238904938702,2.757157002409965,0.5
1562 21 24 1 1 1 0 -21.318991595401126,-2.7839894675117147,0 10.411600546591249,1.3596227632033955,0 25.070661901971995,-2.777032912482314,0.5
513 0 26 0 1 1 1 -15.001503415540082,-27.698463771002523,0 -17.896210258343725,-20.444452998042106,0.5 -2.6565877409696723,7.693668928055693,0.5
414 0 4 0 1 0 1 -20.382262789437497,-24.016939096860607,0 13.219383877091033,24.849504822231484,0.5
418 29 13 1 0 1 1 18.899054242740064,22.651175438152624,0 -13.255738471386664,-6.521916710461696,0.5 7.244930537687303,18.048849866517422,0.5
2570 10 14 1 1 1 1 6.5220516929222585,-8.228781301921318,0 -13.354677275983672,16.849409332505555,0 -4.304482070080461,15.09044181289454,0.5 15.572246898825469,-9.987748821532335,0.5
55 22 20 1 1 1 1 22.35088722600892,2.5860858860894984,0 -9.437041273203766,-1.0919029296822327,0 -21.053764597765326,3.604025008498614,0.5 10.73416390144736,7.2820138242703445,0.5
2021 5 12 1 1 1 1 -2.5379142795555554,-4.879445778941293,0 12.228132437858585,23.51005693489896,0 11.091018757834947,8.321015738078696,0.5 -3.675027959579195,-20.068486975761555,0.5
2706 24 7 1 0 0 1 20.000311642571003,-14.150531233845559,0 23.46574786310461,-9.252495729542456,0.5
2943 26 11 1 0 1 1 26.311389021100062,-3.156074742514046,0 -10.703566991983639,7.326912968509884,0.5 21.0686763542504,3.5158038454740543,0.5
542 23 3 1 1 0 1 9.916657760235896,21.305161319885684,0 -3.586876211149154,-7.7061221795331205,0 6.586969287123784,28.37008698630457,0.5
1998 14 31 1 1 1 0 -7.302536423718535,-12.52688954929611,0 8.813406028625819,15.118659800874616,0 21.047671354683484,24.19184843175974,0.5
597 30 2 1 0 0 1 9.607088849486793,28.947432422203985,0 3.59752545988972,29.88825539514552,0.5
2579 1 31 0 1 1 0 -19.392169429062182,23.541320371520072,0 -15.396898845453716,28.12801994351657,0.5
925 6 25 0 1 1 1 9.138382713405157,-23.806300875678645,0 3.5369001544219465,-25.956508572950447,0.5 -7.930874231027662,3.9180650749600097,0.5
468 0 2 0 1 0 1 -17.541581919377926,-26.163770824668095,0 11.444255291226675,27.8438327252056,0.5
2719 4 12 0 1 1 1 -22.873410840691573,15.266207011334973,0 -7.066196125113994,11.92974737039406,0.5 19.55013648950893,-5.834566242795729,0.5
1878 7 15 0 1 1 1 17.214924260071808,17.43262409162749,0 15.160288595137876,6.812903177950826,0.5 -7.3245104384253015,-15.956238492746301,0.5
2225 19 31 1 1 1 0 -1.0205511467373969,-19.47327592771419,0 0.6541994530367928,12.482869184432174,0 7.640359830180161,31.142814607311422,0.5
1769 31 1 1 0 0 1 -26.6316216351893,-16.822803841218533,0 -22.58182974050675,-21.361436411692097,0.5
1712 2 0 0 1 0 1 26.639550776314575,12.672187436909127,0 -25.868227960422182,-18.949532505780507,0.5
2986 26 17 1 0 1 1 26.488609099423464,-0.776909246914056,0 -17.316573726733065,6.51047420443535,0.5 14.669671223514134,5.572319642124037,0.5
211 24 5 1 0 1 1 22.146366304424575,10.477998831372709,0 -7.537673782145772,3.0713960919999,0.5 21.388192411388367,16.756945586037723,0.5
900 18 7 1 1 0 1 -5.716814395936526,17.594545551460342,0 4.171729424061789,-12.839262969984574,0 -13.277255459957132,21.44678268298158,0.5
2302 27 24 1 0 1 0 2.98906788494007,-27.337071408240128,0 3.3014641915785106,25.007005702237223,0.5
782 8 27 0 1 1 0 1.5738063041811448,-23.447241494830894,0 -4.144841515063995,-27.84008420991219,0.5
2682 1 0 0 1 0 1 -23.98179718016687,18.84471819925521,0 28.475243290845498,-14.744847219525836,0.5
34 26 28 1 0 1 0 26.432840506195557,1.885455587922323,0 -28.854667469966312,3.957039954014609,0.5
356 24 17 1 1 1 1 17.999606785983865,16.621195972310886,0 -5.510083709995061,-5.088121216013537,0 -16.927358962799303,-7.4642158693688705,0.5 6.582331533179621,14.245101318955552,0.5
1786 15 23 1 1 1 1 -12.801473815307917,-8.73912284820312,0 13.627375351779394,9.302937225506547,0 22.791572370900308,8.294228647801665,0.5 -3.6372767961870043,-9.747831425908,0.5
2285 30 8 1 0 1 1 2.233765012392757,-30.41809155534597,0 5.361362187761882,8.916602239173683,0.5 7.7049844958460865,-22.997461032008978,0.5
182 11 13 1 1 1 1 10.674602875235077,4.278183429450285,0 -19.02863990802775,-7.626326982933119,0 -14.763151251510894,0.5471426916375313,0.5 14.940091531751932,12.451653104020934,0.5
734 8 17 0 1 1 1 -0.7873451820751795,-23.486806670219412,0 -6.582952370537536,-17.2891508781442,0.5 -5.510822760903249,14.692883736622662,0.5
683 22 30 1 1 1 0 3.1469491016852467,22.278839991153095,0 -1.3287118429337708,-9.406621329597973,0 -10.206888335480826,-29.361018894224795,0.5
340 29 28 1 0 1 0 22.331354141726813,19.27590781770811,0 -25.494882710015688,-14.080516879807465,0.5
2308 2 28 0 1 1 0 -3.574703381974673,29.282614222963407,0 2.50225894750855,29.017041547332376,0.5
2212 29 18 1 0 1 1 -2.3453391462759794,-29.40662143614845,0 7.451813655016824,17.964422430206454,0.5 4.907716953971694,-13.934285568327457,0.5
395 22 29 1 1 1 0 15.22970931785987,16.562184460194022,0 -6.430321711985278,-6.992922327637476,0 -24.3844236283569,-17.6536082519362,0.5
1351 0 21 0 1 1 1 29.978601458462418,-9.671269544102003,0 18.61943854261365,-12.31123504599897,0.5 -11.83501373264976,-2.486453286911222,0.5
2836 0 27 0 1 1 0 -29.660026910693446,10.608147984306237,0 -23.873074671054997,14.910610508970862,0.5
1193 26 5 1 0 1 1 -21.2082939298706,15.888935413809628,0 0.8042265709973786,-8.099581447365154,0.5 -24.80578874054448,11.08705754289553,0.5
2655 25 27 1 0 1 0 19.127832275576708,-16.863452565753132,0 -16.660183222895714,22.68674271418319,0.5
1413 12 1 1 1 0 1 -12.29306506244162,2.265072045339221,0 19.177181497408927,-3.5335123907291845,0 -31.08231333412038,-0.3738954393442784,0.5
1066 19 30 1 1 1 0 -11.983931797033257,15.382957410200914,0 7.6820075622008055,-9.860870134744177,0 14.01088078709276,-27.747886758632177,0.5
505 11 19 1 1 1 1 5.645393166574121,10.018958827882178,0 -10.06352694911039,-17.859883127963883,0 -14.799906062216385,-14.043246795152848,0.5 0.909014053468125,13.835595160693213,0.5
1369 2 2 0 1 0 1 28.396618296890548,-7.992625932739559,0 -30.022237130668085,2.2170425503211426,0.5
106 29 23 1 0 1 1 28.776003439509108,6.495508144045396,0 -24.244377277719877,0.6783586187114521,0.5 6.970270521069661,7.724333554625101,0.5
1257 9 10 1 1 1 1 -8.29599332069424,4.62887619439066,0 19.648405233223198,-10.963127828819985,0 6.245755021152163,-10.355701048975511,0.5 -21.698643532765274,5.236302974235132,0.5
2141 20 0 1 1 1 1 -4.639381893664764,-19.968127995501618,0 2.6025800866899895,11.201632777964322,0 5.957485800967907,-0.8708403592311111,0.5 -1.2844761793868464,-32.040601132697056,0.5
1041 30 26 1 0 1 0 -17.459179830635016,25.008539334426303,0 10.249738672303938,-25.163323650692035,0.5
1124 29 10 1 0 1 1 -20.815915977735752,20.903292611640047,0 3.157537698182545,-11.67390061995373,0.5 -19.422438955632508,11.000857467249034,0.5
718 31 29 1 0 1 0 2.1095701524130277,31.429281152645665,0 -7.962158933716136,-29.031948352018063,0.5
2818 25 27 1 0 1 0 23.66977159291256,-9.486406734868037,0 -23.294128564544593,15.79979665750378,0.5
117 6 29 0 1 1 0 -24.7382282104977,-6.186280385282889,0 -30.074329981230566,-1.3359177295238833,0.5
2341 29 4 1 0 0 1 5.588426891612584,-28.96583306029884,0 11.100906368852174,-25.865418569781106,0.5
313 0 8 0 1 0 1 -24.97053547565084,-19.202144621350577,0 14.971260823799721,19.081701950972814,0.5
166 6 30 0 1 1 0 -23.974315998676282,-8.688047674570765,0 -30.71940878459024,-4.750570905190223,0.5
439 25 0 1 0 0 1 15.45978391718941,20.279178514767594,0 14.32580871775925,28.688346145816304,0.5
654 27 24 1 0 1 1 5.492024464146192,26.94601394056679,0 -10.772024836908454,-22.808188900327604,0.5 -4.381305460447429,8.547172775968294,0.5
2666 28 6 1 1 1 1 21.80666658243106,-18.349912603679737,0 -2.6780116855617093,2.2534980390483885,0 -1.110310777674508,8.775944962052796,0.5 23.374367490318264,-11.82746568067533,0.5
1822 30 31 1 0 1 0 -23.823084322293134,-19.044963989803474,0 28.35071934724769,14.98288064737871,0.5
2917 10 2 1 1 0 1 10.341751794237233,-1.8160864038891384,0 -21.17596795962862,3.718653112725379,0 30.093161557460302,0.8072344619708387,0.5
116 15 4 1 1 0 1 15.044804789035172,3.7287865130393714,0 -16.0154373560697,-3.969353384848363,0 25.24899436259555,12.439384376954436,0.5
2245 6 5 0 1 0 1 0.26703049496427844,25.49860181882056,0 5.722168737112548,-26.56137769288355,0.5
982 25 0 1 1 0 1 -11.908604056698808,22.54850658958985,0 3.035526524256559,-5.747658542444471,0 -20.016159502884374,25.05201306791715,0.5
2616 27 28 1 1 1 0 19.075465909852138,-19.808498184417438,0 -3.1214398761576225,3.241390611995581,0 -15.447265066337502,24.690727044182175,0.5
314 6 16 1 1 1 1 5.144340161775006,3.973130289827996,0 -20.181642173117336,-15.586895752402139,0 -16.726214524347014,-5.337016740232599,0.5 8.599767810545327,14.223009301997536,0.5
2972 19 27 1 1 1 0 19.466479272140003,-1.1428843980663845,0 -12.4785123539359,0.732618203888708,0 -27.101070440792398,7.6014459784443895,0.5
1179 13 27 1 1 1 0 -10.56227594278394,8.40763503658952,0 14.47422999566688,-11.521573939030082,0 17.779020607927496,-21.821008826882625,0.5
1159 6 5 0 1 0 1 19.26843432433515,-16.702617719650505,0 -23.954086898540567,12.823873083322646,0.5
2965 0 28 0 1 1 0 -31.41540603257043,2.3070032095204023,0 -27.984033418131265,8.071175481484255,0.5
665 31 17 1 0 1 1 5.578169320066876,31.00216165103112,0 -9.00415660340816,-16.160914697544232,0.5 -3.3374449131814927,15.333344757471508,0.5
1955 3 5 0 1 1 1 16.509513411766367,23.23114217826378,0 8.07681322225606,1.0075158424509691,0.5 -10.460184292709684,-25.07657362086275,0.5
2969 27 15 1 0 1 1 27.442058364904764,-1.7842176709024034,0 -15.07805813202216,6.993008148669667,0.5 16.854518874412474,4.916827586165052,0.5
1848 2 29 0 1 1 0 22.005263790013377,19.647350089310418,0 26.001334994618887,15.171703216765325,0.5
588 11 7 1 1 1 1 3.827424762014347,10.844391162767941,0 -6.822800662721227,-19.33130598580372,0 -8.154089799279587,-5.0755117520585635,0.5 2.496135625455987,25.100185396513098,0.5
1901 29 1 1 0 0 1 -19.693394680880317,-21.96406624336839,0 -15.893699671411502,-26.714047068068403,0.5
1926 22 29 1 0 1 0 -14.123055629040756,-17.51540178525803,0 23.187668967477798,19.198489728482993,0.5
1089 4 31 0 1 1 0 17.92542744577416,-20.854952670439854,0 15.982590855245345,-27.799402683400015,0.5
230 13 28 1 1 1 0 11.963748319621399,6.254496474118133,0 -16.394766215777473,-8.57097664971744,0 -28.03657821880879,-7.8867155255287695,0.5
743 31 3 1 0 0 1 0.4617975766843121,31.49661478632535,0 -5.581538342299975,28.58489863080566,0.5
1886 26 0 1 0 0 1 -18.301695155009703,-19.165019030856566,0 -17.415595592364767,-26.924840392529813,0.5
52 1 25 0 1 1 1 -30.31929738004814,-3.315148017842646,0 -26.001081026173228,3.1927708139443074,0.5 5.80932933977892,6.670958898238231,0.5
2510 25 0 1 1 1 1 13.209688739014814,-21.811788634092924,0 -3.367175560925345,5.559867691043294,0 4.873172056276476,3.5358441863190335,0.5 21.450036356216636,-23.835812138817186,0.5
1142 13 27 1 1 1 0 -9.87970024839273,9.200082771470518,0 13.538848488538186,-12.607520834978116,0 16.036389644590887,-23.13188723746634,0.5
96 26 31 1 0 1 0 25.96615888818254,5.292314483631786,0 -32.06369403319022,-0.41173407189833977,0.5
1009 22 0 1 1 0 1 -11.615274085627068,19.27006507295085,0 4.904226836153651,-8.136249697468138,0 -21.400067739331455,23.880684679297307,0.5
371 1 28 0 1 1 1 -21.746675137620116,-21.385324885510038,0 -24.527612810991265,-15.704974046272635,0.5 -1.7114290600455675,6.732088128688716,0.5
1463 24 28 1 1 1 0 -24.426474257114553,1.8966695459462806,0 7.477492119524864,-0.5806131263100859,0 27.949979553146413,-8.188323575598217,0.5
1642 0 29 0 1 1 0 30.11716288282188,9.23073669267931,0 29.96319762537528,2.9080557186383604,0.5
1817 9 20 1 1 1 1 -7.482017113745515,-5.854008875088868,0 17.720566848344642,13.864757862052583,0 19.84267411392803,7.906850448089338,0.5 -5.359909848162128,-11.811916289052114,0.5
1547 15 0 1 1 0 1 -15.424964991981085,-1.523303973656594,0 16.4201240237218,1.6215816493763742,0 -30.75784344551385,-9.066700975617369,0.5
469 20 23 1 1 1 1 11.380263408449709,17.05108808124281,0 -6.38405020474008,-9.565244533380113,0 -18.03623017492805,-16.215560461390623,0.5 -0.2719165617382604,10.4007721532323,0.5
2589 29 19 1 0 1 1 19.229094896375926,-22.37167650101729,0 -8.160586151634806,18.699059699935347,0.5 12.698093057993315,-5.568521589303749,0.5
1042 0 25 0 1 1 0 18.085667434927775,-25.790669503391978,0 9.72826992286687,-24.32305006177975,0.5
1636 2 1 1 1 0 1 -2.3992681558476665,-0.7025043176631274,0 28.311364239002465,8.289550948424903,0 -27.585061138950028,-14.328796249524554,0.5
226 26 2 1 0 0 1 23.586423983039893,12.080173992632751,0 23.521451454486048,18.788063270977567,0.5
770 2 1 0 1 0 1 1.2353317850113823,-29.474123487916323,0 -7.271944419333732,30.221992395639987,0.5
1518 16 0 1 1 0 1 -16.488276298569723,-0.6218880140539158,0 15.488986825929132,0.5841978313839815,0 -31.251477292158953,-7.182977589946466,0.5
2098 29 3 1 1 0 1 -9.233442414474204,-28.017736189395972,0 0.7824951198706953,2.3743844228301674,0 -3.2219217517335244,-28.945970707953574,0.5
400 30 26 1 0 1 0 20.408483493945177,22.66591717706052,0 -22.190830021374108,-15.678554236997796,0.5
2299 15 6 1 1 1 1 1.5879023630795404,-15.418448887139276,0 -1.6903476768266077,16.41318752501923,0 5.3025372879237835,7.0804730287021,0.5 8.580787327829931,-24.751163383456408,0.5
158 16 0 1 1 0 1 15.604802971116428,5.360981648227861,0 -14.65905733650331,-5.036073669547385,0 27.84153961823032,15.90907513611371,0.5
1725 31 7 1 0 1 1 -28.066705511933595,-14.300700741795707,0 9.406491929850038,-1.9411103970836114,0.5 -19.105716844177742,-16.46880638874909,0.5
763 15 3 1 1 0 1 -0.4219684732257194,15.494255148525324,0 0.44919224569189486,-16.493884512946313,0 -6.7736537018119325,28.326094251201123,0.5
18 1 1 0 1 0 1 -30.478328915537972,-1.1495505714330034,0 30.252187819518365,7.145287407276539,0.5
2224 22 3 1 1 0 1 -1.2246157065377128,-22.466648979571943,0 0.5170599649825898,9.485918458041487,0 4.439926499604749,-28.78431956253452,0.5
1044 22 28 1 1 1 0 -12.995385827001016,18.36763314113664,0 5.48694068251154,-7.755222881813248,0 11.562786543231516,-26.73110486597335,0.5
1470 18 30 1 1 1 0 -18.463494475923024,1.1616246112923012,0 13.473360833781665,-0.8476720136457334,0 30.0630720998864,-7.903271216213693,0.5
2276 22 29 1 1 1 0 1.2246157065377044,-22.466648979571946,0 -0.5170599649825863,9.485918458041489,0 4.38549913486975,29.78283729495994,0.5
2075 29 1 1 0 0 1 -10.571854511586372,-27.54062258166745,0 -5.328739902148462,-30.624410705436453,0.5
2906 2 3 0 1 0 1 -28.93014840885195,5.7703130800504345,0 29.123088411274004,0.3093887346330275,0.5
1097 30 0 1 0 0 1 -20.26566742721855,22.793699211171784,0 -25.4141219417841,19.554344937331145,0.5
2335 2 26 0 1 1 0 -5.223999839427689,29.033770435092638,0 1.212428029346511,27.14369205310241,0.5
1259 7 13 0 1 1 1 21.44474651912954,-11.847904740091451,0 8.914965288477555,-11.780211963510688,0.5 -19.0944995528345,3.694602390894474,0.5
2384 29 31 1 0 1 0 8.170888206040788,-28.345838952558513,0 -2.9595913483028378,31.929466313282642,0.5
2362 5 22 0 1 1 1 -6.15931477500726,25.774267041031006,0 0.6060762191895348,23.278373474461933,0.5 8.043739343726603,-7.845269744896264,0.5
2310 29 22 1 0 1 1 3.6973303901469747,-29.267383688777098,0 3.1326904526900217,23.074580180961576,0.5 7.143353926747757,-8.673090261101715,0.5
2432 8 20 0 1 1 1 -8.742374834094065,21.813318918958636,0 -2.056968961071341,21.260735610349634,0.5 9.847541451312066,-8.442507172913189,0.5
194 31 30 1 0 1 0 28.93540849959545,12.449583726435968,0 -30.388173384008798,-6.5428524653563285,0.5
939 11 18 1 1 1 1 -4.434215911190059,10.61073650850632,0 7.904471841686628,-18.914791167337356,0 1.5972674179111452,-19.382949641261504,0.5 -10.741420334965543,10.142578034582172,0.5
933 18 14 1 1 1 1 -6.918245306149306,17.157735336691236,0 5.048449277460303,-12.520509570017929,0 -0.1422624368098635,-15.691709957779391,0.5 -12.108957020419473,13.986534948929771,0.5
2435 24 18 1 1 1 1 9.257099277052438,-22.683829327844872,0 -2.833805901138501,6.944029386074961,0 -1.4348310472816674,19.395650539895705,0.5 10.656074130909271,-10.232208174024128,0.5
960 25 2 1 0 0 1 -10.857371934909354,23.073089837883497,0 -17.98945141596576,24.137722298357136,0.5
1283 31 3 1 0 1 1 -28.302365274721293,13.828453270566822,0 0.5107161535912255,-6.92742152683529,0.5 -28.240893014379616,7.1205310019944985,0.5
2161 0 1 0 1 0 1 5.837693636553899,30.95434271642249,0 0.2436952502743175,-31.083606814927283,0.5
1860 29 31 1 0 1 0 -21.50457450893164,-20.194139624896316,0 27.0697943993466,17.189422072225227,0.5
805 29 30 1 0 1 0 -3.3906459395395614,29.304496585211695,0 -2.454653503569951,-30.987492253769293,0.5
553 2 29 0 1 1 0 -11.829165965990505,-27.024448792696067,0 -17.32566402552191,-24.61851673181664,0.5
2024 7 5 0 1 0 1 11.168462747905751,21.806316512621784,0 -6.739851581378437,-26.32155771722089,0.5
1844 23 8 1 1 1 1 -17.66012008665836,-15.503875596921112,0 6.387703010067917,5.607784790375721,0 10.346139332686073,1.0988179597395442,0.5 -13.701683764040204,-20.01284242755729,0.5
1638 5 23 0 1 1 1 25.40082740896046,7.55301045545437,0 24.235377616728186,0.9468219339401864,0.5 -6.437319631827837,-8.173794465099053,0.5
2791 28 3 1 0 0 1 25.812929295044032,-12.08067387230769,0 28.356229057635126,-6.646372968087894,0.5
2061 29 0 1 0 0 1 -11.374727772183185,-27.218845826168394,0 -6.609859317517286,-31.377695259573,0.5
1477 2 22 0 1 1 1 29.465779926502105,-1.420497561752814,0 22.184985185619677,-7.076470328761049,0.5 -9.777894734653792,-5.53559161770715,0.5
155 29 16 1 0 1 1 27.959168095282777,9.409299624293064,0 -17.551934620946582,0.4237818566393594,0.5 12.776654499360157,10.6304797541776,0.5
717 16 0 1 1 0 1 1.139490424287699,16.460606354960216,0 -1.070430398573293,-15.462993848598991,0 -3.8102842281635625,31.839154104665027,0.5
2202 8 3 0 1 0 1 2.3585002990035533,23.381348899060555,0 3.1093972286281724,-28.958274273074345,0.5
2109 0 24 0 1 1 0 9.167639255090576,30.136429624103155,0 12.870658396645652,21.69322826222171,0.5
367 2 5 0 1 1 1 -21.206212530465066,-20.507231654046976,0 -8.124663011587787,0.48974579950956043,0.5 14.87868617400144,22.734878441187636,0.5
795 30 2 1 0 0 1 -2.870303556214689,30.36463992039394,0 -8.749567030514655,28.804428075879773,0.5
2919 31 22 1 0 1 0 31.047804747193435,-5.318253508451128,0 -21.16400272257605,9.712620076930508,0.5
2909 26 21 1 0 1 1 26.020155121963363,-5.020112292465553,0 -19.97406269311015,9.964277170558097,0.5 11.44650198246825,3.902254779656297,0.5
1921 29 4 1 0 0 1 -18.756360595322448,-22.769473801962032,0 -12.853663510494751,-25.040633665284428,0.5
1859 30 1 1 0 0 1 -22.277222560018707,-20.832075148947443,0 -18.179109415963474,-25.21447958698391,0.5
393 3 4 0 1 0 1 -19.378671293588948,-20.89777736734296,0 14.299185837531168,24.244242293454917,0.5
2456 28 11 1 0 1 1 11.918249059214583,-25.88832438305984,0 0.6410555128909241,12.955271044227217,0.5 14.022949193412561,-16.112321245524186,0.5
2173 0 6 0 1 1 1 5.057964443493182,31.091268801519806,0 6.965853387042047,5.452236842822845,0.5 1.8276037936521492,-26.132544161895687,0.5
2946 3 1 0 1 0 1 -28.31792234982024,3.216406968894237,0 30.982283280101147,2.5195481244788493,0.5
1215 30 25 1 0 1 1 -25.22595751537414,17.14354302448998,0 17.718054376888546,-19.2956095808767,0.5 -8.748523999897436,-1.3089414896085239,0.5
1738 15 6 1 1 1 1 -13.613912746741196,-7.4102213006169775,0 14.492229698143856,7.88830009420517,0 8.577532945646428,-2.1623895500926986,0.5 -19.528609499238623,-17.460910944914843,0.5
1184 0 19 0 1 1 1 24.84939273955532,-19.35865905674604,0 11.695593780344524,-16.717149461710463,0.5 -13.548233764600564,2.9487898975236044,0.5
2069 0 11 0 1 1 1 11.657238490554263,29.263608642379364,0 9.829837920496832,8.463113283937684,0.5 -2.012436101653531,-21.264997082923887,0.5
2680 26 5 1 1 0 1 20.76787661913475,-16.460416177375233,0 -4.310314015292118,3.4163127915307085,0 24.494763300804614,-11.758255433420196,0.5
1520 1 31 0 1 1 0 30.473246318015182,1.2772074387405867,0 31.72362307048924,-4.675653888123364,0.5
1418 26 5 1 0 0 1 -26.11015398726408,4.528781156266834,0 -27.135538400003743,-1.3829518219816377,0.5
2231 16 19 1 1 1 1 -0.6564195899815977,-16.486937657487772,0 0.6166365845281676,15.487729314609727,0 6.771018663610169,19.24586465340133,0.5 5.497962489100404,-12.728802318696166,0.5
2329 30 29 1 0 1 0 5.023451174299779,-30.083466194895596,0 1.059311066476396,30.085342944105534,0.5
814 30 0 1 0 0 1 -4.0760278955067,30.226412234915532,0 -10.155847610424729,30.41560059104259,0.5
2321 2 4 0 1 0 1 -4.370561696537652,29.17444413278097,0 10.00803767632106,-26.307587914313583,0.5
75 28 17 1 0 1 1 28.149117706961427,4.45838225364658,0 -18.223152750656297,3.1885269053667864,0.5 13.382874148388112,8.194429786654174,0.5
962 16 16 1 1 1 1 -7.087833651152564,14.90008772234544,0 6.658267975325136,-13.997052102809352,0 1.6696199339360405,-17.477481777310008,0.5 -12.076481692541659,11.419658047844784,0.5
1285 30 2 1 0 0 1 -27.459722527766903,13.274548530855991,0 -29.170790352598676,7.437404803070502,0.5
1629 3 27 0 1 1 0 27.466124831265276,7.606706695630702,0 28.10381308889752,1.5574626365702686,0.5
1157 26 25 1 0 1 1 -19.951176303551698,17.441346395980936,0 15.24931763640312,-21.30042984599336,0.5 -8.842668843357421,-0.23918136782770194,0.5
1632 31 24 1 0 1 1 -30.303871654961707,-8.597985968795744,0 25.20738956696306,0.9151563906579518,0.5 -5.577495923791694,-7.819305545896455,0.5
1391 29 5 1 0 0 1 -28.73462321303892,6.676183700639537,0 -27.170326011843002,0.1529196199564149,0.5
2248 1 21 0 1 1 1 0.1277577276398431,30.499732424449697,0 6.0900060882280265,21.47467871343703,0.5 5.955965193655077,-10.525040551559373,0.5
1479 28 1 1 0 0 1 -28.472438638326555,1.253091372059151,0 -30.734313217589992,-4.653169999373867,0.5
2497 2 26 0 1 1 0 -14.589188660078648,25.639921494431935,0 -7.890643068660765,25.999764459759938,0.5
883 0 22 0 1 1 1 8.661435345286476,-30.285797624619732,0 0.41801617527705837,-23.28250979764009,0.5 -8.380902270728251,7.484014773402178,0.5
1102 1 25 0 1 1 1 20.50324694516523,-22.580231723912238,0 12.700046123220982,-22.91198002068044,0.5 -8.811557229083522,0.7787549027684637,0.5
2375 9 2 1 1 0 1 2.458780928473943,-9.17629534974615,0 -5.823428514806706,21.733331091504038,0 13.43071678825876,-26.941897604912395,0.5
2206 26 2 1 0 0 1 -2.438609720945017,-26.38755734487208,0 3.2598625396737533,-29.926966037713076,0.5
1982 30 1 1 0 0 1 -16.234704455564902,-25.82023182003719,0 -11.155314589328079,-29.013944171951596,0.5
1028 27 5 1 0 0 1 -15.122188736183094,22.968879115604597,0 -19.58368277099926,18.83426051441539,0.5
1203 0 29 0 1 1 0 25.599866179642458,-18.354750109560147,0 20.478334972764813,-22.065534136821558,0.5
286 0 15 0 1 1 1 -26.015898398851576,-17.76015288505794,0 -16.184360079128478,-3.783713629374244,0.5 10.244489087958835,14.258346444335412,0.5
1774 0 29 0 1 1 0 26.45399663642241,17.100762028639306,0 28.03166580781895,10.976142857978573,0.5
396 28 18 1 0 1 1 19.246985031449196,21.019123844707956,0 -16.918735654387994,-9.591995822400072,0.5 4.691914205484785,14.008423933061493,0.5
1160 22 21 1 1 1 1 -17.032388752164515,14.701963589777376,0 7.191453028691685,-6.207495737906003,0 12.354870072572128,-18.590513319697806,0.5 -11.868971708284075,2.3189460079855717,0.5
1432 27 10 1 0 1 1 -27.221577995626184,3.9032923831094744,0 9.54206598746975,-7.429601381687512,0.5 -22.133952043804356,-2.887588426796487,0.5
1735 13 29 1 1 1 0 -11.897596602877396,-6.379435325732228,0 16.304113863202357,8.742189150077497,0 28.833756425131597,8.652426851247137,0.5
807 1 4 0 1 0 1 3.632463382893529,-30.282919439379317,0 -9.232467530027801,26.58968866510066,0.5
1152 15 24 1 1 1 1 -11.562087754074822,10.323183945230902,0 12.308028899499005,-10.989195812665152,0 14.279486858286951,-20.792937624684257,0.5 -9.590629795286876,0.5194421332117951,0.5
2528 0 2 0 1 0 1 -17.32177982508245,26.30980698696527,0 21.233376087673776,-21.3399564179359,0.5
594 27 19 1 0 1 1 8.82594926969826,26.04520338735547,0 -11.940990221209049,-16.542755288554257,0.5 -1.6707947073783478,13.764390471277562,0.5
956 9 24 1 1 1 0 -3.972749686404862,8.629441461019947,0 9.409143994116778,-20.43815082873145,0 4.795338794820994,-24.76398041193872,0.5
2874 25 28 1 0 1 0 24.61723179024848,-6.651458410392389,0 -25.948327669008915,13.226272762261724,0.5
1928 5 11 0 1 1 1 16.54726379441942,20.698745394779277,0 11.86739645299996,5.235924123526233,0.5 -8.114205110072545,-19.75878729658459,0.5
2675 0 7 0 1 0 1 -24.48009778589459,19.82359231806987,0 22.815998401994815,-10.755473811979183,0.5
2452 29 21 1 0 1 1 12.11151155893278,-26.899094552750984,0 -3.3560315661203015,22.067783126703148,0.5 9.7818792774678,-7.1108957101792765,0.5
1189 31 25 1 0 1 0 -25.050749930007026,19.097380132998687,0 16.64158229895832,-20.231355332428848,0.5
1389 21 24 1 1 1 0 -20.921617986115724,4.953372673546695,0 10.21753436531233,-2.4190889801042,0 22.45857695900256,-11.483132019469226,0.5
2531 30 25 1 0 1 0 16.931611412571506,-25.36869202331248,0 -9.165375045268807,24.54069885475073,0.5
757 18 27 1 1 1 0 -0.27121444979872483,18.49801185863552,0 0.19791324715042083,-13.498549194139436,0 -5.596198582829633,-27.585006097906444,0.5
2793 2 25 0 1 1 1 -26.77079052396295,12.392528988148282,0 -20.620338455327644,16.15709262174776,0.5 8.419163129988098,2.7143493125699614,0.5
2237 29 8 1 0 0 1 -0.8031012877521828,-29.489066250419167,0 5.358017533570804,-23.65463269869029,0.5
2673 4 2 0 1 0 1 -21.298834155465173,17.395679452610928,0 26.64326124734139,-14.013801415244775,0.5
760 30 10 1 0 1 1 -0.6387438064423863,30.493310845982787,0 -5.778788692073825,-10.623351695786019,0.5 -6.448946128341247,21.369630175409036,0.5
2263 31 4 1 0 0 1 0.8575488326845228,-31.488324979261144,0 6.746429929345754,-27.32646488678014,0.5
1529 6 6 0 1 1 1 25.45297921308482,1.5478530867856846,0 6.852215035520214,-5.594385498603999,0.5 -25.088778486782306,-7.536789372217407,0.5
924 9 17 1 1 1 1 -3.385912847775881,8.876124953337815,0 8.01926727104814,-21.022401205273773,0 0.6312342227422132,-18.489227765270215,0.5 -10.773945896081807,11.409298393341373,0.5
2522 31 30 1 0 1 0 16.989802086243525,-26.52539585133981,0 -11.397986937218688,28.919472570899217,0.5
1919 1 6 0 1 0 1 19.490608665976936,23.459884352437562,0 -11.680367700583163,-23.44821976993506,0.5
2313 9 0 0 1 0 1 -2.960198079576348,22.304421699063898,0 10.092123097823926,-30.436804224135766,0.5
1029 4 1 0 1 0 1 15.17026144228183,-22.937156924362206,0 -21.82966965584615,22.129517001431136,0.5
1328 23 16 1 0 1 1 -21.99162138220453,8.283633802973453,0 13.325955318661025,-11.431050469884646,0.5 -16.62008230817068,-0.15120869562292327,0.5
315 1 27 0 1 1 0 -24.09972787745856,-18.69366513641578,0 -25.406705162249345,-12.114013901202709,0.5
578 26 3 1 0 0 1 9.341118969310482,24.79906240972001,0 4.4312270251708945,28.785660094071062,0.5
38 1 8 0 1 1 1 -30.403456061102634,-2.4248421681836225,0 -8.95011244355653,5.305232063510001,0.5 22.94859555497738,7.849328764555113,0.5
408 4 23 1 1 1 0 2.954635900888304,3.394131213312467,0 -18.056108283206303,-20.741912970242854,0 -19.955273544611096,-13.7853929127807,0.5
2453 2 13 0 1 1 1 -12.167822286128104,26.873669284509777,0 -0.10249441205663512,14.77293115449663,0.5 13.096499254251817,-14.37816773039533,0.5
1058 30 13 1 0 1 1 -18.338348375037665,24.3711915768547,0 3.3226411017009916,-14.394792673369324,0.5 -15.917593258994263,11.174982095789705,0.5
202 3 0 0 1 0 1 -25.98726083909841,-11.700951845070646,0 26.25940369688337,18.403633268572484,0.5
1563 26 25 1 0 1 1 -26.269652223341925,-3.4864555159454893,0 26.067730746826115,-2.5929546295638324,0.5 -5.654113447398097,-6.803014120516876,0.5
2380 27 9 1 0 1 1 7.3952950669198,-26.486970586935602,0 3.224237104940927,10.763563308269347,0.5 11.829671364629423,-20.057638829255716,0.5
605 26 4 1 1 0 1 7.9245809947862975,25.287368705681335,0 -1.644724357408477,-5.248321806839522,0 2.4981798159447237,28.035853787734133,0.5
76 31 1 1 0 0 1 31.10179397897566,4.99283599664092,0 29.163419059648003,10.75848450067943,0.5
1879 10 4 1 1 0 1 -7.362161026159196,-7.486560293279054,0 15.074901148802162,15.329623457666635,0 -15.0038158533051,-23.814607068774208,0.5
687 1 26 0 1 1 0 -4.012712952314618,-30.234882747619952,0 -9.434301302362528,-25.48026606878823,0.5
1330 2 7 0 1 0 1 27.649818690010797,-10.282875395993553,0 -25.054841026482233,2.9163232224331272,0.5
637 28 1 1 0 0 1 6.6822097234540285,27.70556033022571,0 1.3183871783857413,31.05659117237222,0.5
238 11 10 1 1 1 1 10.100644941130565,5.49790612626421,0 -18.005497503754484,-9.800615268557939,0 -12.09080075125706,0.25007437573992863,0.5 16.015341693627988,15.548595770562077,0.5
199 5 25 0 1 1 1 -24.231475996546003,-10.727794322637571,0 -25.746015239537677,-4.836599971621964,0.5 3.5146350204423995,8.11771770099699,0.5
958 2 12 0 1 1 1 12.44857037987059,-26.744776976026714,0 -0.16479769856874338,-13.864445236595168,0.5 -13.66833166995379,15.146838262823643,0.5
2403 27 25 1 0 1 0 8.662129290520891,-26.1001439872331,0 -2.3375793812685126,26.091870815184343,0.5
1612 3 31 0 1 1 0 27.71949474224089,6.624168720290841,0 32.03189812990642,1.4857665345865323,0.5
1577 1 29 0 1 1 0 30.10424439512235,4.897394143699739,0 30.0806417874855,-1.1853225944784205,0.5
667 1 22 0 1 1 1 -5.275298601773214,-30.04032664040339,0 -9.80118617646943,-21.123133042571705,0.5 -4.266446659854912,10.394586711294146,0.5
1578 23 30 1 1 1 0 -23.1871196888849,-3.821973382079763,0 8.386830525766879,1.38241590415651,0 31.069744289509277,-0.9596821268032611,0.5
1662 22 13 1 1 1 1 -21.21728705758945,-7.488439751767202,0 8.958410090982213,3.161785672968374,0 14.72728950169159,-1.1648793642968656,0.5 -15.44840764688007,-11.815104789032441,0.5
436 1 25 0 1 1 1 -18.643149821500593,-24.138826912944268,0 -20.33551744019445,-16.514137290199187,0.5 -0.7754913979643194,8.811845044693158,0.5
1048 16 31 1 1 1 0 -9.642456501466336,13.389287980222457,0 9.058065198347164,-12.577815981421095,0 13.539494055445749,-29.067715780957904,0.5
504 20 10 1 1 1 1 10.100910501739977,17.838766970725278,0 -5.666364427805353,-10.007113178699546,0 -10.394739614274215,-6.1805653747402705,0.5 5.372535315271115,21.665314774684553,0.5
1367 1 25 0 1 1 0 29.324343731774658,-8.386469143848815,0 22.867277058923307,-12.78036149373091,0.5
2064 5 2 0 1 0 1 10.064146031327748,24.51454598111313,0 -5.653020076886408,-29.568452174747314,0.5
1261 1 3 0 1 0 1 26.758069066550494,-14.637477235839299,0 -27.882945305302457,8.413760223675968,0.5
1604 15 1 1 1 0 1 -15.133758239412646,-3.349531542023427,0 16.11012973872959,3.565630351186228,0 -28.482737874190008,-12.44924267536712,0.5
129 29 30 1 0 1 0 28.429848509555285,7.873608684951077,0 -30.99498412376755,-2.3581686045313957,0.5
1744 26 26 1 1 1 0 -23.114361219022356,-12.960567326955841,0 4.79732025300464,2.6899290678587597,0 26.048829293050094,7.727127050950779,0.5
2551 7 30 0 1 1 0 -14.442219896627597,19.790712075553373,0 -13.132385077298837,28.174287252414015,0.5
810 31 22 1 0 1 0 -3.9479968572755877,31.25161309140605,0 -3.1326904526900186,-23.074580180961576,0.5
137 23 31 1 0 1 1 22.539240787506813,6.6507612137851755,0 -31.910240514433006,-3.160150362093283,0.5 -1.2185083782535169,5.896205333273764,0.5
2246 3 15 0 1 1 1 0.23875824882095287,28.498999885936698,0 6.129640427099822,15.449191183827827,0.5 5.861560989827174,-16.54968588108355,0.5
2596 31 28 1 1 1 1 20.880765445267176,-23.58481787972373,0 -0.33144072135344727,0.37436218856704334,0 -14.399774854341974,25.315933404562838,0.5 6.812431312278651,1.3567533362720638,0.5
641 7 30 0 1 1 0 -5.544627141209106,-23.864348092184866,0 -12.746825157550486,-28.350810365893214,0.5
545 12 30 1 1 1 0 5.203509903255014,11.365451363088356,0 -8.117475449077823,-17.730104126417835,0 -18.151980818224644,-25.234016572373182,0.5
1528 4 22 0 1 1 1 27.45272717865898,1.6117600485551475,0 22.812978974951196,-4.670973162889566,0.5 -9.132012651124708,-6.546475764844646,0.5
2257 9 25 1 1 1 0 0.13927228503177436,-9.498979062542565,0 -0.3298554119173603,22.49758199023239,0 5.625519063888963,25.58522103210801,0.5
904 1 31 0 1 1 0 9.66769509515923,-28.927247908279043,0 4.2940625589456225,-31.777523923991644,0.5
516 31 2 1 0 0 1 14.827173863207982,27.792173632701026,0 8.592018640267597,28.851814772823115,0.5
1452 4 5 0 1 0 1 27.361152966985756,-2.759947158408412,0 -26.968372239111744,-3.3101206583306038,0.5
37 21 4 1 1 0 1 21.435477409304607,1.6644242954222515,0 -10.468488967334807,-0.8128583768341229,0 26.952980603876426,8.11090849209021,0.5
1820 31 4 1 0 1 1 -24.686343905763955,-19.566155078766773,0 7.253507239636141,-1.9069957327026428,0.5 -17.824683394790735,-21.78372470160857,0.5
1106 14 29 1 1 1 0 -9.8370343509595,10.652828505990454,0 11.872282837364915,-12.856861989988479,0 15.605209814990523,-25.74349289879141,0.5
2504 31 23 1 0 1 0 15.977983352000944,-27.14689757602479,0 -6.749245184630903,23.29587279836788,0.5
1800 20 9 1 1 1 1 -16.584848384686424,-12.049597671995697,0 9.303695435311896,6.75953040136344,0 11.21237296031684,0.7298579305288087,0.5 -14.676170859681479,-18.079270142830328,0.5
1217 12 1 1 1 0 1 -10.367847009808537,6.982674872941183,0 16.17384133530132,-10.892972801788245,0 -28.649230642944598,12.06116012526839,0.5
1902 18 12 1 1 1 1 -12.321219547533655,-13.79991119034737,0 8.991160210362398,10.070205463226458,0 12.800795215473237,5.328193113196766,0.5 -8.511584542422817,-18.541923540377063,0.5
2223 15 29 1 1 1 0 -0.8760372844713835,-15.475224026689112,0 0.9325558189534082,16.47362557679809,0 7.65770606787358,29.113734521322616,0.5
346 1 29 0 1 1 0 -22.83609350258963,-20.2178840025603,0 -26.064657781696916,-15.062656297048889,0.5
2726 25 1 1 0 0 1 21.415140134246712,-13.843474023184196,0 28.871475224848236,-11.519024192221085,0.5
2037 8 11 1 1 1 1 -3.667376388288151,-7.6681386546297245,0 10.139217073502534,21.200148045152766,0 10.374548281540244,7.785804258648579,0.5 -3.43204518025044,-21.082482441133912,0.5
2502 1 22 0 1 1 1 -15.360507649890701,26.349664224381478,0 -6.147981533647604,22.460016096653362,0.5 9.967960918696738,-5.185533253517372,0.5
2012 22 18 1 1 1 1 -10.75677285573433,-19.762131406559796,0 4.541748539087828,8.344011038325247,0 14.114359389797505,13.380390839420013,0.5 -1.1841620050246515,-14.725751605465032,0.5
2799 27 11 1 0 1 1 25.099018653596328,-11.237849555249595,0 -8.04405880672219,10.175613883889028,0.5 21.1620719901899,-2.901156507674135,0.5
2070 30 3 1 0 0 1 -11.227798856882696,-28.358182819591658,0 -4.912890836183832,-28.707377163923226,0.5
1051 7 4 0 1 0 1 14.44221989662758,-19.790712075553383,0 -21.057359984105254,18.677194395834796,0.5
1191 11 17 1 1 1 1 -9.174636054693568,6.933689729423783,0 16.354786010540707,-12.360055604625003,0 10.343825441790846,-15.338033616789357,0.5 -15.185596623443429,3.9557117172594296,0.5
625 16 31 1 1 1 0 4.270514244191592,15.937776133769628,0 -4.011695199089072,-14.971850307480558,0 -13.948354878463814,-28.87374925749053,0.5
1707 31 3 1 0 0 1 -28.58575937304519,-13.232700444971885,0 -23.342791728951003,-17.417349806983168,0.5
2974 25 2 1 0 0 1 25.462202176848205,-1.3878978007427425,0 29.78283729495994,4.385499134869738,0.5
2935 18 19 1 1 1 1 18.328835048721707,-2.510738090034627,0 -13.375095846364488,1.8321602278631062,0 -18.505289454587324,8.590940705297593,0.5 13.19864144049887,4.24804238739986,0.5
2450 0 23 0 1 1 0 -12.812204256887693,28.776681915741936,0 -4.077038366425689,23.908738113055925,0.5
2186 1 29 0 1 1 0 4.076027895506701,30.226412234915532,0 9.888567092686586,28.433540772359603,0.5
1491 26 16 1 0 1 1 -26.49529233809144,0.49948365245832416,0 16.383978175990897,-6.309933369589094,0.5 -15.61033710019499,-5.706783298696022,0.5
1407 0 28 0 1 1 0 30.90435129946502,-6.096808243602111,0 26.799782938829853,-11.402702944109533,0.5
2926 2 0 0 1 0 1 -29.14640738588141,4.553782657992983,0 32.048628088244826,1.0655691724918475,0.5
2052 6 3 0 1 0 1 10.2741141106984,23.338649901833396,0 -5.991386382113884,-28.501812033978126,0.5
1292 3 30 0 1 1 0 25.838174366669875,-12.026584943264812,0 25.119466965748853,-18.310171472617405,0.5
1558 6 6 1 1 1 1 -6.452101438958039,-0.7876465078927278,0 25.31209026052769,3.0899978386560862,0 7.1791597539359415,-5.168139435760846,0.5 -24.585031945549787,-9.045783782309659,0.5
1601 27 26 1 0 1 1 -26.887025178975833,-5.773896173739155,0 27.16907433764707,-0.30232372617336,0.5 -4.117645870615714,-7.021039273797104,0.5
1795 25 29 1 0 1 0 -20.78575879107813,-14.771669894738311,0 27.52195700804842,12.198027809737699,0.5
2088 2 12 0 1 1 1 9.818176563428116,27.8182208088395,0 9.818187521894522,9.790464431522881,0.5 -0.8320379028410612,-20.385232717048776,0.5
161 19 1 1 1 0 1 18.401867694568203,6.4514545144182165,0 -11.796069034979617,-4.135547765652703,0 26.79734551783697,15.752849684982811,0.5
2072 1 30 0 1 1 0 11.108914224702897,28.404964790476217,0 16.69677615069822,26.21960461512483,0.5
2356 0 0 0 1 0 1 -6.935881577540005,30.726918926933454,0 12.788628039813045,-29.405798626449645,0.5
1790 12 26 1 1 1 0 -10.264365114171301,-7.133919596055394,0 16.01240957810723,11.128914569846414,0 25.184735448149752,10.19701428883521,0.5
1729 22 1 1 0 0 1 -19.961369095668932,-10.382376598181812,0 -24.290111014613846,-19.396920036380394,0.5
2019 31 4 1 0 0 1 -14.652258959439946,-27.884786306972337,0 -7.48026677913538,-27.13476753010727,0.5
2412 31 5 1 0 0 1 10.48381565247408,-29.704201880625227,0 14.477661145216334,-22.992331934022985,0.5
2148 23 5 1 1 0 1 -4.982167083168289,-22.965800903852543,0 1.8020604343374662,8.306779050329643,0 0.2454203284747063,-27.169647934089454,0.5
1297 30 1 1 0 0 1 -27.784641124662652,12.58029083820024,0 -30.259452437095486,7.114459797282997,0.5
1061 23 20 1 1 1 1 -14.247251845252983,18.688654709687786,0 5.153261305729802,-6.7597261715891985,0 7.656882322108913,-19.94046521787734,0.5 -11.743630828873872,5.507915663399644,0.5
1915 24 26 1 0 1 0 -15.81371334923679,-18.71300270154873,0 21.687404896492545,16.367848632474313,0.5
1751 4 7 0 1 1 1 23.786848458814944,13.799849288936931,0 9.49819851544486,-1.4262625849404609,0.5 -18.181043327539804,-17.48426903024889,0.5
1589 8 1 1 1 0 1 -8.35275914570131,-1.5752506638319983,0 23.092922343997735,4.3551047764767015,0 -28.859723524811518,-11.5484353083628,0.5
842 0 0 0 1 0 1 6.032068997125908,-30.917052634653135,0 -11.921031403726506,29.768087111391058,0.5
2627 25 3 1 0 0 1 18.106593521977086,-17.95553594382238,0 24.4616129819326,-15.807576990865698,0.5
1322 29 31 1 0 1 0 -27.473654469476998,10.744687528810998,0 27.15091493612405,-17.061002846590114,0.5
1039 6 0 0 1 1 1 14.509308911806372,-20.969739027984495,0 -4.649559988706032,-3.8251263915619793,0.5 -22.857320191757168,22.489840231791113,0.5
1047 4 30 0 1 1 0 16.023988190885838,-22.349089521910088,0 12.895894643293001,-28.283314893220822,0.5
413 12 8 1 1 1 1 8.108142463886551,9.513570611779771,0 -12.64870224366302,-14.841170154376444,0 -10.080050769097145,-2.5773196333447004,0.5 10.676793938452427,21.777421132811515,0.5
434 2 10 0 1 1 1 -18.129537846793905,-23.271653517996256,0 -11.186104016925881,-4.595767283328721,0.5 8.479835342308185,20.648060261616372,0.5
689 2 27 0 1 1 1 -3.7586197012411744,-29.259575833245457,0 -9.454898196054408,-26.511410752772985,0.5 -5.377751401487711,5.227790151086495,0.5
2007 0 0 0 1 0 1 15.348378960347956,27.507767326512493,0 -10.108804231488435,-30.431268080864484,0.5
1668 3 28 0 1 1 0 26.75391494313541,9.822323310473742,0 28.821772482182514,4.1899201645504975,0.5
1132 24 25 1 0 1 0 -17.576230076097872,17.06827865697278,0 14.113640612190167,-22.069325967730336,0.5
748 0 8 0 1 1 1 -0.13194650559522297,-31.499723651480835,0 -6.035551974807759,-8.474792762032246,0.5 -5.901511080234834,23.52492650296416,0.5
1263 28 31 1 0 1 1 -25.060514840430848,13.572788804536273,0 24.841034548994884,-20.277401276683428,0.5 -3.2970873771029146,-5.037778759309367,0.5
381 16 9 1 1 1 1 11.5197294133923,11.812951969860213,0 -10.821563994398828,-11.097015486838382,0 -10.928190378568978,-2.612404074746559,0.5 11.41310302922215,20.29756338195204,0.5
298 23 0 1 1 0 1 19.06959197183198,13.733195623300544,0 -6.8975119898115675,-4.967326076512963,0 22.055020143527837,23.277158041062087,0.5
2377 14 25 1 1 1 0 3.8115109378327765,-13.990081642748947,0 -4.600099407729213,16.884581292972868,0 -0.9140026936718701,26.180423966696196,0.5
1933 27 18 1 0 1 1 -16.945815164730952,-21.658470592421214,0 16.125396512801814,10.872975089869337,0.5 -3.5933702243396564,-14.329608872220804,0.5
2113 8 4 0 1 1 1 6.650761213785176,22.539240787506813,0 7.028249795194645,2.617958138768919,0.5 -2.028105900172404,-28.073773997410573,0.5
2280 14 28 1 1 1 0 0.9104625331750361,-14.471387562209937,0 -1.0988340917629746,17.465467747494753,0 4.198630563984214,28.820504877381616,0.5
996 31 27 1 0 1 0 -15.52091125877118,27.41078827209006,0 8.328899364560861,-26.886417302701705,0.5
2763 12 3 1 1 1 1 10.991453877381955,-5.952977545849234,0 -17.14666804871585,9.286644971524805,0 -0.22017786365931524,6.942731573981124,0.5 27.91794406243849,-8.296890943392915,0.5
2000 30 1 1 0 0 1 -15.250000000000014,-26.413774815425374,0 -10.053847577293382,-29.413774815425377,0.5
1674 4 9 0 1 1 1 25.694045917556828,9.801326664614402,0 11.014596225617318,-2.2200608069637866,0.5 -18.88392993299426,-13.625240925787818,0.5
2149 12 22 1 1 1 1 -2.624498260790534,-12.22137508135265,0 4.094217286833233,19.06534512691013,0 10.590356908472234,20.73871598125531,0.5 3.871641360848466,-10.54800422700747,0.5
2156 6 31 0 1 1 0 4.987897747162239,25.007416421211005,0 12.045618727955944,29.71789140334013,0.5
903 8 25 0 1 1 0 7.402183211899657,-22.303759407271926,0 2.3375793812684975,-26.091870815184343,0.5
2714 19 22 1 1 1 1 16.10507996119383,-10.994380357416826,0 -10.32376920589348,7.047679716292837,0 -15.199898306787702,17.64123270815598,0.5 11.228950860299607,-0.4008273655536856,0.5
2318 27 31 1 0 1 0 3.903292383109466,-27.221577995626184,0 1.468209378393051,32.032707678577516,0.5
1696 25 4 1 1 0 1 -23.381481135282716,-10.17626355399753,0 5.959985387425006,2.5939495333719194,0 -22.820907839070177,-16.47592684496582,0.5
1162 1 28 0 1 1 0 23.171626175568782,-19.83244161417589,0 17.75071135471,-23.09030632975166,0.5
2824 31 28 1 0 1 0 29.384076185014774,-11.350157124606145,0 -24.42365804842172,15.866156671789327,0.5
1149 4 12 0 1 1 1 20.397898750315328,-18.443853354759803,0 5.24765870001392,-12.834020343141438,0.5 -18.488078027625733,8.627918106033606,0.5
2662 7 4 0 1 0 1 -18.613273485292957,15.930977690075718,0 24.793913754531047,-13.323356961849981,0.5
1077 29 28 1 0 1 0 -18.660819776437172,22.847840275862648,0 13.381231253331643,-25.86875818714266,0.5
288 31 2 1 0 0 1 25.941276825295464,17.86897189749283,0 20.890597935278073,21.675629585009883,0.5
494 21 30 1 1 1 0 10.983125185115988,18.48299113152606,0 -5.363851834591529,-9.026577064233656,0 -20.738756508613676,-23.15499899538832,0.5
388 0 0 0 1 0 1 -21.659229526251472,-22.871986715831145,0 17.30266062799792,26.997554244640952,0.5
2517 1 13 0 1 1 1 -16.180591121355377,25.854177050595045,0 -2.075833371630404,14.62671924298903,0.5 14.900524526185075,-12.498974711733641,0.5
2470 3 7 0 1 1 1 -12.672102606770421,25.52778516682327,0 2.039506717549525,9.38564927690516,0.5 16.26783245146719,-19.277127050756057,0.5
2744 15 22 1 1 1 1 13.324947094821107,-7.918066993920837,0 -14.184621100938598,8.428910025786697,0 -16.27760694644838,16.652012253686806,0.5 11.231961249311325,0.3050352339792708,0.5
2292 31 4 1 0 0 1 2.7673126913484,-31.378208688009934,0 8.392709560004462,-26.866567072132785,0.5
271 0 30 0 1 1 0 -26.560921006923763,-16.934210204906396,0 -28.943281013987715,-11.337393181209602,0.5
1948 2 24 0 1 1 1 17.439482202559084,23.79315995210861,0 19.322924531367768,16.2134076478409,0.5 0.4055201082528317,-9.596121791734545,0.5
460 29 3 1 0 0 1 16.83605024669074,24.223901669444267,0 11.338441424204083,26.827033866417153,0.5
1442 16 30 1 1 1 0 -16.37841134504733,1.9994103661892364,0 15.385780354438399,-1.8782339803595858,0 29.54818689859443,-9.65166571145792,0.5
1086 28 18 1 0 1 1 -18.441094904729155,21.72961156382627,0 7.395880222966026,-17.987522223128455,0.5 -13.309910547256182,6.410638129237886,0.5
2410 25 3 1 1 0 1 8.38609949183388,-24.081597441055766,0 -2.137633203800793,6.138446406543626,0 15.038957653474517,-24.941526671336707,0.5
1637 28 28 1 0 1 0 -27.33482393378486,-8.06581679118627,0 29.03289062666618,2.3111170156526155,0.5
2663 0 13 0 1 1 1 -23.974197941685027,20.432519008994102,0 -6.382747878056612,13.323307754651763,0.5 17.971992888099606,-7.433536952897802,0.5
1904 10 7 1 1 0 1 -6.960255148422398,-7.861605959907905,0 14.251951018198245,16.097574108382855,0 -11.748249083514413,-22.321035896026483,0.5
2283 1 25 0 1 1 1 -2.1063307842893755,30.427181444017368,0 4.224644382450005,25.853479066497677,0.5 6.434565205310989,-6.07012113706153,0.5
332 10 29 1 1 1 0 8.062282783071273,6.726782018602395,0 -16.508483793907846,-13.77388699047157,0 -26.495050877353997,-14.292035509556479,0.5
2640 1 1 0 1 0 1 -22.233543136353042,20.878686730825013,0 26.340825771925175,-16.504874966296548,0.5
387 31 19 1 0 1 1 21.707084964201478,22.82657360089197,0 -17.785638044675576,-9.996053188323316,0.5 4.266003823719576,13.192846977662175,0.5
857 5 4 0 1 0 1 5.889074495662005,-25.83735283624356,0 -11.961270401817604,25.478971925385885,0.5
1109 4 26 0 1 1 0 18.783018576919815,-20.08602034100048,0 13.717595281540808,-23.45373274538297,0.5
2001 31 30 1 0 1 0 -15.692830818193952,-27.31272708668144,0 20.397069919841407,23.456545753480007,0.5
1114 30 17 1 0 1 1 -21.064215178407398,22.05785209211793,0 7.746775510472849,-16.799924678115023,0.5 -14.353384676708684,6.342739811975922,0.5
1997 5 21 0 1 1 1 13.393934557023755,22.865968535843063,0 16.04397751664412,15.519045893527672,0.5 -0.1298302503279647,-12.092689696924328,0.5
2608 14 14 1 1 1 1 9.88157038417203,-10.61152989642183,0 -11.926033222276587,12.807018840509103,0 -5.490592495997479,14.700455572630945,0.5 16.317011110451137,-8.718093164299988,0.5
2044 0 30 0 1 1 0 13.172801591763497,28.61341116022403,0 18.204790968575583,25.19594383607149,0.5
53 30 6 1 0 0 1 30.312287657716045,3.3786412884287502,0 24.67840942757989,8.787838649220635,0.5
2701 1 11 0 1 1 1 -24.71251134652127,17.875731675879937,0 -5.801294768187376,11.601507618090062,0.5 20.126585988818547,-7.153358402505282,0.5
839 11 1 1 1 0 1 -2.1312214863609444,11.300791785360593,0 3.799133953947771,-20.144889704338446,0 -11.548435308362816,28.859723524811514,0.5
429 4 29 0 1 1 0 -17.126663963423095,-21.515747290856172,0 -23.066584387858846,-19.343802229080673,0.5
2256 30 12 1 0 1 1 0.38326421644225217,-30.49759184821639,0 5.84245076668099,12.574409291847816,0.5 6.244564042948271,-19.423064122674297,0.5
2429 3 2 0 1 0 1 -10.43602818097887,26.520545164189496,0 16.385477274526792,-25.25403204413042,0.5
375 23 1 1 1 0 1 16.61700935788387,16.61700935788387,0 -6.0104076400856545,-6.0104076400856545,0 17.324116139070412,25.809397513308987,0.5
2642 0 23 0 1 1 1 -23.052633912916377,21.46685980009787,0 -13.109071052474526,20.405936786660256,0.5 10.309477684456393,-1.4016668197883684,0.5
1540 11 24 1 1 1 1 -11.4596678813693,-0.9622951983216229,0 20.42810361461484,1.7153957883124582,0 24.91614211160675,-3.928849993855308,0.5 -6.971629384377393,-6.606540980489389,0.5
2729 28 29 1 0 1 0 24.031309482454827,-15.32142828062961,0 -21.648949475390868,20.9182453043264,0.5
12 8 23 1 1 1 0 8.49731560890805,0.21360581126836858,0 -23.49257844815755,-0.5905572429184308,0 -23.643359020817574,5.407547892781369,0.5
90 30 18 1 0 1 1 29.959761147225006,5.7151300948646,0 -19.29660202599509,2.427169184536227,0.5 12.13658999732295,8.423371251279415,0.5
616 0 3 0 1 0 1 -8.724846728484252,-30.267590745952305,0 2.128653564637694,29.04683862319194,0.5
541 0 8 0 1 1 1 -13.352323753603217,-28.530079747153938,0 -9.03730890122384,-5.155293185053623,0.5 4.526956499261968,23.827644970785297,0.5
1033 19 3 1 1 0 1 -10.892972801788243,16.17384133530132,0 6.982674872941182,-10.367847009808537,0 -20.897065275013993,20.2870072433517,0.5
1700 4 13 0 1 1 1 25.12250008517153,11.185257684584496,0 14.773283536629913,0.009671935667690867,0.5 -14.46017110793332,-13.005900642757904,0.5
895 6 15 1 1 1 1 -1.943765149664563,6.2025621353558,0 7.625540202530209,-24.33312837716506,0 -1.0903096911283194,-16.58496984553881,0.5 -10.65961504332309,13.95072066698205,0.5
109 30 0 1 0 0 1 29.708678237209728,6.90249501252562,0 29.324865390064026,12.97313646943657,0.5
1812 29 3 1 0 0 1 -23.42271676011115,-17.93394378199085,0 -18.981144575295684,-22.089955876183257,0.5
193 9 18 1 1 1 1 8.734396316515252,3.73635129317959,0 -20.68672811806244,-8.849253062793766,0 -19.36888838048523,-1.7595916868137786,0.5 10.05223605409246,10.826012669159578,0.5
2760 1 31 0 1 1 0 -26.72735374133784,14.693487060102317,0 -24.71313837677141,20.433080814467214,0.5
242 31 3 1 0 0 1 27.539852541472957,15.29073320655113,0 22.004488831513413,19.08015909954111,0.5
1586 0 28 0 1 1 0 30.99041077374373,5.643087813832835,0 29.113816950307722,-0.7972845062929075,0.5
719 22 23 1 1 1 1 1.4598144580110632,22.452593207649354,0 -0.61636610449356,-9.479983798785282,0 -7.512053289295827,-23.061202383630818,0.5 -5.435872726791204,8.871374622803817,0.5
798 25 5 1 1 0 1 -2.5592237287059825,25.371250933023155,0 0.6523511465328975,-6.467181610378451,0 -8.629291545444998,25.764031660897167,0.5
162 26 7 1 0 1 1 24.98924920116091,8.819717929859145,0 -9.069346286334405,3.161796631434788,0.5 21.10635086223726,13.81202205617036,0.5
490 7 31 1 1 1 0 3.8852025702984774,6.4152319512038,0 -12.691661729641693,-20.95642437393241,0 -21.450036356216643,-23.835812138817175,0.5
1249 14 1 1 1 0 1 -12.542156460102422,7.276284170530385,0 15.137085382882233,-8.781722274778051,0 -29.39265359009008,10.11542954762498,0.5
426 28 5 1 0 0 1 17.889203796784965,22.186175594660167,0 11.963047264801427,24.39539915927032,0.5
290 27 29 1 0 1 0 22.581603251176862,15.694623111321869,0 -27.64818307555086,-11.909154991888508,0.5
1874 4 2 0 1 0 1 19.48612023118987,19.404667436872316,0 -16.66954698904972,-25.067433119086274,0.5
1325 0 18 0 1 1 1 29.40778343466185,-11.28859041067697,0 15.121030192926426,-12.231289625571272,0.5 -14.753543454984026,-0.7635152401216505,0.5
2266 6 24 1 1 1 0 0.21777632695696147,-6.496350781124518,0 -0.8543532826773104,25.485683833642337,0 5.175782257892546,24.687269553737302,0.5
1889 8 5 1 1 0 1 -5.8316149899287435,-6.184033199234816,0 16.122700266273586,17.097032962590372,0 -13.815717416200329,-23.396067025799418,0.5
1689 22 28 1 0 1 0 -20.760136647077587,-8.675639826241415,0 28.609677039962655,5.453107340685103,0.5
674 21 0 1 1 0 1 3.4078086961199965,21.228208588824657,0 -1.664278665546975,-10.367264659658552,0 -0.9313152374496756,32.052810359288216,0.5
88 8 29 0 1 1 0 -23.101992999015863,-4.306729556568655,0 -30.09996471533531,0.4920611095880796,0.5
28 6 21 1 1 1 1 6.4888264240466675,0.3809614660221272,0 -25.456165202029236,-1.4945411359329606,0 -21.81469798663633,4.729582619200658,0.5 10.130293639439577,6.605085221155745,0.5
150 2 6 0 1 0 1 -28.05616723070703,-9.116001334060948,0 22.39783919927673,13.586272454332079,0.5
1731 30 30 1 0 1 0 -26.99955499563989,-14.187107881362467,0 29.790461464104638,8.875720013367733,0.5
2796 1 22 0 1 1 1 -27.758232105892365,12.638455220295175,0 -17.991130854452692,14.784086396458873,0.5 11.132260207467166,1.5240678046737712,0.5
701 15 20 1 1 1 1 1.5879023630795475,15.418448887139276,0 -1.6903476768266152,-16.41318752501923,0 -8.068560759094606,-19.777470194056637,0.5 -4.790310719188443,12.054166218101868,0.5
431 23 22 1 0 1 1 14.558368802145637,18.44732766068605,0 -18.64881974520822,-13.94530466181116,0.5 1.1753420279262672,11.174460663378353,0.5
299 29 23 1 0 1 1 23.902265072864843,17.289642112736328,0 -22.557324809787854,-8.911627091936088,0.5 3.3705559472180746,9.843238928659247,0.5
539 18 29 1 1 1 0 7.911958301240619,16.722766393136922,0 -5.773591192797208,-12.203099800397213,0 -18.039965851103773,-24.09999236703219,0.5
2262 7 30 1 1 1 0 0.1884757158250313,-7.497631419624749,0 -0.6156873383617689,24.49226263744085,0 5.231637224678005,30.641148345800673,0.5
102 27 15 1 1 1 1 26.87487339812532,5.830195522856502,0 -4.397706556056871,-0.9540319946492458,0 -16.419698574839327,2.577498537617314,0.5 14.852881379342865,9.361726055123063,0.5
124 3 1 0 1 1 1 -27.5442746365661,-7.318670285333351,0 -2.990471356731553,5.413601487417424,0.5 27.93643349836021,13.631055842879432,0.5
464 16 0 1 1 0 1 9.302937225506541,13.627375351779396,0 -8.739122848203115,-12.801473815307919,0 12.80474366622907,29.398784662672135,0.5
517 3 12 0 1 1 1 -13.36236848963049,-25.173341223352338,0 -11.160338717912111,-8.22780892470601,0.5 3.8430223932519487,20.036995255900123,0.5
2322 31 13 1 0 1 1 4.732106057303854,-31.14252995924429,0 3.903865015297261,14.248152088686382,0.5 8.711083867161493,-17.388703742926864,0.5
1571 25 2 1 0 0 1 -25.21858730121745,-3.7779431614139045,0 -28.285516330095344,-10.304346943882937,0.5
2689 2 13 0 1 1 1 -23.460226124927203,17.884848061062275,0 -7.0984394684794445,12.956162900810304,0.5 18.349941412797524,-6.444350250172503,0.5
2988 13 19 1 1 1 1 13.49573655532455,-0.3392562884850622,0 -18.49415750174105,0.4649067657017518,0 -19.34306111836432,6.488141996844889,0.5 12.646832938701277,5.683978942658076,0.5
1924 0 31 0 1 1 0 19.87481979950827,24.438525690742352,0 24.529777073935385,20.652845728931254,0.5
2464 4 0 0 1 0 1 -11.916974381322655,24.783779404983807,0 19.05772252514787,-25.788625635238326,0.5
1493 21 25 1 1 1 0 -21.497689457333173,0.3151951713877064,0 10.498871595441782,-0.15393252556143802,0 25.409298145752082,-6.373191330901655,0.5
2519 30 4 1 0 0 1 16.288746576417932,-25.786173329310284,0 19.75926461729032,-20.04548482286968,0.5
872 16 31 1 1 1 1 -4.170290605957234,15.964293791516893,0 3.917545720747705,-14.996760834455264,0 2.156266141730396,-31.993757458698518,0.5 -5.931570184974544,-1.0327028327263614,0.5
2656 26 14 1 0 1 1 19.914603501976433,-17.483093758230204,0 -6.938233518085926,14.075187943630059,0.5 17.109589578640332,-7.036472443666793,0.5
41 11 1 1 1 0 1 11.457627322637384,0.9862941425119098,0 -20.424466096875335,-1.758176514912535,0 29.873032042205978,8.593716111516308,0.5
595 25 21 1 1 1 1 8.133462387100787,24.168094455244436,0 -2.0732355104374554,-6.1604946650623065,0 -12.54423560996602,-18.46326495941767,0.5 -2.3375377124277783,11.865324160889068,0.5
2902 30 2 1 0 0 1 29.85980241916716,-6.216285023090481,0 30.103668246031937,-0.13841290708741738,0.5
1576 6 21 0 1 1 1 25.17764274488506,4.0418196163283575,0 22.179224969137213,-2.5163425379706146,0.5 -9.416248279346,-7.588429899637573,0.5
1331 24 30 1 1 1 0 -22.981244531026572,8.491902013398489,0 7.035074856436705,-2.599561840836272,0 26.529654943506916,-16.199611371216868,0.5
774 25 12 1 0 1 1 -1.2812301135841215,25.467792393453447,0 -5.364367762388986,-12.785677866653835,0.5 -6.972185944141609,19.173904744738724,0.5
2631 8 27 1 1 1 0 6.085460105685565,-5.934406061444518,0 -16.824507351013033,16.406887346346608,0 -15.499260769139518,23.495167920451486,0.5
1238 6 27 1 1 1 0 -5.545714563735581,3.390435072018202,0 21.756264826962664,-13.300937590225255,0 20.333006164710657,-19.46326951737139,0.5
2759 6 12 0 1 1 1 -22.320042295420528,12.331492688666636,0 -8.03966951218654,11.296624014935533,0.5 19.969795329125493,-4.178190339469657,0.5
160 22 2 1 1 1 1 21.24846833034332,7.399499551618122,0 -8.971575517256069,-3.1242331440165407,0 -4.334140806025202,4.844091604578429,0.5 25.88590304157419,15.367824300213092,0.5
2715 9 14 1 1 1 1 7.857265455608335,-5.339792089595243,0 -18.609312921177636,12.646876001672945,0 -8.620168059868357,13.112692424503269,0.5 17.846410316917613,-4.873975666764921,0.5
722 1 30 0 1 1 0 -1.787588417488442,-30.447570143603595,0 -7.7772743473776735,-30.095913405737015,0.5
2358 27 26 1 0 1 0 6.167445926107981,-26.79948900163087,0 -0.09601392843913814,27.17058669454058,0.5
2386 25 30 1 0 1 0 7.165544040163898,-24.4725351896462,0 -2.8123091014557513,30.957081863733045,0.5
2789 31 31 1 0 1 0 28.473899534260163,-13.471712783193492,0 -25.90785900412807,18.89531269448114,0.5
1826 0 6 0 1 0 1 24.43852569074236,19.874819799508263,0 -15.997888454504146,-20.74409711212428,0.5
2437 30 3 1 0 1 1 11.642330019010672,-28.19053301604003,0 4.20967354195747,5.5252736285312825,0.5 16.42457716846047,-24.051679044035307,0.5
2875 29 23 1 1 1 1 28.494811875527514,-7.6351618305243605,0 -2.4148145657226707,0.6470476127563017,0 -21.14634264717798,11.877802517643646,0.5 9.763283794072205,3.5955930743629843,0.5
2442 4 2 0 1 0 1 -10.762775838023057,25.306375802561437,0 17.066914255892684,-24.798597496269966,0.5
2134 10 23 1 1 1 1 -2.5259521539944143,-10.191641953862536,0 5.172187743893325,20.868600191242336,0 11.477116889718472,21.36646409445744,0.5 3.7789769918307337,-9.693778050647433,0.5
612 27 14 1 0 1 1 7.8380297179243446,26.359349197977835,0 -9.88391003991891,-12.188450365932091,0.5 -0.763293640879672,18.484246882623932,0.5
2614 0 18 0 1 1 1 -21.75484518425681,22.781060357433283,0 -8.437405516322261,17.52313294343037,0.5 13.662754670859258,-5.6195315466605855,0.5
2459 1 2 0 1 0 1 -12.928440459838042,27.62436292978397,0 17.938858070292657,-24.175346349822913,0.5
2625 2 9 0 1 1 1 -20.859650045003146,20.859650045003157,0 -2.474873734152914,10.960155108391486,0.5 20.1525432638166,-11.66726188957804,0.5
1690 29 3 1 0 0 1 -27.194962971860765,-11.431709800337037,0 -23.948006301559648,-16.575373123415936,0.5
1857 1 26 0 1 1 1 22.36428805978808,20.738578051033784,0 23.510986947232357,13.619232458808748,0.5 0.0468158681104347,-8.139275660308666,0.5
1970 26 2 1 0 0 1 -14.66487605494862,-22.072412878817634,0 -11.327523258418056,-27.891525896407998,0.5
845 27 9 1 0 1 1 -5.435576860425969,26.95745730209735,0 -4.003882314128633,-10.498520201181115,0.5 -10.32891720626067,20.870157386713988,0.5
1392 6 19 1 1 1 1 -6.334424673112752,1.4577599461709765,0 24.850435256057718,-5.718904404209216,0 17.65764945364197,-10.220441075232394,0.5 -13.5272104755285,-3.0437767248522007,0.5
2577 20 9 1 1 1 1 12.967688319219048,-15.877312734074046,0 -7.27455686200093,8.90678519228544,0 -1.3623981769822775,11.153200043366718,0.5 18.8798470042377,-13.630897882992768,0.5
208 31 1 1 0 0 1 28.557982194740386,13.292541253082156,0 25.119466965748853,18.310171472617398,0.5
1434 31 31 1 0 1 0 -31.199534909444512,4.340394156566112,0 30.37279316533668,-10.28316271074602,0.5
2555 31 1 1 0 0 1 18.7810835614169,-25.288750468520107,0 23.001763537597967,-20.908583743535296,0.5
49 18 30 1 1 1 0 18.402664800779135,1.895238304320748,0 -13.42897161137937,-1.3830117355854108,0 -30.954200337820982,2.8438497579941626,0.5
878 5 16 1 1 1 1 -1.4568564299452949,5.303543093303481,0 7.019399162463693,-25.553434904098587,0 -1.415114084677004,-17.499927203487125,0.5 -9.891369677085992,13.357050793914942,0.5
496 30 4 1 0 0 1 15.47074578527077,26.285091303770027,0 8.778195451551673,26.7430978873869,0.5
572 5 0 0 1 0 1 -9.652007441135302,-24.679723506479338,0 5.885278994599471,31.521635286826825,0.5
1100 31 3 1 0 1 1 -21.077614100304025,23.409062002537926,0 -2.1169118306083643,-6.6157905273240285,0.5 -23.52909123409182,17.164843887952596,0.5
2274 29 2 1 0 0 1 1.482207386303209,-29.462740219877514,0 7.474629125939313,-29.161274310798895,0.5
1867 0 11 0 1 1 1 22.643921854564407,21.897552444151845,0 12.43779098388577,3.6812165708050726,0.5 -10.56555820170347,-18.563916070872992,0.5
2907 31 4 1 0 0 1 30.90435129946502,-6.096808243602116,0 28.14128603799685,0.5639327332613311,0.5
66 14 2 1 1 0 1 14.361690672601442,1.9979592149272518,0 -17.333074949691397,-2.411330086981166,0 28.391870313943382,10.007582129376729,0.5
1803 2 6 0 1 1 1 23.7565826284781,17.489276194751245,0 8.791642178088647,-0.9782779832198472,0.5 -16.978210164667257,-19.94969622837374,0.5
2501 13 2 1 1 0 1 6.774471469114493,-11.677180152509155,0 -9.283534976193936,16.002061690475507,0 19.99333253732833,-22.505924865506156,0.5
1169 27 16 1 0 1 1 -21.152354744001077,17.57349961686446,0 8.857194748175672,-15.159158986991638,0.5 -15.756454408480124,5.29000420354155,0.5
2076 23 27 1 1 1 1 -8.375679149761405,-21.956730147730376,0 3.0295009690626356,7.9417960108812,0 15.40730031935408,23.555574645277318,0.5 4.00212020053004,-6.342951513334261,0.5
2854 26 4 1 0 0 1 25.270716052805867,-7.977525316691888,0 28.030560126502362,-2.5568924487619524,0.5
101 7 29 0 1 1 0 -23.953895159451193,-5.1440165911494375,0 -30.102204357171704,-0.3275558564163781,0.5
2287 3 2 0 1 0 1 -2.2063298799783175,28.41447005419448,0 8.26573865910622,-28.946978502416393,0.5
644 0 2 0 1 0 1 -6.935881577539999,-30.726918926933454,0 0.6427616817723578,30.097123739992917,0.5
1219 31 29 1 0 1 0 -26.200452417519436,17.486746212983704,0 21.206122826632416,-21.36703897740114,0.5
1347 4 1 0 1 0 1 26.1001439872331,-8.662129290520886,0 -30.83735154013581,3.912511979545033,0.5
2811 14 2 1 1 0 1 13.378754728116668,-5.590967888022244,0 -16.146772947727012,6.7477198648544325,0 29.53234977983277,-5.8386913329624965,0.5
823 13 30 1 1 1 0 -2.055994454218214,13.34252175580853,0 2.8174738817064413,-18.28419648018206,0 -1.2849851615700487,-31.057991131664405,0.5
316 17 2 1 1 0 1 13.805218188641847,10.754810587081128,0 -11.438609356303244,-8.911128772152935,0 19.58428988813987,22.862755511471107,0.5
2623 31 29 1 0 1 0 22.180367930604106,-22.366968468324643,0 -16.51171565532931,25.171675472990525,0.5
1780 26 30 1 0 1 0 -22.072412878817634,-14.664876054948625,0 28.724447137118094,11.880914807661407,0.5
1436 14 21 1 1 1 1 -14.369933685451644,1.9377837536015519,0 17.34302341347612,-2.3387045302087697,0 20.50530149762766,-8.819445021734015,0.5 -11.20765560130011,-4.542956737923694,0.5
2879 8 14 1 1 1 1 8.228511549447301,-2.1311024566201353,0 -22.749414283766068,5.891871497714492,0 -12.532565026737066,9.443771166785385,0.5 18.445360806476305,1.4207972124507577,0.5
1484 31 30 1 0 1 0 -31.482315323911124,1.0553775844837598,0 30.28185244039323,-7.018505024451473,0.5
1866 25 3 1 1 0 1 -18.36788013464163,-17.68815929822652,0 4.682008661771396,4.508746487783231,0 -16.366887374428522,-24.090973364992376,0.5
1318 30 4 1 0 0 1 -28.310903277797383,11.346486486802931,0 -27.75831996918838,4.661080613780206,0.5
1454 2 20 0 1 1 1 29.363199096749444,-2.837699562084136,0 19.82777573257148,-7.944136800109202,0.5 -12.02383006729232,-4.865954224289123,0.5
1171 16 3 1 1 0 1 -12.735468397707574,10.490845756705781,0 11.963621828149538,-9.855036922966036,0 -25.812480234842457,13.489472344234501,0.5
500 14 22 1 1 1 1 7.250000000000002,12.55736835487436,0 -8.750000000000002,-15.155444566227676,0 -16.446152422706632,-16.48557158514987,0.5 -0.44615242270663114,11.227241335952169,0.5
2697 15 0 1 1 0 1 12.48227222852239,-9.189280712496416,0 -13.287580114233513,9.782137532657476,0 28.924339320866697,-13.84314252080663,0.5
1110 31 28 1 0 1 0 -21.563233836753696,22.96251176377446,0 15.13578075443916,-24.88288851708236,0.5
1460 5 17 0 1 1 1 26.407060770111865,-2.217462848306355,0 16.936557976872436,-7.443319413812544,0.5 -14.951213519111704,-4.765628427178455,0.5
2204 7 15 1 1 1 1 -0.7214490412078349,-7.465220109343079,0 2.356733534612261,24.386385690520726,0 7.463170772637322,14.850962326342762,0.5 4.384988196817226,-17.00064347352104,0.5
246 4 28 0 1 1 0 -23.930053253411955,-13.550001892578019,0 -27.75660105737123,-8.821626706109155,0.5
2120 28 2 1 0 0 1 -7.664214887535076,-27.450133153733255,0 -2.1541593073643934,-30.026814644222508,0.5
2458 13 28 1 1 1 0 5.696803394178071,-12.239135226317307,0 -7.806730577206986,16.772148273101497,0 -6.586969287123791,28.37008698630457,0.5
1730 11 18 1 1 1 1 -10.19134116115897,-5.3279044038784065,0 18.167173374239905,9.497568719957158,0 19.174542426496643,3.2537551743301467,0.5 -9.183972108902232,-11.571717949505418,0.5
2159 25 4 1 0 1 1 -4.83067409274987,-25.03826247585154,0 6.743827775391515,3.2818877092091254,0.5 0.6818053844897172,-28.138676966369275,0.5
1961 27 27 1 1 1 1 -15.647293924497083,-22.614424441944056,0 2.560466278554068,3.7005421814090274,0 20.581350166375785,19.200469403871963,0.5 2.3735899633246347,-7.114497219481118,0.5
864 12 24 1 1 1 0 -2.9562374627965555,12.145396661433425,0 4.611730441962626,-18.946818791836144,0 -0.03556497040679485,-25.22397143855186,0.5
1549 30 5 1 0 0 1 -30.339528455338577,-3.124582069285549,0 -25.745902021336363,-8.683232641577,0.5
2532 1 3 0 1 1 1 -16.984706302889723,25.333174925472292,0 3.034510737466221,6.248339346114471,0.5 20.854530465088224,-20.330729428151542,0.5
165 31 3 1 0 0 1 29.637744222058103,10.670244487726679,0 24.782674393723674,15.299315340716156,0.5
2279 0 13 0 1 1 1 -1.9120538130882108,31.441915498516543,0 5.169484651251061,13.839307368523892,0.5 7.111888524864481,-18.101686153778626,0.5
466 1 10 0 1 1 1 -17.090672341258415,-25.261807514976923,0 -10.853209989281144,-5.334588356055974,0.5 7.077987221219487,21.169603135067355,0.5
2086 13 31 1 1 1 0 -4.546349136131243,-12.711440104582906,0 6.230182149513186,17.419380884058057,0 16.257676919676417,27.639427294635116,0.5
598 31 6 1 0 1 1 9.859438510370763,29.917243727660107,0 -7.7330099264562095,-4.295411211668766,0.5 2.282927607888692,26.096709400557373,0.5
2892 5 8 0 1 1 1 -25.82496212884429,5.943175165158611,0 -6.937853852989615,7.753462704789205,0.5 24.24700607618085,0.5767983544089947,0.5
2073 4 29 0 1 1 0 9.96257258437501,25.631955592600796,0 16.27954999253337,25.322445617289944,0.5
1965 30 28 1 0 1 0 -17.143543024489993,-25.22595751537413,0 20.9818597144331,20.19929609971222,0.5
1008 5 1 1 1 0 1 -2.8294174357982858,4.716396609065087,0 13.632647645209923,-22.724456389131785,0 -20.83556571749786,23.067925811217354,0.5
2402 0 8 0 1 0 1 -9.85943851037075,29.91724372766011,0 13.053976741576928,-20.441225286913905,0.5
1516 28 21 1 0 1 1 -28.483999578776732,-0.9548654335805251,0 21.68895380860291,-5.276294408795757,0.5 -10.29308080616395,-6.348424018430031,0.5
824 4 27 0 1 1 0 4.2450516303324575,-27.170379766499618,0 -1.6830312278129131,-28.096572849481245,0.5
2095 1 28 0 1 1 1 9.728258933591146,28.90693650529236,0 14.77695077505252,25.097643829484767,0.5 4.5702528775142675,-5.230945290821972,0.5
2750 31 7 1 0 1 1 27.279800219209807,-15.750000000000014,0 -3.4951905283832856,8.946152422706634,0.5 24.217622392718745,-7.05384757729338,0.5
521 4 31 0 1 1 0 -12.689571397777764,-24.397228894706476,0 -19.85835899629958,-25.17728297442136,0.5
1802 10 11 1 1 1 1 -8.468751847360691,-6.20727332633459,0 17.34077759221475,12.710131096780351,0 12.822312971681475,1.9591554446365373,0.5 -12.987216467893964,-16.958248978478405,0.5
2063 18 25 1 1 1 0 -7.061741159072053,-17.099175763827557,0 5.153162467430958,12.477776908739028,0 15.279429953475821,21.27883973098218,0.5
2288 2 18 0 1 1 1 -2.3453391462759687,29.40662143614845,0 4.5102018444334,18.918458693098376,0.5 7.0542985454785185,-12.980249305435535,0.5
465 27 28 1 1 1 0 15.45729289093359,22.74471579255045,0 -2.5293752003345875,-3.721862584235528,0 -20.981859714433092,-20.199296099712228,0.5
2556 29 16 1 0 1 1 17.638197000196804,-23.64622605369086,0 -5.0560303112238,16.813285148714577,0.5 14.076929146616802,-8.836858367153475,0.5
1260 2 29 0 1 1 0 25.851047061293972,-14.21173338600061,0 22.96052501668368,-19.46957346626379,0.5
2705 0 19 0 1 1 1 -25.67652556544944,18.247356928794403,0 -12.419304982650722,16.186749635053573,0.5 13.664784480662998,-2.350247879912171,0.5
228 20 19 1 1 1 1 18.206797200677663,9.4213871427405,0 -10.213569161355762,-5.2851683971471095,0 -20.076139915593046,-3.632988589237746,0.5 8.34422644644038,11.073566950649866,0.5
1952 6 0 1 1 0 1 -3.7985434702746215,-5.274567992208844,0 14.9019782295389,20.692535969434697,0 -13.539494055445768,-29.067715780957897,0.5
2165 30 2 1 0 0 1 -5.401084579747284,-30.017966043061882,0 0.6811738083877517,-30.096278877010135,0.5
1412 29 3 1 0 0 1 -29.000374190253954,5.406320081650019,0 -29.1169011834623,-0.6753261971016338,0.5
1192 2 21 1 1 1 1 -1.9976386538405488,1.5031433094293174,0 23.572136115318475,-17.737091051265946,0 13.572148480398358,-17.721365230309445,0.5 -11.997626288760666,1.5188691303858155,0.5
948 27 7 1 1 1 1 -11.079926982125722,25.169132247075236,0 1.8130789607114817,-4.118585276794129,0 -2.4696487678730366,-9.281747408938857,0.5 -15.362654710710238,20.005970114930506,0.5
651 31 27 1 0 1 0 6.484672176251263,30.825298486252372,0 -11.53270716712457,-25.675799216331196,0.5
2816 3 31 0 1 1 0 -26.409807191728905,10.71317339053673,0 -26.9343819717979,17.400835261483522,0.5
737 3 1 1 1 0 1 0.0952832036316137,3.4987027754734603,0 -0.7758775152859974,-28.489436885998177,0 -5.167451126307585,30.652038249637208,0.5
1670 9 1 1 1 0 1 -8.904178900172969,-3.3114344495572436,0 21.08884476356756,7.84287106474084,0 -26.495668395571805,-16.255139380266712,0.5
477 11 30 1 1 1 0 6.222894399459071,9.670862696428944,0 -11.092985668600953,-17.239363937112465,0 -21.549865683658727,-22.402082247332903,0.5
1025 21 23 1 1 1 1 -11.709739252823082,18.031417210826618,0 5.718709867657784,-8.806040963426952,0 7.766993915180593,-22.97659255680763,0.5 -9.661455205300275,3.860865617445942,0.5
557 24 4 1 0 0 1 9.6358533350421,22.525548395223545,0 5.299292911931285,27.643579627710206,0.5
1410 7 18 0 1 1 1 24.06603764285287,-4.590842207350263,0 17.04802625096639,-9.360277824208044,0.5 -14.385165772351646,-3.3640757574648434,0.5
458 21 30 1 1 1 0 12.344185709553877,17.60315537533103,0 -6.02855581164259,-8.596889834463992,0 -22.42402773922695,-21.527029055361545,0.5
1329 31 6 1 0 1 1 -29.50132143256806,11.04183108602466,0 3.9843683427156953,-7.897772401732337,0.5 -25.98522803322646,3.3193258443879525,0.5
1176 31 0 1 0 0 1 -24.521562499361234,19.772277880657068,0 -28.287710667105436,15.101504071254928,0.5
525 21 5 1 1 0 1 9.760795744400257,19.15664027004991,0 -4.766900247265242,-9.355568503977862,0 6.684709097967784,26.335615889429025,0.5
2483 31 8 1 0 1 1 14.768933593802108,-27.82316661528417,0 1.314382988710701,10.320968818816764,0.5 16.317744099874748,-17.943835361789375,0.5
1003 9 22 1 1 1 1 -4.801599180819835,8.197234003415439,0 11.37220858615224,-19.414501587036565,0 6.195008162942489,-22.44709054334383,0.5 -9.978799604029586,5.164645047108174,0.5
2590 21 25 1 1 1 1 14.048542985787266,-16.275393696512765,0 -6.8609163418961066,7.948448084343443,0 -12.120255067837148,23.223897543060424,0.5 8.789204259846224,-0.9999442377957855,0.5
2294 0 30 0 1 1 0 -2.898724762632744,31.366341749564924,0 3.167839531336217,30.92272291865164,0.5
1854 0 20 0 1 1 1 23.231663196782478,21.272983455812266,0 19.171015754568714,9.419243862331955,0.5 -4.429404000892854,-12.191405997540825,0.5
1723 26 9 1 0 0 1 -23.66185987954839,-11.931738642822271,0 -17.38873265784548,-15.488123726067602,0.5
73 25 4 1 1 0 1 25.202541094305,3.883545080189965,0 -6.424177141685589,-0.989923255734697,0 26.26543567106854,10.118146520433491,0.5
893 31 21 1 0 1 1 -9.293793639740866,30.097764032929625,0 0.6104755256143131,-22.31316471575975,0.5 -8.830838648090694,8.262341603406853,0.5
2054 10 10 1 1 1 1 -4.190226169293104,-9.62766870276347,0 8.579986918076356,19.713797819944247,0 9.691751142300802,7.233253748881697,0.5 -3.078461945068659,-22.108212773826022,0.5
887 9 3 0 1 0 1 6.367750098304956,-21.580124158251202,0 -13.820516566719933,25.636757240903535,0.5
1539 28 1 1 0 0 1 -28.404978948969852,-2.325332429692494,0 -29.908767135628967,-8.468509221032988,0.5
2379 1 3 0 1 0 1 -8.140510674271452,29.393572187845297,0 13.38904876537076,-25.864712895343022,0.5
1727 2 21 0 1 1 1 26.2283627395488,13.502702988759255,0 21.86189887568999,4.506370773594278,0.5 -6.589206468905317,-10.140629078619153,0.5
2828 24 11 1 1 1 1 22.927435058043027,-8.636128858419125,0 -7.0186025687886815,2.643712915842589,0 -8.646886939468574,9.668575192656249,0.5 21.299150687363134,-1.6112665816054657,0.5
2011 25 19 1 0 1 1 -12.237890803734496,-22.371500367115985,0 14.622269524530141,14.22811420926881,0.5 -0.7350836409405996,-13.845925467112032,0.5
1671 25 22 1 0 1 1 -23.882022112078904,-8.938625164877111,0 23.17557837298188,2.26772288381418,0.5 -6.7940180029602715,-8.949375362306116,0.5
2376 30 29 1 0 1 0 7.955665941841864,-29.44413998441485,0 -1.9025346025523238,30.043807383320956,0.5
869 31 8 1 0 1 1 -7.7698135425090085,30.526709575626448,0 -3.7179949949978455,-9.717330560250124,0.5 -11.611138911197473,21.293929961021192,0.5
1740 6 24 0 1 1 0 22.345820341118525,12.284718689593733,0 24.36003570568495,6.545124935228834,0.5
175 23 27 1 0 1 0 21.939140022684242,8.421646814314556,0 -27.82366942594485,-4.2536360535125475,0.5
1635 1 25 0 1 1 0 29.288957413146765,8.509228734196492,0 26.161435620997423,1.3525110899386874,0.5
1252 31 2 1 0 0 1 -27.34553414716953,15.635592799954376,0 -28.587517909245314,9.434183578274187,0.5
1067 31 15 1 0 1 1 -19.410661006873617,24.808793587682494,0 4.825793145410989,-15.904770369851441,0.5 -14.892973591730465,9.297813592238711,0.5
2469 15 1 1 1 0 1 6.86275258110297,-13.897936070171157,0 -7.305510812141871,14.794577106956394,0 18.883972267397905,-24.69100223571629,0.5
2860 31 2 1 0 0 1 30.15556417226012,-9.104501603750847,0 29.975115958862816,-2.7825210246694994,0.5
2228 28 4 1 0 0 1 -1.3127211161642873,-28.46975172478988,0 4.726971215937592,-27.747175408024823,0.5
2788 0 29 0 1 1 0 -28.445622015386746,13.531318788563993,0 -24.06215672135,18.090401154125658,0.5
1718 30 20 1 0 1 1 -27.375774596856328,-13.446819892529081,0 21.045386839040304,3.6526282037937117,0.5 -7.676737328153223,-10.455510699843359,0.5
921 1 20 0 1 1 1 10.691296765833394,-28.56477154581987,0 1.5666542434316524,-21.302478599485497,0.5 -9.65044400268863,8.66711777645666,0.5
1597 18 7 1 1 1 1 -18.11954069242784,-3.7325922755441225,0 13.222367532312207,2.723783552424089,0 8.556330207917487,-4.363394707458708,0.5 -22.785578016822555,-10.819770535426919,0.5
495 27 6 1 0 1 1 13.998638933135208,23.67040574260845,0 -8.473221364401075,-2.540574681023407,0.5 7.816103939610804,25.00317018310279,0.5
2684 31 29 1 0 1 0 24.849392739555327,-19.358659056746028,0 -19.584289888139875,22.862755511471104,0.5
1883 28 1 1 1 0 1 -19.812071258994532,-20.48735786841541,0 2.433061382683539,2.515991317173822,0 -16.88926407680143,-26.096029562829372,0.5
1439 2 11 0 1 1 1 29.259575833245457,-3.758619701241176,0 10.641810300843245,-7.416324798771059,0.5 -21.097390603016233,-3.3391780042043604,0.5
815 9 15 1 1 1 1 -1.2892979381258909,9.412104484478714,0 3.0536003797718467,-22.29182641060748,0 -3.8408956700969457,-16.170884961913202,0.5 -8.183793987994683,15.533045933172993,0.5
11 29 11 1 0 1 1 29.492171556729268,0.6795710915343838,0 -11.635166083104842,5.733490230092549,0.5 20.356342046228598,6.470652092095949,0.5
2802 16 30 1 1 1 0 15.101479348245139,-6.647956189275437,0 -14.186238175624222,6.245049753561775,0 -25.49741715065601,17.780093324992222,0.5
2691 13 15 1 1 1 1 10.770224933770708,-8.139548812801833,0 -14.759197131463564,11.154196521246957,0 -8.748236562713704,14.132174533411309,0.5 16.781185502520568,-5.161570800637482,0.5
2920 0 1 0 1 0 1 -31.058875167720906,5.253215521557209,0 31.073491610947013,0.8295294475819226,0.5
1989 0 2 0 1 0 1 16.374246292552346,26.909739098527798,0 -10.208947017115158,-28.320088290853466,0.5
1276 2 4 0 1 1 1 26.312684440925945,-13.337639877888954,0 1.301059007350272,-7.386287664273084,0.5 -27.24151394551855,7.081660677843747,0.5
648 3 4 0 1 1 1 -6.04220263277856,-27.852141521693515,0 -6.817640736058407,-3.125663896524543,0.5 -0.033413218552655444,28.14691605765765,0.5
2002 28 16 1 0 1 1 -14.146488723768234,-24.74119756172482,0 13.398745589913151,11.34564306757369,0.5 -2.485031222738902,-16.43394717716997,0.5
95 31 11 1 0 1 1 30.87854200058424,6.2262062219424745,0 -12.459062550424559,3.608567633370381,0.5 18.909615037470545,9.933602525502419,0.5
392 1 30 0 1 1 0 -20.785372187396355,-22.32080426488728,0 -25.1763500755709,-18.23187858867816,0.5
1986 9 31 0 1 1 0 11.816429174129144,19.147375840380572,0 21.648967734548954,23.655278396765027,0.5
2121 0 25 0 1 1 0 8.407412663591836,30.357295866135303,0 12.58834279740964,22.97354186047299,0.5
379 28 23 1 0 1 0 19.98300849957496,20.32066365318601,0 -20.755251988039564,-12.54868578429549,0.5
2912 24 25 1 1 1 1 24.085056530888878,-4.489994644082222,0 -7.372976489047616,1.3744881563517006,0 -23.96852953768053,10.571640922833875,0.5 7.4895034822559605,4.707158122399952,0.5
1917 25 0 1 0 0 1 -16.37744265600291,-19.545571673638417,0 -15.63200053420632,-27.99804563355402,0.5
2492 0 3 1 1 0 1 0.2427100508976367,-0.43714051653131697,0 -15.290733206551112,27.539852541472968,0 19.080159099541095,-22.004488831513427,0.5
2844 27 20 1 0 1 1 26.045203387355464,-8.82594926969827,0 -17.489853593548993,12.261933831016265,0.5 12.817292166282817,1.9917383171855518,0.5
1973 28 15 1 0 1 1 -15.622196958466755,-23.836882392436976,0 13.514573586345843,9.675034923928864,0.5 -4.026138788072969,-17.08918390266704,0.5
971 30 5 1 0 0 1 -13.618560396777468,27.290745917239498,0 -17.201191016984914,21.032570636923996,0.5
269 26 3 1 1 0 1 22.404380105794175,14.152517517215594,0 -4.64996568233464,-2.9373149564032364,0 20.890933128748692,20.293321882090922,0.5
2163 8 24 1 1 1 1 -1.540248990830671,-8.359284242460301,0 4.258335445237737,23.110962317390246,0 10.340212438836852,23.007172940622752,0.5 4.541628002768444,-8.4630736192278,0.5
1084 15 29 1 1 1 0 -9.979777030071432,11.859766036059002,0 10.623633612656686,-12.624912231933775,0 14.402892011016338,-26.434952273817363,0.5
696 20 21 1 1 1 1 2.3135558899063726,20.369031865660173,0 -1.2978484260450385,-11.426530070980096,0 -8.388080137899905,-20.685504866939294,0.5 -4.776675821948494,11.110057069700979,0.5
2769 30 1 1 0 0 1 26.99955499563988,-14.187107881362488,0 29.79046146410463,-8.875720013367758,0.5
2849 2 26 0 1 1 1 -28.037013202079887,9.17474199672111,0 -23.319742300840353,13.944160750019957,0.5 7.093288969212408,3.991898245102143,0.5
1187 30 20 1 0 1 1 -24.177820063725413,18.59255272860929,0 12.59311458802345,-17.252926272748947,0.5 -12.773778593590098,2.254014294972274,0.5
2286 28 22 1 0 1 1 2.1468139575460703,-28.419028657427496,0 4.288100277185207,22.888036089031406,0.5 6.69855805407904,-9.021048719308238,0.5
397 23 16 1 0 1 1 15.833987079153335,17.36475894382658,0 -15.551035764637852,-8.149557450988024,0.5 6.010138130379457,15.496071749116254,0.5
733 4 16 0 1 1 1 -0.9789228503686105,-27.482571023341798,0 -6.583551024404832,-16.275959446651928,0.5 -5.444440798521358,15.703759562327619,0.5
2561 0 29 0 1 1 0 -19.09738013299869,25.050749930007026,0 -13.11327664582283,27.09782234073649,0.5
1143 17 29 1 1 1 0 -12.831968558894797,11.89918412764234,0 10.632202520227118,-9.85932399147508,0 17.551312441230998,-24.45815674964673,0.5
300 31 5 1 0 0 1 25.484035322810843,18.515235447212905,0 17.912238837181267,20.430411152000225,0.5
2400 7 20 0 1 1 1 -7.570916362186207,23.300884649231264,0 -0.628509286915496,21.350760550300333,0.5 9.260034533082814,-9.083047971144584,0.5
1626 27 0 1 0 0 1 -26.547995067915032,-7.173141422972162,0 -28.844472585508747,-14.008797281131393,0.5
2282 17 27 1 1 1 1 1.171983418007237,-17.460711751469812,0 -0.9710719749202822,14.467446879789273,0 4.144841515063991,27.840084209912188,0.5 6.287896907991511,-4.088074421346899,0.5
2721 2 0 0 1 0 1 -24.605313791588546,16.2735531835387,0 29.58334588258547,-12.372374323116533,0.5
1337 1 0 0 1 0 1 28.73988808337033,-10.211211140474378,0 -31.690942343246288,4.892256472941669,0.5
1096 16 10 1 1 1 1 -10.93754380466377,12.353952222712419,0 10.274662361956876,-11.605227845578334,0 2.4679088856178835,-11.838894616149275,0.5 -18.744297281002762,12.12028545214148,0.5
2327 14 5 1 1 1 1 2.3282693470047926,-14.311853892763086,0 -2.809980246385095,17.272927111955447,0 5.039009789520838,6.392056033946601,0.5 10.177259382910727,-25.19272497077193,0.5
2782 1 17 0 1 1 1 -27.37577459685632,13.446819892529092,0 -13.062135609502002,13.100786744275313,0.5 15.659988557691515,-1.0073521593617674,0.5
2496 28 1 1 0 0 1 14.042729234126304,-24.800237008081485,0 20.249286445240042,-23.584240468130787,0.5
2643 5 10 0 1 1 1 -19.43126667489784,18.018764536144108,0 -3.6194608630023657,11.539042553920762,0.5 19.844710216119555,-10.219465565196652,0.5
1399 9 0 1 1 0 1 -9.288245061828013,1.9946186782008053,0 21.998475146434767,-4.72409686942296,0 -32.05762437018813,0.7474755781428719,0.5
2138 4 9 0 1 1 1 6.3917417476490535,26.746880891635946,0 8.043739343726607,7.845269744896261,0.5 0.6060762191895259,-23.278373474461933,0.5
123 19 16 1 1 1 1 18.85652901136748,4.968029150825952,0 -12.087518597030437,-3.184634071042277,0 -17.484148902180472,1.598291952798804,0.5 13.45989870621745,9.750955174667034,0.5
2671 14 18 1 1 1 1 11.191775258591507,-9.21922808922629,0 -13.507314967265613,11.12665459044552,0 -10.464308534385182,16.393542841533474,0.5 14.234781691471937,-3.952339838138335,0.5
2542 17 4 1 1 0 1 10.047593019404317,-14.328149724106654,0 -8.32514850179215,11.871895485688372,0 20.701583221614783,-19.07077481694326,0.5
1895 6 11 0 1 1 1 17.26033722690785,18.770475721553225,0 12.200656174069005,4.40386068378098,0.5 -9.459374855776142,-19.151246104050518,0.5
1828 27 29 1 0 1 0 -21.26235404269921,-17.440249440960198,0 26.61385239655956,14.06957215462293,0.5
451 7 2 1 1 0 1 4.395671723577032,6.076847052423265,0 -14.359194297018306,-19.851033704582665,0 12.428164470797716,27.418802451726467,0.5
370 0 27 0 1 1 1 -22.505889408433305,-22.039395226171006,0 -23.845978732982285,-14.953905786320725,0.5 -0.9828529847325771,7.4353211101069645,0.5
2468 18 30 1 1 1 0 8.15626780366518,-16.604978034158755,0 -5.951871099971888,12.117146133034767,0 -8.061421611180293,30.021050641288276,0.5
1929 31 28 1 0 1 0 -19.617815085375547,-24.645310533162526,0 22.443796607370736,18.561411418504086,0.5
858 3 15 0 1 1 1 6.391716687057359,-27.77401587441745,0 -2.370964442004057,-16.450791093888235,0.5 -9.54762879238425,14.734068835282237,0.5
983 7 1 1 1 0 1 -3.5164127604290742,6.624563479829564,0 11.486948350734975,-21.640240700776573,0 -19.599729342941885,24.126761276296964,0.5
438 16 3 1 1 0 1 10.03084991196099,13.100841577689282,0 -9.422919614266386,-12.306851179041447,0 12.562071092409246,26.276308147630935,0.5
1650 16 11 1 1 1 1 -15.692432518870033,-5.098780407186638,0 14.74137600257488,4.7897634128116895,0 12.791251903643952,-2.152643662459022,0.5 -17.64255661780096,-12.04118748245735,0.5
2478 1 27 0 1 1 0 -14.017185748955363,27.088161688813116,0 -7.309627474209632,27.181231506101405,0.5
2571 27 8 1 0 1 1 17.126663963423088,-21.51574729085618,0 -0.5993512706894251,10.387048572829675,0.5 19.32985770493017,-14.649457365621151,0.5
554 30 22 1 0 1 0 12.171609348899006,27.966085279455797,0 -14.480581050064341,-18.236303694897096,0.5
596 13 5 1 1 0 1 4.27914373064425,12.803863828254658,0 -5.86401177903101,-17.54603561649712,0 2.7091945105588664,27.03535213574918,0.5
1837 26 11 1 0 1 1 -20.168769696973126,-17.189262023439476,0 12.644393345502934,2.892977173121329,0.5 -11.710347420653292,-17.863867534428223,0.5
2982 2 23 0 1 1 1 -29.47903944289738,1.1118603887630856,0 -23.257161511034237,6.88145612858701,0.5 8.72010161346462,5.675370283149087,0.5
1593 6 30 0 1 1 0 25.01780819480502,4.935511435296942,0 31.084557590326853,0.016715670891239043,0.5
563 2 3 0 1 0 1 -11.260614280682441,-27.26625324502233,0 5.3332199162479865,28.632267903973936,0.5
1228 4 23 1 1 1 1 -3.789342264477115,2.427114583749076,0 23.157091616249037,-14.832366900688799,0 16.552634602826164,-17.727388067770217,0.5 -10.393799277899985,-0.4679065833323435,0.5
264 13 18 1 1 1 1 11.488425504228342,7.08985750447749,0 -15.7433979132018,-9.715730654283968,0 -18.894445692969573,-4.609763763515817,0.5 8.337377724460568,12.19582439524564,0.5
21 22 12 1 1 1 1 22.478241030257806,0.9892826621519603,0 -9.490812879442185,-0.4176971240197166,0 -12.75172039338375,5.444596129095437,0.5 19.217333516316245,6.851575915267114,0.5
145 13 9 1 1 1 1 12.882244434969738,4.03705069545717,0 -17.653446077551123,-5.532254656737603,0 -10.85952787444115,2.884554444664839,0.5 19.67616263807971,12.45385979685961,0.5
2157 26 21 1 0 1 1 -5.12906090334781,-25.99889871224835,0 10.04785666775351,19.932149316726516,0.5 3.854273690125966,-11.462747241460171,0.5
1195 1 31 0 1 1 0 24.485932993328987,-18.18485868645129,0 21.711401218726408,-23.597988412563595,0.5
362 30 12 1 0 1 1 22.145891899455552,20.971634938116505,0 -13.201752733504705,-4.238363453433542,0.5 10.033281390514237,17.764663366885415,0.5
995 21 3 1 1 0 1 -10.554430702725528,18.731096939084075,0 5.154489412958979,-9.14774501676199,0 -19.21803984475265,21.884171095234557,0.5
2588 17 12 1 1 1 1 11.379269778625506,-13.29519534663783,0 -9.428537816575421,11.016019001499917,0 -3.569697151599536,13.398032028841481,0.5 17.238110443601393,-10.913182319296265,0.5
390 7 1 1 1 0 1 5.134103294465165,5.467264705660587,0 -16.771404095252873,-17.859731371824584,0 16.504874966296534,26.340825771925182,0.5
1327 4 29 0 1 1 0 25.71451739978463,-9.74749172331906,0 25.45793865286299,-16.066840372240726,0.5
224 28 21 1 0 1 1 25.4207290361488,12.885516492197796,0 -21.88978151685565,-4.368920363696836,0.5 6.65279143601318,10.099027978419988,0.5
1856 18 21 1 1 1 1 -13.591539817987815,-12.550698999500057,0 9.918150677991108,9.158618188824367,0 19.86607027479667,10.177880517909424,0.5 -3.643620221182254,-11.531436670415,0.5
463 31 13 1 0 1 1 17.81460146305422,25.97864458959602,0 -12.583142453612954,-7.740447402578444,0.5 5.514230461235776,18.650556624947672,0.5
1686 28 29 1 0 1 0 -26.364700394782055,-10.823704222371333,0 29.56845217474732,5.653020076886386,0.5
524 0 28 0 1 1 0 -14.359452104450254,-28.03669265908515,0 -18.332207648614066,-22.631397719276993,0.5
2815 17 3 1 1 0 1 16.20273523417491,-6.612213769323176,0 -13.425123479744924,5.478691408867775,0 28.65435638799565,-5.213238915466348,0.5
684 31 13 1 0 1 1 4.340394156566096,31.199534909444512,0 -7.802937478422519,-12.544487502796963,0.5 -3.393648176514105,19.150278119495876,0.5
1242 28 11 1 0 1 1 -24.439509701519086,14.66152671277294,0 6.7749193435379595,-11.061214575649238,0.5 -20.665933654658907,5.400850505358974,0.5
826 30 23 1 0 1 1 -4.834333266588821,30.114435439960562,0 -2.1993370778664283,-24.153942047167416,0.5 -7.271424439533389,7.441531201315798,0.5
2837 3 18 0 1 1 1 -26.85530525823129,9.54162352470557,0 -15.423628285229665,11.847433921278624,0.5 14.729696916994943,1.1340320689776338,0.5
2825 11 2 1 1 0 1 10.736174904717817,-4.121231419770959,0 -19.13839874319263,7.346542965678665,0 29.690830278939252,-4.9703719526031644,0.5
506 8 23 1 1 1 1 4.1571631048726285,7.4140403910071715,0 -11.493333289941972,-20.49764108101983,0 -16.726773565947035,-17.56317300699209,0.5 -1.0762771711324337,10.348508465034909,0.5
59 29 24 1 0 1 1 29.275063163245054,3.6360248607528,0 -25.05271853098375,2.9345006742720927,0.5 6.703282188468512,6.878663235088689,0.5
51 13 12 1 1 1 1 13.423060670359485,1.4392505827160087,0 -18.39456462234448,-1.9723063540923085,0 -13.068426805614045,4.6331653139412445,0.5 18.749198487089917,8.044722250749562,0.5
1180 25 4 1 0 0 1 -19.984183161808915,15.839268397096918,0 -25.278456758130456,12.379403213698502,0.5
2966 31 0 1 0 0 1 31.42016890359094,-2.241201925266165,0 31.847064508403545,3.7435921516083,0.5
1117 1 31 0 1 1 0 21.202392049099416,-21.92506719251473,0 17.584424471853875,-26.81488422487903,0.5
1505 11 29 1 1 1 0 -11.49936944770339,-0.12042551733682792,0 20.498875971992998,0.21467157438304107,0 29.561213200980085,-5.690753384763819,0.5
1996 24 0 1 0 0 1 -12.427320384889631,-21.1142536702415,0 -10.807145718472425,-30.19032297640592,0.5
2632 30 0 1 0 0 1 21.88061295187694,-21.24826526684367,0 26.777996707711004,-17.64054682604308,0.5
1483 27 12 1 0 1 1 -27.482571023341798,0.978922850368612,0 12.278494570529483,-6.441162246169398,0.5 -19.701224438450065,-5.302052020285922,0.5
2381 0 26 0 1 1 1 -8.534498877332048,30.321812757696694,0 -1.4042331334323528,27.13444543945888,0.5 7.265733980047823,-3.66866593343935,0.5
105 16 1 1 1 0 1 16.102626571989333,3.599363483042952,0 -15.126709810050585,-3.38122024164641,0 28.45660179075254,12.508869434227034,0.5
482 8 3 0 1 0 1 -12.508706711664747,-19.89427697609424,0 10.090743805356588,27.32081421653933,0.5
1870 3 22 0 1 1 1 20.362471369534905,19.940405204630906,0 20.273615334818274,11.455589083753893,0.5 -2.5895104134314444,-10.93363781267379,0.5
44 31 3 1 0 0 1 31.366341749564928,2.8987247626327353,0 27.826933056723938,8.597197023251509,0.5
848 7 3 1 1 0 1 -1.5285946778091357,7.342574365368973,0 4.993409280843176,-23.98574292687198,0 -11.682719267969894,26.678906846154792,0.5
1480 25 24 1 1 1 1 -25.477632167520888,1.0678291700945952,0 6.49429839564258,-0.2721917492397988,0 24.22725541504683,-7.0206904969585455,0.5 -7.744675148116636,-5.680669577624152,0.5
1475 1 31 0 1 1 0 30.458200810014503,-1.5962466654097998,0 31.14281460731141,-7.640359830180187,0.5
2899 3 19 0 1 1 1 -27.86473518548404,5.983856034602419,0 -17.805585961730674,9.960477325882506,0.5 13.481134246532106,3.241761778258737,0.5
