1475 31 31 1 1 1 1 -21.38222348428767,23.13115904722409,0 0.33940037276647095,-0.3671612547178427,0 16.97628842767356,-27.203963520421745,0.5 -4.745335429380583,-3.7056432184798087,0.5
2124 0 31 0 1 1 0 30.904351299465024,6.096808243602104,0 32.06564810777019,0.2102651389420993,0.5
529 0 31 0 1 1 0 -21.23646501511825,-23.26505004640348,0 -25.667903119195103,-19.220009091142863,0.5
3898 0 31 0 1 1 0 -31.096548440836802,5.02540297555232,0 -30.139328826445883,10.948555059521237,0.5
1376 0 0 0 1 0 1 17.54158191937791,-26.163770824668106,0 -22.52515731455279,22.82251712573898,0.5
2929 0 31 0 1 1 0 3.505807786557416,31.304301809235636,0 9.468531940697536,30.636528897510413,0.5
2912 31 0 1 0 0 1 -4.340394156566114,-31.199534909444512,0 1.6023743976137936,-32.026276653552344,0.5
102 13 15 1 1 1 1 13.327092188930058,2.153744132379565,0 -18.263052258904153,-2.9514271443719964,0 -16.258695831310614,3.4503347467923775,0.5 15.3314486165236,8.55550602354394,0.5
1546 15 14 1 1 1 1 -11.722810893897815,10.140301018505848,0 12.479121274149286,-10.79451398744171,0 7.041222700031176,-14.023950331078819,0.5 -17.160709468015924,6.910864674868741,0.5
1245 31 31 1 0 1 0 -11.825590493596422,29.195982762663803,0 6.264450919755698,-31.4484761900155,0.5
666 17 18 1 1 1 1 8.765865943812424,15.146273279427833,0 -7.263146067730294,-12.549769288668776,0 -14.45978055069125,-13.006334857516592,0.5 1.5692314608514701,14.689707710580016,0.5
2946 20 12 1 0 0 1 -1.7367871039125102,-20.426296055714143,0 4.326362332097117,-19.938219302921993,0.5
3153 0 31 0 1 1 0 -7.497785615804268,30.594659842192048,0 -1.670231360148641,32.02280948329762,0.5
1706 0 31 0 1 1 0 28.200237922231565,-14.03554705487224,0 25.526800387970187,-19.40702094482111,0.5
2492 0 31 0 1 1 0 22.55199921518769,21.992210698294382,0 26.740991729148526,17.696591800163397,0.5
2996 8 23 1 1 1 1 -0.053406723707249325,-8.499832217277165,0 0.14765388319063047,23.49953613011922,0 6.147535448327454,23.46183726632587,0.5 5.946474841429573,-8.537531081070517,0.5
3252 24 22 1 1 1 0 9.446807810796196,-22.60548212681782,0 -2.891879942080468,6.920045549025863,0 -3.1396033870207134,23.073640600741964,0.5
3271 9 8 0 1 1 1 -9.291273283128524,20.492004313346758,0 1.9544979099328041,10.219096727209715,0.5 15.168753245937815,-18.925087185105674,0.5
2251 25 10 1 1 0 1 -23.5435705185728,-9.795421748806412,0 6.001302289047969,2.4968722104800656,0 -17.54565630025399,-13.798548655324495,0.5
3065 25 3 1 0 1 1 2.599073622773768,-25.367199614924026,0 5.612017255287685,4.093319230936341,0.5 8.873599840729277,-27.74002930543891,0.5
1522 0 5 0 1 0 1 23.03014123399072,-21.49098868694599,0 -23.468084914997778,13.693027073019822,0.5
865 7 25 0 1 1 0 -5.156558115621988,-23.951198475237373,0 -11.232629502032037,-23.665967854074328,0.5
1389 23 11 1 0 1 1 -13.482405820493025,19.247720210236217,0 1.6834615180532975,-12.861413503858497,0.5 -16.675559173681883,13.348248059016353,0.5
3690 20 10 1 1 0 1 18.117195416818213,-9.592561192341757,0 -10.163304746019973,5.381192863996596,0 21.80853993247035,-4.75789722607017,0.5
3465 25 7 1 0 0 1 17.013160556067284,-18.99479844308637,0 20.81534212871242,-14.246807785067151,0.5
1751 23 8 1 1 1 1 -21.725268489782678,8.958945755325008,0 7.858075836729904,-3.2404697412877685,0 5.570685431115009,-8.787346802508877,0.5 -24.012658895397575,3.4120686941038993,0.5
2320 0 23 0 1 1 0 27.603660421381708,15.175240734204023,0 23.483729025641086,6.06337126112712,0.5
2707 0 31 0 1 1 0 13.991232927287024,28.222250108281575,0 19.366899614578752,25.557253360226902,0.5
1071 16 17 1 1 1 1 -1.836375507244353,16.39749142388533,0 1.7250800219568165,-15.403704064861978,0 -4.015053161608231,-18.059051694633904,0.5 -7.576508690809401,13.742143794113407,0.5
3775 31 0 1 0 0 1 29.553027081558245,-10.902687297941043,0 31.629729424023203,-5.273539282406139,0.5
2516 8 6 0 1 0 1 16.194174497102686,17.029348559395597,0 -13.224483332755105,-22.61333767009378,0.5
2410 10 27 1 1 1 1 -8.39668891411445,-6.3044123659217846,0 17.193220157472442,12.909034844506511,0 25.59384946035029,11.713448245539276,0.5 0.003940388763398417,-7.499998964889022,0.5
1804 4 26 1 1 1 0 -4.2884070368274845,1.3636587133474833,0 26.206931891723517,-8.333469914901286,0 23.43574093240965,-13.748310694371824,0.5
256 0 31 0 1 1 0 -28.987303192024918,-12.328270505371876,0 -31.335545193048134,-6.806879421176653,0.5
677 26 31 1 0 1 0 12.875761904380205,23.161708818256727,0 -20.549311430094974,-24.616575711275686,0.5
3218 29 27 1 1 1 0 9.905521487081124,-27.787238870909324,0 -0.8394509734814513,2.3548507517719766,0 -3.5823189040432197,27.918040605847224,0.5
3500 5 28 1 1 1 0 3.8890872965260104,-3.889087296526012,0 -18.738329701443504,18.738329701443515,0 -15.909902576697315,24.39518395093589,0.5
1170 7 2 1 1 0 1 -1.9790478747402949,7.234180638433487,0 6.46488972415163,-23.631656752216056,0 -13.571599484725283,26.87120554471281,0.5
1232 25 6 1 0 1 1 -9.088502907187891,23.82538803264361,0 -3.2892964431035434,-8.211609398247482,0.5 -14.694476561927564,21.686916760364106,0.5
2853 5 6 0 1 0 1 6.064805992935843,25.79666893744325,0 0.004809841690397221,-26.19637335329879,0.5
1566 25 0 1 0 0 1 -19.800406073520506,16.06841371522691,0 -28.240128376755194,15.19029786621665,0.5
2170 8 19 1 1 1 1 -8.198738056891285,-2.242920924705667,0 22.66709933375826,6.201016674186255,0 20.3921079597193,-0.6418200364220237,0.5 -10.473729430930241,-9.085757635313946,0.5
2309 30 31 1 0 1 0 -26.977236638497352,-14.229501163094795,0 30.660982330860175,9.389044813327931,0.5
2681 14 0 1 1 0 1 -6.965460424702545,-12.717403865251061,0 8.40659016774445,15.348590871854729,0 -9.869488288732677,-30.509723055422324,0.5
3262 20 31 1 1 1 0 8.200597313363927,-18.78829964909141,0 -4.600335078228545,10.539777851929328,0 -7.101903291532452,31.270001113490878,0.5
370 19 17 1 0 1 0 16.29824354668127,10.70594495096357,0 -17.92076573193352,-4.593055146757686,0.5
235 7 24 0 1 1 0 -22.849656067005807,-8.839865248947223,0 -25.014521025931657,-3.2440311100886587,0.5
1044 20 25 1 1 1 1 -1.4157305271453204,20.451056380405117,0 0.7941902957156676,-11.47254382315409,0 -4.224644382450002,-25.853479066497677,0.5 -6.43456520531099,6.070121137061529,0.5
3660 13 18 1 1 1 1 11.62001736455324,-6.872059112630011,0 -15.92372749957296,9.417266191381866,0 -12.869479005070733,14.58171835340553,0.5 14.674265859055467,-1.7076069506063485,0.5
1748 11 22 1 1 1 1 -10.61073650850632,4.434215911190059,0 18.914791167337356,-7.904471841686628,0 18.446632693413203,-14.21167626546211,0.5 -11.07889498243047,-1.8729885125854229,0.5
82 0 31 0 1 1 0 -31.239055893482732,-4.04615705130954,0 -32.00975247468455,1.9041393093538375,0.5
1168 28 29 1 1 1 0 -7.433982929262055,27.513376706748307,0 0.9129452720146383,-3.378835735916459,0 1.9025346025523078,-30.043807383320964,0.5
2574 24 25 1 1 1 0 -15.198005570425627,-19.21641555236854,0 4.652450684824172,5.882576189500575,0 20.52439328000264,16.27879849644261,0.5
1180 19 13 1 1 1 1 -5.440326567764969,18.725726870700388,0 3.4873888254903647,-12.003671070961788,0 -1.9953821825320652,-14.637911392874106,0.5 -10.923097575787398,16.091486548788072,0.5
296 13 5 1 1 1 1 12.06685922604206,6.053173417215435,0 -16.53606634679838,-8.295089497665597,0 -7.606427129372143,2.8969408564124057,0.5 20.996498443468298,17.24520377129344,0.5
170 3 20 1 1 1 1 3.375950964602293,0.9235556748788052,0 -27.489886426047246,-7.520381924013128,0 -21.356665378177098,0.37794698645664315,0.5 9.50917201247244,8.821884585348577,0.5
2680 31 14 1 0 1 1 -15.175240734204031,-27.603660421381704,0 12.243268354738053,9.815924816025731,0.5 -3.172849216516835,-18.225888945377903,0.5
239 17 16 1 1 1 1 16.281187777401573,6.416613168719893,0 -13.490127015561304,-5.316622339796483,0 -17.550815847968305,-0.4678280353982167,0.5 12.220498944994574,11.26540747311816,0.5
1555 10 31 1 1 1 0 -8.037573741677425,6.75628657970468,0 16.457889090101396,-13.834301091776249,0 20.2519860366296,-24.86175902007257,0.5
1681 28 17 1 0 1 1 -24.996276562734845,13.690732558898103,0 12.46633138577092,-13.668964180951786,0.5 -15.599663351334874,1.7030864114952085,0.5
2949 4 4 1 1 0 1 -0.3601122856866416,-4.48556787282252,0 2.2006861903072545,27.41180366724873,0 3.7800709734561053,-27.891953381497586,0.5
606 11 26 1 1 1 0 6.671546225506268,9.366988361310858,0 -11.892756315032912,-16.69767490494544,0 -20.260687403807065,-18.1039925410174,0.5
615 22 11 1 1 1 1 12.792641641520941,18.509411655469346,0 -5.4013375819755085,-7.815084921198168,0 -11.474304391569195,-6.048994852834303,0.5 6.719674831927254,20.275501723833212,0.5
3146 6 13 0 1 1 1 -5.796945998989479,24.83234618566679,0 2.7739335736330495,14.510523509821118,0.5 10.048532474325729,-16.651636409447008,0.5
720 31 0 1 0 0 1 13.41204768429979,28.502052152679617,0 7.983085369503672,31.056727902070055,0.5
3324 27 4 1 0 1 1 13.399378457446621,-24.014717507272813,0 3.0469491630955305,6.853181800996632,0.5 18.638953186306146,-21.091216752920822,0.5
3590 0 26 0 1 1 0 -25.19006674234335,18.91323709776535,0 -17.589122097952593,20.70924392205847,0.5
3934 26 5 1 1 0 1 26.357716517772957,-2.7424040491361974,0 -5.470469465952878,0.569178198877324,0 26.978638189275493,3.225380822812397,0.5
721 1 13 0 1 1 1 -12.94290276958122,-27.617589827810225,0 -11.161794306760912,-9.67803429698199,0.5 2.4176446646029905,19.297797653507423,0.5
2778 31 2 1 0 0 1 -10.763301398581719,-29.604076459219073,0 -4.441045476280833,-29.774605204395332,0.5
253 21 2 1 1 0 1 19.824417449824526,8.321206209143766,0 -9.68169224293756,-4.063844892837652,0 24.878747791393536,16.94986455203201,0.5
2997 1 0 1 1 0 1 -0.007068557309061302,-1.499983345073394,0 0.14372733195091314,30.49966134982568,0 5.851493676803289,-31.52792447577752,0.5
1318 5 17 0 1 1 1 12.693455020086166,-23.262119414469726,0 3.1155753345165875,-18.235766787688195,0.5 -12.212370350115764,9.854339675067699,0.5
2962 28 27 1 0 1 0 -1.7001624096198655,-28.449243360429037,0 7.629821979898965,27.0930953668098,0.5
3977 3 27 0 1 1 0 -28.481402136701018,1.0294330126446287,0 -27.26533195380387,6.989397216418716,0.5
72 7 4 1 1 0 1 7.4520848289000625,0.8464228865511125,0 -24.343477107740206,-2.764981429400301,0 26.64717273005934,9.065218447140797,0.5
3289 31 11 1 0 1 1 13.81363229186511,-28.309601955964368,0 0.3492330279154734,12.966419563326378,0.5 14.382129324413365,-15.792541153843773,0.5
3884 31 0 1 0 0 1 30.978523957352884,-5.707981554254841,0 32.06575853911571,0.19268967571713613,0.5
3496 29 0 1 0 0 1 20.728174109066053,-20.990302477673914,0 26.402688111919467,-18.19747401329939,0.5
1098 8 5 0 1 0 1 3.603273417818578,-23.22211059909159,0 -9.992315283691143,25.266650654000667,0.5
3824 23 19 1 1 1 1 22.607650282273013,-6.4143704846571605,0 -8.17723520848173,2.320091451897271,0 -17.121827982824716,11.094728772104371,0.5 13.663057507930027,2.360266835549939,0.5
486 31 5 1 0 0 1 22.758266249880517,21.778689522089,0 14.997521221882531,22.656662534433067,0.5
695 9 27 1 1 1 0 4.379256558086894,8.43042774706319,0 -10.371923427047907,-19.96680255883387,0 -18.00127598208092,-21.638023546917513,0.5
2731 20 27 1 1 1 1 -8.406685563080424,-18.69699542288801,0 4.715945559776824,10.488558407961566,0 16.749552464489742,22.620841987850618,0.5 3.626921341632495,-6.564711842998955,0.5
2534 4 0 0 1 0 1 18.379680554614314,20.455741069693183,0 -16.59001785644334,-27.44123370992804,0.5
2913 23 20 1 1 1 0 -3.201506241835253,-23.280901137702767,0 1.1579916193872193,8.420751475339298,0 8.736863182291033,19.49146535625086,0.5
2706 7 18 0 1 1 1 10.916536598233956,21.933518383957885,0 13.61457295392145,13.888606959747637,0.5 -0.6437605621392279,-14.759253786646337,0.5
2408 23 5 1 1 0 1 -18.836824144465606,-14.050767101851685,0 6.813319371402454,5.082192355988907,0 -17.654095200733128,-20.6538839602495,0.5
1615 31 8 1 0 0 1 -25.91317631765708,17.90969829812932,0 -22.74342327789579,8.425360384130048,0.5
2659 28 4 1 1 0 1 -14.54619587171838,-24.508328903897205,0 1.7863749316145379,3.0097947776715865,0 -8.876154843820078,-26.710744564473103,0.5
562 15 16 1 1 1 1 9.84250324614579,11.973935437006899,0 -10.477503455574551,-12.746447400684763,0 -15.112575237641739,-8.9364461441122,0.5 5.207431464078604,15.783936693579463,0.5
3692 31 0 1 0 0 1 27.884786306972334,-14.652258959439948,0 30.675692775437085,-9.340871091445218,0.5
470 3 0 0 1 0 1 -21.07948620689038,-19.180856635028537,0 19.260304410767567,25.637680745429513,0.5
718 13 9 1 1 0 1 5.786367080964233,12.19704701984597,0 -7.929465999839875,-16.714471842011143,0 4.223035348342179,22.900130402394055,0.5
579 25 4 1 1 1 1 15.660760474544729,20.124377788119006,0 -3.9919585523349306,-5.1297433577558245,0 -7.498811328006482,0.1335240314012882,0.5 12.153907698873175,25.387645177276116,0.5
3750 2 6 0 1 0 1 -27.254446209082953,11.289161254770166,0 25.855028673228347,-4.2151503302420865,0.5
2440 7 8 1 1 1 1 -5.778849320818419,-4.780679923115172,0 18.877574448006836,15.616887748842895,0 10.373906502086346,0.7950244562091262,0.5 -14.28251726673891,-19.602543215748945,0.5
2930 10 25 1 1 1 0 -1.1522102664559706,-10.436590032279387,0 2.3592876884574636,21.370160542286364,0 8.761990665552721,24.687598497560813,0.5
3871 13 13 1 1 0 1 13.22379188948656,-2.7168599639196507,0 -18.1214925892964,3.7231043950010023,0 19.32898590659402,2.1541364447708022,0.5
527 28 27 1 1 1 0 19.279978035388172,20.988864832452222,0 -2.367716600837144,-2.5775798917046586,0 -23.022195963785546,-16.19347069053007,0.5
3426 2 4 0 1 0 1 -18.299639360308397,23.1381330120356,0 21.765046795955747,-17.847485480309444,0.5
80 28 26 1 0 1 0 28.27526898746262,3.5719971565826714,0 -27.043038986219486,2.631357518432804,0.5
2075 29 29 1 0 1 0 -29.295519480170327,-3.4673532250062133,0 30.000743864917354,-2.491057516723344,0.5
3039 4 31 0 1 1 0 -1.683625514732215,27.44841352658005,0 4.060228270742383,31.80824651547872,0.5
66 17 0 1 1 0 1 17.406039209850064,1.8110215418823943,0 -14.422146773875768,-1.5005607061311266,0 30.70994890622758,9.227623647336904,0.5
1146 25 7 1 1 0 1 -5.796945998989481,24.832346185666786,0 1.4776529017032012,-6.329813733601338,0 -11.412519768205609,22.49454139430978,0.5
947 26 12 1 0 0 1 2.203635840286756,26.40821821106838,0 -4.357675863427115,19.93139887386996,0.5
1165 14 22 1 1 1 1 -3.7161959104284517,14.015701479245156,0 4.485064029827441,-16.915501785295877,0 -0.033089716609018716,-23.28623853417839,0.5 -8.23434965686491,7.64496473036264,0.5
1750 18 4 1 1 0 1 -17.091771351458803,7.079643498754163,0 12.47237368890237,-5.166226336928713,0 -27.702787738250926,4.980517194972252,0.5
1483 23 9 1 1 1 1 -16.16740489118035,17.0547652896379,0 5.847784747873744,-6.1687448919966865,0 2.1813512650377005,-11.022327642495409,0.5 -19.833838374016395,12.201182539139173,0.5
428 0 11 0 1 1 1 -24.645310533162526,-19.617815085375547,0 -12.734221004559437,-2.467714612153766,0.5 12.302284933891379,17.46149436346584,0.5
538 9 0 1 1 1 1 6.304818843608356,7.106283089582134,0 -14.932465682230315,-16.830670475326105,0 -4.8200113641365245,3.6079759491430594,0.5 16.417273161702145,27.5449295140513,0.5
3106 15 18 1 1 1 1 2.5689099038358436,-15.28563711154933,0 -2.7346460266639627,16.27180724777832,0 2.8509025450537333,19.23856425720501,0.5 8.15445847555354,-12.318880102122638,0.5
2175 28 4 1 0 0 1 -27.42997423892895,-7.736052821154607,0 -24.83887630328486,-13.239343790011418,0.5
3012 20 17 1 1 1 1 0.386393014165858,-20.496358223806585,0 -0.21675705672718862,11.497957052379302,0 5.669086419265219,17.609981804956604,0.5 6.2722364901582655,-14.384333471229285,0.5
3067 0 0 0 1 0 1 -3.3090491499044274,31.325711384157213,0 9.275851318315325,-30.695416307984942,0.5
162 28 7 1 0 0 1 27.582217359372667,7.174349137052166,0 22.20063966604622,11.97420554435137,0.5
829 21 22 1 1 1 0 5.70583871161671,20.729047363470812,0 -2.78657239404537,-10.123488247276443,0 -11.75607698568376,-20.10086201899502,0.5
922 5 27 1 1 1 0 0.6721868996693918,5.45876952910753,0 -3.23871869840707,-26.301344094790828,0 -9.3159558028279,-26.560552845898318,0.5
2934 6 2 1 1 0 1 -0.672665144127746,-6.46510027794431,0 2.638917103885773,25.363085705781526,0 2.9149199870611313,-29.96253062524979,0.5
3559 26 5 1 1 0 1 20.39204227760058,-16.92378833915594,0 -4.2323106613888,3.512484372277648,0 24.223843410994377,-12.306722163095433,0.5
2598 19 7 1 1 0 1 -11.511317012447742,-15.739745253304806,0 7.379049366953681,10.089580290580004,0 -9.619938219750814,-23.317521065674576,0.5
1110 30 0 1 0 0 1 -5.243837558521993,30.0458344477206,0 -11.326422615730046,29.99936917219892,0.5
887 29 10 1 0 1 1 5.208797077376923,29.03650173500089,0 -7.759707787202136,-9.275609686550773,0.5 -2.1094872286915756,22.22161253446714,0.5
1402 14 3 1 1 0 1 -8.559697265666268,11.703913137072806,0 10.33066911373515,-14.125412406812007,0 -21.667231096132788,19.46229936638465,0.5
2850 29 2 1 0 0 1 -6.886638233749202,-28.684912651731462,0 -1.052418711363142,-30.085584834866893,0.5
1744 27 12 1 1 1 1 -25.306375802561437,10.762775838023066,0 4.141043313146417,-1.7611815007674108,0 9.154656091050166,-10.413561919660253,0.5 -20.292763024657688,2.1103954191302234,0.5
3748 27 27 1 0 1 0 25.373500346428163,-10.603559787628393,0 -23.059996392763786,16.139596226849083,0.5
3632 17 8 1 1 1 1 14.656740700737483,-9.561901067849705,0 -12.144156580611057,7.922718027646899,0 -3.840622259952592,9.669520187494136,0.5 22.960275021395947,-7.815098908002469,0.5
2304 21 7 1 1 1 1 -19.094933649491214,-9.88096700336198,0 9.32543271254222,4.8255885365256175,0 9.41850252983051,-1.8819697382201137,0.5 -19.001863832202925,-16.58852527810771,0.5
471 12 25 1 1 1 0 9.23216271682678,8.427168656792954,0 -14.402173838249775,-13.14638310459701,0 -22.878652897587248,-12.759985955780774,0.5
2501 30 23 1 0 1 0 -21.532853250803306,-21.60060718774751,0 20.840186705585666,12.407119652696611,0.5
1054 10 14 1 1 1 1 -0.889573882491771,10.46224919926822,0 1.8215084260545789,-21.422700741358735,0 -4.74996894280749,-14.95619587469903,0.5 -7.46105125135384,16.928754065927926,0.5
2092 21 16 1 1 1 1 -21.275886549956994,-3.0962318248734255,0 10.390549245327835,1.5121132167986497,0 17.192070652257254,-3.561278799503742,0.5 -14.474365143027574,-8.169623841175817,0.5
2426 0 31 0 1 1 0 24.706819995902414,19.540292876261514,0 28.42878054376175,14.834231924661054,0.5
2297 10 20 1 1 1 1 -9.377928031496246,-4.722760404263268,0 19.202424064492313,9.670414161110502,0 21.00800829250025,3.8618114379447164,0.5 -7.572343803488306,-10.531363127429053,0.5
3971 0 31 0 1 1 0 -31.467323073077296,1.4344262318353138,0 -31.19409902891819,7.428202055278609,0.5
3714 24 14 1 0 1 1 22.068964239832244,-10.640057207600229,0 -10.455495438039435,11.701821018334563,0.5 18.369274181333292,-2.1953965589392057,0.5
3721 10 3 1 1 0 1 9.507694858754338,-4.455753412478784,0 -19.468137091735073,9.123685558885128,0 28.352745138035367,-6.6612193431542215,0.5
2195 22 31 1 1 1 0 -21.45271887717753,-6.784604098751141,0 9.057814637030514,2.864610619472704,0 31.843034187715517,3.7777207043375887,0.5
3284 22 20 1 1 1 1 9.707761027821569,-20.29801408578457,0 -4.098832433969107,8.570272613997929,0 -3.432045180250432,21.082482441133912,0.5 10.374548281540243,-7.785804258648583,0.5
651 30 2 1 0 0 1 15.895337196966251,26.03052545368113,0 10.253419494702216,28.30401718247183,0.5
2047 8 0 0 1 0 1 23.435985837524694,1.7333689230345797,0 -30.971631503992356,-8.307107919180316,0.5
424 29 2 1 0 0 1 23.195508748030257,18.226858586164862,0 19.48835106948825,22.944589178984575,0.5
2682 17 22 1 1 1 0 -8.382470296283321,-15.361776971819628,0 6.945475388349037,12.728329490936263,0 16.044356771273854,16.876866290756666,0.5
589 1 31 0 1 1 0 -18.351106586742997,-24.36158629978758,0 -23.745225419053437,-21.550273079437726,0.5
3839 27 4 1 0 0 1 26.62526144263351,-6.8808032315575876,0 28.126527602246075,-1.0716552804375494,0.5
3783 17 10 1 1 1 1 16.493165167887238,-5.850256639224569,0 -13.665765424820854,4.847355501071786,0 -7.890096824426777,9.164953469667509,0.5 22.268833768281315,-1.5326586706288463,0.5
2974 31 31 1 0 1 1 -1.2861245873230744,-31.473733231790014,0 7.281121393378315,31.228757119918953,0.5 5.974582130065985,-0.7445591790423318,0.5
46 24 22 1 1 1 0 24.43607031819193,1.7687474111300845,0 -7.480429689242428,-0.5414532891214544,0 -22.874451699024448,4.359983884029578,0.5
1431 1 6 0 1 0 1 19.10726734144407,-23.773143139740377,0 -20.651612329352986,16.117099869334922,0.5
1303 1 25 0 1 1 0 13.974618488566719,-27.11014640497187,0 6.350553869790823,-25.414965385514197,0.5
3397 22 27 1 0 1 0 13.139242588945931,-18.26500216777511,0 -11.188407030638333,25.827689562110713,0.5
2679 11 11 1 1 1 1 -5.555990152866857,-10.068811917065812,0 9.90415635945831,17.948751678247753,0 10.809283326988151,7.170034446004843,0.5 -4.650863185337017,-20.847529149308723,0.5
91 4 18 0 1 1 1 -27.21953050513197,-3.9175450323116965,0 -19.166057619593147,3.303367270291834,0.5 12.507577877287687,7.861965126072717,0.5
1622 13 0 1 1 0 1 -11.189371413214285,7.5530104843792545,0 15.333583047738095,-10.350421774890089,0 -29.465426846113,12.65063716878969,0.5
2010 28 11 1 0 0 1 -28.496484025727327,-0.44765854338687056,0 -20.403227062003122,-6.321259799782275,0.5
2292 3 3 1 1 1 1 -3.138243628748326,-1.5496538086361547,0 25.554269548379224,12.618609584608688,0 5.7947930149817335,-3.8301924120752613,0.5 -22.897720162145816,-17.998455805320106,0.5
3306 18 31 1 1 1 0 8.553803394258349,-16.403732730460295,0 -6.24196463905339,11.970291451957511,0 -9.244454623587904,30.704886560813478,0.5
602 4 6 1 1 0 1 2.633583393114796,3.64886811374568,0 -16.09412073570153,-22.298638472890268,0 10.058481742656271,24.18836383537858,0.5
1408 31 28 1 0 1 0 -18.834006966311833,25.249360023432622,0 12.230890107914014,-26.4320889671651,0.5
2638 7 9 1 1 1 1 -4.0385751061999535,-6.319803091203241,0 13.19267868025318,20.644690097930585,0 10.171370940815866,4.774223830564143,0.5 -7.059882845637269,-22.190269358569687,0.5
3156 22 22 1 1 1 1 5.45848269289666,-21.827848421027383,0 -2.3046926925563676,9.216202666656006,0 0.36227688604397557,23.283443805799827,0.5 8.125452271497004,-7.760607281883564,0.5
272 24 13 1 1 1 1 22.297596281782393,10.152201734335462,0 -6.825794780137468,-3.107816857449631,0 -14.772684090207147,-0.133434519299362,0.5 14.350706971712714,13.12658407248573,0.5
1860 13 11 1 1 1 1 -13.17487628617309,2.9449337588533213,0 18.054460095866826,-4.035649965836033,0 9.914183313916341,-8.36414784769272,0.5 -21.31515306812358,-1.3835641230033673,0.5
1057 13 3 1 1 0 1 -1.207113442282824,13.44592418309207,0 1.654192494980166,-18.4258961027558,0 -8.524316903971325,27.849345078846447,0.5
1302 20 9 1 1 0 1 -9.364142403853142,18.236305465755926,0 5.253055494844446,-10.230122578350885,0 -15.615172530791769,17.274732612506803,0.5
1061 6 8 1 1 0 1 -0.6218681407318774,6.470183924398338,0 2.4396365521019803,-25.383029241870403,0 -8.220769977475253,22.818171289072257,0.5
2366 30 31 1 0 1 0 -25.596833805897642,-16.58469472475317,0 29.698637155222777,12.093012491617674,0.5
3857 20 29 1 1 1 0 19.98499805812999,-4.56616388410892,0 -11.211096471633896,2.5615065691342718,0 -27.422461434642983,12.420088923414294,0.5
219 29 5 1 0 0 1 27.771645039416207,9.949157341436974,0 22.923852525285007,14.585848806256848,0.5
1992 24 7 1 1 1 1 -24.498065582993494,0.3078679771421445,0 7.499407831528621,-0.09424529912514627,0 7.424011592228504,-6.093771564348042,0.5 -24.57346182229361,-5.691658288080752,0.5
1713 15 0 1 1 0 1 -13.95140680368592,6.753387905197377,0 14.851497565214043,-7.1890903506939825,0 -30.967073661115528,8.324082463974314,0.5
2791 23 9 1 0 0 1 -7.577126426966091,-22.244935493495415,0 -1.5751375168410444,-23.23292796448695,0.5
1728 2 28 1 1 1 0 -2.275264926712489,1.0359389524832108,0 26.848126135207373,-12.224079639301888,0 23.45176667856267,-17.270339882418575,0.5
699 23 3 1 1 0 1 10.70165392800132,20.921869017974803,0 -3.87081099523452,-7.5674845384164175,0 7.636847780433569,28.10566768426765,0.5
2376 20 25 1 1 1 1 -17.027215933514164,-11.415950138007846,0 9.551852840751849,6.404069589614157,0 24.521449128422354,9.216752825273906,0.5 -2.057619645843658,-8.603266902348096,0.5
1469 6 3 1 1 0 1 -4.367024180250128,4.814467759691687,0 17.132171784058198,-18.887527364944308,0 -23.59184549158135,17.07849016457112,0.5
3728 5 20 1 1 1 1 5.0055828387674755,-2.279065695463064,0 -24.11780822315238,10.980952896322037,0 -16.1709189130827,13.955335234472305,0.5 12.952472148837156,0.6953166426872022,0.5
2485 22 27 1 1 1 0 -16.280320031740118,-15.53065290527483,0 6.873912902290272,6.55738678222715,0 24.039676369088987,14.640490431316316,0.5
2554 16 31 1 1 1 0 -10.636848562355258,-12.61378026848101,0 9.992191073727668,11.84930873705792,0 24.893540080307677,20.212908308061834,0.5
2389 25 3 1 1 0 1 -20.885824057915904,-14.629844613726465,0 5.323837504958956,3.729176078008707,0 -19.900663449735077,-21.265314346615675,0.5
864 0 28 0 1 1 0 -6.678223962544724,-30.783945892398094,0 -11.90581137418772,-26.580098862161186,0.5
2628 31 20 1 0 1 1 -17.376844924795556,-26.273470658814887,0 16.31321094956185,13.788732665299424,0.5 -1.3394569105479235,-12.901777210322049,0.5
3026 27 25 1 1 1 0 1.1228071794090233,-27.477068694419852,0 -0.18373208390329474,4.496247604541431,0 4.953848330603237,25.723712537605834,0.5
1115 2 25 1 1 1 0 -0.4491518714829814,2.4593215723738395,0 5.2999920834991805,-29.01999455401131,0 -1.3210226845708046,-26.163044529772318,0.5
1679 31 4 1 0 0 1 -27.579789164136805,15.218581723070061,0 -26.97637118578357,8.032770234908122,0.5
2021 31 24 1 0 1 1 -31.482863602769253,-1.0388933388114663,0 24.684556136530652,-5.188707771928082,0.5 -7.298035459933353,-6.2440914811968735,0.5
1046 25 28 1 0 1 0 -1.840941183012948,25.433460943424254,0 -3.926821252732412,-28.85879545041839,0.5
1186 22 16 1 1 1 1 -6.480655560332301,21.546487034046503,0 2.7362767921403046,-9.097405636597411,0 -0.9932491315020471,-17.528931974389383,0.5 -10.210181483974653,13.114960696254531,0.5
545 31 10 1 0 1 1 20.645105383721507,23.791377086983285,0 -11.413392668284938,-3.9980580035236644,0.5 9.559412800892467,20.170959989602213,0.5
3033 12 14 0 1 1 1 -1.010354823875699,19.47380761766612,0 5.2406513210153385,14.791402020482716,0.5 6.898669493529306,-17.165615608507842,0.5
1436 29 16 1 0 1 1 -18.660819776437172,22.847840275862648,0 5.790389310374151,-16.574721464757854,0.5 -14.451855870845831,8.209376461601629,0.5
2089 15 5 1 1 0 1 -15.348778332244748,-2.159861964944551,0 16.339022095615377,2.29920789816678,0 -25.405384129988292,-9.634129810612844,0.5
748 28 2 1 0 0 1 10.989143779905802,26.29617308629827,0 5.838691332962511,29.532349779832767,0.5
1902 30 2 1 0 0 1 -30.139335032863553,4.676588903977309,0 -30.07114481617504,-1.4057913944213354,0.5
332 0 31 0 1 1 0 -27.312727086681434,-15.69283081819396,0 -30.301837718718378,-10.49040661120702,0.5
2757 13 12 1 1 1 1 -5.0287758868325545,-12.528424205781485,0 6.891285474548316,17.168581319033887,0 10.224462505192285,9.365381277872093,0.5 -1.6955988561885862,-20.33162424694328,0.5
27 29 12 1 1 1 1 29.473472629486725,1.2507642299397308,0 -2.4977519177531122,-0.10599696863896024,0 -12.743152313499067,5.464619759412669,0.5 19.22807223374077,6.82138095799136,0.5
3588 20 16 1 1 1 1 16.354786010540707,-12.360055604625005,0 -9.174636054693567,6.933689729423784,0 -9.546031002252274,14.735104075100335,0.5 15.983391062981998,-4.558641258948456,0.5
2102 27 22 1 1 1 0 -27.14778038485753,-4.387256565958364,0 4.4423640629766865,0.7179147107931869,0 23.169039929274348,-2.3335785300029803,0.5
1299 9 31 0 1 1 0 10.183282885159773,-20.06366740356339,0 8.906284731606778,-30.804676467698016,0.5
3211 15 3 1 1 0 1 5.043748443335406,-14.656418445184746,0 -5.369151568711884,15.601993828745053,0 14.947441374591456,-24.99647967920986,0.5
578 20 29 1 1 1 0 12.615420588673016,16.15862504580402,0 -7.0769432570604724,-9.06459453789006,0 -22.8832515922282,-19.56033733264295,0.5
347 7 3 0 1 0 1 -20.94977616303281,-12.702632747537901,0 21.259298945355415,19.907089399307225,0.5
1609 2 31 0 1 1 0 24.108742023059737,-17.000545816695222,0 22.28549487546476,-23.056598147940946,0.5
3278 26 14 1 1 1 1 11.20776682276054,-24.01324557086418,0 -2.3261402839691687,4.983881156217094,0 -0.6955903964091608,15.676930630720523,0.5 12.838316710320548,-13.32019609636075,0.5
3159 29 28 1 0 1 0 7.291459956246189,-28.58469191204373,0 -1.23045617900861,29.09872810951605,0.5
2513 25 3 1 0 0 1 -17.659285289557644,-18.39564195840996,0 -15.408461921644435,-24.714961080471753,0.5
2397 13 14 1 1 1 1 -10.959001300665062,-7.883545553367565,0 15.017890671281751,10.803377239799996,0 15.274577198507318,3.5968446459140244,0.5 -10.702314773439495,-15.090078147253536,0.5
2928 2 29 0 1 1 0 3.329263353767717,29.31153366034025,0 9.290931216887767,28.634395351099357,0.5
2696 5 2 1 1 0 1 -2.527689233418182,-4.884750468474495,0 12.178866306469423,23.53561589355893,0 -8.228787195452618,-28.957504403728493,0.5
274 10 29 0 1 1 1 -19.539193170654862,-8.970503343727954,0 -29.312986911473775,-6.855566958885835,0.5 -0.23139707608049154,6.495879878290654,0.5
1499 28 28 1 0 1 0 -20.120862873701444,20.184173929534566,0 15.871563099062588,-24.420145060840134,0.5
3378 0 8 0 1 0 1 -17.623691130218265,26.108533297499996,0 18.1208870268295,-16.1209011336489,0.5
439 15 27 0 1 1 0 -12.729973658214918,-10.497512593998364,0 -25.033900070600026,-12.866772993070636,0.5
813 16 20 1 1 1 1 4.777294642204908,15.793272488675685,0 -4.487761633586429,-14.836104459058978,0 -11.678434854379073,-17.88474655543164,0.5 -2.4133785785877366,12.74463039230302,0.5
33 4 2 0 1 0 1 -27.46306202491376,-1.4248593670042116,0 29.1494972193793,7.520426308222066,0.5
3519 13 9 0 1 0 1 -13.466010222422707,12.685289460221517,0 20.491727933288647,-11.060700082186372,0.5
1830 25 7 1 0 0 1 -24.59621417067385,6.728762774117007,0 -25.214895052008288,0.6775452134048461,0.5
3548 30 20 1 0 1 1 23.130038416306007,-19.880928621676812,0 -11.635416911613516,17.912762860400353,0.5 12.632164377625573,-2.9459163492277805,0.5
3800 1 24 0 1 1 0 -29.007223747002183,9.425018328435904,0 -21.446782682981574,13.27725545995714,0.5
902 22 7 1 0 0 1 3.449942634081615,22.23393567998131,0 -2.172445313106147,25.13027022062364,0.5
3023 16 5 1 1 0 1 0.5959875336363569,-16.489232815984803,0 -0.5598670770523353,15.489885372591784,0 6.953276759834683,-26.265984510410853,0.5
867 4 18 0 1 1 1 -5.703486400011896,-26.902049046213552,0 -9.706428824636413,-16.853345052904704,0.5 -3.069644650077116,14.450857473598338,0.5
3961 18 20 1 1 1 1 18.46529637242658,-1.1326208008198617,0 -13.474675731230207,0.8265070708685477,0 -20.09420815296355,7.243811062236034,0.5 11.845763950693234,5.284683190547625,0.5
2202 15 14 1 1 1 1 -14.726255796061963,-4.836051098670425,0 15.676336815162735,5.14805439535884,0 15.648194557091678,-1.1764383126226203,0.5 -14.75439805413302,-11.160543806651885,0.5
3755 22 17 1 1 1 1 20.854273401902717,-8.446850352568875,0 -8.805137658581147,3.566447926640192,0 -13.96749699635041,12.130912070283184,0.5 15.69191406413345,0.11761379107411596,0.5
2683 2 6 0 1 1 1 14.089755850648306,25.91773099769966,0 8.375925390352947,2.844973436649423,0.5 -6.907877566282502,-25.26917544221123,0.5
1143 17 31 1 1 1 0 -3.8979447791173762,17.06036419596462,0 3.229725674125826,-14.135730333799257,0 1.1670328780805503,-32.04509376271942,0.5
320 17 24 1 1 1 1 15.335366900767612,8.430689296780018,0 -12.706446860636023,-6.985428274474872,0 -24.36003570568495,-6.545124935228844,0.5 3.6817780557186843,8.870992636026047,0.5
3769 25 22 1 1 1 0 23.83963482036716,-9.051066878083363,0 -6.076769660093589,2.3071346944134064,0 -18.905309105480818,13.595561320748182,0.5
3569 8 14 1 1 1 1 6.625302186485024,-5.324976144336871,0 -18.31701192734095,14.721992869637232,0 -7.54317939270725,13.760466730799385,0.5 17.39913472111872,-6.286502283174718,0.5
774 11 25 1 1 1 0 3.9972888751669253,10.78293474191821,0 -7.125601907906258,-19.22175323559333,0 -14.489432588544858,-21.824443710253288,0.5
2966 14 6 1 1 0 1 -0.7740345015020199,-14.479325626232892,0 0.9341795707782999,17.47504816959142,0 4.630211997868679,-25.78393175710006,0.5
2333 2 18 0 1 1 1 25.555468991197927,14.73662120840192,0 19.023589952121124,4.043887403669421,0.5 -8.69759675019527,-11.941600008834353,0.5
1855 21 29 1 1 1 0 -20.94472781985176,4.854727237685733,0 10.228820563183419,-2.37091330212559,0 27.383307314395932,-12.506177694457659,0.5
2215 6 5 1 1 0 1 -6.132829066183259,-2.15369627500671,0 24.05956018271894,8.449116155795554,0 -23.015045015971708,-14.441527028427288,0.5
389 1 31 1 1 1 0 1.2285778857597587,0.8605790949250864,0 -24.981083677115095,-17.498441596810093,0 -29.242451980655282,-13.157849450387783,0.5
3669 2 31 1 1 1 0 2.1696304461770763,-1.242056249540036,0 -25.601639264889503,14.656263744572424,0 -24.356408622935078,20.857021815029437,0.5
873 17 14 1 1 1 1 3.46798518584034,17.15293207445281,0 -2.8734734396962818,-14.212429433118041,0 -8.754478722365816,-13.023405940829925,0.5 -2.413020096829194,18.34195556674093,0.5
3780 5 3 0 1 0 1 -24.933340377286967,8.976554886500244,0 28.84752943666717,-4.008746113265478,0.5
3635 31 0 1 0 0 1 26.462946947816654,-17.086908404888266,0 29.71759616779537,-12.046347081494618,0.5
3480 21 25 1 0 1 0 14.717762777466806,-15.67282548956035,0 -13.08213943665309,22.69598263481813,0.5
3355 8 0 1 1 0 1 4.498021508280618,-7.212336827342782,0 -12.435706522893474,19.93999005206534,0 21.76019982057602,-23.552997766072227,0.5
196 13 31 1 1 1 0 12.865221110482455,4.090976140042448,0 -17.63011781806855,-5.606152488206318,0 -31.837060875589035,-3.827734944329067,0.5
2000 11 2 1 1 0 1 -11.5,0.0000000000000014083438190194562,0 20.5,-0.000000000000002510525938252074,0 -29.5,-5.9999999999999964,0.5
2331 23 2 1 0 0 1 -20.394526194064518,-11.675328745676339,0 -22.620704265993414,-19.86337681539741,0.5
1011 3 23 0 1 1 1 0.4924201451368831,-28.495745689500097,0 -5.593073709694169,-23.600159458739423,0.5 -6.145966504233828,8.395063771576474,0.5
1770 29 15 1 1 1 1 -27.595598909481083,10.427507891488094,0 2.338610077074668,-0.8836871094481435,0 12.378533415187398,-11.091524263557694,0.5 -17.555675571368354,0.21967073737854292,0.5
1422 5 0 0 1 0 1 16.307738809748045,-20.887978717746662,0 -24.114024332586542,21.13678855662383,0.5
2984 6 10 0 1 1 1 0.6408174338051158,25.49194682672415,0 6.2619711378548475,10.345903414814622,0.5 5.457808083668035,-21.643990642250976,0.5
3485 2 31 0 1 1 0 -20.362411586915883,21.345308486059267,0 -17.40149539225406,26.933955485842784,0.5
851 19 31 1 1 1 0 4.5223947869716286,18.96834060720051,0 -2.8989710172895053,-12.159192696923405,0 -13.141819458092787,-29.249659507948017,0.5
210 1 8 0 1 1 1 -28.85560344424013,-9.879481255043554,0 -9.985230059223031,2.9232140982810018,0.5 20.28950142325842,13.28857148062178,0.5
1776 2 24 0 1 1 0 27.692648800789286,-10.166966233648253,0 20.931121973472813,-14.076154763698913,0.5
2512 28 29 1 0 1 0 -19.76911921566494,-20.52880720930535,0 24.78462667080519,17.087196399316426,0.5
1021 8 20 1 1 1 0 -0.28033629777452507,8.49537589281075,0 0.7750474114942753,-23.487215703653252,0 -5.3206307355866755,-20.686732186972655,0.5
1438 21 12 1 0 1 1 -13.65250450271835,16.609007219074087,0 3.302430835792318,-13.46640080254587,0.5 -17.017575865928016,11.253982035145796,0.5
3879 29 6 1 0 1 1 28.968755183069398,-5.573259651531572,0 -5.2494017213817505,7.119956570622766,0.5 26.174332714490138,1.074386779130891,0.5
3178 9 8 1 1 0 1 2.6217423851630777,-9.131071506994095,0 -6.209389859596763,21.62622199024917,0 12.25235527297862,-20.931550116145555,0.5
935 29 31 1 0 1 0 3.006771445953974,29.34636818197093,0 -9.179373208114434,-30.724405730724083,0.5
509 25 2 1 0 0 1 17.774519177148363,18.284323012383727,0 16.260485398100958,25.334691918753336,0.5
365 11 28 1 1 1 0 9.661075869837832,6.238077671625865,0 -17.22191785492831,-11.120051501593933,0 -27.19731550609856,-10.419022471505231,0.5
1736 6 2 1 1 0 1 -5.9490676220359635,2.6188918321388077,0 23.338649901833396,-10.2741141106984,0 -29.417053206599043,6.394292817827546,0.5
2025 2 26 0 1 1 1 29.477256569101325,1.1581645648925138,0 26.715128354933565,-4.954989099829028,0.5 -5.260200804769567,-6.211303204119212,0.5
1996 7 0 0 1 0 1 24.49951639097536,-0.1539370271561986,0 -31.537077080761676,-5.801962530221711,0.5
334 30 11 1 0 1 1 26.39779057271708,15.27765207350165,0 -12.958705050073977,-0.5674182101300485,0.5 14.73733751802263,15.461593801412667,0.5
1727 25 6 1 1 1 1 -23.191075687110157,10.603018837799366,0 5.911450665341804,-2.7027302919880736,0 3.4166227035066594,-8.159453983072815,0.5 -25.685903648945303,5.146295146714624,0.5
1617 9 11 1 1 1 1 -7.832015129886166,5.376759154475322,0 18.549509518151446,-12.734429576388921,0 6.085012533351471,-11.45524432166139,0.5 -20.29651211468614,6.655944409202853,0.5
36 22 25 1 1 1 0 22.464034877451937,1.2716670258455518,0 -9.484814726035262,-0.5369260775792329,0 -25.79835073467101,4.549186671362225,0.5
1591 29 27 1 0 1 0 -23.61849087766921,17.675318629701028,0 18.422257198566005,-21.28075279941673,0.5
1638 17 26 1 1 1 1 -14.746207212807562,9.423341914466558,0 12.218285976326264,-7.807911871986576,0 19.099110837291484,-19.325474514869093,0.5 -7.865382351842339,-2.0942207284159595,0.5
2001 26 9 1 1 1 1 -26.499967306942143,-0.041626085542012456,0 5.499993214648369,0.008639376244568623,0 9.509413053932168,-5.98507003883033,0.5 -22.490547467658345,-6.035335500616911,0.5
3447 0 22 0 1 1 0 -20.344511939633716,24.04892583751094,0 -9.951046464022,21.052949301009473,0.5
3242 31 25 1 0 1 0 11.687876872467111,-29.25138516744204,0 -3.8899221981986996,25.905955016018247,0.5
3955 9 0 1 1 0 1 9.476276565954565,-0.6709563663460861,0 -22.443812919366074,1.5891071834512567,0 31.845100002699507,3.7602667216658605,0.5
2068 2 31 0 1 1 0 29.33187331671147,3.145029051120164,0 31.960141823157024,-2.60755338271131,0.5
3060 22 9 1 1 0 1 2.117437049666576,-22.4001442035693,0 -0.8940289765258876,9.45783866372926,0 8.090808837285056,-21.835494323658214,0.5
3595 14 23 1 1 1 1 11.663446711416226,-8.614755412079557,0 -14.076573617226481,10.39711860078567,0 -15.338101051434757,18.78809878981841,0.5 10.401919277207949,-0.22377522304681907,0.5
3047 2 27 0 1 1 0 -2.17593120125616,29.419641796041635,0 3.9552455166679805,27.86765208809091,0.5
2119 10 27 1 1 1 0 -10.317093954722477,-1.9513001638468972,0 21.125478097765072,3.995519383115075,0 28.135989022661857,-0.7849342116709703,0.5
1990 30 5 1 0 1 1 -30.496237290690647,0.4790731780105317,0 5.4050775747782085,-6.085650040104978,0.5 -26.59097466463493,-5.583015886126715,0.5
2374 15 21 1 1 1 1 -12.901289744530283,-8.591083920418761,0 13.733631018370945,9.145347399155455,0 21.220918259994427,6.922617149794946,0.5 -5.414002502906801,-10.81381416977927,0.5
3298 4 0 1 1 0 1 2.0303508799883025,-4.0159277015567305,0 -12.407699822150738,24.541780398402242,0 19.567026428660427,-25.404359404246044,0.5
228 19 22 1 1 1 1 18.26272279158975,6.835419243729551,0 -11.706873584352403,-4.3816790023907375,0 -23.17557837298188,-2.2677228838141748,0.5 6.794018002960273,8.949375362306114,0.5
1173 1 0 0 1 0 1 8.186671927557876,-29.38074884597967,0 -14.234906845703316,28.733559248623358,0.5
3577 18 18 1 1 1 1 14.564272876123054,-11.407539418727701,0 -10.62798290960331,8.324420656909403,0 -10.864530361941096,16.131087378551396,0.5 14.327725423785267,-3.60087269708571,0.5
2115 6 3 0 1 0 1 25.085080038213164,4.581349089126414,0 -26.958301433502612,-11.022703108603208,0.5
532 7 29 1 1 1 0 5.0301418240254,5.563063295540544,0 -16.43179662514964,-18.17267343209911,0 -24.235675144265677,-17.857268836572487,0.5
3147 3 0 0 1 0 1 -6.522527199949858,27.743587347816327,0 13.049864241590122,-29.290801342333868,0.5
2187 30 26 1 0 1 0 -29.193624903309605,-8.830756762863606,0 27.102150836553644,1.9296165506894418,0.5
3888 22 20 1 1 1 1 22.152697526907122,-3.93801882694371,0 -9.353361178027452,1.662719060265122,0 -19.133430503997054,9.49535871616839,0.5 12.372628200937518,3.8946208289595585,0.5
2466 24 25 1 1 1 0 -18.224205680272114,-16.37462449411093,0 5.578838473552688,5.012640151258448,0 22.978162931085897,12.579905735436574,0.5
265 30 0 1 0 0 1 27.895518373857715,12.332479663626723,0 26.384063960483857,18.22446621794715,0.5
3969 12 29 1 1 1 0 12.485183100274014,-0.6084430561952148,0 -19.47688563642746,0.9491711676645349,0 -29.17297944967297,7.428813500752234,0.5
795 13 12 1 1 1 1 4.272439056951413,12.806102627444313,0 -5.8548238928593435,-17.549103600571836,0 -9.647563257522854,-9.95864062972929,0.5 0.47969969228790177,20.396565598286855,0.5
3872 10 11 0 1 1 1 -21.06688362626131,4.2937645810597544,0 -10.070073219332397,8.175795090221165,0.5 21.285288456963503,1.7850757137601336,0.5
3776 15 29 1 1 1 0 14.550374793635045,-5.3419653092050225,0 -15.489108651288918,5.686608232379539,0 -25.624791261742175,15.79936937957151,0.5
2933 8 22 0 1 1 0 2.4686557150080732,23.369975159609346,0 8.330408704056925,21.74521305536859,0.5
3043 18 23 1 1 1 0 1.2486185593295864,-18.457815463735074,0 -0.9111540838351037,13.469216689752622,0 4.400235493954874,23.851371608310906,0.5
1026 18 12 1 1 0 1 -0.7553430116024361,18.48457348533699,0 0.5511962517098857,-13.488742813624292,0 -6.791169169636187,19.23876350780847,0.5
1031 22 5 1 1 0 1 -1.0951975011513646,22.473329580493225,0 0.46241672270835393,-9.48873915620825,0 -7.282787167265356,26.176535505607212,0.5
3678 29 28 1 0 1 0 25.806272087836845,-14.292876579909759,0 -22.024457458437002,19.057105595066076,0.5
1854 0 31 0 1 1 0 30.67525117052956,-7.160933292869364,0 29.31126387664968,-13.003838277732138,0.5
3325 24 29 1 0 1 0 11.971220416675397,-21.37615217328353,0 -9.179350581723389,28.67035965762924,0.5
3646 22 25 1 1 1 0 19.11015900592462,-11.876524018764,0 -8.068733802501505,5.014532363478134,0 -18.491107135044167,18.5561029561791,0.5
3973 25 22 1 0 1 0 25.477069561081745,-1.0811690801174016,0 -22.225374535044505,6.948577320358118,0.5
194 27 26 1 1 1 0 26.232982890603324,8.251097421635096,0 -4.292669927553271,-1.350179578085743,0 -27.079295677483586,-2.2274976119894596,0.5
837 26 3 1 1 0 1 6.711163414726697,25.63611291948984,0 -1.3928829728678052,-5.320702681403552,0 1.413263388783843,29.09042259221965,0.5
3894 2 18 0 1 1 1 -29.09201901875517,4.889215623429521,0 -17.249730783267577,8.983139089694141,0.5 14.307713576060067,3.6795831591943213,0.5
390 22 7 1 0 1 1 18.408368642063028,12.937618170973767,0 -9.586154392947346,0.5963589142255517,0.5 16.594636564653406,18.996526979610465,0.5
3398 26 29 1 0 1 0 15.508879981676019,-21.4877788920579,0 -12.399444758758307,27.431802158708077,0.5
340 9 6 1 1 1 1 8.177049256537465,4.835893449628528,0 -19.36669560758873,-11.453431854383355,0 -8.649071670027862,1.8556829596462485,0.5 18.894673194098335,18.14500826365813,0.5
422 5 0 1 1 0 1 4.33524086594742,3.384625035985443,0 -20.887978717746662,-16.30773880974804,0 21.136788556623834,24.11402433258654,0.5
846 29 0 1 1 0 1 7.066733733236697,28.641076696652565,0 -0.5988757401048048,-2.4272098895468277,0 1.7205305904081554,32.02014638454156,0.5
1396 26 21 1 1 1 0 -15.441297711217262,21.53639535747699,0 3.2047976381771672,-4.469817904382017,0 7.651680326275818,-20.96906741332298,0.5
2390 3 16 0 1 1 1 23.31726694661317,16.387649683233438,0 16.94950184977256,4.578688354163954,0.5 -9.231289107828195,-13.821479711220956,0.5
3515 23 4 1 0 0 1 17.003889810928563,-16.22090414550927,0 24.03967636908898,-14.640490431316323,0.5
3203 27 31 1 0 1 0 8.621120610605185,-26.11371822275408,0 -4.177563269001414,31.793049006559443,0.5
2877 20 31 1 1 1 0 -3.9361667986911724,-20.11856334167232,0 2.208093569997487,11.2860233380113,0 11.936616302868579,29.76184119368444,0.5
2611 29 27 1 0 1 0 -16.924722200193358,-24.162031753275265,0 20.691594949998947,19.08161152589524,0.5
1190 12 31 1 1 1 0 -3.675504065403797,11.947412684979128,0 5.733786342029924,-18.63796378856744,0 3.527512156027589,-31.871721917541223,0.5
3068 28 6 1 0 0 1 3.0384178968449156,-28.337572526314467,0 8.684389176401128,-24.715003229471908,0.5
2844 12 0 1 1 0 1 -3.0324903849425935,-12.126582456126322,0 4.730685000510445,18.917468631557064,0 -1.8211161911147,-32.01458317421078,0.5
834 3 27 1 1 1 1 0.9023258587492097,3.381687159486001,0 -7.347510564100707,-27.536595441528867,0 -12.886881163576936,-25.023554780962794,0.5 -4.637044740727019,5.894727820052076,0.5
3786 29 8 1 0 1 1 27.84892819216097,-9.730734738336153,0 -6.045134956045807,8.467959811146546,0.5 24.163871896467786,-2.0874134643367395,0.5
3462 11 16 1 1 1 0 7.632149126473273,-8.602342687388898,0 -13.605135399365398,15.334610877519342,0 -6.462296040215269,16.32448253050056,0.5
2354 11 0 1 1 0 1 -9.76741460302814,-6.070223387368263,0 17.41147820539799,10.82083299487386,0 -23.587149536624075,-21.72317602784949,0.5
968 31 3 1 0 0 1 1.5826960226627422,31.46021413308955,0 -4.560458671512671,28.765469172350116,0.5
41 19 14 1 1 1 1 19.459573888667776,1.2549836937104946,0 -12.474085826069087,-0.8044767267374966,0 -14.856088387074141,5.054368193497666,0.5 17.077571327662724,7.113828613945658,0.5
1957 1 30 0 1 1 0 30.430452521292967,-2.0585333005163413,0 30.025495150699587,-8.044851829295286,0.5
1474 17 7 1 1 1 1 -11.858812655726787,12.86928756366778,0 9.82587334331648,-10.663123981324732,0 0.6700211163396697,-9.581287580678232,0.5 -21.0146648827036,13.95112396431428,0.5
3212 1 0 0 1 0 1 -9.970084904475756,28.824423792984042,0 15.967351385209529,-27.80815869023419,0.5
1821 11 2 1 1 0 1 -11.04840349834699,3.191046871751332,0 19.694980149227245,-5.688387901817592,0 -30.006450820151674,2.421344497963683,0.5
1859 7 9 1 1 0 1 -7.316796746164205,1.6475695358074869,0 23.90153603746974,-5.38206048363779,0 -23.268445867138606,-0.9107287895089042,0.5
1208 27 3 1 0 0 1 -8.825949269698256,26.04520338735547,0 -14.82948270947393,25.066640033506957,0.5
2904 4 5 0 1 0 1 4.131203700820834,27.187922980292633,0 1.9509323567274066,-27.100624770279264,0.5
3995 30 4 1 0 0 1 30.499059308166085,-0.23954397710568823,0 27.546275240563983,5.783832671429183,0.5
18 0 6 0 1 0 1 -31.487409690983082,-0.8905228532636074,0 25.320184444459905,6.718501298543507,0.5
392 27 14 1 0 1 1 22.449329394722557,15.883249344112357,0 -15.302355355932772,-3.476768695319776,0.5 10.820500667017114,15.005557814192784,0.5
3643 0 30 0 1 1 0 -26.675572317270035,16.753024847653524,0 -22.63767639970841,21.30224418276358,0.5
3497 15 14 1 1 1 1 10.908385091672294,-11.011681737672117,0 -11.612151871780185,11.722112817521932,0 -5.942031832465521,14.523851338469642,0.5 16.578505130986958,-8.209943216724406,0.5
2180 20 2 1 1 0 1 -19.686020556377333,-5.7193176738042,0 11.043377385284845,3.2083977194511366,0 -26.654717091234446,-13.991999742218923,0.5
2043 0 6 0 1 0 1 31.42817227608945,2.126026195615244,0 -25.03689637671713,-7.707387353800807,0.5
2508 20 20 1 1 1 0 -14.31239108936619,-14.676697901947538,0 8.028902318424937,8.233269554751057,0 18.608009987497176,10.4877053879867,0.5
1033 27 7 1 1 1 1 -1.4248593670042065,27.46306202491376,0 0.23315880550977924,-4.493955604076797,0 -5.603342796252765,-7.800804414141035,0.5 -7.26136096876675,24.156213214849526,0.5
3417 29 31 1 0 1 0 17.970713959199202,-23.394517302065516,0 -14.43086053906379,28.63564673797488,0.5
1683 2 8 0 1 0 1 25.91773099769966,-14.089755850648304,0 -23.512041137282434,5.952639881492785,0.5
1329 30 30 1 0 1 1 -15.069855243890537,26.51696556788097,0 9.853403001028706,-29.481527255203698,0.5 -5.957592664692513,-1.6604486266072707,0.5
2258 0 30 0 1 1 0 28.94842980519277,12.419275816802955,0 30.395008379657057,6.511026462899475,0.5
2863 31 24 1 1 1 1 -6.726571012864552,-30.773417788878934,0 0.1067709684581675,0.48846694902982435,0 11.093380842808099,22.65362888096338,0.5 4.26003886148538,-8.608255856945375,0.5
3512 7 6 0 1 0 1 -17.647571109753713,16.994505992413732,0 22.52979996951845,-13.366305148899098,0.5
1100 19 12 1 1 1 1 -3.0504720682845052,19.259922641605183,0 1.955430813002888,-12.34610425743922,0 -3.970699230567938,-13.284711047680606,0.5 -8.976602111855332,18.321315851363796,0.5
3407 19 6 1 1 1 1 11.63458037555253,-15.648851059576481,0 -7.458064343302903,10.031314781779797,0 0.9368376367367919,8.796154571310888,0.5 20.029482355592222,-16.88401127004539,0.5
2017 19 21 1 0 1 1 -19.49304789368114,-0.5206570989175131,0 21.65253704141793,-5.423803063351811,0.5 -10.336054373853688,-6.278214712857474,0.5
482 8 18 1 1 1 1 6.177922956638675,5.838087695627469,0 -17.080139938942217,-16.140595393793593,0 -17.567070690774152,-8.345539368150135,0.5 5.69099220480674,13.633143721270926,0.5
2530 18 8 1 1 1 1 -12.450731499930813,-13.683175257104274,0 9.085668932381944,9.985019782211229,0 10.158392934704732,2.2487892262595386,0.5 -11.378007497608024,-21.419405813055967,0.5
1982 5 19 1 1 1 1 -5.497801692076411,0.15548811723650366,0 26.489408152731798,-0.7491700194122448,0 19.322582598558363,-6.54887789792187,0.5 -12.664627246249847,-5.644219761273122,0.5
1945 29 16 1 0 1 1 -29.389976106541766,2.545447791038742,0 15.920743017345991,-7.401347294623385,0.5 -15.95990903042813,-4.640183589089834,0.5
1849 5 26 0 1 1 1 25.75805368410711,-6.226770463623667,0 24.34821886215458,-12.058782618515842,0.5 -6.7558459639370225,-4.539663568102359,0.5
1386 9 19 0 1 1 1 12.821700363118286,-18.48929419416578,0 6.1816618629249716,-19.44317506510855,0.5 -12.053645320176589,6.852710011038335,0.5
970 14 25 1 1 1 0 0.6830435352898189,14.483903186948565,0 -0.8243628874187469,-17.480572811834474,0 -7.194553742867708,-25.18905310727238,0.5
2199 1 29 1 1 1 0 -1.4273111183047726,-0.46128404650885035,0 29.021992738863712,9.37944227901329,0 29.915588179362597,3.3626751081216337,0.5
2219 9 3 1 1 0 1 -8.94341111438827,-3.2039659235136,0 21.18176316565643,7.58834034516379,0 -24.8066759177878,-15.260367948049181,0.5
1235 1 29 0 1 1 0 11.004730207873076,-28.44549020586437,0 5.048085242526869,-29.677716141647128,0.5
592 30 8 1 0 1 1 18.23610198325433,24.447793038561734,0 -9.89159426521417,-3.2258894730573364,0.5 9.241365192626436,22.424254042810713,0.5
3876 15 4 1 1 1 1 15.206903020371676,-3.0000167547883425,0 -16.18799353781501,3.1935662228392037,0 -3.253610520189838,6.757515710888877,0.5 28.14128603799685,0.5639327332613311,0.5
376 25 26 1 0 1 0 21.180195429493224,14.200328220448792,0 -25.35204502761816,-9.773628441762105,0.5
1955 18 28 1 1 1 0 -18.453801733700995,1.3065992397265866,0 13.466287751619646,-0.9534643100707524,0 28.005067782276697,-7.997885877535875,0.5
573 18 25 1 1 1 0 11.498823666900352,14.492310177384844,0 -8.391033486657014,-10.575469588902454,0 -20.54993862541989,-16.246538784968184,0.5
2902 15 14 1 1 1 1 -2.3766271479228953,-15.316711246209346,0 2.5299579316598564,16.304886165319626,0 8.152345878847617,13.4085516246773,0.5 3.2457607992648656,-18.213045786851673,0.5
3363 14 2 1 1 0 1 7.8270946702021496,-12.206006268378413,0 -9.446493567485353,14.73138687562912,0 20.97485037111958,-21.594111510065538,0.5
2225 17 30 1 1 1 0 -16.418348378643472,-6.057048498856129,0 13.603774370876021,5.0186973276236495,0 30.691538088100724,4.927422225328635,0.5
2082 19 0 1 1 1 1 -19.338463172155976,-2.5047638889059027,0 12.396450751382035,1.6056178775037837,0 1.2665546112570976,-5.886071645563226,0.5 -30.468359312280917,-9.996453411972912,0.5
100 25 8 1 0 1 1 25.186052685176012,3.989078858525887,0 -9.333957685300057,4.596437090728864,0.5 22.272069213744352,9.602339972016253,0.5
3859 0 31 0 1 1 0 -30.73054633388966,6.919792050391463,0 -29.412490705243666,12.773229447322827,0.5
3574 12 9 1 1 0 1 9.804293649167622,-7.754084474706954,0 -15.294698092701491,12.09637178054285,0 21.36968911636106,-9.25129110287206,0.5
2203 24 9 1 1 1 1 -23.264948962089996,-7.6806347258118945,0 7.121923151660203,2.351214711983233,0 10.902074428356178,-2.719333219482734,0.5 -19.48479768539402,-12.751182657277862,0.5
2191 13 0 1 1 0 1 -12.896954437905084,-3.989807793190087,0 17.673604229721782,5.4675143832604896,0 -28.319645780360716,-15.041531267623572,0.5
1290 3 5 0 1 0 1 12.538266340893582,-25.593785909177544,0 -17.046553455745446,21.158095738520824,0.5
1513 4 30 1 1 1 0 -3.2462897573664633,3.116344462863113,0 19.83843740612839,-19.044327273052357,0 17.847504627221877,-25.450276591449718,0.5
103 9 0 1 1 0 1 9.37593186855269,1.5303272840337308,0 -22.20615442551953,-3.624459356921994,0 30.12209370054814,10.995884279829333,0.5
1564 1 4 0 1 0 1 23.622343336061377,-19.2933899383503,0 -25.094255126943924,12.748661091418523,0.5
2939 30 17 1 0 1 1 -2.917996660357291,-30.36009379909989,0 7.646737847568915,16.845693820396864,0.5 4.585233154735036,-15.007519345871875,0.5
3326 30 9 1 0 1 1 14.944730125149214,-26.58768589942452,0 0.5754484986108066,11.221357271981255,0.5 16.255165351226374,-16.67391973725103,0.5
3184 24 29 1 0 1 0 6.982971930514427,-23.483783830925706,0 -2.6569375087600555,29.986508350832445,0.5
3099 5 4 0 1 0 1 -4.104394609890632,26.18022048964257,0 10.186874517352747,-26.238856445502904,0.5
597 9 2 1 1 0 1 5.620115588745699,7.6592624167825445,0 -13.310800078608233,-18.140358355537604,0 12.614508986031879,27.3335720871115,0.5
1508 11 20 1 1 1 1 -8.23326955475106,8.028902318424935,0 14.67669790194754,-14.312391089366189,0 10.487705387986704,-18.608009987497176,0.5 -12.422262068711895,3.7332834202939473,0.5
3396 17 22 1 1 1 1 10.197083394200071,-14.222147877579152,0 -8.449011955194344,11.784065384279868,0 -8.23437080594438,21.78176157775608,0.5 10.411724543450035,-4.224451684102944,0.5
965 4 14 0 1 1 1 -1.5111299475922633,-27.458450179889795,0 -6.787712193433693,-14.148390833558125,0.5 -5.029306436235423,17.80326028485909,0.5
2969 24 19 1 1 1 1 -1.1925483901426195,-24.47095887653707,0 0.3650658337171284,7.491109860164408,0 6.942059055796061,19.18483296945376,0.5 5.384444831936313,-12.777235767247717,0.5
826 0 24 0 1 1 0 -8.50274127550564,-30.33073343659551,0 -12.390525773633689,-21.971000683922416,0.5
584 13 18 1 1 1 1 8.207059018877175,10.718870381745775,0 -11.246710507350201,-14.688822374984953,0 -16.010652899237215,-11.04124058881732,0.5 3.4431166269901627,14.366452167913408,0.5
3097 20 23 1 1 1 0 3.111456660396613,-20.262498302294155,0 -1.7454512972956608,11.366767340311355,0 2.36369552655827,24.138412198355724,0.5
1962 16 3 1 1 0 1 -16.470614577090494,0.9843045529378158,0 15.472395511812284,-0.9246497315476452,0 -28.80717228877006,-4.289151982049407,0.5
2926 27 27 1 0 1 0 -3.189376982246439,-27.314426123664333,0 9.148888136500474,26.618562054810564,0.5
2475 17 19 1 1 1 1 -12.850643915124497,-11.879013046826481,0 10.64767638681744,9.842610810227656,0 18.392093407193517,8.830679481278251,0.5 -5.10622689474842,-12.890944375775886,0.5
1845 18 18 1 1 1 1 -17.954369759168035,4.4598886254112164,0 13.101837391825324,-3.254513321246023,0 16.507919394169804,-10.282927466222471,0.5 -14.548287756823557,-2.568525519565232,0.5
825 7 29 1 1 1 0 2.0358033739880574,7.218414273402354,0 -6.650291021694321,-23.580153293114357,0 -13.782224689741575,-26.76378677619215,0.5
3328 0 25 0 1 1 0 -15.520911258771177,27.410788272090063,0 -7.343444681464274,25.146049793362657,0.5
86 15 24 1 1 1 0 15.35878598244625,2.0875088372058648,0 -16.349675400668588,-2.2221868267030174,0 -25.084858683430213,2.6457257666537943,0.5
187 30 24 1 0 1 1 29.193624903309605,8.830756762863611,0 -25.187814777320227,-1.3505505334524877,0.5 5.4415621704144375,7.914505742338843,0.5
2076 6 27 1 1 1 0 -6.453736929703789,-0.7741315406166532,0 25.318506416530248,3.036977582419178,0 28.018854586239094,-2.6821237248099647,0.5
1128 27 2 1 0 0 1 -5.49202446414619,26.94601394056679,0 -11.770574739480484,27.707464162248844,0.5
933 0 29 0 1 1 0 -3.3090491499044146,-31.325711384157213,0 -9.065752959591222,-28.706482251847977,0.5
884 31 0 1 0 0 1 5.707981554254828,30.978523957352888,0 -0.19268967571715034,32.06575853911571,0.5
354 15 25 1 1 1 1 13.164776204081408,8.181605435148528,0 -14.014116604344723,-8.709450947093595,0 -24.82525327838497,-8.364018153019291,0.5 2.3536395300411597,8.527038229222832,0.5
1029 1 16 0 1 1 1 1.38888889114212,-30.468360435836747,0 -5.242409702005755,-16.756107558628166,0.5 -6.699604604187651,15.210696833069406,0.5
1085 0 24 0 1 1 0 4.193322163586394,-31.21964204202821,0 -2.6851256902953207,-25.080671841625698,0.5
3676 6 26 0 1 1 0 -22.26819259765297,12.424878205995967,0 -20.2179542981109,18.15170306058082,0.5
2555 22 4 1 1 0 1 -14.477756956510031,-17.22337230359448,0 6.112830714970902,7.272090528184336,0 -13.102136999220397,-24.911523559462594,0.5
2349 28 12 1 1 1 1 -24.323605751800397,-14.853020003722563,0 2.987109478291277,1.824055088176455,0 13.795199716485627,1.3937233521308645,0.5 -13.515515513606047,-15.28335173976815,0.5
3117 24 27 1 1 1 0 4.4773831230699,-24.087404184952117,0 -1.3706274866540509,7.373695158658811,0 0.8733220091955296,28.13338423773888,0.5
2139 23 7 1 1 0 1 -22.942068085666424,-5.090335151308434,0 8.298194839496366,1.8411850547285824,0 -22.618666263445817,-11.164494456215113,0.5
3066 30 11 1 0 1 1 3.1563518301378743,-30.33623976573869,0 4.777685001568741,12.059176009404005,0.5 8.089267249582248,-19.769009974321833,0.5
2176 3 6 0 1 1 1 27.417788640203447,7.779130162243769,0 7.89089147841351,-3.997978448653902,0.5 -22.89399401234124,-12.73244038520831,0.5
676 1 0 0 1 0 1 -14.861128834622633,-26.634504871702564,0 10.108804231488444,30.431268080864477,0.5
3395 10 3 0 1 0 1 -12.500383462876348,17.49258166426693,0 21.451926450119885,-19.69936170485346,0.5
2824 7 28 1 1 1 0 -2.0471395163799446,-7.215207536895643,0 6.687322420174485,23.5696779538591,0 13.551296191760304,25.780077027099487,0.5
693 11 29 1 1 1 0 5.3332398470506694,10.188550080057071,0 -9.507079727351194,-18.16219796879739,0 -18.99668486681193,-23.353285937337358,0.5
2077 17 3 1 1 1 1 -17.37215029104754,-2.11149100525122,0 14.39406738401082,1.7495211186367252,0 4.198369831438498,-5.533867613023199,0.5 -27.567847843619866,-9.394879736911143,0.5
1323 28 10 1 0 1 1 -13.847517519805123,24.909762313974216,0 -0.14244350617163182,-12.092547698791579,0.5 -15.690533352970366,15.876308232688244,0.5
2476 9 0 1 1 0 1 -6.965925789114321,-6.459557097862982,0 16.498245290007603,15.29895102125443,0 -19.017823133676124,-25.818063507091566,0.5
142 26 9 1 0 0 1 25.84350569259442,5.862014458941548,0 20.61535061621604,10.828541867235899,0.5
1114 4 29 1 1 1 0 -0.8015188061889461,4.428043315430129,0 4.8981704822657814,-27.060264705406343,0 -0.6496566911126358,-30.096975698293882,0.5
3661 24 1 1 1 0 1 21.107743846505123,-12.43837407824371,0 -6.461554238726058,3.8076655341562375,0 29.32311966481096,-10.315263114587854,0.5
1195 24 5 1 1 0 1 -7.387680018640144,23.35962722181553,0 2.2615346995837173,-7.150906292392509,0 -13.711480972443143,23.457307806786556,0.5
275 4 27 1 1 1 0 4.086644282212865,1.8839688189184267,0 -24.973937280189734,-11.513142782279274,0 -27.485895705414304,-6.064283739328787,0.5
2726 23 16 1 1 1 1 -9.804968771051486,-21.356792535366942,0 3.5464780661250055,7.724797300026341,0 12.337137869555368,12.49179847690407,0.5 -1.0143089676211225,-16.589791358489215,0.5
3770 0 31 0 1 1 1 -29.46648697114082,11.134457579046598,0 -27.345637908465278,16.747121764025803,0.5 2.5885710780904763,5.435926763089576,0.5
441 23 4 1 0 0 1 18.08350918957032,15.007887772459044,0 17.329752173550194,22.17948803744875,0.5
1395 3 5 0 1 0 1 16.570275753115173,-23.187840810772432,0 -20.289100081480232,18.072144805851874,0.5
2276 5 0 0 1 0 1 24.048337250339603,11.132271802912856,0 -26.065245002574354,-18.677606992218585,0.5
387 3 3 0 1 0 1 -23.394232742331226,-16.2775881013631,0 19.967372089412677,21.20268973132757,0.5
2990 4 16 0 1 1 1 0.43195122607507114,27.496607393245664,0 6.258430530535007,16.403720532076473,0.5 5.755796376556742,-15.592331707336664,0.5
2837 9 19 1 1 1 0 -2.405888771317119,-9.190304631515225,0 5.6981576162773875,21.766510969378167,0 10.742806192607913,17.34480080912044,0.5
2543 12 23 0 1 1 1 12.826509550413698,14.68777221886104,0 19.976902961430163,13.754030248243707,0.5 -1.071728095658984,-10.348980572451335,0.5
674 31 5 1 0 0 1 15.43472127679345,27.45941330596303,0 7.754401079341214,26.040723183135906,0.5
931 3 24 0 1 1 0 -3.0829266848774135,-28.33276483253392,0 -8.615027816656145,-23.707199238169,0.5
2822 28 12 1 0 1 1 -7.865227155489245,-27.393214520982283,0 9.21665356384243,10.358730476468176,0.5 0.38552131908257614,-20.398563020775086,0.5
3986 23 2 1 1 0 1 23.494317804269127,-0.5167503381738645,0 -8.497944737714365,0.18690969678629143,0 29.62480328744606,5.349862631893011,0.5
3030 14 0 1 1 0 1 0.683043535289812,-14.483903186948565,0 -0.8243628874187386,17.480572811834474,0 7.4771924471255495,-31.182392357044204,0.5
1616 11 22 1 1 1 1 -9.470624872726916,6.523592914957699,0 16.882418251382763,-11.629013457098507,0 15.125869751879078,-17.704746941122586,0.5 -11.227173372230599,0.4478594309336206,0.5
3377 24 13 1 0 1 1 13.6754008350779,-20.32814334856852,0 -2.557104129883286,14.550299600658875,0.5 15.304643899606214,-12.000744772981644,0.5
1743 4 26 0 1 1 0 25.289438460277985,-10.802513705791469,0 22.012910435004283,-15.927390689641522,0.5
978 20 1 1 1 0 1 0.7082881481766842,20.487760441276944,0 -0.39733237580643255,-11.493133906082189,0 -4.942623128208429,30.68909377307351,0.5
809 10 26 1 1 1 0 3.1031838391478517,10.030964562815063,0 -6.354138337302744,-20.539594104811794,0 -13.563824677553185,-23.542995988544007,0.5
3976 31 12 1 1 1 1 31.47761838817856,-1.1872407541029557,0 -0.4996447363202946,0.01884509133496755,0 -12.264977311987755,6.466864119217725,0.5 19.712285812511098,5.260778273779801,0.5
3049 31 20 1 0 1 1 2.4221309329621317,-31.406739431905187,0 4.405928649704998,20.900664887359653,0.5 6.86650610541256,-11.004594218067837,0.5
3375 3 20 0 1 1 1 -15.833751641058653,23.696883950622546,0 -6.400372103086564,20.378548450319794,0.5 11.377875353540695,-6.228479143361662,0.5
3007 25 27 1 0 1 0 0.28038149444206517,-25.498458506693584,0 5.697265095804107,27.5643097215971,0.5
2352 9 6 1 1 0 1 -8.084447577049575,-4.989158984632306,0 19.147375840380572,11.816429174129146,0 -18.549311505996876,-18.497919954781185,0.5
9 16 28 1 1 1 0 16.498351186675933,0.2332554846275401,0 -15.498451114756179,-0.21911878858950734,0 -28.58197222594117,5.596504594434588,0.5
1337 23 4 1 1 0 1 -11.867021245967122,20.28358466217855,0 4.2923268336476825,-7.336615728873093,0 -19.065727329241156,20.70623194613223,0.5
1264 5 27 1 1 1 0 -2.215985396425144,5.033826449415047,0 10.677020546412058,-24.253891074454316,0 5.5884799464002155,-27.58657086135721,0.5
2035 29 31 1 0 1 0 -29.45542837479087,-1.6210303074171497,0 31.78210764916662,-4.260003917461186,0.5
1086 29 15 1 0 1 1 -3.9730006901660007,29.23123783755899,0 -3.8578276721281672,-16.166853919429165,0.5 -8.16752333603705,15.541607463685672,0.5
2851 27 26 1 1 1 0 -6.377736238036903,-26.750223933231492,0 1.0436295662242205,4.377309370892426,0 11.982231051176978,24.38598242917866,0.5
2945 22 0 1 1 0 1 -1.941443230453279,-22.416083471091177,0 0.8197204750802733,9.464568576682941,0 3.259601736323057,-31.90023505431519,0.5
3793 27 26 1 1 1 0 26.0590350183724,-8.785026688134822,0 -4.264205730279119,1.437549821694789,0 -23.194700649383986,14.151178812574807,0.5
2591 31 5 1 0 0 1 -18.873645316460422,-25.219744496494243,0 -11.074067743086847,-24.811590509709838,0.5
2637 3 0 1 1 0 1 -1.8892987134970718,-2.946277375125823,0 15.384289524190441,23.991115768881702,0 -11.952927206972234,-29.755294170698818,0.5
3082 11 15 1 1 1 1 1.4771684473034803,-11.404734691271473,0 -2.633213319106204,20.330179232266538,0 3.9593301925586863,16.142295512915542,0.5 8.069711958968371,-15.592618410622473,0.5
1791 27 5 1 0 0 1 -26.031307492388255,8.866850074109253,0 -27.01929996337979,2.864861163984207,0.5
3394 7 16 0 1 1 1 -14.213294132600316,19.955757813227475,0 -4.685094135042464,16.9203987230145,0.5 13.879208405496724,-9.144264543241794,0.5
3170 18 11 1 1 1 1 4.8816514243594,-17.844312241469265,0 -3.5622861745325354,13.021525149180274,0 2.7528044361449986,12.675648612056914,0.5 11.196742035036934,-18.19018877859262,0.5
322 27 2 1 0 0 1 24.056694319169953,13.323867998220942,0 22.89924634277047,19.541609885910454,0.5
2459 0 31 0 1 1 0 23.66119129625821,20.794182514392688,0 27.621987965666342,16.28728893415303,0.5
1082 5 0 1 1 0 1 -0.7064718661016663,5.454438330608095,0 3.4039099003080286,-26.280475592929914,0 -9.996453411972919,30.46835931228091,0.5
928 7 8 1 1 1 1 0.846422886551112,7.4520848289000625,0 -2.764981429400299,-24.343477107740206,0 -6.920947134544644,-7.768557830179182,0.5 -3.3095428185932327,24.027004106461085,0.5
2150 26 3 1 1 0 1 -25.76780289053843,-6.18630214218149,0 5.348034562187221,1.283949501207479,0 -26.311870548198353,-12.48741239227936,0.5
1928 21 0 1 1 0 1 -21.362643176180182,2.42641227477986,0 10.432918760460089,-1.1849920411715598,0 -31.975894590621156,-2.4066917396053715,0.5
3665 10 16 1 1 1 1 9.079491125461626,-5.273788098005415,0 -18.59133897118333,10.798708962582516,0 -11.254178569722319,13.475661939986582,0.5 16.416651526922635,-2.59683512060135,0.5
3504 17 12 1 1 1 1 12.451874351162486,-12.296374471479869,0 -10.317267319534631,10.18842456208332,0 -4.678296146322964,13.052338685741331,0.5 18.090845524374153,-9.432460347821857,0.5
3359 26 28 1 0 1 0 14.164246482674526,-22.396966794145193,0 -10.162234867598219,27.29430311430887,0.5
1248 19 25 1 1 1 0 -7.405692362675119,18.039005533271933,0 4.747238694022513,-11.563465085430726,0 4.133903694799177,-25.868143347409486,0.5
600 6 20 1 1 1 1 3.8206041399010755,5.258610463437158,0 -14.988523933458065,-20.62993335656116,0 -16.903699638245385,-13.058136870931586,0.5 1.9054284351137563,12.830406949066735,0.5
1375 6 27 0 1 1 0 14.16704094199985,-21.202475113714907,0 10.28936373422378,-26.19883573643761,0.5
1666 0 31 0 1 1 0 27.263291902970092,-15.778558698862371,0 24.25785215080583,-20.971566680380484,0.5
1024 30 27 1 0 1 0 -1.1495505714330045,30.478328915537972,0 -4.959256812420335,-27.70660159363581,0.5
789 1 29 0 1 1 0 -9.924795323982586,-28.840049198589337,0 -15.272844499967945,-25.942055062770162,0.5
1918 11 6 1 1 0 1 -11.404734691271472,1.4771684473034838,0 20.330179232266538,-2.6332133191062104,0 -26.05945611402117,-2.6748358905556513,0.5
1797 30 20 1 0 1 1 -28.962487483418155,9.5616064953985,0 17.585618178284626,-12.124192067415677,0.5 -12.801253935465567,-2.09234262962053,0.5
2336 31 30 1 0 1 0 -27.21358764157432,-15.86413085152645,0 29.371403434196047,10.176967146733677,0.5
1658 22 24 1 1 1 0 -19.330618078671126,11.514217502572768,0 8.161816522105585,-4.86155850108628,0 17.978437240533598,-17.692534990447093,0.5
31 12 31 1 1 1 0 12.485183100274014,0.6084430561952051,0 -19.47688563642746,-0.9491711676645199,0 -31.754714079664215,4.45961138651961,0.5
3679 15 3 1 0 0 1 13.571007366480007,-7.488508466907504,0 27.851920048137114,-8.515899813418311,0.5
2697 21 26 1 1 1 0 -9.850960573907692,-19.11043107235722,0 4.810934233768872,9.333001221383757,0 17.47502519268359,20.80561209181489,0.5
1985 13 29 1 1 1 1 -13.496252807943007,0.3180568252537369,0 18.49486495903301,-0.43585564942178767,0 29.350453102429356,-6.693347643899503,0.5 -2.6406646645466623,-5.939435169223978,0.5
214 24 27 1 0 1 0 23.128770871455718,8.081457664041896,0 -27.939997753031985,-3.4068351237721552,0.5
2037 21 2 1 1 0 1 -21.46369809518296,-1.2488651163513589,0 10.482271162763771,0.6099108707762451,0 -29.10166991208322,-7.703428348998273,0.5
3171 1 17 0 1 1 1 -8.094329335084138,29.406323003993485,0 1.1405631036061799,18.464807494439043,0.5 9.632974209268227,-12.38772811630822,0.5
904 9 1 0 1 0 1 -3.380075755217034,-22.244664256603066,0 -1.3500300002443941,31.05523174923092,0.5
159 22 2 1 1 0 1 21.80188366172827,5.56128301747592,0 -9.205239768285269,-2.3480972740453883,0 27.101683107383483,13.105295599373743,0.5
3834 5 0 0 1 0 1 -25.60420277896544,6.831895787672586,0 31.98202876465837,-2.3237547410525963,0.5
3605 4 10 1 1 1 1 3.661238022753542,-2.616359329439237,0 -22.374232361271645,15.988862568795337,0 -5.054409613839282,10.986489132362943,0.5 20.981060770185906,-7.618732765871632,0.5
1073 24 31 1 1 1 0 -2.8032166469391337,24.3391038542984,0 0.8581275449813675,-7.450746077846449,0 -2.3564611733554166,-31.97963556294018,0.5
2444 28 28 1 0 1 0 -21.84505069406647,-18.304200615532658,0 25.698566613125976,13.705242574676559,0.5
114 11 3 1 1 0 1 11.316110694988106,2.0483258380384166,0 -20.172197325848362,-3.6513634504163077,0 26.975582589472218,10.980343526436826,0.5
2656 9 16 0 1 1 1 11.574889510083901,19.29434976435717,0 13.633412244556773,11.06255262450622,0.5 -2.8286528364514423,-16.37830037369065,0.5
2311 16 5 1 1 1 1 -14.56998704131742,-7.743737961465539,0 13.68695752366182,7.274420509255505,0 7.672567060366002,-2.716931118778428,0.5 -20.584377504613236,-17.735089589499474,0.5
2895 0 29 0 1 1 0 5.1718856669192,31.072521601059606,0 10.762087516840445,28.114542007293437,0.5
990 25 18 1 0 1 1 0.4005365914514265,25.496854128282344,0 -6.289845165158646,-18.403473797039794,0.5 -5.787211011180386,13.592578442373341,0.5
2456 5 13 1 1 1 1 -4.148382594048572,-3.611221656641259,0 19.987661589506757,17.39952252745334,0 14.121908174455141,4.338399418248285,0.5 -10.014136009100186,-16.67234476584631,0.5
1917 28 31 1 1 1 0 -28.258122461370046,3.705201068526998,0 3.470295740870006,-0.45502469262612255,0 30.45261933761384,-10.044300646555113,0.5
2835 1 21 0 1 1 0 7.816825880556398,29.481303111515672,0 11.309822134460871,19.244165954565528,0.5
2210 28 20 1 0 1 1 -26.963432726585044,-9.231646418647252,0 21.338254365153574,0.9637949200967855,0.5 -8.936477117327877,-9.401562462243987,0.5
2157 0 31 0 1 1 0 30.54694626335299,7.689868268301146,0 32.01168307636273,1.8714023133767679,0.5
2987 27 7 1 0 0 1 -0.561520660107007,-27.49426657592948,0 5.49848521028928,-24.617405638942337,0.5
216 6 30 1 1 1 0 6.12943848330362,2.163327039399413,0 -24.046258665268045,-8.48689838533616,0 -30.758128611870287,-4.493052892593905,0.5
3469 30 5 1 0 0 1 20.491421153481358,-22.590964103168698,0 22.24814574381207,-15.597115469281388,0.5
528 21 13 1 1 1 1 14.519655374602024,15.856532023200739,0 -7.090994485270755,-7.743887732260826,0 -13.542071613782873,-5.904430235609201,0.5 8.068578246089906,17.695989519852365,0.5
1069 21 6 1 1 0 1 -2.325716621925064,21.373840136823834,0 1.1358150944285195,-10.438387043565129,0 -8.723200682792193,24.701331337556155,0.5
3094 31 29 1 0 1 0 4.634245722917062,-31.1572426023168,0 1.5947049773919826,30.061718447804697,0.5
96 23 22 1 1 1 1 23.23331600134098,3.530301344337791,0 -8.403539830272269,-1.276917507526435,0 -23.14601779132761,2.5518347132104506,0.5 8.490838040285642,7.359053565074676,0.5
3185 12 23 1 1 1 1 3.581556909097473,-11.975911243278992,0 -5.587228778192057,18.682421539515225,0 -0.9848895923293322,24.23386045373129,0.5 8.183896094960197,-6.424472329062928,0.5
1381 30 25 1 0 1 0 -17.183146699605842,25.198997390765864,0 9.409057590011601,-24.448305365972608,0.5
881 2 3 0 1 0 1 -5.4822242698555606,-28.98612111088696,0 -0.5990961008284161,29.118569399302093,0.5
2174 31 29 1 0 1 1 -30.330733436595512,-8.502741275505628,0 30.024542350241312,2.1856021272331096,0.5 -0.7876312996334924,-6.4521032955027655,0.5
3567 3 30 0 1 1 0 -22.15804793951127,17.924031675667177,0 -19.939518319336518,23.846710657716365,0.5
803 24 10 1 1 1 1 7.461029874485381,23.33630290367428,0 -2.2839887370873617,-7.143766195002331,0 -8.91259718792417,-8.174081683333375,0.5 0.8324214236485714,22.30598741534324,0.5
1218 31 14 1 0 1 1 -10.577082265866288,29.671119472326904,0 -0.7828261580603257,-15.67281669663295,0.5 -11.527798618622905,14.469272926048351,0.5
2217 30 12 1 1 1 1 -28.745230721174902,-10.196161571219953,0 1.413699871533192,0.5014505690763912,0 13.786634539082165,-1.476044743829509,0.5 -16.37229605362593,-12.173656884125855,0.5
3905 19 14 1 1 1 1 19.283286725517836,-2.8991124609900125,0 -12.361081234306306,1.8584054237115466,0 -13.446819628413772,8.089069283972421,0.5 18.19754833141037,3.3315513992708623,0.5
3949 7 9 1 1 0 1 7.475946454704199,-0.6001871428110698,0 -24.42142508536705,1.9606113331828279,0 22.907989078361457,4.18019573533015,0.5
2885 6 0 0 1 0 1 4.581349089126422,25.085080038213164,0 0.24305819301163467,-32.06541630346954,0.5
456 30 2 1 0 0 1 23.004667112451166,20.025865550465173,0 18.310901197197325,23.894788079128837,0.5
485 10 31 1 1 1 0 7.597482681478718,7.24763802246159,0 -15.55675025255166,-14.8404016650404,0 -26.933955485842777,-17.401495392254073,0.5
1464 28 28 1 1 1 0 -18.981338221876168,21.259322644589194,0 2.3310415360198804,-2.6107940089846378,0 14.505691349331075,-25.255393849194704,0.5
2723 18 22 1 1 1 1 -7.7979476311785785,-16.776233568396584,0 5.69039421734653,12.242116387748858,0 14.924930979021488,17.874463216316308,0.5 1.4365891304963787,-11.143886739829135,0.5
3198 21 20 1 1 1 1 6.579594307052765,-20.468486479332046,0 -3.2132902429792574,9.996237582929604,0 -0.5614309031902049,21.352629705517373,0.5 9.231453646841818,-9.112094356744276,0.5
831 31 16 1 0 1 1 8.264264456646016,30.39657765260124,0 -10.118724744452912,-14.347871254858553,0.5 -1.7232814869077524,16.531191757307788,0.5
1480 21 17 1 1 1 1 -14.717762777466808,15.672825489560346,0 7.187744612251231,-7.6541705879248205,0 7.605762589223584,-16.86423361544683,0.5 -14.299744800494455,6.4627624620383335,0.5
3174 16 0 1 1 0 1 4.453816858598184,-15.887527038216696,0 -4.183888564137689,14.924646611658108,0 14.28002383485715,-28.711163669832537,0.5
2673 4 29 1 1 1 0 -2.2111193375417715,-3.919304947965754,0 13.512395951644159,23.951308015346275,0 19.72085558783928,22.745062208830912,0.5
640 28 31 1 0 1 0 15.2710636569014,24.06334587680743,0 -21.944511594850482,-23.381368883439496,0.5
122 29 13 1 0 1 1 28.959964992118767,5.6187567713201005,0 -14.395663322763525,3.31886689965733,0.5 17.01853599072124,9.413789499055405,0.5
2421 2 25 0 1 1 0 23.28114293135337,18.117350352904676,0 23.809262605658947,10.925612759693188,0.5
2520 23 31 1 1 1 0 -16.08685698932419,-17.130762744403167,0 5.818650400393856,6.196233333081996,0 25.937045601282172,18.855229128202325,0.5
1619 26 13 1 1 0 1 -21.8942108477146,14.929619263591968,0 4.544081496695483,-3.0986002245190876,0 -18.664928915632903,5.465384576987314,0.5
1512 6 2 0 1 0 1 18.367880134641627,-17.688159298226527,0 -25.411036069070086,16.140918372150303,0.5
2472 29 3 1 1 0 1 -21.756636962066132,-19.92231783957022,0 1.8437827933954347,1.688332020302561,0 -16.967126995981808,-23.67206373559824,0.5
2799 3 23 0 1 1 0 8.849550065345452,27.091243301866825,0 13.00041706480067,20.47533042813325,0.5
3902 24 25 1 1 1 0 24.21028551820187,-3.7566042015555463,0 -7.411311893327103,1.149980878027208,0 -24.278475734890385,9.83898449995419,0.5
484 29 1 1 0 0 1 21.37726734051788,20.32885734742678,0 17.967237620380835,25.365889936936405,0.5
2417 17 2 1 1 0 1 -13.87810348427616,-10.66059302664359,0 11.499000029828817,8.83306279350469,0 -19.739456835787724,-22.72892086809388,0.5
1280 7 7 0 1 0 1 10.431592643344281,-22.168262785417475,0 -15.860554958140398,19.613587036027038,0.5
3356 1 15 0 1 1 1 -16.180591121355377,25.854177050595045,0 -3.136855740243872,16.322075115159194,0.5 13.839502157571607,-10.803618839563475,0.5
362 0 31 0 1 1 0 -26.543172983053616,-16.962015446039793,0 -29.774033068013576,-11.906172973077199,0.5
2361 0 2 0 1 0 1 26.56978409733406,16.920300618518986,0 -21.659899274928282,-20.90690707397824,0.5
2635 24 31 1 0 1 0 -13.28981764824643,-20.582292070524062,0 22.127469728281916,23.208297727837937,0.5
2958 1 14 0 1 1 1 2.0107307375170134,30.433648514451964,0 6.942868419039622,14.072902263424636,0.5 4.833249284595542,-17.85748306321349,0.5
280 8 24 1 1 1 0 7.691029945961166,3.619123978303118,0 -21.263435732951457,-10.005813351779208,0 -24.722938534807913,-5.002630328548165,0.5
3225 3 5 0 1 0 1 -9.864336126708551,26.738453073790797,0 14.801250028088468,-22.78536805948087,0.5
1811 1 0 0 1 0 1 29.165738243726615,-8.922427511525257,0 -31.877223598247213,3.477443841006095,0.5
3251 6 28 1 1 1 0 2.4968722104800625,-6.00130228904797,0 -9.7954217488064,23.543570518572807,0 -5.408160656060609,28.618207461653466,0.5
263 15 6 1 1 0 1 14.196030371237448,6.22275836738853,0 -15.111903298414056,-6.624226649155532,0 20.94594995240153,15.732678748118207,0.5
3691 1 23 0 1 1 0 -26.977236638497352,14.229501163094794,0 -17.986493574626852,16.27071138241678,0.5
1920 4 3 0 1 0 1 27.28315428614814,-3.4466639230183747,0 -29.027268388848444,-2.3806910513041877,0.5
750 9 0 0 1 1 1 -8.61037722821452,-20.78728948150395,0 -5.734618911250265,1.8341608279348955,0.5 6.511250924432609,31.39830586829607,0.5
3563 28 27 1 1 1 0 22.04499128715381,-18.062900075827045,0 -2.707279631755731,2.218250886505076,0 -17.468767015500614,22.070164905549703,0.5
620 26 0 1 0 0 1 14.895209513081461,21.917635218275887,0 12.74314295669474,29.425538356761482,0.5
3741 19 9 1 1 0 1 17.90835796700121,-7.71626301558885,0 -11.479716645513594,4.946322445890288,0 23.03772473595181,-3.393116412755993,0.5
3053 5 5 1 1 0 1 0.4573583819463064,-5.480950949467022,0 -2.2036358402867493,26.40821821106838,0 8.182855057887137,-25.909281794399682,0.5
2760 3 31 0 1 1 0 10.49154975151334,26.498629847815156,0 17.174582324896882,27.07921198937184,0.5
1688 24 15 1 1 1 1 -21.616135047656353,11.532246338050653,0 6.617184198262149,-3.530279491239996,0 10.851290416749777,-12.589658307172378,0.5 -17.382028829168725,2.472867522118271,0.5
1059 31 21 1 0 1 0 -2.915147742666459,31.364819681267523,0 -3.9845473530246434,-21.963000304865094,0.5
1466 25 25 1 1 1 0 -17.042976514278717,18.96805081007914,0 4.344288131090654,-4.834993343745664,0 12.579905735436565,-22.978162931085897,0.5
3470 6 1 0 1 0 1 -17.16181909449922,18.860592921954545,0 24.964668231919745,-18.520673315788954,0.5
1308 18 27 1 1 1 0 -8.60529494443298,16.376779259650423,0 6.279539554045688,-11.950622702988145,0 7.480266779135373,-27.134767530107272,0.5
2145 14 30 1 1 1 0 -14.125514111062815,-3.274118369602002,0 17.048034271972362,3.951522170209313,0 31.067095903795025,1.0418983176885641,0.5
1553 30 8 1 0 0 1 -23.28546787441534,19.6986544177406,0 -21.816407264105052,10.596903985915148,0.5
3277 3 29 1 1 1 0 1.4752873896824326,-3.1738820264534087,0 -12.013054458842666,25.84446792969204,0 -6.993624524831802,29.280355462420044,0.5
3463 1 24 1 1 1 1 0.9972589869687403,-1.120479590581677,0 -20.277599401697717,22.783085008494094,0 -11.80664509149605,22.29020259404235,0.5 9.468213297170408,-1.613362005033423,0.5
3228 19 12 1 1 1 1 6.835419243729546,-18.262722791589752,0 -4.381679002390734,11.706873584352405,0 1.2376203180984202,13.810079505499957,0.5 12.4547185642187,-16.1595168704422,0.5
788 5 22 0 1 1 1 -8.662532785855975,-25.044171492264827,0 -13.025359118315034,-19.302591013615952,0.5 -2.5649421693568755,10.939427392137802,0.5
200 4 4 0 1 1 1 -26.15405419811672,-8.497967345311054,0 -6.133856289577874,4.315762623083658,0.5 24.29995223186704,14.204306443081975,0.5
1978 0 31 0 1 1 0 31.481192873181648,-1.0883452032958825,0 31.273889024934814,-7.08476289342572,0.5
3468 19 11 1 1 1 1 13.078368742466031,-14.463964568405423,0 -8.383569706708995,9.271772159234246,0 -3.262433493739837,12.554143845715824,0.5 18.199504955435188,-11.181592881923844,0.5
574 3 12 0 1 1 1 -17.679312602331848,-22.353789520102186,0 -12.460145426307411,-6.082333101308289,0.5 7.3903108289423844,19.01665864056083,0.5
3073 3 17 1 1 1 1 0.40045952099130433,-3.477014836328343,0 -3.2608846709291925,28.312835095816506,0 3.958299257320638,18.07157621762681,0.5 7.619643449241135,-13.718273714518043,0.5
764 2 27 0 1 1 0 -10.6871233177841,-27.496097817517224,0 -15.554999259124275,-23.458303392373526,0.5
2970 18 21 1 1 1 1 -0.8714693381283877,-18.479462686796445,0 0.6359370845801747,13.485013311986595,0 7.006127940029135,21.1934936074245,0.5 5.498721517320573,-10.77098239135854,0.5
1777 5 28 0 1 1 0 24.890762673548856,-9.093950380833789,0 24.7103031664581,-15.415930637549287,0.5
1108 10 8 1 1 1 1 -1.772751169483706,10.34926824906448,0 3.6299190613237786,-21.191358795703458,0 -4.47878329083575,-9.390979727042886,0.5 -9.881453521643234,22.149647317725048,0.5
2395 8 31 1 1 1 0 -6.91567182075669,-4.942012066718559,0 19.119798563268496,13.663209831516015,0 29.117145265193777,13.432864609069938,0.5
1132 23 17 1 1 1 1 -4.837771306092204,22.996651251648597,0 1.7498321745439886,-8.317937686766513,0 -2.268889772479915,-18.36034147831505,0.5 -8.856493253116108,12.95424746010006,0.5
56 1 30 0 1 1 0 -30.382075078866762,-2.6794614947976667,0 -30.90918225817122,3.297340160061368,0.5
2425 19 22 1 1 1 1 -15.31368015217453,-12.072332011541757,0 9.816461636009315,7.738674366372922,0 21.38419464067577,9.21771227418679,0.5 -3.745947147508077,-10.593294103727892,0.5
1458 2 2 0 1 0 1 19.43908583884465,-22.189455643391284,0 -23.95219546122932,18.235743269388983,0.5
1584 31 10 1 0 1 1 -25.010697557406814,19.149804377380065,0 4.689317399634641,-11.147210517680367,0.5 -20.718375357096093,8.306559008547001,0.5
819 4 31 1 1 1 0 1.2622463415972434,4.319344183220918,0 -7.713727643094265,-26.395992230794498,0 -14.594849968808592,-28.552414160416767,0.5
790 31 4 1 0 0 1 10.203398673241706,29.801688803067677,0 3.2312168474838376,27.960851876946393,0.5
1491 3 1 1 1 0 1 -2.439639887059579,2.509612962484041,0 19.865639080342287,-20.43541983737005,0 -25.56191266577754,17.68724458097308,0.5
1133 1 9 0 1 1 1 6.325684916376827,-29.83681803307321,0 -3.8992426718970292,-10.537832157785457,0.5 -10.536026846456323,20.76637036871758,0.5
650 8 26 1 1 1 1 4.441237800085566,7.2474413970097835,0 -12.2787162708248,-20.037043862321166,0 -18.9620529510972,-19.45997296708775,0.5 -2.242098880186834,7.824512292243201,0.5
2409 4 7 1 1 0 1 -3.6028206423563223,-2.696235045208629,0 22.01723725884419,16.476991942941623,0 -16.020376770328472,-19.483262769277633,0.5
3222 9 14 0 1 1 1 -7.688072427558363,21.145768899442196,0 0.6843361420914187,15.677425938100535,0.5 11.61848359461887,-14.3965564966617,0.5
772 8 31 1 1 1 0 2.979541721625701,7.960674037359635,0 -8.237556524494586,-22.008922338582522,0 -16.661130406513813,-27.398115511420507,0.5
3516 1 2 0 1 0 1 -22.101920470704925,21.017971155814127,0 25.51195019084197,-15.9809385663045,0.5
2159 4 25 1 1 1 0 -4.360376732345654,-1.1122566034951815,0 26.646746697667886,6.79712368802611,0 26.19181028795228,0.48895177667848966,0.5
1754 1 29 0 1 1 0 28.251105406081532,-11.494565817570962,0 25.06361359258949,-16.6752893132732,0.5
1589 16 15 1 1 1 1 -13.179218817917866,9.927647825615068,0 12.380478283498602,-9.325972199820214,0 8.770424528729487,-14.118415406335801,0.5 -16.789272572686983,5.135204619099481,0.5
2169 10 1 1 1 0 1 -10.132192550867082,-2.754754818882001,0 20.746870461299263,5.640688438663145,0 -27.857461322681335,-13.791731169628907,0.5
3130 8 3 1 1 0 1 1.7236920105303521,-8.32339389028501,0 -4.765501440878032,23.011736049611496,0 11.654774781391188,-26.691126330581255,0.5
1671 20 27 1 1 1 0 -17.822878496444584,10.12891909835266,0 9.99820013215184,-5.682076567368565,0 20.944177759127324,-18.804026643091007,0.5
3292 10 3 1 1 0 1 4.648961425908463,-9.414730886244978,0 -9.519301967336377,19.277782290882573,0 17.998455805320102,-22.897720162145816,0.5
1117 15 31 1 1 1 0 -2.8326301390850372,15.238969994561545,0 3.015380470638911,-16.222129349049386,0 -0.14232068298003853,-32.06602165569025,0.5
2046 3 12 1 1 1 1 -3.490867188313133,-0.2526782015900099,0 28.425632819121226,2.0575224986615095,0 12.900545446701205,-5.081921602858192,0.5 -19.01595456073315,-7.392122303109711,0.5
3672 21 7 1 1 0 1 18.7089507253948,-10.59363784328827,0 -9.136929424030019,5.173637086257062,0 24.275866038693128,-6.850717339915992,0.5
1801 19 11 1 1 1 1 -18.55504453796204,5.996692604615068,0 11.894259319206437,-3.8440337209070945,0 9.097582387634516,-9.245755496453617,0.5 -21.35172146953396,0.5949708290685454,0.5
710 15 25 0 1 1 0 -7.258996302622601,-14.817455000050156,0 -16.60661428588953,-20.260068162760206,0.5
287 29 15 1 1 1 1 26.552677465079658,12.853222142149843,0 -2.2502269038203098,-1.0892561137415122,0 -16.56562147666555,-1.3528433360286316,0.5 12.237282892234415,12.589634919862725,0.5
1799 17 3 1 1 0 1 -16.63497395728665,5.433934250650716,0 13.78326413603751,-4.502402664824879,0 -28.954306473518503,3.1461304228471727,0.5
1242 21 9 1 1 1 1 -7.977439770096593,19.965231146031872,0 3.895958957489034,-9.750461722480683,0 -2.0467771655941216,-11.04810858176197,0.5 -13.92017589317975,18.667584286750586,0.5
3782 3 6 0 1 1 1 -26.84529857020053,9.569741097688555,0 -4.107929618251653,7.8342143353045195,0.5 26.034160004429644,-2.910758125258069,0.5
2002 1 27 0 1 1 0 30.499849488656675,0.09581841831931698,0 27.518713817966376,-5.91357673534947,0.5
3121 4 31 1 1 1 0 0.8501582519285431,-4.418962655044485,0 -5.1954115395633185,27.004771780827408,0 -0.05915755677382162,32.06628292121612,0.5
2182 26 30 1 0 1 1 -25.424430504132136,-7.473174261353426,0 30.954119846949084,2.8447257338296863,0.5 0.2529207476197113,-6.179484694974451,0.5
1048 3 31 1 1 1 0 -0.2636438193477642,3.4900561509121486,0 2.1468139575460796,-28.419028657427496,0 -3.6101590274338062,-31.862466191376935,0.5
1494 30 15 1 0 1 1 -21.362540098906095,21.76905786943085,0 6.573935223490469,-15.265430739987368,0.5 -15.839221601591333,7.574236532858114,0.5
1239 7 23 0 1 1 1 8.983258436207855,-22.793662888362206,0 3.0344733028861786,-24.06329095892894,0.5 -8.698762205630203,5.708023834033943,0.5
3069 19 30 1 1 1 0 2.109370889652971,-19.38557593804952,0 -1.3521608267006224,12.426651242339437,0 2.665520179173411,30.970066228124526,0.5
1654 7 7 0 1 0 1 20.969703557942758,-12.669709258384852,0 -24.072489498771702,7.534271652358054,0.5
199 16 13 1 1 1 1 15.700422301352496,5.074124511597362,0 -14.74888155581598,-4.766601813924795,0 -14.690936250778355,1.5576880546394296,0.5 15.75836760639012,11.398414380161586,0.5
198 20 7 1 1 1 1 19.51646385238637,6.273566664864266,0 -10.948260209875281,-3.5193178851677587,0 -8.97633555522358,3.416928445260304,0.5 21.488388507038074,13.209812995292328,0.5
1388 12 31 1 1 1 0 -7.155401569932383,10.249401366568156,0 11.162426449094518,-15.989066131846323,0 13.111899300276892,-29.263084197319294,0.5
1953 12 23 1 1 1 1 -12.465949913576964,0.9220047462949867,0 19.446881865180064,-1.4383274042201795,0 22.9934235593031,-7.717024881551518,0.5 -8.91940821945393,-5.356692731036352,0.5
1814 31 4 1 0 1 1 -30.1650818476651,9.072917784465233,0 2.581122590720684,-7.041860987812195,0.5 -28.062770079923226,2.1750713646604227,0.5
3327 7 0 1 1 0 1 3.68519889590295,-6.532174913276257,0 -12.038316393282969,21.338438050035773,0 20.703575293413394,-24.486975519037923,0.5
1590 20 2 1 1 0 1 -16.393535498985354,12.308614619180622,0 9.19637357260154,-6.904832591247666,0 -27.19321877732447,12.914288696191036,0.5
1761 16 27 1 1 1 0 -15.350834190121484,6.049949559078762,0 14.420480602841392,-5.683285949437625,0 23.384741992355647,-15.66537078881181,0.5
2245 21 26 1 1 1 0 -19.927416806262595,-8.071434781343584,0 9.731994254221268,3.941863497865471,0 26.8141932118149,4.387373063629273,0.5
662 14 29 1 1 1 0 7.34185470662042,12.503886174580908,0 -8.860859128679817,-15.09089710725282,0 -20.11089868226123,-22.400931993821672,0.5
1977 28 24 1 0 1 0 -28.48140213670102,1.0294330126446125,0 24.26728962362482,-6.881035846666636,0.5
117 3 31 0 1 1 0 -28.020041602903483,-5.208384449285396,0 -32.06602165569025,0.1423206829800323,0.5
132 8 21 1 1 1 1 8.317937686766513,1.7498321745439913,0 -22.996651251648593,-4.837771306092211,0 -22.274665095616935,1.4454393374003836,0.5 9.039923842798169,8.033042818036586,0.5
1254 26 2 1 1 0 1 -10.2947397857312,24.41860628176971,0 2.1366441064725135,-5.068012624518242,0 -16.98892307055429,24.85209232444601,0.5
2774 21 0 1 1 0 1 -7.4731922448773025,-20.159399734890563,0 3.6496985381958917,9.845288242620974,0 -5.323216618804262,-31.621406749689143,0.5
1530 22 27 1 1 1 0 -16.641699637018718,15.1427815539699,0 7.026495402296792,-6.3936188783428465,0 16.301780030853127,-22.945630691390424,0.5
2975 21 15 1 1 1 1 -0.8440860388199838,-21.48342427917554,0 0.4122280654702246,10.49190488052759,0 6.603901361709907,15.25249116717679,0.5 5.347587257419699,-16.722837992526344,0.5
3501 3 26 1 1 1 0 2.4787582018726653,-2.4709831599282484,0 -20.18417392953456,20.12086287370145,0 -14.53176954001604,22.958172271238453,0.5
3648 3 10 0 1 1 1 -24.253342731148724,14.967476953896918,0 -5.784394279076494,10.620300505361755,0.5 21.44742913835365,-6.1852876533996985,0.5
2020 23 1 1 1 0 1 -23.48840416859469,-0.7381528383360079,0 8.495805763108718,0.26699145216408793,0 -30.296485536686045,-6.955067514077293,0.5
1686 26 0 1 0 0 1 -23.341415045459595,12.547045216926273,0 -30.586296046548483,9.629563549449813,0.5
3542 21 7 1 1 0 1 16.171976146878386,-14.167469340174927,0 -7.897941839173165,6.918996654504034,0 22.38224333207302,-11.631215904791414,0.5
850 12 11 1 1 1 1 2.9180670481988185,12.154624004970957,0 -4.552184595190157,-18.961213447754695,0 -8.518841206728972,-9.781581901437848,0.5 -1.0485895633399966,21.334255551287804,0.5
267 12 22 1 1 1 0 11.416654570214902,5.090186482280504,0 -17.80998112953525,-7.940690912357586,0 -22.993267737881464,-3.6823414744017535,0.5
3886 8 30 1 1 1 0 8.364081818034688,-1.513979967245784,0 -23.124226202801786,4.1857093212089325,0 -28.943601840774505,11.33657410696524,0.5
1367 25 29 1 1 1 0 -13.89949122409798,21.37882465691749,0 3.5430075669269363,-5.449504324312302,0 11.049491888995512,-28.002834302888388,0.5
2979 13 1 1 1 1 1 -0.4452400023477754,-13.492655829758252,0 0.6101437069210256,18.489935766705752,0 6.046207035708976,1.3012995355963501,0.5 4.990823326440175,-30.681292060867655,0.5
348 22 16 1 1 1 1 19.22124221323414,11.695890208965963,0 -8.115635601143303,-4.93826475489674,0 -17.214481678762628,-3.4513215630459344,0.5 10.122396135614817,13.182833400816769,0.5
1472 14 29 1 1 1 0 -9.792325717754853,10.693940201693522,0 11.818324142117927,-12.906479553768044,0 15.497239135421175,-25.80863381079228,0.5
627 1 9 0 1 1 1 -16.86513838434437,-25.412931890612587,0 -10.252341180162198,-4.597771234582077,0.5 7.442230239477798,22.064976978519653,0.5
3940 21 24 1 1 1 1 21.40458223896622,-2.0233287363480703,0 -10.45340062833234,0.9881372898444065,0 -23.826618252864368,8.279025463922096,0.5 8.031364614434189,5.267559437729618,0.5
3695 12 4 1 1 0 1 11.092668088241037,-5.762179681693286,0 -17.304562217656017,8.989000303441527,0 27.169716041343058,-7.352314617369532,0.5
2156 21 27 1 1 1 0 -20.857721824537276,-5.215883462101264,0 10.18632926314611,2.54729192335178,0 28.134076788250354,0.8507192679330746,0.5
3162 31 25 1 0 1 1 7.929543783057658,-30.48560866035926,0 -0.612371889073482,26.18921535039705,0.5 7.443037668318424,-4.780291860126643,0.5
971 6 11 1 1 1 1 0.29599271450569997,6.49325714206357,0 -1.1612021876762075,-25.473547249634002,0 -6.517455241414918,-11.214846284107207,0.5 -5.060260339233011,20.751958107590365,0.5
493 15 16 1 1 1 1 11.080003330464852,10.838981787828958,0 -11.79484225501097,-11.538270935430825,0 -15.990577140622179,-7.249237388154109,0.5 6.884268444853642,15.128015335105674,0.5
1675 12 25 1 1 1 0 -10.906200088409964,6.107765518711935,0 17.013672137919546,-9.528114209190619,0 19.316920731374598,-17.694817700609132,0.5
70 21 11 1 1 1 1 21.370160542286364,2.3592876884574734,0 -10.436590032279387,-1.1522102664559755,0 -12.088956854280838,4.701821155184057,0.5 19.717793720284913,8.213319110097506,0.5
910 30 23 1 0 1 1 4.297487574096269,30.195721560355004,0 -9.251320896832535,-22.420148564713607,0.5 -4.742481474829893,9.260608482216234,0.5
1708 31 3 1 0 0 1 -28.24419265873493,13.946884277725399,0 -28.21081893461263,7.23876336389728,0.5
241 27 28 1 0 1 0 25.552919985047406,10.163576153980687,0 -28.699624599917644,-4.957978199206005,0.5
1407 20 22 1 1 1 1 -12.231225523016763,16.451356242118866,0 6.861419195838672,-9.228809599237412,0 8.609484722690926,-21.636237491989025,0.5 -10.48315999616451,4.043928349367251,0.5
2449 3 0 0 1 0 1 21.700617563771903,18.475204933935494,0 -20.095376268603577,-24.98851441409121,0.5
3110 22 0 1 0 0 1 3.8684047562867088,-22.164959838482414,0 11.326422615730035,-29.99936917219892,0.5
26 6 19 1 1 1 1 6.4945798732265105,0.26539078786031495,0 -25.478736425734773,-1.0411484754520048,0 -19.728715731550594,5.1988244424742955,0.5 12.244600567410691,6.505363705786616,0.5
3813 21 29 1 1 1 0 20.57911263675923,-6.224959685297295,0 -10.050264310975438,3.0400965904940276,0 -26.49925882198202,14.284231931945374,0.5
1217 11 26 1 1 1 0 -3.8444543629189996,10.838365681754471,0 6.853157777377347,-19.320564910953625,0 3.2041605675501437,-26.981166673391957,0.5
106 6 5 0 1 0 1 -25.147338473839216,-4.226271132117052,0 25.13909187309949,10.309028072319105,0.5
1890 1 28 0 1 1 0 30.0458344477206,-5.243837558522006,0 27.044041193734593,-10.81063531489183,0.5
2272 23 31 1 1 1 0 -21.3874903110974,-9.737826153342166,0 7.735900750822465,3.522192438442911,0 31.15459156253707,7.59219497717846,0.5
3318 3 23 0 1 1 1 -13.651451625375683,25.017751068391973,0 -5.989565150385149,23.502661749454926,0.5 9.338380534247198,-4.58744471330097,0.5
77 26 20 1 1 1 1 26.306399012157705,3.1974006650947073,0 -5.4598186629006555,-0.6636114587932411,0 -21.074172971313253,3.4827049222077258,0.5 10.692044703745108,7.343717046095675,0.5
3532 19 28 1 1 1 0 14.463964568405416,-13.078368742466038,0 -9.271772159234242,8.383569706708998,0 -17.11552706383375,23.564989567728954,0.5
1022 14 29 1 1 1 0 -0.500984299929848,14.491342751147107,0 0.6046362240532649,-17.489551596212024,0 -4.977173769582905,-29.689690824718536,0.5
1246 0 11 1 1 1 1 -0.18843550520608127,0.46313287550953336,0 11.87143682798312,-29.177371157100602,0 -1.2235778863745308,-12.913282199192242,0.5 -13.283450219563733,16.727221833417893,0.5
62 4 8 1 1 0 1 4.478676309928387,0.4375597226507969,0 -27.369688560673477,-2.6739760828659813,0 22.80522998831385,8.256602520414233,0.5
635 4 7 0 1 0 1 -14.917142258235767,-23.102572732220903,0 8.249256324852759,23.83694129050279,0.5
2154 7 15 1 1 1 1 -7.281629668640482,-1.7966272203144134,0 23.786656917558908,5.868982253027084,0 16.486003091441862,-2.1122741462625987,0.5 -14.58228349475753,-9.777883619604095,0.5
779 19 2 1 1 0 1 6.634200958949243,18.336776642482096,0 -4.2526929224033605,-11.754344001591086,0 4.39427017610821,29.78154444650858,0.5
2121 30 12 1 0 1 1 -29.950746884190394,-5.762183707515696,0 13.408440599917183,-3.5303995069244642,0.5 -18.015293835954704,-9.575969298416343,0.5
2342 19 24 1 1 1 1 -16.75320233484831,-9.97898850222973,0 10.739232265928404,6.396787501429315,0 24.119353241905742,7.382872015155822,0.5 -3.373081358870971,-8.992903988503222,0.5
134 14 2 1 1 1 1 14.179975427545466,3.0295704108349697,0 -17.11376344703763,-3.6563780820422047,0 -3.6984386919912744,5.345236312978302,0.5 27.595300182591824,12.031184805855476,0.5
3176 30 4 1 1 0 1 8.325034033278431,-29.341843983375618,0 -0.40942790327598844,1.4430415073791287,0 13.278344256242969,-24.818049355513406,0.5
2647 18 26 1 1 1 0 -9.740448329427847,-15.728117062819257,0 7.10789472687978,11.477274613408648,0 19.053545032797487,19.370400658818554,0.5
514 30 6 1 0 1 1 21.087302553133796,22.035781607027168,0 -8.82892315532894,-0.5478283648155342,0.5 13.295459851237664,22.57168020649166,0.5
443 19 6 1 1 0 1 14.966267723166085,12.500433210033846,0 -9.593761361003901,-8.013098211560157,0 15.72498603489908,20.951725804864594,0.5
3380 20 0 1 1 0 1 11.522709245968677,-16.95515177262852,0 -6.463958845299501,9.51142660415746,0 22.668109847989484,-22.680537822535914,0.5
1185 10 25 1 1 1 0 -3.0085078036418826,10.059765444354351,0 6.160277883647665,-20.59856733843986,0 1.5579386977849445,-26.150006252655928,0.5
1155 3 12 0 1 1 1 6.870639233741598,-27.65943449385346,0 -2.809600580398273,-13.577781283355012,0.5 -10.524002527055506,17.478425867638347,0.5
2867 3 29 0 1 1 0 5.910885905466883,27.880305375166767,0 11.987823384641182,27.614164671390114,0.5
560 28 31 1 0 1 0 18.166583707837656,21.959627419109992,0 -24.70193513373846,-20.446623208945223,0.5
681 21 2 1 1 1 1 10.328096491800324,18.856840213992953,0 -5.043954100646669,-9.209154523112838,0 -6.463315465742257,0.689603647247421,0.5 8.908735126704734,28.755598384353213,0.5
3351 23 10 1 1 1 1 12.31017522452445,-20.01773178812985,0 -4.4526165705726735,7.240456178685266,0 -0.3893808139884083,12.087116388191921,0.5 16.373410981108712,-15.171071578623195,0.5
331 12 18 1 1 1 1 10.84815223088538,6.210281247700182,0 -16.923117480181194,-9.688038746412284,0 -19.036200300606453,-3.9841031757712866,0.5 8.735069410460126,11.91421681834118,0.5
2810 25 2 1 1 0 1 -7.498028293423758,-24.372721877357414,0 1.9112621140099775,6.212654596189145,0 -2.939431505562994,-29.96013588794456,0.5
3283 5 17 1 1 1 1 2.3652114489663045,-4.965458166340616,0 -11.39601879956492,23.924480256004784,0 -2.1088093379757513,18.379415746319747,0.5 11.652420910555474,-10.510522676025655,0.5
1200 1 23 0 1 1 0 9.425018328435893,-29.007223747002186,0 1.555560270040341,-24.203930099185794,0.5
994 29 2 1 0 0 1 0.2780268337777524,29.49868981971402,0 -5.721706688875947,29.555237650312886,0.5
2114 16 6 1 1 0 1 -16.236158823243805,-2.9389022893594645,0 15.252149197592667,2.7607869990952545,0 -24.023553712518808,-10.445997655644193,0.5
3249 0 2 0 1 0 1 -12.008799629478204,29.121104571410818,0 16.793213222161015,-24.984755145388885,0.5
3697 28 19 1 0 1 1 25.33243188661306,-13.058250063086941,0 -14.58361127755905,14.26773570350434,0.5 13.859821016181925,-0.39415910417222566,0.5
1099 12 20 1 1 1 1 -1.9360351933446367,12.349160608321968,0 3.020214901617633,-19.26469054898227,0 -2.7524993749093407,-21.181920290453455,0.5 -7.708749469871611,10.431930866850786,0.5
3982 8 0 1 1 0 1 8.49660261502718,-0.24029981754732488,0 -23.490607229781027,0.6643583191014276,0 31.657033091604724,5.107078992637923,0.5
3044 8 8 0 1 1 1 -1.6229106042885353,23.443893899488792,0 5.398664819594902,8.89406645835685,0.5 7.608585642455887,-23.029533745202357,0.5
1126 20 30 1 1 1 0 -4.030929239616108,20.09979127914536,0 2.261252988077329,-11.27549266878886,0 0.1143704455326402,-31.084351680567327,0.5
2074 9 10 1 1 1 1 -9.435892660902224,-1.1017847756851307,0 22.348166828452637,2.609490258201625,0 11.125008588798332,-4.7417490337599455,0.5 -20.659050900556533,-8.453024067646702,0.5
3713 0 27 0 1 1 1 -28.352858988135907,13.724627033143047,0 -22.138281269043784,17.38236182032537,0.5 6.664623099856186,3.439883564434023,0.5
1441 9 31 1 1 1 0 -6.067018461206848,7.310354778762471,0 14.369254250226744,-17.313998160226905,0 15.499889774256935,-28.071398557711465,0.5
2813 18 31 1 1 1 0 -5.356360659441857,-17.707608547909103,0 3.9086956163494633,12.921768399825563,0 14.863297949182332,28.413594881215438,0.5
2847 14 15 1 1 1 1 -3.4513616326718113,-14.083256117834432,0 4.1654364532246,16.997033245662244,0 9.516940828511702,13.626365519338126,0.5 1.9001427426152904,-17.453923844158552,0.5
2857 25 10 1 0 1 1 -5.679862392428167,-24.859387828405595,0 8.18803459180115,8.899780307595675,0.5 1.0603641385579596,-22.296314222168206,0.5
1921 0 9 0 1 1 1 31.25777603269306,-3.8989020877677105,0 8.68430031060247,-7.129721461268305,0.5 -23.0696308972127,-3.168932038774123,0.5
1786 14 31 1 1 1 0 -13.68845623004522,4.782903515453368,0 16.52055062246837,-5.772469760029926,0 27.75785863128995,-16.054634352900166,0.5
1147 8 28 1 1 1 0 -1.9453151298096096,8.27440324408557,0 5.378224182414803,-22.876291321883638,0 0.681771968830641,-29.116750968858405,0.5
1892 27 17 1 1 1 1 -27.105226366597446,4.642919729600187,0 4.435400678170491,-0.7597505012073034,0 16.23577974683106,-8.868452853366835,0.5 -15.304847297936876,-3.4657826225593436,0.5
3740 8 4 1 1 0 1 7.800914318313841,-3.375757070395633,0 -21.56723370357356,9.332975429917338,0 27.62113955011817,-5.415039238352572,0.5
2111 4 0 0 1 0 1 27.083046246766898,4.77059807524019,0 -29.981540666244225,-11.37353152184245,0.5
2418 27 17 1 1 1 1 -21.782106891874097,-16.786596419494067,0 3.564344764124852,2.7468975959172113,0 17.523870877264038,5.929919854178241,0.5 -7.822580778734909,-13.603574161233038,0.5
266 1 10 0 1 1 1 -27.876112153358868,-12.3762826088191,0 -12.031372893874842,1.2231378861492672,0.5 17.215695594895113,14.208090131467667,0.5
1084 2 18 0 1 1 1 3.881148593222332,-29.243575116550446,0 -3.5139051432098136,-19.128577329339564,0.5 -7.7239646341628525,12.593266864884644,0.5
3045 0 4 0 1 0 1 -2.2247500568317458,31.42133808711251,0 7.9272588916047,-27.00756498586043,0.5
953 22 2 1 1 0 1 1.6596085433309797,22.438709844438534,0 -0.7007236071841915,-9.474121934318493,0 -3.8077247572607695,29.86220407426323,0.5
1601 24 4 1 1 0 1 -19.843512527236964,14.369586305158183,0 6.074544651194989,-4.398852950558627,0 -25.792412748161862,11.269491764425641,0.5
762 4 29 0 1 1 0 -10.043048452018668,-25.600530810715732,0 -16.359022334503457,-25.271177025600075,0.5
2348 25 9 1 0 1 1 -21.784074508332033,-13.255342236828083,0 11.234539656867561,-0.18739983529903537,0.5 -16.10233815750989,-16.821554799161724,0.5
3919 29 16 1 0 1 1 29.26153983098971,-3.743298908636937,0 -15.605275042695208,8.045209185710092,0.5 16.136056299395328,3.9846815560022293,0.5
2013 9 3 1 1 0 1 -9.498019362593821,-0.19397986440060375,0 22.495309016669577,0.45942599463300887,0 -28.37154448921266,-6.580688664313698,0.5
191 7 16 1 1 1 1 7.164974687725046,2.216559885105608,0 -23.405583979901817,-7.2407622913449865,0 -17.536192221079588,0.8555480029476987,0.5 13.034366446547274,10.312870179398292,0.5
3495 22 21 1 1 1 1 15.784457079844259,-16.034366675817118,0 -6.664548544823131,6.77006592978945,0 -10.807094540522172,19.530916711517047,0.5 11.64191108414522,-3.2735158940895195,0.5
2526 1 15 0 1 1 1 20.66821634283813,22.429329753820973,0 14.915846945472683,7.332633217285125,0.5 -6.768839053570599,-16.19977832770737,0.5
2911 7 24 1 1 1 0 -1.045094499166724,-7.426828225279716,0 3.4139753639446315,24.260972202580405,0 9.355437944168404,23.424896603247024,0.5
1998 22 15 1 1 1 1 -22.49988896704181,0.07068571843228853,0 9.499953119417652,-0.029845081115855158,0 15.481073985713525,-6.048664997242281,0.5 -16.518768100745937,-5.948134197694137,0.5
3575 30 21 1 0 1 1 23.95216639186273,-18.882365453949927,0 -13.169750318077018,18.022421495445894,0.5 11.960391470106824,-1.7885848824687827,0.5
1662 14 10 1 1 1 1 -12.503886174580904,7.341854706620427,0 15.090897107252816,-8.860859128679826,0 6.016529420232892,-10.490537342551718,0.5 -21.578253861600828,5.712176492748533,0.5
3683 25 12 1 1 1 1 22.40346238784208,-12.179280481068876,0 -5.71068649101857,3.104522475566576,0 -8.116376351435795,11.241638444722096,0.5 19.997772527424857,-4.042164511913357,0.5
1766 3 9 1 1 1 1 -3.266216214218645,1.2577088860206171,0 26.59633203006611,-10.241343786167882,0 6.709371633986693,-9.013009057859353,0.5 -23.15317661029806,2.4860436143291462,0.5
2560 9 27 0 1 1 0 14.342039769345515,17.33654796245526,0 22.1522391747437,17.36457023784207,0.5
2280 29 29 1 0 1 0 -26.69239804774758,-12.560489101169631,0 29.247073797138015,7.131526786373513,0.5
2770 29 4 1 0 0 1 -10.427507891488082,-27.595598909481087,0 -4.107894018950365,-27.845559910496895,0.5
97 1 2 0 1 0 1 -30.146643815608382,-4.629240397175446,0 28.247559022209657,10.407949331486096,0.5
2135 2 18 1 1 1 1 -2.443999844411977,-0.5261793995532631,0 28.83919816406133,6.208916914728504,0 19.34842940757646,-1.9718720698945984,0.5 -11.934768600896845,-8.706968384176365,0.5
3836 1 28 0 1 1 0 -29.493545376754266,7.770507133343163,0 -26.030918047129102,13.062974608551007,0.5
593 23 13 1 1 1 1 14.02116096540946,18.858871789746015,0 -5.071483753445975,-6.821294051610261,0 -12.869740586021438,-7.253949079536786,0.5 6.222904132833998,18.426216761819493,0.5
611 31 22 1 0 1 1 18.07216099342682,25.800135600954935,0 -17.822997966915334,-14.986351906696033,0.5 0.5360227248198477,11.223309656178818,0.5
2541 26 30 1 1 1 0 -17.493518623219252,-19.905446646058493,0 3.630730280290788,4.131319115219687,0 24.640943316397667,18.94924569681013,0.5
3213 25 8 1 1 0 1 8.373489247927065,-24.08598509122784,0 -2.1344188279029774,6.139564827175724,0 13.384035602888357,-20.226655457109487,0.5
631 18 5 1 1 1 1 10.132621274392578,15.478371558717889,0 -7.394074984016205,-11.295027894199542,0 -8.032413316836028,-1.3154224825185366,0.5 9.494282941572756,25.457976970398892,0.5
319 19 8 1 1 1 1 17.102715542923843,9.367343329772387,0 -10.96327919418195,-6.004707262674607,0 -10.337289338127537,1.1791730745886033,0.5 17.728705398978256,16.551223667035597,0.5
3656 30 6 1 0 0 1 26.15456301390639,-15.690405780335956,0 24.95356693562717,-7.973048174266511,0.5
2237 19 7 1 1 0 1 -18.164267588619992,-7.092910754338398,0 11.643761274756406,4.546737663037435,0 -20.639338020264585,-14.500611231436448,0.5
1635 0 30 0 1 1 0 26.462946947816672,-17.08690840488824,0 22.368204173939016,-21.585028191618775,0.5
450 27 9 1 1 1 1 20.91116405400085,17.859821329080052,0 -3.421826845200139,-2.9225162174858266,0 -11.120544963181397,-1.6073206655365597,0.5 13.212445936019593,19.17501688102932,0.5
449 11 24 1 1 1 1 8.756389543276379,7.45490725404415,0 -15.609216142362241,-13.289182496339572,0 -22.544433681264017,-11.313642649080297,0.5 1.8211720043746036,9.430447101303425,0.5
1773 22 7 1 1 1 1 -21.084735355255322,7.853912082449498,0 8.902443816663357,-3.3160962125897884,0 4.933868563098574,-8.240566788884585,0.5 -25.053310608820105,2.929441506154702,0.5
2548 8 6 1 1 1 1 -5.5405866650574715,-6.446076279954133,0 15.318092544570657,17.821505009284955,0 8.787090706188042,1.0183500975714161,0.5 -12.071588503440086,-23.249231191667672,0.5
2321 5 28 1 1 1 0 -4.815518742944521,-2.6572126818058845,0 23.202044852369056,12.802933830519263,0 27.851920048137117,8.51589981341829,0.5
260 31 17 1 0 1 1 28.909270709045405,12.51015855499559,0 -18.443593293278354,-1.4435603320047736,0.5 10.924554728609042,11.265172168308206,0.5
3787 9 15 1 1 1 1 8.973210132026058,-3.1195352100120477,0 -21.252339786377505,7.388372865818008,0 -12.67026797750859,10.757058583930851,0.5 17.55528194089497,0.24915050810079542,0.5
3877 17 22 0 1 1 1 -14.230203339231641,2.7841179795620494,0 -20.929301190023423,10.208543074174894,0.5 10.4752854896602,4.064282705486233,0.5
2676 0 17 0 1 1 1 15.348378960347956,27.507767326512493,0 13.766451929052831,12.358592204821615,0.5 -1.825552094157791,-15.585806349095837,0.5
1896 24 22 1 1 1 1 -24.173805633092766,3.9846105472746527,0 7.40014458155901,-1.2197787389616284,0 21.22461075350773,-9.579451882132094,0.5 -10.349339461144048,-4.3750625958958125,0.5
1771 24 25 1 1 1 1 -22.931953781489405,8.624122898221808,0 7.019985851476348,-2.6400376219046353,0 21.755921797495876,-14.592116595656838,0.5 -8.196017835469878,-3.3279560755303956,0.5
707 0 11 0 1 1 1 -13.991232927287028,-28.222250108281575,0 -10.483577121063183,-7.638364402587807,0.5 3.729738868561734,21.031857929634743,0.5
3373 27 29 1 1 1 0 15.206272313753114,-22.913299245634303,0 -2.4882991058868735,3.749448967467431,0 -11.312917737524039,27.89745315013566,0.5
3009 5 24 0 1 1 1 -0.37462244500786285,26.49735190587347,0 5.653051378586723,24.582371938262156,0.5 6.105425651803765,-7.414430363169956,0.5
623 29 27 1 0 1 0 16.46629896468565,24.476744031949842,0 -20.328260532900153,-19.468226003068025,0.5
3064 17 24 1 1 1 0 1.7563300098962569,-17.411642797172753,0 -1.4552448653426127,14.426789746228852,0 3.5108440880330414,24.978470205149144,0.5
2048 31 9 1 0 1 1 -31.41050535820934,-2.372794374129883,0 9.924970385643428,-5.267348749048322,0.5 -21.984114422696216,-7.677806525942172,0.5
1627 29 19 1 0 1 1 -24.579721008953157,16.31218302748062,0 12.929880051176365,-15.781894748799695,0.5 -13.73286816192536,1.9126766708402991,0.5
3908 5 27 1 1 1 0 5.44266865231458,-0.7920593040373877,0 -26.22376714297025,3.816285737634686,0 -26.34927856625939,9.897753231802845,0.5
148 12 14 1 1 1 1 12.16373138727658,2.879867833457382,0 -18.975420964151468,-4.492593820193516,0 -15.492264969300379,2.497944379082196,0.5 15.646887382127671,9.870406032733094,0.5
1782 26 16 1 1 1 1 -24.96141796878295,8.89818031890339,0 5.180671653898348,-1.8467921416591941,0 13.52733262533956,-11.192018229230325,0.5 -16.614756997341736,-0.44704576866774115,0.5
1370 15 9 1 1 1 1 -8.509853678971044,12.955014101208187,0 9.058876496969177,-13.790821462576458,0 0.2008726027726322,-11.234306840987358,0.5 -17.36785757316759,15.511528722797285,0.5
2471 1 22 0 1 1 0 22.52647702905734,20.562291522574814,0 20.66293384554882,10.737465478150467,0.5
1841 23 5 1 1 0 1 -22.770856268916187,5.808451151585964,0 8.236267161097345,-2.1009291399353485,0 -27.160782895140205,0.7361199107885499,0.5
3797 4 11 1 1 1 1 4.273153890996121,-1.4107288271899412,0 -26.113718222754077,8.621120610605196,0 -9.039310396292388,9.30273441303579,0.5 21.347561717457808,-0.7291150247593485,0.5
1161 31 10 1 0 0 1 -7.881647337965949,30.498026743380205,0 -11.188685023065052,19.31484733190091,0.5
2266 27 27 1 1 1 0 -25.134199482536683,-11.158943335820501,0 4.112869006233275,1.8260089094979002,0 27.568878028533884,5.675117994176134,0.5
1674 4 12 1 1 1 1 -3.9227733294232894,2.2049601823990654,0 23.97250367980899,-13.474756670216511,0 7.956645671865939,-11.355253834784012,0.5 -19.938631337366342,4.3244630178315635,0.5
1403 1 7 0 1 1 1 18.043528995446717,-24.590263548617642,0 -0.4004955352739499,-9.596332806141397,0.5 -19.331411202627883,16.203287966178753,0.5
3503 11 3 1 1 0 1 8.169957418272858,-8.093317971240738,0 -14.56383713692118,14.42721899221175,0 24.469886456367032,-15.794766753975992,0.5
1078 9 9 1 1 1 1 -1.1610500994289505,9.428783732094825,0 2.7498554986475146,-22.331329891803534,0 -4.793971205051991,-10.162078531734162,0.5 -8.704876803128457,21.598035092164196,0.5
115 24 26 1 1 1 1 24.101351409263632,4.401688340533217,0 -7.37796471712152,-1.347455614448944,0 -27.146773158721857,1.1413619359776135,0.5 4.332542967663292,6.8905058909597745,0.5
3341 19 5 1 1 0 1 9.95266033328099,-16.768856618455988,0 -6.379910470051916,10.749267063112812,0 18.68505838680421,-19.726089148174243,0.5
862 30 7 1 0 1 1 6.559825229021961,29.78621649294665,0 -7.472655350011298,-6.0340220433760035,0.5 -0.5902157654636664,25.21709034266638,0.5
3594 24 29 1 1 1 0 19.68431430274712,-14.586904072854708,0 -6.025810500840954,4.465378797812665,0 -20.12921826505762,22.384471672069246,0.5
1908 17 20 1 1 1 1 -17.31758207554639,2.5201886946644207,0 14.348853719738438,-2.0881563470076627,0 19.42224573604083,-8.889677753937084,0.5 -12.244190059244001,-4.281332712265001,0.5
3799 30 2 1 1 0 1 28.992383182699587,-9.47057112256268,0 -1.4258549106245697,0.46576579291291864,0 29.904876413934883,-3.456640951455789,0.5
2193 5 3 1 1 1 1 -5.249182263031314,-1.6419761172067788,0 25.291514540059968,7.911339473814479,0 5.131635386154595,-4.6814867578116655,0.5 -25.409061416936687,-14.234802348832924,0.5
59 9 16 0 1 1 1 -22.403442629476803,-2.0822483876189004,0 -16.984457498314693,4.4472692169399535,0.5 14.878216463607867,7.408689145997945,0.5
3640 5 15 0 1 1 1 -22.374690025803403,14.199410066943402,0 -9.872122075407258,13.371282875186534,0.5 17.146371540657228,-3.7751745641413477,0.5
784 29 16 1 0 1 1 9.818176563428107,27.8182208088395,0 -11.149465699986468,-13.562426575094342,0.5 -0.49924027525089354,16.61327057347732,0.5
2079 26 20 1 0 1 1 -26.29622428147194,-3.2800287405029995,0 21.08501019672425,-3.416481377680005,0.5 -10.668921011090916,-7.377270800174193,0.5
3021 30 13 1 0 1 1 1.0059125978968146,-30.483407615379754,0 5.551495921989231,13.69054027524615,0.5 6.606879631258019,-18.292051321217855,0.5
323 31 0 1 0 0 1 27.53184255755045,15.305150942942507,0 24.616575711275686,20.549311430094974,0.5
1035 7 13 1 1 1 1 -0.41212634934334197,7.488668230879035,0 1.346279407854917,-24.46298288753818,0 -5.249107155885212,-13.809303895056937,0.5 -7.00751291308347,18.14234722336028,0.5
225 10 3 1 1 0 1 9.851009027186084,3.634229099313676,0 -20.17111372233341,-7.441516727166099,0 24.66175073132584,15.493484142243453,0.5
1068 26 11 1 1 1 1 -2.8251955882943864,26.34897094552047,0 0.5863613485139293,-5.468654347183494,0 -4.739776468216505,-12.074126015217047,0.5 -8.151333405024822,19.74349927748692,0.5
1351 1 0 0 1 0 1 15.977035929701938,-25.980460405870666,0 -21.61178341707656,23.689255318252933,0.5
2952 11 29 1 1 1 0 -0.8662582635712255,-11.46732735299706,0 1.5441995133226194,20.441757455342586,0 8.205094164637696,28.964226724520515,0.5
2891 17 26 1 1 1 0 -2.9816759471757583,-17.2441180854816,0 2.4705314990884855,14.287983556541896,0 10.427378349316982,25.090232776126157,0.5
3042 28 26 1 1 1 1 1.8788795416142479,-28.437999431537083,0 -0.23073959282981993,3.4923858951010454,0 4.239918903033155,26.837903936330463,0.5 6.349538037477223,-5.092481390307666,0.5
3303 29 26 1 0 1 0 13.516434275826825,-26.221289145792465,0 -6.808738082530714,26.303822644693604,0.5
909 11 26 1 1 1 0 1.6382461044212555,11.382712756691552,0 -2.9203517513596293,-20.290922740189288,0 -9.713895504983704,-25.374992297895528,0.5
393 10 0 1 1 0 1 8.56202544635872,6.0779700769176,0 -17.531766390163096,-12.445367300355086,0 22.212950580837536,23.126496200100643,0.5
1316 13 20 1 1 1 1 -6.42921574951718,11.870770187572509,0 8.810406767856875,-16.26735173852529,0 4.486985314049417,-20.883413580914038,0.5 -10.752637203324639,7.2547083451837615,0.5
1576 8 24 1 1 1 0 -6.683451673161261,5.251806711267842,0 18.477778155210544,-14.519700907622857,0 15.556908908805156,-19.855291113532903,0.5
3581 25 2 1 1 1 1 20.173478127503074,-15.597460698432773,0 -5.142259130539999,3.9758233152867852,0 1.692198779287802,6.275863549454917,0.5 27.00793603733088,-13.29742046426464,0.5
3280 14 27 1 1 1 0 6.173799727693542,-13.11999226075729,0 -7.451137602388757,15.834473418155348,0 -6.279968203243356,27.437419692205978,0.5
1705 3 23 0 1 1 0 25.494522235383712,-12.738890689126956,0 18.33992731216686,-15.8712654247995,0.5
3766 11 18 1 1 1 1 10.731853275289831,-4.1324720540677475,0 -19.130694968994916,7.366580618120768,0 -15.108213327691775,12.247117621912377,0.5 14.754334916592976,0.7480649497238607,0.5
2252 30 5 1 0 0 1 -28.141518566038506,-11.760311764460585,0 -22.13732365289367,-15.75401223457169,0.5
1444 18 24 1 1 1 0 -11.881674083766812,14.180120625972972,0 8.670410817883889,-10.347655591926223,0 11.13623196197022,-22.63259458588858,0.5
3753 30 0 1 0 0 1 28.23301493834515,-11.538928351072277,0 31.428640677518228,-6.3632181452034695,0.5
2370 22 29 1 0 1 0 -18.805665630786077,-12.353013404957965,0 27.95045406835276,11.181328962735268,0.5
1194 6 18 1 1 1 1 -1.9502593905682946,6.200523228688058,0 7.65101760915254,-24.325129589468535,0 -0.17282163794075345,-19.44788247294444,0.5 -9.774098637661588,11.077770345212157,0.5
942 10 10 1 1 1 1 0.9552921409874858,10.45645336265445,0 -1.9560743839267567,-21.41083307591149,0 -6.9304083482186,-9.91057213923303,0.5 -4.019041823304358,21.956714299332912,0.5
1202 18 7 1 1 0 1 -5.772060988735674,17.576498853364278,0 4.2120445052935995,-12.826093757860418,0 -13.344566883470794,21.404965187838418,0.5
3732 28 22 1 1 1 1 26.011710240999832,-11.646498629985944,0 -3.1944205559122603,1.4302717615772211,0 -18.08366626816072,14.670753705988865,0.5 11.12246452875137,1.593983314425703,0.5
1047 28 23 1 0 1 0 -2.1021708215525643,28.42236580295548,0 -4.250287035482373,-23.878548115746288,0.5
1166 0 6 0 1 1 1 8.120932728742883,-30.435184435374016,0 -4.121429964298899,-7.827120482615505,0.5 -12.371266387148813,23.091162118399367,0.5
1174 30 15 1 1 1 1 -8.232812981045132,29.367853010036924,0 0.40489244169074423,-1.4443206398378814,0 -1.5933939952138347,-16.544216378421083,0.5 -10.23109941794971,14.267957271453719,0.5
1653 28 29 1 1 1 0 -24.370147781487145,14.776531971625722,0 2.992825166147544,-1.814661821076843,0 22.114391849969,-20.42556420532918,0.5
445 8 13 0 1 1 1 -17.988855517087572,-15.121212821243805,0 -14.194758570559364,-4.093754892947487,0.5 10.300704261219456,16.496832778533438,0.5
1052 23 0 1 1 0 1 -1.9173793718517016,23.4216493087997,0 0.6935201983293389,-8.471660388289253,0 -8.550099832601141,30.905433063662997,0.5
1946 3 25 0 1 1 0 28.39753354087088,-2.4145576810490983,0 24.899991551084664,-8.138821828490432,0.5
1613 21 5 1 1 1 1 -17.64828084070601,12.279584006291461,0 8.61892785243782,-5.997006142607457,0 1.0878158412155488,-8.06639056180647,0.5 -25.179392851928284,10.210199587092447,0.5
3571 27 25 1 1 1 0 21.488818257091577,-17.16043967716701,0 -3.516352078433167,2.8080719471727833,0 -16.18189918155757,20.600877138556662,0.5
3723 26 15 1 1 1 1 24.030821057432945,-11.170033093309856,0 -4.9875288987124975,2.318308755215253,0 -11.52669916340949,11.97435619965662,0.5 17.491650792735953,-1.5139856488684895,0.5
3718 31 0 1 0 0 1 28.459776379640594,-13.501523188916549,0 31.031495082291364,-8.08061340231834,0.5
2213 29 17 1 1 1 1 -27.86417883102829,-9.686977757405812,0 2.3613710873752787,0.8209303184242213,0 18.499830375845082,0.07922161926888016,0.5 -11.725719542558485,-10.428686456561152,0.5
1878 31 3 1 0 0 1 -30.923352449211563,5.999689433782487,0 -29.121069250959508,-0.4618719311894752,0.5
3540 14 10 1 1 1 1 10.876610509641658,-9.589022047192959,0 -13.126943718533035,11.572957643163914,0 -3.908295039177908,11.444441003681103,0.5 20.095259188996785,-9.717538686675768,0.5
940 17 18 1 1 1 1 1.646895483074004,17.4223343805539,0 -1.3645705431184603,-14.43564848674466,0 -7.714375584010998,-17.853246465245892,0.5 -4.7029095578185345,14.004736402052668,0.5
3260 27 7 1 0 1 1 10.921566992456448,-25.23825220630949,0 2.527918574343039,9.26604703643854,0.5 15.236651074655997,-20.102100985448867,0.5
992 9 15 1 1 1 1 0.11937737889185136,9.499249919936252,0 -0.2827358973754375,-22.49822349458586,0 -6.194299883414865,-15.423379945859033,0.5 -5.792186607147576,16.57409346866308,0.5
3450 29 31 1 0 1 0 19.158717425740424,-22.43197598520091,0 -15.895177728800606,27.849476206382075,0.5
3922 1 8 0 1 0 1 -30.271358297778125,3.7275818981666196,0 24.05712824218969,3.082950005893547,0.5
3100 28 12 1 0 1 1 4.458382253646574,-28.149117706961427,0 3.970699230567943,13.284711047680606,0.5 8.976602111855325,-18.321315851363803,0.5
1542 13 1 1 1 0 1 -10.154496650365502,8.89585284150518,0 13.915421335686059,-12.190613153173766,0 -26.8953529544577,15.5849282787937,0.5
1219 20 20 1 1 1 1 -6.913821203371459,19.298939773153634,0 3.87848506530594,-10.826234506891062,0 1.2653510258630778,-21.322497198530648,0.5 -9.52695524281432,8.80267708151405,0.5
2371 26 4 1 1 0 1 -22.12601408037423,-14.5838781164367,0 4.592191601587104,3.0268426279396925,0 -19.658947868364947,-20.143876705066212,0.5
1016 16 0 1 1 0 1 -0.4146465748150672,16.49478912317445,0 0.3895164793717298,-15.495104933891149,0 -6.789703142164928,31.339271389763923,0.5
2624 14 24 1 1 1 0 -8.074696439078723,-12.043640538339284,0 9.745323288543288,14.535428235926721,0 18.62702799913548,17.008345831368285,0.5
243 13 12 1 1 1 1 12.528424205781487,5.028775886832549,0 -17.16858131903389,-6.891285474548309,0 -13.835404288389917,0.9119145666134854,0.5 15.86160123642546,12.831975927994343,0.5
3860 4 3 0 1 0 1 -26.837710953315547,5.998939138404941,0 29.122487163633554,-0.3615818081690012,0.5
20 14 24 1 1 1 0 14.492845125303107,0.45545600663286023,0 -17.491364806400302,-0.5496882838672451,0 -24.676375283429195,5.227475764780246,0.5
2204 0 4 0 1 0 1 29.896528567194277,9.922075369142112,0 -24.210224869301268,-14.356706160462661,0.5
1952 20 8 1 1 1 1 -20.441757455342586,1.5441995133226274,0 11.46732735299706,-0.8662582635712299,0 8.02388981904762,-6.6232312485511144,0.5 -23.885194989292025,-4.212773471657258,0.5
2214 16 2 1 1 0 1 -15.57651915832732,-5.44261434517107,0 14.632487694186272,5.112758930312217,0 -25.869795703007853,-15.394923523182452,0.5
3607 9 1 1 1 0 1 7.7465944514674145,-5.499115783877828,0 -18.347197385054404,13.024221593394858,0 28.34377110242349,-12.762469968365188,0.5
3696 5 24 0 1 1 1 -23.53561589355893,12.178866306469423,0 -19.001863832202915,16.588525278107717,0.5 9.418502529830512,1.8819697382201093,0.5
1270 1 4 0 1 0 1 12.551187937455817,-27.797799937381082,0 -16.78506452145316,22.594503955844093,0.5
1545 0 30 0 1 1 0 23.79137708698328,-20.645105383721507,0 19.103694249227335,-24.521396086520816,0.5
3294 27 21 1 0 1 1 12.253255365364636,-24.619255328932326,0 -4.208343941154389,21.92121897324483,0.5 10.049989574906277,-6.726641773149151,0.5
3001 17 26 1 1 1 0 0.027488924414535452,-17.49997841024481,0 -0.02277653737204366,14.499982111345702,0 5.958366512256211,26.509392081027126,0.5
3547 1 31 0 1 1 0 -23.098781003960923,19.91723665901106,0 -19.937973169531233,25.114283304348,0.5
830 14 30 1 1 1 0 3.826159224497908,13.986082567638071,0 -4.617778374394027,-16.879754823011467,0 -13.835472534690664,-27.835762963170602,0.5
1730 28 30 1 0 1 0 -25.974993384110192,11.728159220245598,0 25.32871378575043,-18.019607597268486,0.5
1357 22 22 1 1 1 1 -11.966446319752496,19.05398022662147,0 5.052499557228831,-8.045013873462398,0 6.885384925986771,-22.245032578555467,0.5 -10.133560950994557,4.853961521528399,0.5
1913 7 23 0 1 1 0 24.27157778186033,-3.337740549998443,0 22.463495288723557,-9.14556610678063,0.5
3599 7 8 1 1 0 1 6.060695293161634,-4.4179149565658715,0 -19.79827129099467,14.431855524781847,0 22.524510550492483,-8.994243962710424,0.5
2495 4 17 0 1 1 1 19.59755927044315,19.29211420869853,0 16.68036263581623,8.00096883743874,0.5 -6.124069969790345,-14.448036787228638,0.5
1664 18 0 1 1 0 1 -15.982583218067452,9.317029230261577,0 11.662966132103277,-6.798913222082772,0 -30.235326851388876,10.680590348369456,0.5
2718 27 6 1 1 0 1 -11.787044053816034,-24.845836521908456,0 1.9287890269880783,4.065682339948657,0 -5.508894699667568,-25.610585295693156,0.5
153 18 1 1 1 0 1 17.96829228827152,4.403461393408857,0 -13.111997075225164,-3.2133366924875437,0 28.1952511584772,13.087314931275635,0.5
2271 9 18 1 1 1 1 -8.652179598968633,-3.9229820528764843,0 20.49200431334676,9.291273283128515,0 19.326654199808274,2.174956882568754,0.5 -9.81752971250712,-11.039298453436245,0.5
3319 1 28 0 1 1 0 -14.651485720926033,26.750401233803963,0 -8.42835854569076,27.87853604881866,0.5
1397 18 14 1 1 1 1 -10.803377239799996,15.01789067128175,0 7.883545553367565,-10.95900130066506,0 3.5968446459140253,-15.274577198507316,0.5 -15.090078147253536,10.702314773439493,0.5
570 8 7 1 1 1 1 5.3145625788534945,6.633658462375802,0 -14.693202423889073,-18.340114572450748,0 -9.371902366547767,-2.1017721170232417,0.5 10.635862636194798,22.87200091780331,0.5
868 9 30 1 1 1 0 1.955694783313873,9.296518591091985,0 -4.631908697322331,-22.01807034732312,0 -12.150294993434214,-28.611541929307613,0.5
2029 12 17 1 1 1 1 -12.487032965506865,-0.5692167586648025,0 19.47977142619071,0.8879781435170919,0 17.755070195868715,-5.196872361312572,0.5 -14.211734195828857,-6.654067263494466,0.5
2290 31 14 1 0 1 1 -28.287868636459393,-13.858083850461325,0 15.66103486766442,0.9909525083470747,0.5 -13.075847556675281,-13.087100927042208,0.5
1951 6 2 0 1 0 1 25.42450334963753,-1.9607726600169828,0 -29.87401901076114,-3.7138912402872224,0.5
2622 6 1 1 1 0 1 -3.6366346776640883,-5.387475124880951,0 14.26679758160527,21.135479336071423,0 -12.09115491068754,-28.636584519208235,0.5
3343 25 1 1 1 1 1 13.08384344871365,-21.887508780342113,0 -3.3350973496721066,5.579168904793088,0 4.380364216038518,4.366051916188042,0.5 20.79930501442427,-23.100625768947157,0.5
633 6 1 0 1 0 1 -13.89949122409798,-21.37882465691749,0 11.594569976215038,28.84121958355182,0.5
371 17 2 1 1 0 1 14.611518732322606,9.630862907080841,0 -12.10668694963873,-7.979857837295554,0 21.328835723487533,21.244546751589738,0.5
998 7 8 0 1 1 1 -0.07696889340405146,-24.499879097445525,0 -6.026673884841126,-8.481108529300515,0.5 -5.926143085292977,23.518733557158946,0.5
1470 12 20 1 1 1 1 -8.412656418872164,9.245388687232623,0 13.123744013440575,-14.422806352082894,0 9.358969957078688,-19.200512528120143,0.5 -12.17743047523405,4.467682511195376,0.5
3305 23 8 1 0 0 1 10.83289780158337,-20.854216005893154,0 16.15737848393907,-18.08836975868038,0.5
2607 2 0 0 1 0 1 17.076201644673258,24.055214349293554,0 -13.34132426140496,-29.159202097314797,0.5
3901 30 1 1 0 0 1 30.1319518843056,-4.723925871760929,0 31.06124877711103,1.2036712202336153,0.5
1010 28 31 1 1 1 0 -0.447658543386885,28.496484025727327,0 0.05497561059137184,-3.499568213685812,0 -5.504479299567618,-31.59035782704323,0.5
1927 19 11 1 1 1 1 -19.371939802400767,2.2311316169515587,0 12.417910129744083,-1.430212574968948,0 10.73797528337946,-7.276392431248592,0.5 -21.05187464876539,-3.615048239328085,0.5
2730 8 2 1 1 0 1 -3.497872048143428,-7.746927851401283,0 9.670587427220065,21.41797700093296,0 -6.67125391903805,-29.355482812376284,0.5
1641 8 2 1 1 0 1 -7.18393274529185,4.543248871801268,0 19.86146111933629,-12.560746880862329,0 -28.13947167257849,10.696734734868976,0.5
3526 0 15 0 1 1 1 -23.164717614601997,21.345862780308224,0 -7.33263321728513,14.915846945472682,0.5 16.199778327707378,-6.768839053570593,0.5
898 6 15 0 1 1 1 -4.0681833611614024,-25.173396356867887,0 -8.395969421145454,-14.344256602528779,0.5 -3.29079814439389,17.245887845305436,0.5
419 7 8 1 1 1 1 5.933375919853846,4.58748844071552,0 -19.38236133818923,-14.985795573004031,0 -10.394483461740109,-0.4524528302611781,0.5 14.921253796302972,19.12083118345837,0.5
956 28 30 1 0 1 0 1.9682107328605711,28.431956431294918,0 -8.092005822456734,-30.012821289730933,0.5
916 20 21 1 1 1 1 2.6970693613917924,20.321806436924884,0 -1.5129901295612496,-11.400037757299327,0 -8.776479506901115,-20.523727913440695,0.5 -4.566420015948072,11.198116280783514,0.5
2938 26 7 1 1 0 1 -2.5767405889435913,-26.37442715846717,0 0.5347952165731982,5.4739377121346955,0 3.5892988121390577,-24.96731731758895,0.5
98 18 29 1 1 1 0 18.28123600354019,2.8366194991337714,0 -13.340361407988787,-2.0699655804489687,0 -30.071144816175043,1.4057913944213443,0.5
1909 29 27 1 0 1 1 -29.199132723687022,4.202457398298005,0 26.364793407173053,-9.856351687976858,0.5 -5.308842089707785,-5.29775383219597,0.5
1719 7 10 1 1 1 1 -6.781178429313292,3.2040004853021036,0 22.151849535756753,-10.466401585320206,0 6.930449412796927,-9.91054342287358,0.5 -22.00257855227312,3.7598586477487306,0.5
3562 0 1 0 1 0 1 -24.334126855852727,20.00250659700596,0 27.371616148747428,-14.732434605510015,0.5
2545 14 11 1 1 1 1 -9.503302478221013,-10.951586278135162,0 11.469502990956396,13.217431714990711,0 12.068792839196732,4.753339815808847,0.5 -8.904012629980677,-19.415678177317027,0.5
3364 18 1 1 1 0 1 10.0107431643472,-15.557474772516132,0 -7.305136903712822,11.352751861025284,0 21.549865683658723,-22.40208224733291,0.5
1629 5 23 1 1 1 1 -4.592191601587103,3.026842627939694,0 22.126014080374226,-14.583878116436708,0 16.319172158119773,-17.94253661201917,0.5 -10.399033523841553,-0.33181586764276716,0.5
425 14 17 1 1 1 1 11.387095497770801,8.976862264992592,0 -13.743046290413037,-10.834144112922095,0 -17.45760998627204,-6.122242527637625,0.5 7.672531801911797,13.688763850277063,0.5
1229 2 0 0 1 0 1 10.384147979491553,-27.611944349140312,0 -16.704146693180537,27.371910478676963,0.5
3858 26 26 1 0 1 0 25.843505692594423,-5.862014458941541,0 -24.516257135852943,11.71337423839688,0.5
298 25 21 1 1 1 1 22.756923642154806,11.505321653267048,0 -5.800784457804166,-2.932729048871993,0 -21.894344636311004,-4.345995046757361,0.5 6.6633634636479675,10.09205565538168,0.5
1763 10 0 1 1 0 1 -9.78075947079538,3.8192596369514473,0 20.027269392581015,-7.820388780424392,0 -31.524712490644106,5.868773498971269,0.5
3276 30 0 1 0 1 1 12.812614716560077,-27.67827494850407,0 5.2348636830408,2.9742565827413934,0.5 18.677606992218585,-26.065245002574354,0.5
2765 9 24 1 1 1 0 -3.4277028516325996,-8.860070719859394,0 8.118243595971947,20.984378020719614,0 14.435699387805794,20.68479110807995,0.5
307 30 7 1 0 1 1 27.021806734064405,14.144679594351773,0 -9.427266494150611,1.8375653589097753,0.5 18.923481554703848,16.677884933311635,0.5
1094 17 26 1 1 1 0 -2.5745809571761553,17.30957922350933,0 2.1332242216602433,-14.342222785193446,0 -2.036061712907878,-27.094362009488812,0.5
1330 4 28 1 1 1 0 -2.229564007945834,3.9088418149718605,0 13.62511338189121,-23.887366647050257,0 8.90878296369447,-27.728750172082893,0.5
3231 13 31 1 1 1 0 4.791741288397069,-12.62098314019438,0 -6.566460284099686,17.295421340266373,0 -5.571403832840102,31.578623455296697,0.5
778 0 21 0 1 1 1 -10.763301398581728,-29.60407645921907,0 -12.985252026184812,-18.155804301006974,0.5 -2.051104573657342,11.918178133755257,0.5
903 16 25 1 1 1 1 2.504343165685079,16.308840096968467,0 -2.3525647920071955,-15.320425545637043,0 -9.800835836774565,-24.293900816883966,0.5 -4.94392787908229,7.3353648257215465,0.5
2587 27 3 1 0 0 1 -16.615004172648426,-21.913275344933613,0 -12.43810788548649,-26.33521354059995,0.5
1525 17 31 1 1 1 0 -12.850643915124493,11.879013046826485,0 10.647676386817437,-9.84261081022766,0 19.058354574026435,-25.788158540901787,0.5
3784 12 30 1 1 1 0 11.787381698660804,-4.160244306537338,0 -18.388315449910856,6.489981118198248,0 -26.764294077594435,15.80893932330829,0.5
3533 10 13 1 1 1 1 7.799340860414388,-7.0299560555575695,0 -15.970078904658033,14.394671923284548,0 -6.010606217357031,13.495281134525097,0.5 17.75881354771539,-7.9293468443170205,0.5
1045 17 29 1 1 1 0 -1.2359722537954128,17.45629893728473,0 1.0240912960019133,-14.463790548035917,0 -3.901520693528211,-29.850094409866966,0.5
2216 14 31 1 1 1 0 -13.673362770446534,-4.825883395583308,0 16.502334378125127,5.824342029152268,0 31.701119147763148,4.825872437116895,0.5
2506 15 0 1 1 0 1 -10.856372837149001,-11.062963835284528,0 11.556783987932809,11.776703437560947,0 -17.78051363603138,-26.685264376410103,0.5
2296 26 22 1 0 1 1 -23.686797740008497,-11.882155226385839,0 22.801731339943633,4.7255738171181285,0.5 -5.801194232896818,-9.622689097762887,0.5
2051 14 15 1 1 1 1 -14.453496479094786,-1.1603618094347297,0 17.443875060976467,1.4004366665591566,0 15.930439053970865,-4.740370401953822,0.5 -15.966932486100387,-7.301168877947708,0.5
3932 10 28 1 1 1 0 10.440158299168488,-1.1194171198902363,0 -21.377466993535474,2.292139816918103,0 -27.697905600662903,9.00422263922692,0.5
369 28 6 1 1 0 1 23.84505888775459,15.609713855145323,0 -2.9283405651628445,-1.9169824032634608,0 18.048797140591937,18.98659847834152,0.5
1415 30 27 1 0 1 0 -18.503811705560985,24.245802778319064,0 11.914098532229927,-25.50106382416853,0.5
664 4 14 0 1 1 1 -13.849638044983426,-23.75789397280297,0 -12.486076926875544,-9.505150339481546,0.5 3.6298655254688033,18.140399010689183,0.5
3618 23 31 1 1 1 0 19.394800479285486,-13.269955326552816,0 -7.015140598890495,4.799771075561657,0 -22.60921204843302,22.73925087923943,0.5
1277 31 1 1 0 0 1 -13.277586507141883,28.564938238080682,0 -18.29701644115275,25.129050705352682,0.5
1790 3 23 0 1 1 1 26.96343272658504,-9.231646418647259,0 20.289501423258418,-13.288571480621783,0.5 -9.985230059223031,-2.923214098281001,0.5
1476 27 12 1 1 1 1 -18.698717914866528,20.164522021120398,0 3.0597902042508864,-3.2996490580015196,0 4.09988515669488,-13.245412100116516,0.5 -17.658622962422534,10.218758979005402,0.5
2653 2 21 1 1 1 1 -1.2961870150548882,-2.13773226153396,0 15.29500677764768,25.22524068610073,0 16.277765757153542,15.273648613060326,0.5 -0.3134280355490269,-12.089324334574364,0.5
1289 27 0 1 1 0 1 -12.059520254802866,24.7147318663181,0 1.9733760416950143,-4.044228850852053,0 -19.205937426334504,25.67843390037102,0.5
379 2 12 1 1 1 1 2.0699061801180227,1.4019587745398279,0 -24.42489292539267,-16.54311353956997,0 -13.714231959485701,-2.0420190404158856,0.5 12.780567146024989,15.903053273693912,0.5
2085 1 24 0 1 1 1 30.228542294662233,4.060200825059847,0 25.080671841625698,-2.6851256902953167,0.5 -6.634520074085497,-6.945008523144992,0.5
892 18 27 1 1 1 0 3.123418727185576,18.234425010256462,0 -2.2792515036219063,-13.306202034511474,0 -10.556787300494168,-26.092225698321045,0.5
3994 1 29 0 1 1 0 -30.49864540682297,0.2874514722108818,0 -29.442141989115157,6.277760356431437,0.5
203 11 17 1 1 1 1 10.920282165878977,3.6051958917076283,0 -19.46658994787122,-6.426653546087511,0 -18.49879245679373,0.211370860033945,0.5 11.888079656956469,10.243220297829085,0.5
1884 10 12 1 1 1 1 -10.32617465245096,1.9026605180849454,0 21.144071907399585,-3.8959239179834597,0 11.205830480678795,-8.165743275311199,0.5 -20.264416079171752,-2.367158839242793,0.5
2155 12 0 1 1 0 1 -12.131330918356783,-3.013438260412976,0 18.92487623263658,4.7009636862442425,0 -29.124503549260865,-13.416903257051954,0.5
843 8 28 1 1 1 1 2.075043818430468,8.242826769476203,0 -5.736885850954823,-22.78899165678715,0 -12.775965816720653,-26.172976472881054,0.5 -4.964036147335363,4.858841953382296,0.5
2326 29 0 1 0 0 1 -25.715958492886013,-14.454738973504979,0 -24.51946639609761,-20.665085716024507,0.5
3910 27 21 1 0 1 1 27.225650587205333,-3.8747838782835324,0 -20.440101249280488,8.96951843295738,0.5 11.240655797649351,4.460679010954724,0.5
2550 3 13 0 1 1 1 18.50926937741025,21.67157001960087,0 13.329984446057669,6.368792245619309,0.5 -7.452353100508223,-17.96419865358167,0.5
2490 31 29 1 0 1 1 -22.62097837954044,-21.921253092657906,0 25.36020256356795,16.220669712894146,0.5 2.3801610351459157,-6.048539778059918,0.5
2004 29 23 1 1 1 1 -29.499417695256046,-0.18535274698398702,0 2.4999506521403427,0.015707859913897206,0 23.537234993912573,-5.852227681946189,0.5 -8.46213335348381,-6.053288288844073,0.5
2610 25 17 1 1 1 1 -14.66263392710361,-20.862817794338095,0 3.7375341382813123,5.317973163262652,0 14.971490215307519,10.867588542678234,0.5 -3.4286778500774036,-15.313202414922511,0.5
3439 26 6 1 1 0 1 16.85964143884585,-20.445109208648212,0 -3.4991708646661195,4.243324552738308,0 20.85250988462107,-15.85631834669639,0.5
1019 6 2 0 1 0 1 0.760937843336359,-25.488644012551525,0 -6.877628645244381,29.307818482754975,0.5
58 25 31 1 1 1 0 25.394243880732233,2.319995199541033,0 -6.473042557833707,-0.5913713253732045,0 -31.915241311384765,3.109239784268661,0.5
2552 20 20 1 1 1 1 -13.264647212173607,-15.630071475734681,0 7.4411435580486085,8.768088876631651,0 17.839302278242293,11.747735706318016,0.5 -2.866488491979921,-12.650424646048316,0.5
3371 30 26 1 0 1 1 16.78521820948375,-25.4657897906194,0 -9.57421455106895,25.428024219944806,0.5 8.036506193307442,-1.2901814620165313,0.5
2018 30 5 1 0 0 1 -30.487809383332824,-0.8622522864933174,0 -26.319784752110163,-6.746771865313766,0.5
2666 1 19 0 1 1 1 15.27765207350166,26.397790572717074,0 14.96068717605196,13.871836187769606,0.5 -1.0683248354907642,-13.824206380326995,0.5
3051 27 16 1 0 1 1 2.200686190307244,-27.41180366724873,0 4.6603454495790135,16.927231914598092,0.5 7.221143925572898,-14.97013962547316,0.5
3486 28 29 1 0 1 0 19.70452861522339,-20.590812321320463,0 -16.061007727058495,25.461618777905052,0.5
2482 25 11 1 1 1 1 -18.533768869916017,-17.514263086882412,0 4.724294025664867,4.464420002538654,0 12.479369432365832,3.53770244233928,0.5 -10.778693463215053,-18.440980647081787,0.5
1621 1 1 1 1 0 1 -1.2419437080708138,0.8411752647238966,0 25.25285539743988,-17.103897049385896,0 -28.617556456335468,12.136122217102642,0.5
458 9 21 1 1 1 1 7.145756902109059,6.260044592170311,0 -16.924161083942508,-14.82642140250863,0 -20.125688520880697,-9.654359717790246,0.5 3.944229465170869,11.432106276888696,0.5
1693 16 13 1 1 1 1 -14.618354462690583,7.6520397805509575,0 13.73239358616388,-7.188279793850899,0 9.17791191291013,-11.576525079610995,0.5 -19.172836135944337,3.2637944947908615,0.5
1768 0 18 0 1 1 1 29.43136168738328,-11.226974179467401,0 15.146614163167817,-12.199593410934812,0.5 -14.751911995443766,-0.7944132921107858,0.5
3201 4 2 0 1 0 1 -8.539039536736832,26.140673361450453,0 14.863480236452336,-26.17875007063154,0.5
1339 6 31 0 1 1 0 12.9460628161312,-21.969284411668603,0 10.82295185247534,-30.18466022997444,0.5
3717 18 2 1 1 0 1 16.701995650418432,-7.955711237432122,0 -12.187942771926965,5.805519011099116,0 29.213142654699272,-7.269270681174973,0.5
2852 2 28 0 1 1 0 6.796488086959446,28.70640607397273,0 12.404689726175613,26.350971002931054,0.5
1105 24 2 1 0 0 1 -4.022577740937139,24.167516800824142,0 -10.762087516840428,28.114542007293444,0.5
637 21 12 1 1 1 1 11.605692097196295,18.098561018630058,0 -5.667896140491214,-8.83883212537747,0 -11.798256619848093,-7.283621402311531,0.5 5.475331617839415,19.653771741695994,0.5
3483 7 27 1 1 1 1 5.159810071653301,-5.443010198820608,0 -16.855379567400785,17.780499982813986,0 -14.564895437005617,24.08555211966487,0.5 7.450294202048467,0.8620419380302762,0.5
885 1 4 1 1 1 1 0.26949112288978905,1.4755929434243038,0 -5.479652832092377,-30.003723182960844,0 -6.7108451423665825,-3.3488143387137552,0.5 -0.9617011873844161,28.130501787671392,0.5
1537 1 21 0 1 1 1 22.783085008494087,-20.277599401697724,0 12.071171517129068,-18.775963842211986,0.5 -11.832393081946698,2.498894546454478,0.5
2330 27 15 1 0 1 1 -23.887366647050257,-13.625113381891207,0 16.43654048438641,2.46782027407317,0.5 -11.35966797763571,-13.38685711576387,0.5
2040 30 30 1 0 1 0 -30.439815217062282,-1.915110845644057,0 30.816558334238163,-4.073049524925572,0.5
2896 5 23 1 1 1 1 -0.8945044085718635,-5.426772693143274,0 4.309884877664433,26.1471775215085,0 9.742089047326989,22.21129669771559,0.5 4.537699761090691,-9.362653516936183,0.5
174 26 0 1 1 0 1 25.516331303802573,7.153099803203152,0 -5.295842346072232,-1.4846056195327297,0 28.711163669832533,14.280023834857161,0.5
2253 6 17 0 1 1 1 23.51268116141979,9.869337596891445,0 18.458350819850786,1.2406792540031981,0.5 -11.047758872911306,-11.14437184797822,0.5
2084 3 30 0 1 1 0 28.25226748548094,3.7495842341300545,0 31.02426890217365,-1.9351328341024194,0.5
295 5 19 0 1 1 1 -23.705432955707664,-11.84493344778471,0 -20.125492200868216,-3.34881526405871,0.5 8.499936273948588,10.954500597417166,0.5
189 23 30 1 0 1 0 22.47196225336313,6.874657262978469,0 -30.920969885338142,-3.184905234070831,0.5
2995 10 4 1 1 0 1 -0.0824659593314658,-10.499676155270292,0 0.16885886910728712,21.49933688936298,0 5.783832671429185,-27.54627524056398,0.5
1282 24 2 1 0 1 1 -10.501184702490642,22.135381628609352,0 -4.3493603271603885,-4.830431113733357,0.5 -18.065193407964493,24.081087748123757,0.5
3524 6 23 1 1 1 0 4.76615975044664,-4.419696961695724,0 -18.698011328675282,17.338811157421688,0 -13.151780363895647,20.37843647731221,0.5
1958 24 26 1 0 1 0 -24.446701265707315,1.6151771498087577,0 26.04679676091393,-7.733975594456162,0.5
3998 27 26 1 1 1 0 27.4998642930511,-0.08639365586168936,0 -4.499977793408362,0.014137143686458258,0 -26.481019702933963,6.083222459586959,0.5
684 19 15 1 1 1 1 9.286644971524813,17.146668048715846,0 -5.952977545849239,-10.991453877381954,0 -12.657590017996394,-10.771973585945986,0.5 2.582032499377658,17.366148340151813,0.5
2641 0 7 0 1 0 1 16.836745819028216,26.622809585493336,0 -8.02423539851528,-23.913628881230352,0.5
2732 4 8 0 1 1 1 11.237849555249593,25.099018653596328,0 8.949666659679982,5.305984044511681,0.5 -4.127103731883181,-23.90014675240041,0.5
2474 13 30 1 1 1 0 -9.927736120543713,-9.148226905846382,0 13.604675424448793,12.536459093196893,0 26.4952083786416,16.255889178152024,0.5
3917 3 2 1 1 0 1 3.470295740870006,-0.45502469262612294,0 -28.258122461370046,3.705201068527001,0 30.02967786040626,2.113870289356974,0.5
364 6 29 1 1 1 1 5.4661397849380995,3.517288138824693,0 -21.444086848603312,-13.798591929235332,0 -28.054592690557243,-10.91740944395382,0.5 -1.1443660570158318,6.398470624106205,0.5
2110 31 26 1 0 1 1 -31.03094377387538,-5.4157666588013935,0 27.136971744777966,-1.3545347995242967,0.5 -4.386526692174801,-6.856266008465395,0.5
1529 5 29 1 1 1 0 -4.0621515954037815,3.707954208988902,0 19.572184959672764,-17.865597552401074,0 17.74286305645057,-24.319556134108236,0.5
2402 1 24 0 1 1 1 24.618575909015206,18.004880455366987,0 23.317521065674573,9.619938219750818,0.5 -2.511804478210234,-9.27042815965061,0.5
685 30 30 1 1 1 0 14.483119891053134,26.841930597879525,0 -0.7122845848058919,-1.3200949474366979,0 -19.763499680799924,-23.992792258655957,0.5
469 26 4 1 1 0 1 19.628214712589184,17.80402165794283,0 -4.073780412046812,-3.695174306365493,0 16.33780281692625,22.919995617696713,0.5
261 29 25 1 0 1 0 27.05532483012773,11.758375667424216,0 -25.778340243145845,-4.661241713171226,0.5
179 19 3 1 1 0 1 18.734249410240555,5.410905565143556,0 -12.009134237333688,-3.4685292084253563,0 25.715932041076634,13.672631029129983,0.5
3120 0 20 0 1 1 1 -5.902511409450314,30.942048397953695,0 2.052406555364785,21.261176527452463,0.5 8.048608622107961,-10.172015495865574,0.5
2086 11 28 1 1 1 0 -11.395228309556895,-1.5487968792172488,0 20.313233073557946,2.7608987846916175,0 29.048416356319567,-2.107013808665199,0.5
3188 26 9 1 1 1 1 7.712458420949206,-25.352869366309008,0 -1.6006989175554955,5.2619162835735676,0 2.975428724484399,10.834981490778521,0.5 12.2885860629891,-19.779804159104053,0.5
877 3 31 0 1 1 0 -5.472231890863322,-27.96971001159323,0 -11.936616302868561,-29.761841193684447,0.5
1428 15 30 1 1 1 0 -9.65321059756574,12.127057563937118,0 10.275998378053854,-12.909448374513705,0 14.300682441427897,-27.599646405514612,0.5
3989 17 6 1 1 1 1 17.497387704079006,-0.30236324701388095,0 -14.49783552623689,0.25052954752578704,0 -6.395362319681729,6.111410704575101,0.5 25.59986091063417,5.558517910035433,0.5
337 18 22 1 1 1 1 15.96792835107673,9.342123108527312,0 -11.65227203997491,-6.817224971087499,0 -22.45033116488596,-6.183254045156982,0.5 5.1698692261656785,9.97609403445783,0.5
3304 28 5 1 1 0 1 13.098026027712388,-25.31188879118603,0 -1.6085295121752057,3.108477570847407,0 17.507684999350683,-20.778136729830013,0.5
1362 3 1 0 1 0 1 15.346585403559816,-24.015251746572318,0 -21.47938123817573,22.46967248593322,0.5
3798 13 16 1 1 1 1 12.826093757860418,-4.2120445052936,0 -17.576498853364278,5.772060988735675,0 -13.804317035032243,10.848540509963476,0.5 16.59827557619245,0.8644350159342,0.5
3476 9 17 1 1 1 1 6.459557097862978,-6.965925789114324,0 -15.298951021254423,16.49824529000761,0 -7.499652050306967,16.91168883122932,0.5 14.258856068810434,-6.552482247892613,0.5
1077 11 28 1 1 1 0 -1.3875512320222312,11.415984476974097,0 2.4734608918657166,-20.35023319808426,0 -2.5174518912357393,-29.015727390077846,0.5
2518 21 1 1 1 0 1 -14.766927700704786,-15.626511007968402,0 7.21175538871629,7.631551887612476,0 -16.587545526683044,-26.288844276616974,0.5
1624 30 14 1 1 1 1 -25.33317492547229,16.98470630288973,0 1.2458938487937192,-0.8353134247322818,0 8.70238683941016,-13.058271834253599,0.5 -17.87668193485585,4.761747893368411,0.5
1017 31 26 1 0 1 1 -0.8410614674821455,31.488769674407997,0 -5.290301243116544,-26.65075445005412,0.5 -6.144712892622215,5.3378369652174955,0.5
2973 16 30 1 1 1 1 -0.6995799930171411,-16.48516265717054,0 0.6571812055615569,15.486061890069298,0 7.287767620002791,30.218180671854466,0.5 5.931006421424093,-1.7530438753853732,0.5
1547 2 24 0 1 1 1 22.341443921863842,-19.264212506256598,0 14.63661359485168,-20.543114235066767,0.5 -9.598173032254861,0.3536586530759802,0.5
2359 27 27 1 0 1 0 -23.242135352414813,-14.698746349945273,0 26.449134556039237,9.627735000327496,0.5
1729 19 15 1 1 1 1 -17.75973707156719,8.05243684537805,0 11.3844468407482,-5.161818490626955,0 11.639041207026828,-11.865189411936562,0.5 -17.505142705288563,1.3490659240684453,0.5
1463 20 6 1 1 0 1 -13.629206155239453,15.313221071282914,0 7.64565223342701,-8.590343527792854,0 -21.435321140795292,15.059117092013542,0.5
1521 29 9 1 0 0 1 -21.53626884603257,20.160335418623546,0 -20.526374967710986,10.996268943824894,0.5
3687 23 9 1 1 1 1 20.71644281883763,-11.09409739157858,0 -7.493181445111484,4.012758630996508,0 -5.542196699127064,9.774152431192439,0.5 22.667427564822052,-5.33270359138265,0.5
2832 22 3 1 1 0 1 -5.868933891522695,-21.72108687374866,0 2.4779943097540267,9.1711255689161,0 -1.6416930962624372,-29.07842574448769,0.5
2197 27 27 1 0 1 0 -26.19380938167521,-8.374625369320333,0 28.0210003713451,2.6596124133184684,0.5
2572 0 2 0 1 0 1 19.617815085375547,24.645310533162526,0 -13.67789466093979,-26.817255594938025,0.5
2698 24 24 1 1 1 1 -11.191292141190337,-21.79460897126928,0 3.425905757507246,6.671819072837535,0 16.528747399460364,19.053884365263485,0.5 1.9115495007627819,-9.412543678843331,0.5
501 0 0 0 1 0 1 -22.23884843935423,-22.308823816853995,0 17.98954866471537,26.544794948159563,0.5
483 23 14 1 1 1 1 17.0547652896379,16.16740489118035,0 -6.168744891996687,-5.847784747873743,0 -14.651001108375816,-5.6212246461399005,0.5 8.572509073258772,16.393964992914192,0.5
934 13 5 1 1 0 1 1.3970737608807047,13.427515961884337,0 -1.9145084871328175,-18.4006700218415,0 -3.2253808228123964,26.978638189275493,0.5
920 23 30 1 1 1 0 2.94533098876115,23.31469548089023,0 -1.0653324852965862,-8.432974961173063,0 -9.775351831598147,-29.50749898870575,0.5
1342 14 18 1 1 1 1 -7.420273501658005,12.457509428476948,0 8.95550250200104,-15.034925172299763,0 4.312414014469752,-18.964521754260108,0.5 -12.063361989189293,8.527912846516603,0.5
3832 16 3 1 1 0 1 15.928797040749016,-4.303884853783311,0 -14.963415401915741,4.043043347493413,0 29.078425744487685,-1.6416930962624399,0.5
1443 10 13 1 1 1 1 -6.731002497710533,8.058759543243276,0 13.782528923883474,-16.501269540926707,0 4.0491406152030995,-14.207549411433087,0.5 -16.464390806390906,10.352479672736896,0.5
1423 23 5 1 1 1 1 -14.490658180545985,18.500562842642807,0 5.241301895091101,-6.691692943083569,0 -1.3321173218235716,-8.029661477353674,0.5 -21.064077397460657,17.162594308372704,0.5
3316 12 30 1 1 1 0 5.95297754584923,-10.991453877381959,0 -9.286644971524797,17.146668048715856,0 -9.249367350728779,29.676576682819608,0.5
1551 26 9 1 0 1 1 -20.177767208419475,17.178699324536524,0 3.3440223597270142,-10.72695271070241,0.5 -21.0215833259116,10.017137039681316,0.5
1377 11 23 1 1 1 1 -6.419065698097796,9.541781571777058,0 11.442682331391723,-17.00926280186345,0 8.13890038909877,-22.84750096742153,0.5 -9.722847640390748,3.7035434062189747,0.5
2944 19 28 1 1 1 0 -1.7130983327394926,-19.424605378291865,0 1.09813995688429,12.451670114289657,0 8.480560756555215,27.862700681275957,0.5
89 29 12 1 0 1 1 29.21219101943355,4.11070503005577,0 -13.214122641466236,4.199638414945904,0.5 18.473677786393885,8.658708278057247,0.5
617 5 17 1 1 1 1 3.1128605631172923,4.5343245488814645,0 -14.998328167746953,-21.847200099156147,0 -14.851092208698436,-11.031548404858523,0.5 3.26009652216581,15.34997624317909,0.5
2364 24 13 1 1 1 1 -20.603142266305145,-13.257470677108454,0 6.307084367236269,4.058409390951567,0 14.599479373786536,2.259469409923807,0.5 -12.310747259754876,-15.056410658136215,0.5
1803 12 6 1 1 0 1 -11.906276991670548,3.806647895145608,0 18.573792107006057,-5.938370716427149,0 -26.11599605267781,2.050548750095177,0.5
586 5 30 0 1 1 0 -16.04397204559654,-21.09125318704692,0 -23.241081755206643,-20.642241129484972,0.5
3850 6 2 1 1 0 1 6.320404482584898,-1.5173948650633837,0 -24.795432970140755,5.952856778325582,0 30.085584834866893,-1.0524187113631438,0.5
3329 22 20 1 1 1 1 11.117106327460247,-19.561695910731853,0 -4.693889338260993,8.259382717864561,0 -4.912466855490842,20.78744018376731,0.5 10.898528810230399,-7.033638444829104,0.5
838 2 25 1 1 1 1 0.6293288716712432,2.4194927508221635,0 -7.42608068572067,-28.55001445970153,0 -12.225937093019873,-23.168436766375084,0.5 -4.1705275356279605,7.801070444148609,0.5
1527 19 12 1 1 1 1 -14.360802253783097,13.191563918949802,0 9.20564247037378,-8.456130717275515,0 5.146699726081533,-12.87483910305493,0.5 -18.419744998075345,8.772855533170388,0.5
1647 16 9 1 1 1 1 -14.027780083055015,8.687426888408618,0 13.177611593172893,-8.160916167899005,0 4.917536330822481,-10.102862784134059,0.5 -22.287855345405426,6.745480272173564,0.5
109 28 1 1 1 0 1 28.083278024927175,4.855872256829087,0 -3.44882361709632,-0.596335189435151,0 29.0317454813791,11.108904280100006,0.5
1346 31 12 1 0 1 1 -16.28962618935195,26.961047431640694,0 1.3286997707001653,-13.801614286718106,0.5 -15.219491913720862,13.587386278758151,0.5
3000 28 6 1 0 1 1 -0.000000000000005235365066354935,-28.5,0 6.000000000000001,6.499999999999999,0.5 5.999999999999996,-25.5,0.5
618 27 2 1 1 0 1 15.52867112681712,22.69604311405749,0 -2.5410552752973468,-3.713897964118498,0 11.706165074791276,27.734738131839947,0.5
1301 29 1 1 0 0 1 -13.433991101108031,26.26362280979816,0 -19.231134421782507,24.42157793532867,0.5
2856 10 31 1 1 1 0 -2.354842989968506,-10.23253216425906,0 4.821821360411702,20.95232776491141,0 12.911690206624979,29.35197192708089,0.5
723 7 28 0 1 1 0 -10.327011727777023,-22.21717418517386,0 -17.453995075619932,-23.315403833093587,0.5
2758 30 9 1 1 1 1 -11.31683316223007,-28.32276976530102,0 0.5565655653555772,1.3929231032115257,0 9.09660766009809,6.595584058917354,0.5 -2.7767910674875544,-23.120108809595195,0.5
818 25 28 1 1 1 0 7.191167685453301,24.465018032278092,0 -1.8330427433508414,-6.2361810670512785,0 -13.793662244277947,-25.651215992439443,0.5
88 12 27 1 1 1 0 12.38076782120814,1.7223786335579756,0 -19.3139978010847,-2.686910668350442,0 -28.064430950765736,2.153535560352361,0.5
622 3 28 1 1 1 0 1.9581879033575844,2.9009481441666667,0 -15.94524435591176,-23.622006316785715,0 -20.91829831734033,-20.265112768172713,0.5
3387 4 2 0 1 0 1 -15.706444659210014,22.573382470670477,0 21.773833173480668,-20.78822236107342,0.5
991 4 29 1 1 1 0 0.06361513217114763,4.499550323638891,0 -0.38875914104590215,-27.497251977793223,0 -6.416432964640489,-29.412231945404532,0.5
2805 27 27 1 0 1 0 -8.292293898473625,-26.219989738772536,0 14.013018932387633,24.410761979105565,0.5
2671 7 3 0 1 0 1 12.105293556567833,21.300513325019125,0 -8.865215771921163,-27.74270984091641,0.5
3745 6 2 1 1 0 1 5.98549562091667,-2.534529970623225,0 -23.48155974359617,9.943156038598804,0 29.504507790889406,-5.977793908905403,0.5
2942 5 26 0 1 1 0 2.4109754034445987,26.39009658193742,0 8.386091610675713,25.844215358516003,0.5
3309 20 13 1 1 1 1 9.564090945686656,-18.1322410193179,0 -5.365221750019344,10.171744962056382,0 -0.9913064219932917,14.739990216337148,0.5 13.938006273712709,-13.56399576503713,0.5
2027 27 0 1 0 0 1 -27.475271095284235,-1.1659666550285603,0 -31.217281438955713,-7.330166407458366,0.5
3592 16 4 1 1 0 1 13.225855250369461,-9.865432220449065,0 -12.424288265498584,9.267527237391548,0 25.630521982294216,-11.632985124856518,0.5
1212 0 29 0 1 1 0 10.296972934130684,-29.769486868163856,0 3.972818423741969,-29.8406888957339,0.5
1852 12 14 1 1 1 1 -12.163731387276583,2.879867833457381,0 18.975420964151468,-4.492593820193514,0 12.727591849181294,-9.179237752703322,0.5 -18.411560502246758,-1.8067760990524269,0.5
2575 21 31 1 1 1 0 -13.310519910161423,-16.884314013936024,0 6.5004864677532535,8.245827774247825,0 24.21336098854423,21.022919626884473,0.5
3796 22 13 1 1 1 1 21.354663262281623,-7.087196692244373,0 -9.016413377407797,2.992371936725402,0 -10.922878839437143,9.94689488528839,0.5 19.448197800252277,-0.1326737436813854,0.5
2120 28 23 1 1 1 0 -27.995186645767625,-5.340367465693156,0 3.43800537755041,0.6558346010500367,0 24.208038279638533,-1.4902626116075988,0.5
811 20 8 1 1 0 1 5.997041442172708,19.603201114635922,0 -3.364193979755421,-10.996917698454299,0 1.1371349855240522,24.227193894974654,0.5
3360 4 25 0 1 1 0 -14.73523686192239,23.21901795130543,0 -8.597615718952305,24.74532287017537,0.5
3885 1 23 1 1 1 1 1.4755929434243038,-0.2694911228897896,0 -30.003723182960844,5.479652832092389,0 -22.039658288754936,10.124399365637252,0.5 9.439657837630214,4.375255410655074,0.5
734 22 1 1 1 0 1 9.1300445474895,20.564345031166376,0 -3.8549076978289,-8.682723457603581,0 6.892457267174732,30.31079069935607,0.5
3199 8 28 1 1 1 0 2.613942930216822,-8.088096337060378,0 -7.226783395305332,22.361207520108103,0 -3.055152410449077,28.96404743382608,0.5
1815 8 1 1 1 0 1 -8.143619645429713,2.4354586981862876,0 22.5147131373645,-6.733326989103266,0 -30.940370749967524,2.9905614614239404,0.5
3350 28 31 1 0 1 0 14.891209094404546,-24.300244684091624,0 -11.342863802427843,29.993156565449596,0.5
3239 18 0 1 1 0 1 6.783276778361023,-17.21154136468167,0 -4.949958730155341,12.559773428281218,0 17.13202522737634,-27.106156341476023,0.5
145 10 3 0 1 0 1 -20.94472781985176,-4.854727237685729,0 26.409133927426083,12.28037642758855,0.5
3900 11 5 1 1 1 1 11.358415916844082,-1.7989963479626576,0 -20.24761098220032,3.2069065333247373,0 -4.493679083031871,6.786519601292097,0.5 27.112347816012534,1.7806167200047014,0.5
481 4 11 1 1 1 1 3.275516000048768,3.0856109497836113,0 -20.01704222252025,-18.856511359788737,0 -12.484911044280556,-3.518095538270871,0.5 10.80764717828846,18.424026771301477,0.5
415 20 5 1 1 0 1 16.296359244443956,12.436988195540993,0 -9.141860063956365,-6.9768470365229955,0 17.425931258757018,20.84674842187805,0.5
1549 9 22 1 1 1 1 -7.214156334328384,6.181096050367576,0 17.086159739198806,-14.63943801402847,0 13.182309602124548,-19.195747277814817,0.5 -11.118006471402643,1.624786786581228,0.5
1954 4 20 1 1 1 1 -4.488257813545457,0.324871973472873,0 27.428242193888902,-1.9853287267786683,0 20.01334518596547,-7.464316074992585,0.5 -11.903154821468886,-5.154115374741044,0.5
165 31 15 1 0 1 1 30.44790321353258,8.073115253689394,0 -16.520037820060043,1.8271153285399948,0.5 14.411165444480991,10.028375268795887,0.5
2558 7 0 1 1 0 1 -4.798811092133841,-5.763801879143072,0 15.676116234303882,18.82841947186737,0 -15.543965083647677,-28.047016766107973,0.5
3296 17 4 1 1 0 1 7.846706281575553,-15.642224922647122,0 -6.501556633305459,12.96070065019333,0 17.693586987383455,-21.890339867619574,0.5
979 12 6 1 1 1 1 0.4122592614331267,12.493199842368751,0 -0.6431244478356777,-19.48939175409525,0 -6.211110740282226,-6.2985794725438495,0.5 -5.155727031013423,25.684012123920155,0.5
2298 13 4 1 1 1 1 -12.047783104670192,-6.091052639964909,0 16.50992499528878,8.346998062174134,0 6.723062208207801,-3.3242193887540044,0.5 -21.834645891751173,-17.762270090893047,0.5
558 10 11 1 1 1 1 6.718335528987373,8.069322630800306,0 -13.756591797450335,-16.52289872021015,0 -11.969218511253011,-4.998780674312312,0.5 8.505708815184697,19.593440676698144,0.5
1442 6 11 0 1 1 1 16.315957713255045,-19.596926389086455,0 2.7471355046240893,-12.676878421726451,0.5 -17.727791821813614,11.915342929284003,0.5
1236 9 30 1 1 1 0 -3.4416159836931834,8.854675568353004,0 8.151195750852276,-20.971600030309748,0 5.456972009739376,-30.60182113020271,0.5
3074 21 31 1 1 1 0 2.493512913392663,-21.3549149694103,0 -1.2177621204940912,10.429144519944565,0 2.3062247927717636,31.98329762868746,0.5
1795 18 30 1 1 1 0 -17.549103600571836,5.854823892859344,0 12.806102627444313,-4.272439056951414,0 27.033444132988375,-15.344148666791407,0.5
454 24 20 1 1 1 1 18.529604316161063,16.028217738928596,0 -5.672327851886039,-4.906597267018959,0 -19.42964060877034,-8.873503581676323,0.5 4.77229155927676,12.061311424271235,0.5
1510 27 8 1 0 1 1 -19.74847318848769,19.137601906288648,0 1.9285967514332176,-10.224016557613805,0.5 -21.05144477698882,12.045192933340257,0.5
1344 20 15 1 1 1 1 -10.546010442520885,17.57929645196987,0 5.916054638487325,-9.861556546227,0 2.828652836451438,-16.37830037369065,0.5 -13.63341224455677,11.062552624506221,0.5
3216 2 30 1 1 1 0 0.8320488613074667,-2.357476339732161,0 -9.818176563428107,27.8182208088395,0 -4.493052892593908,30.758128611870283,0.5
2764 6 16 1 1 1 1 -2.354789883579548,-6.05846223097837,0 9.23802185096592,23.767813367684376,0 11.569970225374272,13.205521155333203,0.5 -0.02284150917119554,-16.620754443329545,0.5
1471 24 30 1 1 1 0 -16.517250567314196,18.095038924980486,0 5.0563011940757745,-5.539297630096066,0 16.130853418497964,-26.571517984317957,0.5
1268 25 29 1 0 1 0 -10.4205514057769,23.273635478789323,0 6.578998180301277,-29.376296276821428,0.5
1649 19 28 1 1 1 0 -16.610458292277965,10.214826250137307,0 10.647729674537157,-6.547965544959812,0 21.133800196364007,-20.040271686286207,0.5
2914 9 8 1 1 1 1 -1.2794409002229474,-9.413449473112218,0 3.0302547636859285,22.29501191000262,0 7.090099420059828,7.614492117906966,0.5 2.7804037561509523,-24.09396926520788,0.5
3003 7 3 1 1 0 1 0.035342786545303755,-7.49991672536697,0 -0.11545310271465893,24.499727969532103,0 6.13423596916573,-28.471409327158245,0.5
760 21 3 1 1 0 1 7.914677882720579,19.990194446597403,0 -3.8653078031891197,-9.76265310182664,0 4.912890836183817,28.707377163923233,0.5
2722 30 0 1 0 0 1 -12.899505211101763,-27.63788641174933,0 -7.885478546859329,-31.081654204482444,0.5
276 22 31 1 1 1 0 20.41839955217513,9.451928889265641,0 -8.62110203314061,-3.9908144199121596,0 -31.10627374351602,-7.787793897725196,0.5
1772 4 21 0 1 1 1 25.75512188557529,-9.639693805259624,0 18.032616643938578,-13.155787204601221,0.5 -11.936979732003573,-1.9386889584809337,0.5
2593 23 28 1 1 1 0 -14.021160965409463,-18.85887178974601,0 5.0714837534459765,6.821294051610259,0 21.819417797984926,19.291526817672533,0.5
2465 21 10 1 1 1 1 -16.015222216719877,-14.344429488448888,0 7.821387594212033,7.005419052498294,0 11.82448419563963,2.5360547129485616,0.5 -12.01212561529228,-18.813793827998623,0.5
2345 1 31 0 1 1 0 26.12988432538401,15.731469897693955,0 30.081317233959346,11.106950682788707,0.5
1919 26 1 1 0 0 1 -26.285790017668724,3.362624443351822,0 -31.014805366000267,-2.081309229576671,0.5
665 29 1 1 0 0 1 14.81683322772949,25.509046495344574,0 10.130818117751932,29.387353134724965,0.5
2486 11 1 1 1 0 1 -8.30857339281352,-7.950950142984877,0 14.810935178493667,14.173432863581738,0 -17.88745979329592,-25.4222104102539,0.5
891 12 2 1 1 0 1 2.1297685336969687,12.317227203915428,0 -3.3224389125672706,-19.214874438108065,0 -0.88601531835456,30.090945097414952,0.5
740 3 25 0 1 1 1 -11.318714883091246,-26.156006831993462,0 -15.633798965290792,-21.019855611132837,0.5 -2.9250664649778133,8.348292410754562,0.5
503 11 28 1 1 1 0 8.093317971240742,8.169957418272855,0 -14.427218992211758,-14.563837136921176,0 -24.319939712173763,-16.02468509507234,0.5
3522 24 27 1 1 1 0 17.91233207088166,-16.71521342318022,0 -5.483366960473978,5.116902068320476,0 -16.012157200414872,23.148667818887596,0.5
2578 10 23 1 1 1 0 -6.461556886881306,-8.276368925899616,0 13.230806958852197,16.946850657794453,0 19.19093337115318,14.8309836607003,0.5
1844 10 8 1 1 1 1 -10.18632926314611,2.5472919233517777,0 20.857721824537276,-5.215883462101259,0 6.7904806853934545,-7.8828530407015975,0.5 -24.25357040228993,-0.11967765524856055,0.5
2921 13 1 1 1 0 1 -1.6709580376147397,-13.396189728297024,0 2.289831384879458,18.357741479518143,0 2.1787346831505614,-31.008113699166493,0.5
3223 30 16 1 0 1 1 10.466622136431319,-28.647858926160012,0 -0.026626612923170256,17.557029675417315,0.5 10.95474743185723,-12.499740345471878,0.5
2105 24 2 1 0 0 1 -24.167516800824142,-4.0225777409371375,0 -28.114542007293444,-10.762087516840424,0.5
2060 24 1 1 0 0 1 -24.39126813277546,-2.3056536763035957,0 -29.799990040482857,-8.84367534383316,0.5
39 28 9 1 0 1 1 28.446537654819323,1.7448482607224647,0 -9.84951569421468,5.407128682528159,0.5 22.09045640944211,7.36625655421654,0.5
3945 17 29 1 1 1 0 17.434731588626473,-1.5100114014636625,0 -14.445920459147649,1.251152304069892,0 -28.872257911754225,8.523070049996393,0.5
749 5 26 1 1 1 0 2.112738024252364,5.078025013809819,0 -10.179555935034118,-24.46684779381095,0 -15.719219586463012,-22.162042676444734,0.5
2034 7 22 1 1 1 1 -7.489306358396323,-0.400362673190701,0 24.46506743742799,1.3078513990896232,0 22.78820921374153,-4.7903570671449565,0.5 -9.166164582082782,-6.49857113942528,0.5
2044 28 25 1 0 1 1 -28.431956431294918,-1.9682107328605656,0 25.853479066497677,-4.224644382450004,0.5 -6.07012113706153,-6.43456520531099,0.5
3175 19 14 1 1 1 1 5.29308877236894,-18.767877110846126,0 -3.3930056233134236,12.030690455670593,0 1.8388448956783137,15.58424362776833,0.5 10.524939291360678,-15.214323938748386,0.5
2983 0 22 0 1 1 0 0.8410614674821603,31.488769674407997,0 6.598619081422115,22.33177615458054,0.5
914 14 31 1 1 1 0 1.9528308477087137,14.36789656422391,0 -2.3568648162001717,-17.340564818890925,0 -10.187693178494342,-30.404948737020753,0.5
1429 12 21 1 1 1 1 -7.800199853257733,9.767644662314352,0 12.168311771082063,-15.237525673210387,0 8.727874309692414,-20.544444748744397,0.5 -11.240637314647383,4.460725586780343,0.5
1274 4 13 0 1 1 1 11.473899625698541,-24.991991264791103,0 0.17984354029758887,-14.772191993777133,0.5 -13.171603296878896,14.30939784161615,0.5
3248 3 6 0 1 0 1 -10.823704222371342,26.36470039478205,0 15.234830176812686,-21.31079420114787,0.5
1532 28 28 1 0 1 1 -21.139640523054066,19.114538931296522,0 17.115527063833746,-23.564989567728958,0.5 -6.620209663805907,-2.1030511185539154,0.5
927 27 28 1 1 1 0 3.146467664931684,27.31940228543698,0 -0.514876526988821,-4.4704476467078695,0 -9.22148153320636,-27.626333059831413,0.5
1500 15 31 1 1 1 0 -10.960155108391486,10.960155108391488,0 11.667261889578032,-11.667261889578034,0 18.03122292025696,-26.516504294495533,0.5
858 22 12 1 1 1 1 4.977182087780564,21.942599172957525,0 -2.1014768815073492,-9.264652984137623,0 -8.61646093933343,-10.863084317123809,0.5 -1.5378019700455177,20.34416783997134,0.5
1640 23 31 1 1 1 0 -19.84170624929735,12.591929682006429,0 7.176787366767126,-4.554527757321474,0 23.381368883439485,-21.944511594850496,0.5
1568 29 30 1 0 1 0 -22.964637896227188,18.516895158075666,0 19.976952030050008,-23.815360328768506,0.5
90 20 30 1 1 1 0 20.29548498318943,2.888475254720445,0 -11.385272063740413,-1.6203641672822007,0 -31.0411289519805,1.642654372203074,0.5
3482 14 4 1 1 0 1 9.959090774893916,-10.538809749560093,0 -12.019592314527141,12.719253146020803,0 23.24881757289264,-15.866394721623383,0.5
2699 19 29 1 1 1 0 -8.880095812596839,-17.3606998234259,0 5.6923691106389995,11.128653732965322,0 18.775744892931392,23.531285636691436,0.5
913 0 13 0 1 1 1 -4.291380707140854,-31.20631429096328,0 -7.783223025148611,-12.55672884714791,0.5 -3.423725163926156,19.144923765894152,0.5
3266 4 19 0 1 1 1 -11.158943335820489,25.13419948253669,0 -2.428879932846523,20.257110906341396,0.5 10.556072312471862,-8.98995758242857,0.5
2980 5 12 1 1 1 1 -0.17275917492970563,-5.497286082011524,0 0.8323851155704,26.486923849691888,0 6.389673850670993,12.305367450102876,0.5 5.384529560170887,-19.678842481600537,0.5
571 31 0 1 0 0 1 19.65650363020949,24.614464549032164,0 14.9680341922986,28.358560478595876,0.5
2901 16 3 1 1 0 1 -2.5555664552149278,-16.300892002984998,0 2.4006836397473563,15.31295915431924,0 1.51343685116876,-29.085383079779515,0.5
1358 16 16 1 1 1 1 -8.797331742163612,13.959117243519396,0 8.264160121426423,-13.113110137851555,0 3.721289108156559,-17.15814696794253,0.5 -13.340202755433477,9.914080413428422,0.5
3925 12 17 1 1 1 1 12.413355711936576,-1.469217468222982,0 -19.36483491062106,2.2919792504278518,0 -16.673473611964177,8.015315197241732,0.5 15.104717010593461,4.254118478590898,0.5
3191 5 18 1 1 1 1 1.625477249077445,-5.254314770998367,0 -7.831844927373144,25.316243896628496,0 0.2644653669195396,19.446852137806264,0.5 9.721787543370128,-11.123706529820597,0.5
525 5 9 1 1 1 1 3.73340410043118,4.03877380189627,0 -17.988219756622957,-19.45954650004567,0 -10.85454213917706,-2.903259366441362,0.5 10.867081717877076,20.595060935500573,0.5
3055 1 25 0 1 1 1 -2.631734156836656,30.386246483034707,0 3.777319931110607,25.92261279535754,0.5 6.538483636644148,-5.9580392524165795,0.5
3133 25 11 1 0 1 1 5.2886873891019395,-24.94553638830711,0 3.4844436609870724,12.494344815691898,0.5 10.12122783554637,-18.80985771081114,0.5
2429 30 1 1 0 0 1 -23.833052976047025,-19.03248764194886,0 -20.088957046483316,-23.720957079859748,0.5
743 20 16 1 1 1 1 8.05278294431728,18.852126852207228,0 -4.517414822421888,-10.57558335611625,0 -11.999203887535534,-12.816750994903199,0.5 0.5709938792036322,16.610959213420276,0.5
3622 3 7 0 1 1 1 -23.622006316785704,15.945244355911772,0 -2.8594239031727073,9.169170897194824,0.5 23.663530557779662,-8.734261362074534,0.5
2814 0 24 0 1 1 0 9.072917784465224,30.165081847665103,0 12.802443708107575,21.73355550987313,0.5
1000 1 3 0 1 0 1 -0.0000000000000018675863686997138,-30.5,0 -5.999999999999998,28.5,0.5
2830 19 1 1 1 0 1 -5.145524474324779,-18.808869659927062,0 3.2984131245671664,12.056967730722475,0 -2.2607835131970972,-31.002239562755076,0.5
104 0 25 1 1 1 0 0.493342972103934,0.08131858259744179,0 -31.080607242547842,-5.123070703638833,0 -26.13631456846994,1.772867952777677,0.5
1027 19 3 1 1 1 1 -0.826776355383885,19.482464958474278,0 0.5299848431947981,-12.488759588765562,0 -5.846208846512926,-3.7512454095878605,0.5 -7.202970045091609,28.21997913765198,0.5
416 1 25 0 1 1 0 -24.21670715875898,-18.541874079685464,0 -23.894336951687432,-10.738280199325425,0.5
3962 22 26 1 0 1 0 22.459928968759765,-1.3422334812788426,0 -26.09487630153159,7.570167158508797,0.5
608 14 1 1 1 0 1 8.374804199622881,11.836919135399167,0 -10.107522309889683,-14.285936887550719,0 12.71793195007606,28.363783367407713,0.5
2724 16 1 1 1 0 1 -6.931414518794801,-14.97349300492843,0 6.511328790382995,14.066008580387313,0 -7.367708169313386,-30.198789318974903,0.5
3154 27 7 1 1 0 1 6.587633141152847,-26.699308785015102,0 -1.0779763321886477,4.36897780118429,0 11.694285987939468,-22.349355141307377,0.5
2815 16 16 1 1 1 1 -4.72765512000867,-15.808202841128267,0 4.441130567280872,14.850129941665948,0 10.476092516782586,14.089055524761477,0.5 1.3073068294930428,-16.569277258032738,0.5
726 17 31 1 1 1 0 7.301572489080894,15.9039944412307,0 -6.0498743480955985,-13.17759539416258,0 -18.59562857448185,-26.12379371224467,0.5
2932 1 30 0 1 1 0 3.251640205395447,30.326174107108464,0 9.21744494777744,29.6865071814569,0.5
800 17 19 1 1 1 1 5.407797401561581,16.643489035165185,0 -4.480746418436738,-13.790319486279726,0 -11.732170488082396,-16.69150010150581,0.5 -1.8436266680840778,13.742308419939103,0.5
1467 22 10 1 1 1 1 -15.064191547623352,16.712873272316557,0 6.360436431218749,-7.0565464927558805,0 2.5731898496064822,-11.816458606447288,0.5 -18.851438129235618,11.95296115862515,0.5
3104 23 9 1 1 1 1 3.821973382079772,-23.1871196888849,0 -1.3824159041565132,8.386830525766879,0 4.375062595895811,10.34933946114405,0.5 9.579451882132096,-21.22461075350773,0.5
1991 4 13 0 1 1 1 27.497251977793223,-0.3887591410459038,0 13.413830794688476,-6.190245828031965,0.5 -18.58297150674364,-5.737871554814913,0.5
3459 4 0 1 1 0 1 2.9705975020561,-3.380170185179743,0 -18.153651401453942,20.656595576098432,0 25.301076094632357,-19.70039462685007,0.5
286 30 0 1 1 0 1 27.47360854346464,13.24578550333904,0 -1.351161075908097,-0.6514320739347068,0 25.76865429833121,19.084717856261232,0.5
2619 16 12 1 1 1 1 -9.295800673557263,-13.632244490086448,0 8.732418814553792,12.806047854323632,0 11.99945305212027,6.947166793014365,0.5 -6.028766435990786,-19.491125551395715,0.5
1034 12 22 1 1 1 1 -0.6672711219845052,12.482177263993872,0 1.040942950295828,-19.47219653183044,0 -4.790357067144949,-22.78820921374153,0.5 -6.498571139425283,9.16616458208278,0.5
2384 6 2 0 1 0 1 21.000081239524906,14.465358202732283,0 -20.89059793527808,-21.675629585009872,0.5
926 4 16 0 1 1 1 -3.1893769822464355,-27.314426123664333,0 -7.873137343601898,-15.692791605344832,0.5 -4.161862309715136,16.09126788401003,0.5
2112 3 1 0 1 0 1 28.060083534082352,4.988157180795368,0 -28.979073849289104,-11.245589305921152,0.5
2686 22 1 1 1 0 1 -10.653151599277034,-19.818182585767577,0 4.49799734191697,8.367677091768533,0 -9.156090145037517,-29.705487931625477,0.5
3746 31 1 1 0 0 1 29.0258904858772,-12.23714351888804,0 30.435318124843896,-6.319921727327683,0.5
2491 26 25 1 0 1 1 -19.00135528737917,-18.471559144879667,0 22.466562818771575,13.472325527175718,0.5 -0.4784699810825126,-8.832953440226145,0.5
1384 31 28 1 0 1 0 -17.868971897492823,25.941276825295468,0 11.22596946434199,-26.874292727170722,0.5
3744 12 25 1 1 1 1 11.502898092073378,-4.892170835465031,0 -17.94452102363447,7.631786503325449,0 -21.117670106806475,15.501419588543886,0.5 8.329749008901372,2.9774622497534056,0.5
2963 30 8 1 0 0 1 -1.7716458627310068,-30.44850194898048,0 4.624830620318171,-23.808841671391058,0.5
1151 22 1 1 0 0 1 -5.286880582321982,21.87004558084566,0 -12.998672499817529,28.236226965416034,0.5
1231 16 3 1 1 0 1 -5.856572685818649,15.425646060237572,0 5.501628886678124,-14.490758420223173,0 -15.725224115591327,24.514634945567206,0.5
1038 26 4 1 0 0 1 -1.5808527668395236,26.452805229872613,0 -7.629821979898965,27.0930953668098,0.5
262 3 30 0 1 1 0 -26.120319024346593,-11.400830411262046,0 -30.35349869158398,-6.7018741542951865,0.5
1509 7 0 1 1 0 1 -5.377742062465802,5.227799757984813,0 17.567290737388284,-17.077479209417056,0 -26.768756468744215,17.654565333563575,0.5
2563 13 30 1 1 1 0 -8.556110562233863,-10.442364293914963,0 11.725040400098257,14.309906624994579,0 23.97152280826834,19.789292414148385,0.5
3527 12 1 1 1 0 1 9.20564247037378,-8.456130717275515,0 -14.360802253783097,13.191563918949806,0 26.520710372004274,-16.214250564372843,0.5
1606 18 21 1 1 1 1 -15.068633450804425,10.73248740624921,0 10.996029815451879,-7.831815134289964,0 14.031388905664858,-17.360015131847817,0.5 -12.033274360591445,1.2042874086913598,0.5
384 16 27 1 1 1 0 13.588287860869054,9.359937660591482,0 -12.764755263240625,-8.792668711464726,0 -26.050760129542297,-10.658700515215239,0.5
3088 6 2 1 1 0 1 0.8956368894501481,-6.437999267028233,0 -3.5136524124582733,25.256766355264606,0 10.007582129376733,-28.391870313943382,0.5
3348 13 29 1 1 1 0 7.017534125379573,-11.532745327940487,0 -9.616620838483119,15.804132486436965,0 -10.208947017115147,28.32008829085347,0.5
1792 31 0 1 0 0 1 -29.833596607334442,10.109723708927106,0 -31.7592582661777,4.4271338789586405,0.5
3944 20 19 1 1 1 1 20.420738987435037,-1.800949529290237,0 -11.455536505146483,1.0102887603335478,0 -18.897498198987407,7.689899987598529,0.5 12.978777293594117,4.878661697974744,0.5
3392 9 28 1 1 1 0 5.486940682511539,-7.75522288181325,0 -12.995385827001014,18.367633141136643,0 -11.56278654323151,26.731104865973354,0.5
642 13 0 1 1 0 1 7.197816879952046,11.42109592651587,0 -9.863674983637988,-15.651131454855081,0 11.71886341921439,29.84825355296016,0.5
518 20 30 1 1 1 0 14.080093854160369,14.899696542481507,0 -7.898589235260695,-8.358366353099381,0 -25.30931911252587,-18.046838118084082,0.5
2059 20 2 1 1 0 1 -20.412025506856644,-1.897159642052783,0 11.450648455065922,1.0642602870052198,0 -28.818136321948987,-8.704310364960827,0.5
3440 3 14 0 1 1 1 -18.166583707837646,21.959627419110003,0 -4.619568394701258,14.996985958741085,0.5 15.7779992772568,-9.659437810084182,0.5
1838 31 0 1 0 0 1 -30.48560866035926,7.929543783057652,0 -31.995997952370242,2.122761181084459,0.5
907 31 0 1 0 0 1 4.585298343540438,31.164483616782828,0 -1.350793773942006,32.0378737774572,0.5
1288 30 8 1 0 1 1 -13.332030882853449,27.43186017277432,0 -1.6809474928652994,-10.26763923821975,0.5 -15.668652025695145,18.513328811904127,0.5
805 12 14 1 1 1 1 3.7692244993061945,11.918177153987516,0 -5.879990218917664,-18.592356360220524,0 -10.093025453109192,-12.015857738958546,0.5 -0.44381073488533485,18.494675775249497,0.5
3437 12 25 1 1 1 0 7.922324594660981,-9.668855827699042,0 -12.35882636767113,15.083415091210506,0 -11.52049137581286,23.527181693943316,0.5
2053 25 3 1 1 0 1 -25.411681674801653,-2.1204797708419565,0 6.4774874857337545,0.540514451391087,0 -27.902354866933152,-8.349167196776694,0.5
1677 3 28 0 1 1 0 24.909762313974213,-13.847517519805129,0 21.994495467699448,-19.091678006957594,0.5
457 0 3 0 1 1 1 -23.72640127662168,-20.71974619682213,0 -6.582885131717735,2.2171205070111952,0.5 17.520125688977306,23.26575156410034,0.5
663 23 30 1 0 1 0 11.867021245967125,20.283584662178548,0 -20.580666211705047,-23.29562573279332,0.5
217 15 0 1 1 0 1 14.608232005842984,5.1816558804560415,0 -15.550698586865112,-5.515956259840303,0 27.681895025891464,16.185261436736983,0.5
2592 30 21 1 0 1 1 -18.23610198325433,-24.44779303856173,0 17.66435904496192,13.64626027637873,0.5 -1.4686004128786916,-12.003883239489316,0.5
2776 26 14 1 1 1 1 -9.133037464124714,-24.87644722782766,0 1.8955360774598462,5.163036217096307,0 10.629725531953747,11.543783396934067,0.5 -0.3988480096308127,-18.4957000479899,0.5
3715 13 1 1 1 0 1 12.169644081015312,-5.843779850525598,0 -16.676919666576538,8.008142758127672,0 30.091616561045974,-7.793883033699176,0.5
1036 5 24 0 1 1 1 1.4977411637736493,-26.45764107788784,0 -4.60570520584425,-24.79994918456204,0.5 -6.414298309269034,7.148900418925166,0.5
1623 25 17 1 1 1 1 -21.15786348524478,14.233580460999463,0 5.393180888395728,-3.6281675684900594,0 11.171024636305365,-14.746464273684676,0.5 -15.38001973733514,3.115283755804845,0.5
614 30 14 1 0 1 1 17.380527158893674,25.063265463202498,0 -13.193352019120436,-8.496202828297514,0.5 5.041955163981125,17.79968224784937,0.5
1607 12 30 1 1 1 0 -10.192887436141334,7.235678662997145,0 15.90090440038048,-11.287658714275548,0 21.397519585946224,-22.54764190706088,0.5
1956 8 31 1 1 1 0 -8.479706304070415,0.5870102185724515,0 23.443893899488792,-1.6229106042885424,0 31.01043379609216,-8.161065848171143,0.5
3862 18 21 1 1 1 1 18.067049348180756,-3.978910384816599,0 -13.184063037861632,2.9035291997310315,0 -19.70638371226955,10.483722668250886,0.5 11.544728673772838,3.601283083703256,0.5
2228 23 22 1 0 1 0 -22.00892233858252,-8.237556524494591,0 23.17557837298188,2.26772288381418,0.5
1660 9 30 1 1 1 0 -8.177049256537464,4.835893449628529,0 19.366695607588728,-11.453431854383357,0 23.198383329118048,-20.690215342409992,0.5
2369 18 28 1 1 1 0 -15.478371558717889,-10.132621274392582,0 11.295027894199542,7.394074984016209,0 27.131314436206235,10.589701457723312,0.5
641 7 30 1 1 1 0 4.0087490045305305,6.338764187022221,0 -13.095246748133066,-20.70662967760592,0 -21.37325730137527,-22.570641823599274,0.5
2756 2 30 0 1 1 0 11.031796569265122,27.359632023372505,0 16.97042669501089,26.04332194228036,0.5
553 19 28 1 1 1 0 12.594221676916113,14.88743028036391,0 -8.073219023664176,-9.543224538694814,0 -22.98768715252783,-17.883406816865374,0.5
205 26 11 1 0 1 1 25.137905157575872,8.38663963031203,0 -12.80776404128282,2.0521160451647877,0.5 17.547442186733328,12.179378994975544,0.5
3079 16 5 1 1 0 1 2.0422820459735647,-16.373120779029698,0 -1.9185073765206215,15.380810428785473,0 9.233890841968343,-25.55357626475428,0.5
143 20 22 1 1 1 0 19.984998058129985,4.566163884108928,0 -11.211096471633894,-2.5615065691342767,0 -23.271192176223327,0.8376244368940995,0.5
1503 24 3 1 0 0 1 -17.40556145632042,17.242286112643324,0 -24.46988645636702,15.79476675397601,0.5
792 23 0 1 1 0 1 7.542174830469421,22.256810167376493,0 -2.7280206833612803,-8.050335592455326,0 4.427133878958632,31.759258266177703,0.5
744 2 18 0 1 1 1 -11.545523171697475,-27.146839497293172,0 -12.76180392068347,-14.676047175245383,0.5 -0.23784658189298735,14.771371940462465,0.5
3427 27 30 1 0 1 0 17.092845991338354,-21.542623236653153,0 -14.257311393305486,27.622075806034594,0.5
1243 24 19 1 0 1 1 -9.126296979807224,22.736769854936774,0 1.6955988561885809,-20.331624246943285,0.5 -10.224462505192282,9.365381277872094,0.5
1064 27 1 1 0 0 1 -2.7599471584084125,27.361152966985756,0 -9.030738404849858,29.74383572882237,0.5
2804 20 11 1 1 1 1 -6.212223027471877,-19.536076501102983,0 3.484905600776907,10.959262427448014,0 9.202781649880219,9.141050809651366,0.5 -0.494346978368565,-21.35428811889963,0.5
1142 18 0 1 1 0 1 -4.092349716619569,18.041692653320634,0 2.9863092526683337,-13.165559503774517,0 -12.81941470234812,29.39239028539906,0.5
716 6 12 1 1 1 1 2.8044642969262337,5.863870735893318,0 -11.002129164864455,-23.004415963889173,0 -10.806004327221206,-8.687938218016782,0.5 3.0005891345694833,20.18034848176571,0.5
2608 7 10 0 1 1 1 14.150531233845557,20.000311642571006,0 10.962548890236913,5.106125911996825,0.5 -7.51977761927565,-21.016730110953063,0.5
25 3 8 0 1 1 1 -28.4780275328606,-1.1189047491334554,0 -8.729005702600556,5.661665783492254,0.5 23.246323457102577,6.917979887782449,0.5
1759 15 20 1 1 1 1 -14.402554900663082,5.728561104970934,0 15.331751991028442,-6.098145692388414,0 16.831032827985005,-13.151666584250494,0.5 -12.903274063706519,-1.3249597868911458,0.5
2054 13 16 1 1 1 1 -13.451463256201999,-1.1437378489179846,0 18.43348668442496,1.567344459628349,0 16.949005245988214,-4.580526298523351,0.5 -14.935944694638746,-7.291608607069685,0.5
1440 25 23 1 0 1 1 -16.25431173859159,19.648087690782624,0 10.356384302439473,-21.931605143723186,0.5 -10.041183369518599,2.7248186251020705,0.5
1511 18 11 1 1 1 1 -13.305543149575161,12.853502304616962,0 9.709450406446738,-9.379582762828592,0 4.1023098590493285,-12.305326237867352,0.5 -18.91268369697257,9.9277588295782,0.5
1824 16 29 1 1 1 0 -15.873456581170418,4.503706936035863,0 14.911428909584332,-4.230755000518538,0 26.742104698685587,-13.824248127277604,0.5
3075 10 4 1 1 0 1 1.2341426733073002,-10.427218798026725,0 -2.5270540453435193,21.350971824530916,0 9.190689171820106,-26.604158181513444,0.5
566 24 24 1 1 1 1 15.438279844041546,19.023919560833424,0 -4.726004033890269,-5.823648845153088,0 -20.09719892016402,-15.243116333721208,0.5 0.06708495776779788,9.604452072265303,0.5
2636 11 28 1 1 1 0 -6.222894399459073,-9.670862696428944,0 11.092985668600956,17.239363937112465,0 20.467623179404978,20.720193082736564,0.5
335 16 4 1 1 0 1 14.26777176858256,8.287381296865647,0 -13.403058328062404,-7.785115763722274,0 20.76602641544403,19.000582804563674,0.5
3261 25 30 1 0 1 0 10.164019644722629,-23.38680620909346,0 -6.654186741548212,30.36398851943868,0.5
1320 17 29 1 1 1 0 -8.43068929678002,15.33536690076761,0 6.985428274474874,-12.70644686063602,0 8.953893305737424,-28.741569105904265,0.5
1735 17 31 1 1 1 0 -16.00562529647574,7.076012921753037,0 13.261803817079898,-5.862982135166803,0 26.384063960483857,-18.22446621794715,0.5
3349 27 6 1 0 1 1 14.331861407100726,-23.470145900860025,0 1.7332282276001978,8.674440610843437,0.5 18.410303319499228,-18.63627461924823,0.5
1518 25 6 1 0 1 1 -18.53376886991602,17.514263086882412,0 0.6032909463984186,-8.825306795460069,0.5 -22.654771949182468,13.153376293960996,0.5
327 28 30 1 0 1 0 24.822264670449773,14.003755804431213,0 -29.512337097379138,-9.76073557938433,0.5
1181 27 1 1 1 0 1 -7.713727643094262,26.395992230794498,0 1.262246341597243,-4.319344183220918,0 -14.314350781786981,27.592559897478786,0.5
3529 22 3 1 0 0 1 16.617892890288196,-15.16890358222733,0 25.094371949625668,-14.782506433411099,0.5
3889 28 19 1 1 1 1 28.067884292103873,-4.94407436888531,0 -3.446933158679423,0.6071670277578451,0 -18.16348412220048,9.29181599810129,0.5 13.351333328582816,3.740574601458135,0.5
3999 13 21 1 1 1 1 13.499983345045997,-0.02120574169121885,0 -18.499977176544515,0.02905972009537398,0 -21.490548701358637,6.033764704936089,0.5 10.509411820231872,5.983499243149495,0.5
3906 23 0 1 1 0 1 23.244292100141102,-3.457294428207977,0 -8.407509908561675,1.2505107506284172,0 32.03995607334862,1.3004671537146955,0.5
1989 15 30 1 1 1 0 -15.497686252184263,0.26780744735514983,0 16.497536978131635,-0.2850853471845143,0 30.391779742418652,-6.5260803004798476,0.5
1113 3 28 0 1 1 0 5.032227684923464,-28.052213540594078,0 -0.873501481517394,-29.111629895314806,0.5
1285 10 6 1 1 1 1 -4.545162105964343,9.465278729678582,0 9.306760502688892,-19.38128501791329,0 -2.5950589227907868,-8.45669375035208,0.5 -16.446981531444024,20.38986999723979,0.5
1806 24 27 1 0 1 0 -23.37120293890114,7.3509777029112735,0 24.432743453155663,-13.974657325039464,0.5
382 0 18 0 1 1 1 -25.997285748829487,-17.787386927081428,0 -18.656320886216953,-5.494696624064429,0.5 7.753620191959032,12.575029778050038,0.5
1193 23 0 1 1 0 1 -7.015716137156232,22.428324214770164,0 2.5375994538650204,-8.112372588321122,0 -15.130425685491161,28.272251742226498,0.5
380 26 24 1 1 1 0 21.917635218275887,14.895209513081461,0 -4.54894315851009,-3.0914585781867183,0 -23.63597433683955,-8.808559311729827,0.5
886 30 24 1 0 1 0 5.432516353058409,30.01229358235976,0 -10.267882365379986,-23.03954408686766,0.5
1911 22 18 1 1 1 1 -22.280484675839148,3.1352834975001604,0 9.407315752020974,-1.3237863656111788,0 17.483434023023257,-8.519362344835017,0.5 -14.204366404836867,-4.0602924817236765,0.5
2401 26 4 1 0 0 1 -21.414456702504445,-15.60996617986607,0 -18.688217443006636,-21.047577741937495,0.5
3550 15 24 1 1 1 0 11.786292466800473,-10.066444749117853,0 -12.546698432400502,10.715892797448038,0 -14.73325786721964,20.473912977689693,0.5
3084 14 20 1 1 1 1 1.9076832068380907,-14.373960650507845,0 -2.302376284114937,17.347883543716364,0 3.2507764250252555,21.111192591478577,0.5 7.460835915978284,-10.610651602745634,0.5
3131 7 23 1 1 1 1 1.5324390310444596,-7.341772988599655,0 -5.005967501411901,23.98312509609221,0 1.0717760936070837,24.230173255781157,0.5 7.610182626063445,-7.094724828910708,0.5
3361 10 12 0 1 1 1 -11.54877661263994,18.134932002942296,0 -1.6534937507137437,13.766479521517134,0.5 15.535383068099193,-13.225047180536517,0.5
3390 6 4 1 1 0 1 3.73753413828131,-5.317973163262653,0 -14.6626339271036,20.8628177943381,0 20.7215427357403,-19.049085716928477,0.5
3430 9 5 0 1 1 1 -14.067959767553374,17.55968416511241,0 1.2437478341835968,8.043823178375046,0.5 21.251512836926175,-16.9299498564515,0.5
3435 28 21 1 0 1 1 17.99355467030726,-22.101628680408684,0 -8.92111064312821,20.46127525089931,0.5 11.282178811251871,-4.3545885306121965,0.5
3420 23 7 1 1 0 1 14.40331576084494,-18.56864279082873,0 -5.209709956050297,6.71631760519337,0 19.75715288875206,-15.681355481286564,0.5
1559 27 3 1 0 0 1 -21.16155330694399,17.562421861388245,0 -25.76286546968121,13.583989207560037,0.5
321 8 28 0 1 1 0 -20.575398265308408,-11.353545094988782,0 -27.851920048137117,-8.51589981341829,0.5
234 22 4 1 1 0 1 20.997104234262718,8.08527141013254,0 -8.865444010022037,-3.413781262055961,0 23.507055021396866,15.481226185965383,0.5
768 27 30 1 1 1 0 9.801326664614395,25.69404591755683,0 -1.6038534542096283,-4.204480241054754,0 -16.47653595549382,-26.35856147264716,0.5
2860 7 3 0 1 0 1 5.34450941421531,23.909960667499305,0 -0.36158180816899943,-29.122487163633554,0.5
3730 9 7 1 1 1 1 8.658331128036728,-3.9093864067485375,0 -20.506573724297514,9.259073068614958,0 -4.3664384231351825,8.554777349350989,0.5 24.79846642919906,-4.613682126012505,0.5
840 15 10 1 1 1 1 3.854693251055252,15.013038997493782,0 -4.1033831382201065,-15.981622158622413,0 -8.422742782002764,-8.677983868861496,0.5 -0.4646663927274046,22.316677287254695,0.5
1314 0 23 0 1 1 1 14.914412238987829,-27.745455620074615,0 5.8417763141513115,-23.539831127164458,0.5 -9.309372627042675,4.64602855037166,0.5
2781 30 20 1 0 1 1 -10.286416912333145,-28.7130567356676,0 12.56229138087984,17.27538234777662,0.5 1.7699851122024408,-12.849791932268074,0.5
2808 24 18 1 1 1 1 -7.277518748637357,-23.39418134629275,0 2.2278118618277625,7.161484085599822,0 11.224456527655004,15.882744588350686,0.5 1.719125917189885,-14.67292084354189,0.5
2065 1 30 0 1 1 0 30.34116032373266,3.1086959017490186,0 30.95270705850296,-2.8600569488213408,0.5
2812 6 8 0 1 1 1 7.421422254120943,24.396157314750173,0 8.214079727393296,6.3858354372804245,0.5 -1.0990776111114169,-24.228950212602147,0.5
941 6 9 0 1 1 1 -2.3598815059680893,-25.390568313407044,0 -6.853422909299573,-8.903965095747386,0.5 -3.8920029802415783,22.958708866175176,0.5
350 20 7 1 1 0 1 17.479123369258893,10.71122057667695,0 -9.805361890072062,-6.008733494233411,0 17.75469263837957,17.9170558216653,0.5
3956 13 28 1 1 1 0 13.46776883587654,-0.9323103471444835,0 -18.455831367682666,1.2776104757165143,0 -28.01759627700848,7.953885771027927,0.5
2777 14 3 1 1 0 1 -4.975935114041124,-13.619473915715414,0 6.005438930739287,16.437296105173775,0 -4.144641879715831,-28.82831843325076,0.5
3580 29 31 1 1 1 0 23.309572865082863,-18.080758082762806,0 -1.9753875309392257,1.5322676341324413,0 -21.212440567916385,24.0475022643229,0.5
945 19 25 1 1 1 0 1.6825841330595104,19.427272341612355,0 -1.078579572474045,-12.453379706161765,0 -8.1779245868047,-24.887176405782462,0.5
3458 2 26 1 1 1 0 1.6473801558342929,-1.880462342660278,0 -19.439085838844658,22.18945564339128,0 -12.949120029458838,23.88661320620125,0.5
2396 16 0 1 1 0 1 -13.409453713146052,-9.614392914531502,0 12.596759548712958,9.031702434862927,0 -22.103723301631007,-23.230915096158704,0.5
2363 12 30 1 1 1 0 -10.52241919687794,-6.747495405346681,0 16.41497394712959,10.526092832340824,0 28.913500634948583,11.413127574544491,0.5
2231 5 4 0 1 0 1 24.77452246038156,9.406010677223877,0 -23.579747305552818,-15.370280316450792,0.5
3056 29 19 1 0 1 1 2.591610298246914,-29.38594146972359,0 4.263703322119549,19.951712557596323,0.5 7.07494161174332,-11.9245629349852,0.5
605 12 3 1 1 0 1 7.267664803997883,10.170105618759836,0 -11.337557094236699,-15.865364765265346,0 11.688625056110455,26.676319916691412,0.5
1836 26 17 1 0 1 1 -25.625539425704527,6.75142423060963,0 15.393901681742317,-10.260496626033799,0.5 -15.550145926655603,-2.1078334041655666,0.5
505 14 21 1 1 1 1 10.172205673677409,10.333258524415477,0 -12.276799950989977,-12.471174081191094,0 -19.358756767624634,-11.11253960226678,0.5 3.090248857042753,11.691893003339791,0.5
251 26 1 1 0 0 1 24.46684779381095,10.179555935034118,0 25.855151777397328,17.255756331373824,0.5
3651 16 31 1 1 1 0 14.082087540516014,-8.599116844260442,0 -13.22862768957565,8.077958247638596,0 -23.75703372489041,21.5372548992303,0.5
1107 28 1 1 0 0 1 -4.767622219274107,28.098394587134045,0 -11.017643691602263,29.06650181024364,0.5
1875 20 0 1 1 0 1 -20.106098248266225,3.9993516013306363,0 11.279030724637149,-2.243538703185479,0 -32.06527826479853,0.2606334610886689,0.5
2404 11 20 1 1 1 1 -9.261040685677903,-6.81785343185218,0 16.508811657078002,12.153564813301712,0 20.065952578044357,7.32171749903498,0.5 -5.703899764711549,-11.649700746118912,0.5
3996 21 13 1 1 1 1 21.499575608406946,-0.1350875952595143,0 -10.49979273898944,0.06597301163836745,0 -13.462034657764498,6.084704008671867,0.5 18.53733368963189,5.883643401773985,0.5
875 11 8 1 1 1 1 2.2435387031854757,11.279030724637149,0 -3.999351601330631,-20.106098248266225,0 -7.542979419556474,-7.16613295133069,0.5 -1.3000891150403664,24.218996021572686,0.5
1745 29 3 1 0 0 1 -27.164941664160274,11.502866789751556,0 -28.583662310748373,5.58786622111721,0.5
3958 2 15 1 1 1 1 2.4945613536436038,-0.16481399487844386,0 -29.435823972994523,1.9448051395656376,0 -15.070726804882078,7.008794016991001,0.5 16.85965852175605,4.8991748825469195,0.5
2646 27 15 1 0 1 1 -14.515751578489331,-23.356861007241204,0 13.27764783672843,9.997703132411006,0.5 -3.6134085455136997,-17.181189676015123,0.5
1037 11 19 1 1 1 1 -0.6679976203739834,11.480582702074607,0 1.1907783667536225,-20.465386555872126,0 -4.857177618709128,-19.815595514147716,0.5 -6.7159536058367335,12.130373743799016,0.5
1926 9 19 1 1 1 1 -9.435892660902224,1.101784775685137,0 22.348166828452637,-2.6094902582016406,0 18.67254718247185,-8.22106937802879,0.5 -13.111512306883013,-4.509794344142014,0.5
582 2 26 0 1 1 0 -18.007439795457277,-23.366260120374026,0 -20.92863441701227,-17.32750014973451,0.5
3794 2 21 0 1 1 1 -27.969006158678937,9.380015698056138,0 -18.476391126212217,12.524894049501036,0.5 11.862869791676804,2.34996176686387,0.5
1065 4 2 0 1 0 1 2.8029225343638706,-27.35678389844748,0 -8.97552429652433,28.73482144720063,0.5
3245 21 9 1 1 0 1 8.071434781343582,-19.9274168062626,0 -3.9418634978654703,9.73199425422127,0 14.007989926409591,-18.60177997455102,0.5
404 8 16 1 1 1 1 6.845117028544536,5.039282971369003,0 -18.924735314211365,-13.932135273784892,0 -16.844721035199868,-4.950290218390746,0.5 8.925131307556033,14.021128026763149,0.5
2779 22 31 1 1 1 0 -7.654847260326047,-21.157819202863955,0 3.2320466210265533,8.933301441209226,0 16.358871285220186,27.579654281255927,0.5
168 29 8 1 0 0 1 28.47875834558158,7.6948244355519595,0 21.121419474842554,11.92206523081222,0.5
2008 6 4 1 1 0 1 -6.499486787324805,-0.08167925924179184,0 25.49798662719731,0.32043401702549107,0 -27.422432476304827,-6.345092362015093,0.5
3806 28 25 1 0 1 0 27.186909541170717,-8.551137327876372,0 -22.524890152020877,13.374577512556904,0.5
158 25 5 1 0 0 1 24.718671391292546,6.263967165406871,0 24.214156426541617,12.325770911021074,0.5
3534 20 0 1 1 0 1 15.248825161044001,-13.701216413439772,0 -8.55421899278078,7.686048231929628,0 27.44123370992803,-16.590017856443353,0.5
3627 20 11 1 1 1 1 17.080823074018294,-11.335584815706873,0 -9.581925139083433,6.358986603933125,0 -6.264192997900933,11.358251893889697,0.5 20.398555215200794,-6.3363195257503,0.5
2793 5 26 1 1 1 0 -1.757005337626964,-5.21180700367448,0 8.465571172202646,25.111433744977038,0 14.151178812574805,23.194700649383986,0.5
533 26 20 1 0 1 1 17.742270044978614,19.684050742950614,0 -18.181918504896803,-11.210166790966635,0.5 3.2427094739452977,12.559252974105803,0.5
388 12 20 1 1 1 1 10.249401366568154,7.155401569932386,0 -15.989066131846322,-11.162426449094522,0 -20.24361099473932,-6.815145918736399,0.5 5.994856503675156,11.50268210029051,0.5
1093 27 23 1 0 1 1 -4.003038236424189,27.207088871794532,0 -2.5153139881745004,-24.123084287480605,0.5 -7.173394845104466,7.5360736724257595,0.5
1644 6 27 1 1 1 0 -5.50990658455304,3.4483226979937736,0 21.615787370169617,-13.528035199821726,0 20.128076136499374,-19.675125184945692,0.5
75 3 9 0 1 1 1 -28.3024510232154,-3.349815827548373,0 -10.139374725818826,4.8418054658801,0.5 21.638815896738816,8.603002184530904,0.5
999 27 5 1 0 1 1 0.04319688122284816,27.499966073241847,0 -6.008631974042791,-5.4905684405633846,0.5 -5.958366512256204,26.509392081027126,0.5
1556 24 29 1 0 1 0 -18.77907866682907,15.735190002826322,0 18.75802778181631,-23.545411309565345,0.5
2507 29 13 1 0 1 1 -20.629029854255112,-21.087748274110524,0 13.729437039901937,5.4545905957614025,0.5 -8.647815683357846,-17.42025498971442,0.5
3081 26 7 1 1 1 1 3.3626244433518138,-26.285790017668727,0 -0.6979031863560369,5.455541324421811,0 4.999813463429199,8.200723463872693,0.5 9.06034109313705,-23.54060787821785,0.5
2457 8 17 1 1 1 1 -6.402362249247122,-5.591042624539303,0 17.700648571447925,15.457588432549837,0 17.12795236577182,6.991655580465301,0.5 -6.9750584549232295,-14.056975476623837,0.5
780 15 28 1 1 1 0 5.250437763802018,14.583651918790494,0 -5.5891756840473095,-15.52453268774472,0 -15.29931534071616,-24.782674393723674,0.5
1604 30 28 1 0 1 0 -24.787172015209364,17.772059629891572,0 19.66564080833172,-21.482843657152983,0.5
656 1 23 0 1 1 0 -15.690405780335945,-26.154563013906397,0 -17.234488981027315,-17.065239217861787,0.5
1223 22 17 1 1 1 1 -7.721278625236235,21.133666420937708,0 3.2600954195441885,-8.923103599951476,0 0.36979455182257226,-18.496303738570102,0.5 -10.611579492957851,11.560466282319084,0.5
3558 2 0 0 1 0 1 -22.67095405796275,18.875323629059775,0 28.047016766107973,-15.543965083647677,0.5
3914 28 6 1 0 0 1 28.24034841933665,-3.838322700668844,0 26.07574810165255,2.5110477771566453,0.5
2709 2 28 0 1 1 0 13.019802725733033,26.47139469281879,0 17.962465960688277,22.92596380986228,0.5
1072 30 10 1 0 1 1 -3.4421197386411917,30.305144970860255,0 -4.776675821948492,-11.110057069700979,0.5 -8.388080137899907,20.68550486693929,0.5
2289 7 24 0 1 1 0 22.018579299083395,10.743936227006198,0 24.649747354676748,5.351631092536795,0.5
2761 18 5 1 1 1 1 -6.783276778361029,-17.211541364681665,0 4.949958730155346,12.559773428281215,0 7.598771376706791,2.9169630721936746,0.5 -4.134464131809583,-26.854351720769206,0.5
3913 4 26 1 1 1 1 4.458044898709041,-0.6130543867344104,0 -27.243607714333024,3.7464434744880637,0 -25.435525221196247,9.554269031270248,0.5 6.266127391845819,5.194771170047774,0.5
3424 16 11 1 1 1 1 10.194683615990519,-12.97375913025421,0 -9.576824002900183,12.187470698117592,0 -2.387654957719133,12.749474648113123,0.5 17.383852661171566,-12.411755180258677,0.5
1785 11 12 1 1 1 1 -10.850389886324225,3.810385717319571,0 19.341999362577965,-6.792426713482714,0 9.80587471957699,-9.802796589951303,0.5 -20.3865145293252,0.800015840850981,0.5
3369 31 27 1 0 1 0 17.25284162937115,-26.355065086465597,0 -10.041992199648034,26.294645703302564,0.5
712 30 4 1 0 0 1 13.332030882853456,27.431860172774314,0 6.624252073502432,27.3563390179808,0.5
660 3 28 0 1 1 0 -14.507680348885579,-24.531147769612392,0 -19.67213251090924,-21.476899275110164,0.5
2500 3 30 1 1 1 0 -2.474873734152917,-2.474873734152916,0 20.152543263816607,20.152543263816604,0 25.809397513308987,17.324116139070412,0.5
745 31 5 1 0 1 1 12.28272216532793,29.00663262444233,0 -7.669675163681193,-2.7250840140465153,0.5 4.808010845540831,26.741971350466326,0.5
3132 13 29 1 1 1 0 2.779145218393401,-13.210842208393872,0 -3.8084582622428087,18.103746730021232,0 -0.20146153275867373,30.103312330220717,0.5
2049 22 18 1 1 1 1 -22.433385308503702,-1.7300935235443913,0 9.471873796923784,0.7304839321631874,0 18.906586193270435,-4.55971474068671,0.5 -12.99867291215705,-7.020292196394288,0.5
2439 18 26 1 1 1 0 -14.273000768301575,-11.769938362967865,0 10.415432993084934,8.588873940544117,0 24.2623865155567,12.230560108585887,0.5
588 26 23 1 1 1 0 15.977632854759158,21.14155264777213,0 -3.3161124792896364,-4.387869417462141,0 -18.955610866923507,-15.13059207902227,0.5
1172 2 3 0 1 0 1 7.873608684951073,-28.429848509555285,0 -13.389048765370756,25.864712895343025,0.5
3233 16 21 1 1 1 1 5.905004801439093,-15.407171002328145,0 -5.547125722563996,14.473403062793107,0 -2.0917925586043404,22.22328517325392,0.5 9.360337965398749,-7.657288891867331,0.5
1832 2 10 0 1 1 1 28.47875834558158,-7.694824435551963,0 8.571458170009993,-8.531125649043561,0.5 -22.32075427265477,-0.18419744776685665,0.5
1493 29 18 1 1 1 1 -20.629029854255116,21.08774827411052,0 1.7482228690046708,-1.7870973113652981,0 8.647815683357848,-17.42025498971442,0.5 -13.729437039901939,5.4545905957614,0.5
3340 15 18 1 1 1 1 7.890141944130747,-13.34150141856113,0 -8.399183359881118,14.202243445565074,0 -4.252814029358197,18.977975994075187,0.5 12.036511274653668,-8.565768870051016,0.5
3210 10 1 1 1 0 1 3.401132891080566,-9.933896267689226,0 -6.9642244912602065,20.340835214792225,0 15.55599340800882,-26.91209893505124,0.5
218 0 31 0 1 1 0 -29.671119472326904,-10.57708226586629,0 -31.68580180868239,-4.925440461613546,0.5
356 13 0 1 1 0 1 11.443652137148623,7.16190098814091,0 -15.68204181757404,-9.814456909674579,0 23.518787880839717,21.79716992217262,0.5
2323 20 6 1 1 1 1 -17.91754833110426,-9.960495058105439,0 10.051307600375562,5.587594788693295,0 8.596440707356601,-2.085954737021474,0.5 -19.372415224123223,-17.634044583820206,0.5
2255 16 6 1 1 1 1 -15.193950422326933,-6.433806848505103,0 14.273104942185908,6.043879160716916,0 8.3250617476458,-2.990542910222935,0.5 -21.141993616867044,-15.468228919444954,0.5
3235 11 1 1 1 0 1 4.14932450460788,-10.725348766145583,0 -7.3966219429966555,19.11909997443343,0 16.600564346731637,-26.28062524693852,0.5
2993 2 31 1 1 1 0 -0.027488381808046525,-2.4998488732052535,0 0.324362905334949,29.498216703821992,0 6.345990906473994,31.432123686046882,0.5
3101 27 31 1 0 1 0 4.34460753722596,-27.154638376297324,0 0.9480979212787712,32.0523183300626,0.5
1936 15 30 1 1 1 0 -15.421740763210153,1.5556065801938321,0 16.416691780191453,-1.6559682950450472,0 29.74383572882237,-9.030738404849858,0.5
861 23 22 1 1 1 1 5.090335151308443,22.94206808566642,0 -1.8411850547285855,-8.298194839496364,0 -10.731274443337808,-20.66614983062314,0.5 -3.7997542373007795,10.574113094539644,0.5
1372 26 2 1 0 0 1 -14.6186155716534,22.103078490749034,0 -21.27802378521772,21.295438567817968,0.5
2329 30 10 1 0 1 1 -26.516965567880963,-15.069855243890547,0 12.09335311233093,-0.028469290047050677,0.5 -15.727725516265492,-15.83946495576828,0.5
3814 11 1 1 1 0 1 11.012648928512657,-3.312335064169844,0 -19.631243742131257,5.9045972883027655,0 30.935635017796095,-3.039158772704722,0.5
1371 5 10 1 1 1 1 -3.0268426279396934,4.592191601587104,0 14.583878116436704,-22.12601408037423,0 0.7688541788807557,-12.068921378964138,0.5 -16.841866565495643,14.649284302997197,0.5
3217 28 11 1 0 1 1 9.52756081245143,-26.860297559130647,0 1.8103451232137702,12.844167958060035,0.5 12.507957263510113,-17.314762634648062,0.5
3829 15 9 1 1 1 1 14.944196936455704,-4.1135116293050595,0 -15.908338674291556,4.378899476357,0 -7.567019427128956,8.306034974008536,0.5 23.285516183618306,-0.18637613165352374,0.5
3688 17 31 1 1 1 0 15.440096462611683,-8.237318812893319,0 -12.793222783306822,6.8252070163973215,0 -24.967950039709034,20.120921221817696,0.5
1149 12 2 1 1 0 1 -2.8989710172895036,12.159192696923405,0 4.522394786971626,-18.96834060720051,0 -12.677984095326462,27.304188676440273,0.5
3708 22 13 1 1 1 1 20.174423327667803,-9.962060198375287,0 -8.51808984945974,4.206203194869566,0 -9.448104610367274,11.357082339736586,0.5 19.24440856676027,-2.8111810535082657,0.5
2828 29 27 1 1 1 0 -7.873608684951086,-28.429848509555285,0 0.6672549733009394,2.409309195725024,0 13.122146776050391,24.90098921705301,0.5
3883 7 29 1 1 1 0 7.373695158658811,-1.3706274866540542,0 -24.087404184952117,4.47738312306991,0 -27.90669896806808,11.29009090776633,0.5
2316 24 3 1 0 0 1 -21.543249599668634,-11.6678359898645,0 -22.203085618423227,-18.848686665679594,0.5
121 30 4 1 0 0 1 29.950746884190394,5.762183707515694,0 25.871227444922678,11.08736174628931,0.5
2625 13 30 1 1 1 0 -7.50019814576463,-11.224839766084362,0 10.27804931086264,15.382187827597086,0 21.93370978091314,22.026401777110017,0.5
3990 19 5 1 1 1 1 19.49759433339238,-0.3062926875805062,0 -12.498457906020757,0.1963414663977604,0 -5.405077574778208,6.085650040104978,0.5 26.59097466463493,5.583015886126712,0.5
1612 14 26 1 1 1 0 -11.88930558521906,8.300265821121567,0 14.349161913195417,-10.017562197905338,0 18.294138143556943,-20.08916398420937,0.5
1199 9 6 0 1 0 1 6.919260697632766,-21.409666774571587,0 -13.551073263869558,22.419152825145726,0.5
3893 6 7 0 1 1 1 -25.140668841119936,4.265767248824214,0 -6.390604424135459,7.170088918152989,0.5 25.158470200015046,1.8169692333539755,0.5
208 5 6 1 1 1 1 5.209040677471094,1.7651898539396522,0 -25.098105082360725,-8.50500565989105,0 -8.081800641309094,3.596456366221604,0.5 22.225345118522725,13.866651880052308,0.5
3291 16 1 1 1 0 1 7.282262541511691,-14.806034319712206,0 -6.840913296571588,13.908698906396316,0 18.845164450568472,-24.72063463649407,0.5
2247 26 31 1 1 1 0 -24.530324454627756,-10.025626272243118,0 5.091199415111421,2.080790358390081,0 31.428640677518228,6.363218145203458,0.5
2028 26 13 1 0 1 1 -26.474372768970305,-1.1651551354234146,0 13.750753328061872,-5.400628010777575,0.5 -18.21830058163812,-6.807607796949245,0.5
2379 31 22 1 0 1 1 -26.080817869487092,-17.66468055920182,0 21.993856679957794,7.649854138575188,0.5 -4.500942425552903,-10.295218175534599,0.5
2690 1 7 0 1 1 1 14.27185933494749,26.954851717705147,0 8.812067387486461,3.82066334010176,0.5 -6.161686668851889,-24.459836822736428,0.5
1348 18 19 1 1 1 1 -9.616620838483128,15.804132486436961,0 7.017534125379579,-11.532745327940484,0 5.010773590908065,-19.77731397386051,0.5 -11.62338137295464,7.559563840516931,0.5
226 3 29 0 1 1 0 -26.722925229971217,-9.906324603674555,0 -29.746113751094672,-4.6280359448621775,0.5
3778 30 2 1 0 0 1 28.664264508132753,-10.421609290690236,0 29.774605204395332,-4.441045476280835,0.5
1198 17 4 1 1 0 1 -5.355483738298761,16.66039597154934,0 4.4374008117332595,-13.80432809071231,0 -14.127895921857828,24.344456387875105,0.5
2061 0 24 0 1 1 0 31.355506710545793,3.0136686820083267,0 24.961648460330853,-3.628512938224468,0.5
2106 12 29 1 1 1 0 -12.32712670286236,-2.071701535351493,0 19.23031765646528,3.2318543951483294,0 30.086435755723887,-1.0278051939444088,0.5
1914 18 13 1 1 1 1 -18.331454237113267,2.491542805697326,0 13.377007146001572,-1.8181528582115623,0 12.568939209018655,-7.763489367545594,0.5 -19.139522174096182,-3.453793703636706,0.5
2338 10 20 1 1 1 1 -9.05453826435169,-5.316515477207893,0 18.540245017482032,10.88619835809235,0 20.715916884043526,5.205841685395397,0.5 -6.878866397790199,-10.99687214990485,0.5
757 10 1 1 1 0 1 3.911270134203095,9.744329937830045,0 -8.008791227177765,-19.952675586985333,0 5.793119949163249,30.53996989609857,0.5
1498 10 7 1 1 0 1 -7.401259466394795,7.447909660508874,0 15.15495985976077,-15.250481685803885,0 -21.5255537990215,13.14916475086654,0.5
981 0 0 0 1 0 1 -0.9399820417684474,-31.485972015504824,0 -5.057345961184852,31.66501621393691,0.5
448 13 23 1 1 1 1 10.292973898654546,8.735255481187497,0 -14.105186453711786,-11.970535289034718,0 -21.79973477818569,-10.631160030813252,0.5 2.598425574180642,10.074630739408963,0.5
1552 4 7 0 1 1 1 20.96716905281482,-17.794038943159716,0 1.8359830631691945,-9.42757477783952,0.5 -22.56217728919714,11.278215992382695,0.5
1569 2 5 0 1 0 1 22.99369582368331,-18.480799559757383,0 -24.414160565632272,11.924712318354942,0.5
841 28 19 1 1 1 1 7.0442918221361674,27.6157193048558,0 -0.8650884693851434,-3.39140412515773,0 -10.633614258273337,-17.41195703550425,0.5 -2.724233966752025,13.595166394509281,0.5
30 25 3 1 0 0 1 25.471691811530235,1.2012144930958877,0 28.18572273215829,7.335873094996636,0.5
3300 13 15 1 1 1 1 6.128871746483879,-12.028588076542968,0 -8.398824245181613,16.48362069748481,0 -1.6908136008327652,16.534544123356984,0.5 12.836882390832727,-11.977664650670793,0.5
1626 27 4 1 1 0 1 -22.889385030618236,15.242245665259098,0 3.7455357322829843,-2.494185654315125,0 -26.214965903038404,10.248198022215119,0.5
2640 22 25 1 1 1 0 -12.056102887027418,-18.997378323795346,0 5.090354552300465,8.021115292269146,0 18.7295508249765,18.31540133042741,0.5
3027 23 2 1 1 0 1 0.9963715052062228,-23.47886802687926,0 -0.3603896933724635,8.492356520360582,0 7.245368832547196,-29.219079904753222,0.5
2862 28 27 1 1 1 0 -6.129672754987732,-27.833021968819,0 0.7527668295598969,3.418090417223386,0 11.774180090353566,25.565967284652498,0.5
3434 17 8 1 1 0 1 11.02734274574396,-13.588513972023875,0 -9.136941132187852,11.259054433962639,0 19.467065048978647,-14.466629821034132,0.5
1585 3 31 0 1 1 0 22.655914071544036,-17.290447003556988,0 21.40065302569457,-23.880160176888047,0.5
866 29 29 1 0 1 0 6.163608766871147,28.848915525006294,0 -12.031184805855478,-27.595300182591824,0.5
2351 29 1 1 0 0 1 -25.128642031907695,-15.453198686105154,0 -22.837436944289955,-21.08794617347977,0.5
1932 10 7 1 1 1 1 -10.44015829916849,1.1194171198902305,0 21.377466993535478,-2.292139816918091,0 6.817589002325931,-6.765388399446444,0.5 -25.000036290378034,-3.3538314626381225,0.5
330 29 10 1 0 1 1 25.62462967592664,14.616030718756024,0 -12.093382912195453,0.009473068088866832,0.5 15.702825549826665,15.86415045792591,0.5
2553 0 9 1 1 0 1 -0.32292876094656703,-0.38172898154779256,0 20.344511939633723,24.048925837510932,0 -9.951046464022006,-21.05294930100947,0.5
3422 7 23 1 1 1 1 4.615397776343788,-5.911692089928299,0 -15.076966069389709,19.311527493765777,0 -9.732226027267895,22.215620102850366,0.5 9.960137818465599,-3.007599480843708,0.5
1970 19 17 1 1 1 1 -19.478352561758413,0.9185757888380377,0 12.486123437024624,-0.5888306338705369,0 17.197934107576614,-6.8177021371905715,0.5 -14.76654189120642,-5.310295714481997,0.5
1899 31 25 1 0 1 1 -31.104403958304207,4.976550451731564,0 24.23184121353549,-9.953284452983496,0.5 -7.3662834425195785,-4.897741136938732,0.5
3070 12 13 1 1 1 1 1.3716788886380558,-12.424511943189747,0 -2.139819066275367,19.382238631376005,0 4.482352533001979,14.076878765191193,0.5 7.9938504879154015,-17.729871809374558,0.5
1350 9 20 1 1 1 1 -4.963736364801513,8.100081561363877,0 11.756217706108847,-19.184403697967078,0 5.595379590552397,-20.614114757554585,0.5 -11.124574480357964,6.670370501776369,0.5
802 9 25 1 1 1 0 2.9072626007907574,9.044214955983929,0 -6.885621949241267,-21.420509106277724,0 -13.515840637480828,-22.44041113398375,0.5
2250 29 19 1 0 1 1 -27.25444620908296,-11.289161254770145,0 20.31175147816063,1.9190497360515275,0.5 -9.252393562200547,-10.326820099631341,0.5
2753 15 21 1 1 1 1 -5.86404555546296,-14.347925624404914,0 6.242371075170247,15.273598245334261,0 13.688034399282781,17.63200823173728,0.5 1.5816177686495738,-11.989515638001894,0.5
3367 7 9 0 1 1 1 -13.354413136878438,20.540439376254067,0 -0.14793014460492948,11.235128689619767,0.5 17.29456864641997,-15.593200291610037,0.5
3366 21 19 1 1 1 1 11.69085037974403,-18.04366973202621,0 -5.709485069177317,8.812024752850009,0 -5.567886698272154,19.627751723394198,0.5 11.832448750649192,-7.227942761482021,0.5
161 7 24 0 1 1 0 -23.720687467073493,-6.130170151751293,0 -25.221953626686055,-0.321022200631254,0.5
520 29 17 1 1 1 1 20.194139624896316,21.50457450893164,0 -1.7113677648217216,-1.822421568553529,0 -16.35338611828052,-8.64966834430257,0.5 5.552121271437516,14.677327733182599,0.5
2360 23 7 1 1 0 1 -19.841706249297356,-12.591929682006416,0 7.176787366767129,4.55452775732147,0 -17.47107340492539,-18.193724029997504,0.5
2101 5 8 1 1 0 1 -5.430927675259465,-0.8689215074451924,0 26.1671969807956,4.186621808599563,0 -22.256958422532048,-9.637312995730692,0.5
2428 6 0 1 1 0 1 -5.085540268747823,-4.0481205731727306,0 19.950965669703,15.881088402446865,0 -20.908583850233857,-24.312159948835067,0.5
2642 8 14 1 1 1 1 -4.531958776266109,-7.1910603981766545,0 12.529533087323948,19.88116698319428,0 12.807031134696295,9.068073307760569,0.5 -4.254460728893761,-18.004154073610366,0.5
1335 29 5 1 0 1 1 -14.81683322772949,25.509046495344574,0 -2.4258202108323816,-7.769517121721088,0.5 -18.4983172714203,19.901312974923876,0.5
2285 30 21 1 0 1 1 -27.494381071923492,-13.202613736372625,0 21.978520507035764,3.8980298000154248,0.5 -6.868043240556097,-9.953892808637821,0.5
1040 29 26 1 1 1 0 -1.8523203261147454,29.44178848863401,0 0.1569762988232835,-2.495066821070679,0 -4.324211603042824,-26.824451420525076,0.5
3561 22 6 1 1 1 1 17.359054988474888,-14.31478990090686,0 -7.32937877291162,6.044022402605119,0 -1.1975608008731387,8.76446507941084,0.5 23.49087296051337,-11.594347224101135,0.5
3409 5 10 1 1 1 1 3.2953983885883265,-4.403447451768837,0 -15.877828599561935,21.21661044943167,0 -1.4874542490117095,12.00156155910959,0.5 17.685772739138553,-13.618496342090914,0.5
679 24 6 1 1 1 1 11.83667467349894,21.450947127661955,0 -3.6234718388262066,-6.566616467651619,0 -8.393635434437341,-2.7922901342371045,0.5 7.066511077887806,25.22527346107647,0.5
3634 15 26 1 1 1 1 13.008227016111915,-8.428287483071284,0 -13.847467468764298,8.972047965850077,0 -18.97730909861536,19.445095509552292,0.5 7.878385386260854,2.0447600606309315,0.5
3382 11 31 1 1 1 0 6.493807925759883,-9.491072574969497,0 -11.575918476354575,16.918868503206493,0 -12.835522974923423,29.385359449225952,0.5
2910 25 15 1 1 1 1 -3.5929814144083645,-25.245603271772218,0 0.9158580075942889,6.435153775157624,0 8.12411104133188,14.499959302981145,0.5 3.615271619329227,-17.180797743948695,0.5
1002 24 30 1 0 1 0 -0.07696889340404846,24.499879097445525,0 -5.904151972891824,-30.518699013571954,0.5
876 8 19 0 1 1 1 -4.548412499195219,-23.05562715991835,0 -9.660757731651783,-17.96996828183985,0.5 -3.4671747540242497,13.42492827634684,0.5
3600 11 0 1 1 0 1 9.303695435311894,-6.759530401363444,0 -16.58484838468642,12.049597671995704,0 29.01074683656568,-13.661133480963226,0.5
604 10 16 1 1 1 1 6.118250036520049,8.533288726547486,0 -12.527845312874387,-17.47292453531152,0 -14.49055790113007,-9.913310835134594,0.5 4.155537448264367,16.092902426724415,0.5
3521 27 18 1 0 1 1 20.07618282257273,-18.793533017360936,0 -9.405388513215632,17.02318028205868,0.5 13.955987862141727,-4.845658138143136,0.5
540 6 30 1 1 1 0 4.298527124603737,4.875721952597988,0 -16.86345256575312,-19.12783227557672,0 -24.670678310154138,-18.91051643178711,0.5
658 11 31 1 1 1 0 5.885044501314967,9.880093684654133,0 -10.49073150234407,-17.612340916122584,0 -21.2747359912475,-23.99240730945351,0.5
1417 4 29 0 1 1 0 16.75236047043994,-21.808448332433954,0 13.212507050304524,-27.04957776834332,0.5
3502 8 5 1 1 1 1 6.029260201364325,-5.991495758510075,0 -16.669131144948427,16.5647235676455,0 0.32800511100666574,8.13279857411663,0.5 23.02639645731942,-14.423420752038941,0.5
2443 25 27 1 0 1 0 -19.571273176447956,-16.34672035158272,0 24.952562135757454,13.023810612150474,0.5
2149 9 11 0 1 1 1 21.88654685446213,5.218147831121105,0 12.577963369468492,-3.169359158616891,0.5 -18.549569934655423,-10.590724962878019,0.5
1015 2 6 0 1 0 1 0.6950130625914938,-29.491811691431018,0 -6.599108584565057,25.351563381557355,0.5
1886 2 24 0 1 1 1 29.02828395670862,-5.2544010627942015,0 23.03954408686766,-10.26788236537999,0.5 -8.44876393396881,-4.568193076925262,0.5
1261 14 3 1 1 0 1 -5.779540582293255,13.298380001249225,0 6.9753075993194456,-16.049768967024928,0 -16.862564593300213,23.746661140816787,0.5
1373 2 26 1 1 1 0 -1.3823883921593745,2.0830272041485727,0 16.312183027480618,-24.579721008953157,0 9.654051666932794,-25.39782050515737,0.5
2702 4 5 0 1 0 1 12.407699822150747,24.54178039840224,0 -6.601940468966595,-26.356486526929594,0.5
543 16 23 1 1 1 1 10.853200388811592,12.428114954420879,0 -10.195430668277558,-11.674895866274158,0 -19.976902961430163,-13.754030248243701,0.5 1.0717280956589859,10.348980572451335,0.5
2283 8 28 1 1 1 0 -7.673889893435497,-3.6553267847661073,0 21.216048528909905,10.10590346376512,0 28.31033207900098,6.839232235908362,0.5
2615 30 31 1 0 1 1 -17.341136447395044,-25.09053579963623,0 22.84554140625447,22.501805213251505,0.5 4.651562182758028,-3.8226913634160127,0.5
22 5 0 1 1 0 1 5.496716215952351,0.19002852755959745,0 -26.484178131406782,-0.9155919964235151,0 31.273889024934814,7.084762893425713,0.5
491 7 3 0 1 0 1 -17.567290737388287,-17.077479209417053,0 16.2531800309822,24.167832730314927,0.5
2434 12 19 1 1 1 1 -9.706081408588481,-7.876673389817114,0 15.141486997398033,12.287610488114698,0 18.92229022451025,7.628691411992227,0.5 -5.9252781814762665,-12.535592465939585,0.5
1479 26 2 1 1 0 1 -18.110131816729623,19.346139810842818,0 3.7587066034721857,-4.015236564514547,0 -24.54059348900305,17.435861642244735,0.5
1557 28 23 1 0 1 0 -21.873775903088887,18.269863922357164,0 14.189984217138452,-19.669630091014973,0.5
2648 4 3 0 1 1 1 14.44230232393562,23.40234824935403,0 6.944078095632685,-0.17256709348634924,0.5 -9.861510063128762,-27.404390510916496,0.5
32 20 23 1 1 1 1 20.474107610423356,1.030008522685276,0 -11.4854750009692,-0.5778096590673499,0 -23.77178438932003,4.81168026241152,0.5 8.187798222072532,6.419498444164146,0.5
3436 1 0 0 1 0 1 -19.29338993835029,23.622343336061384,0 24.57297846145582,-20.601425424781375,0.5
113 2 19 0 1 1 1 -29.03650173500089,-5.20879707737692,0 -20.25303614565352,2.462626013598488,0.5 11.244186075364393,8.112846572109046,0.5
2415 3 3 0 1 0 1 22.655914071544043,17.290447003556984,0 -19.015819965532046,-22.060113123882047,0.5
522 24 12 1 0 1 1 16.71521342318021,17.91233207088167,0 -12.91486368224664,-5.045423279466924,0.5 8.917251809254044,18.350275751888727,0.5
1887 16 8 1 1 1 1 -16.24075520771236,2.9133949754820088,0 15.256467013305553,-2.7368255830285535,0 7.307033297737152,-7.406569002295226,0.5 -24.19018892328076,-1.7563484437846641,0.5
1823 5 12 1 1 1 1 -5.288787531559825,1.5095451122829484,0 25.482339924788246,-7.273262813726934,0 10.37319517650911,-9.200370744162873,0.5 -20.397932279838958,-0.4175628181529909,0.5
341 14 19 1 1 1 1 12.469149793210864,7.40069614526022,0 -15.048973888357938,-8.93187465807268,0 -19.831213644080908,-4.793012142986834,0.5 7.686910037487896,11.539558660346064,0.5
1125 9 22 1 1 1 1 -1.853358059153218,9.317460163830688,0 4.389532245362885,-22.067668809072686,0 -1.495179437056498,-23.238210741169453,0.5 -7.7380697415726,8.146918231733919,0.5
2956 3 5 0 1 0 1 1.9682107328605742,28.431956431294918,0 4.15558435673559,-26.851091572858905,0.5
171 6 1 0 1 0 1 -24.58561431481422,-6.767390099824465,0 27.813995921681837,13.879179762099273,0.5
924 1 11 0 1 1 1 -3.6324633828935258,-30.282919439379317,0 -7.326912968509884,-10.703566991983639,0.5 -3.5158038454740534,21.0686763542504,0.5
2067 16 28 1 1 1 0 -16.408705963129968,-1.7333114594737413,0 15.414238935061485,1.6282622801116964,0 28.972605376124037,-2.9729005565926174,0.5
1353 13 21 1 1 1 1 -7.107894726879777,11.477274613408648,0 9.740448329427842,-15.72811706281926,0 6.21896955166395,-21.437686855523303,0.5 -10.62937350464367,5.767704820704603,0.5
3058 26 1 1 0 0 1 2.410975403444589,-26.390096581937424,0 8.750012426289981,-29.82762616333675,0.5
1603 15 0 1 1 0 1 -12.582557048911735,9.05147822794054,0 13.394334923035071,-9.635444565227028,0 -29.074801058604056,13.5242723797843,0.5
958 25 31 1 0 1 0 1.68110274776014,25.44452580716476,0 -8.063603584213057,-31.03591946820114,0.5
2807 9 6 0 1 1 1 6.71717502493682,21.47392743967356,0 7.666897880005808,4.412332364811432,0.5 -1.8864177110154463,-26.128364438279856,0.5
3186 25 3 1 0 0 1 7.3447429683765995,-24.419351971919372,0 13.954560252166639,-25.56404209370363,0.5
3822 2 7 0 1 1 1 -28.354379942771136,8.141200038137992,0 -5.552903367523918,7.836789150598703,0.5 25.204390129719346,-0.9943430941611524,0.5
3756 23 21 1 1 1 1 21.794961103364535,-8.788041334838319,0 -7.88328380334462,3.178653248771307,0 -17.69631556226841,13.604793843370683,0.5 11.981929344440747,1.6380992597610589,0.5
1188 8 21 1 1 1 1 -2.4738074180403085,8.13205243825006,0 6.839349920464382,-22.482733211632517,0 0.5170052774548566,-22.315526109484487,0.5 -8.796152061049835,8.299259540398092,0.5
2445 20 9 1 1 1 1 -15.692405876608314,-13.190845227042459,0 8.803056955170517,7.399742444438452,0 11.13282571658701,1.5199314340123653,0.5 -13.36263711519182,-19.070656237468548,0.5
808 26 7 1 0 1 1 7.871601911791424,25.303910435786037,0 -7.956999130307619,-5.3792345961376125,0.5 1.548331480157497,25.17643083575496,0.5
1425 19 15 1 1 1 1 -12.072332011541764,15.313680152174523,0 7.738674366372926,-9.816461636009311,0 4.8840546290179585,-15.886976124510548,0.5 -14.926951748896732,9.243165663673286,0.5
3926 30 4 1 0 0 1 30.294181700791352,-3.5373090166733254,0 28.010290192518102,2.7701341720075954,0.5
2468 28 15 1 0 1 1 -21.13964052305407,-19.11453893129652,0 15.52111093667078,5.945175799886723,0.5 -8.214625790968878,-15.516762649288314,0.5
1676 25 19 1 0 1 1 -22.26819259765296,12.424878205995983,0 14.105117114441445,-14.740952180503507,0.5 -13.839281439475993,0.8510518427071387,0.5
3 24 27 1 0 1 0 24.499727969532103,0.11545310271464886,0 -27.527968888915133,5.870343162960807,0.5
3472 13 20 1 1 1 1 9.11699290963383,-9.956427084335349,0 -12.49365695023895,13.64399267112622,0 -9.419243862331955,19.171015754568714,0.5 12.191405997540825,-4.4294040008928555,0.5
10 4 25 0 1 1 1 -27.496607393245664,-0.4319512260750686,0 -25.59109803215327,5.598723203438537,0.5 6.40495420725987,6.1013573574167985,0.5
673 2 12 0 1 1 1 -14.495115657218275,-25.693221325553274,0 -11.367738090459257,-7.9387990720714,0.5 4.355777198726669,19.93181389124063,0.5
183 9 2 1 1 0 1 9.11019897839442,2.6933760550768393,0 -21.576787054092048,-6.379048551497777,0 26.58848563496572,14.117451315277187,0.5
2623 1 29 1 1 1 0 -0.8372694388823209,-1.244580205014399,0 17.024478590607192,25.306464168626114,0 21.444619784743242,21.127666276420562,0.5
3997 29 20 1 0 1 1 29.499672453110083,-0.13901496041154074,0 -20.471498153433473,6.096536996850748,0.5 11.528146541465599,5.945741107590772,0.5
2773 0 1 0 1 0 1 10.995476915429299,29.518629497357452,0 -5.023818061474569,-30.67590670355486,0.5
133 17 24 1 1 1 0 17.11948575668135,3.6294913454621134,0 -14.18471676982169,-3.0072928290971794,0 -25.211677092083757,0.7882500900723608,0.5
2746 27 20 1 0 1 1 -10.683220532362572,-25.340063122591204,0 13.492596350871999,16.558980757052517,0.5 1.0612124586682778,-12.92763814923543,0.5
3313 9 10 1 1 1 1 4.484847881701977,-8.374732203359896,0 -10.622008140873103,19.834892060589226,0 0.3323674170830131,12.088818465841133,0.5 15.439223439658093,-16.12080579810799,0.5
289 31 28 1 0 1 0 28.309601955964368,13.813632291865108,0 -28.24461744432302,-7.105743129599029,0.5
2 28 10 1 0 1 1 28.49985935825296,0.08953524334756756,0 -10.518797709534788,5.966983722609414,0.5 21.48104437692467,6.06751452215756,0.5
271 19 26 1 1 1 1 17.75973707156719,8.052436845378054,0 -11.384446840748199,-5.161818490626958,0 -26.61270017788712,-5.4785207165700145,0.5 2.5314837344282677,7.7357346194349965,0.5
1947 30 0 1 0 0 1 -30.39436435613531,2.536260118065877,0 -31.88983730907074,-3.3598030300897292,0.5
283 7 11 1 1 1 1 6.771079317737203,3.2252883394995076,0 -22.118859104608195,-10.535941909031724,0 -12.962552292129985,0.47142133362385064,0.5 15.927386130215416,14.232651582155084,0.5
6 10 31 1 1 1 0 10.499533664643973,0.09895870354801206,0 -21.49904512284242,-0.20262972631259613,0 -31.555148824530782,5.702857412009663,0.5
1090 1 21 0 1 1 1 4.297487574096272,-30.195721560355004,0 -2.9107654596413175,-22.130916032531484,0.5 -7.419604881643964,9.549841014398357,0.5
1405 27 4 1 0 0 1 -16.338329229806057,22.120329969927326,0 -21.164583041426564,18.555603592515094,0.5
288 21 1 1 1 0 1 19.337212908676978,9.397988982995056,0 -9.443755141446896,-4.589715549834795,0 24.80916557286872,18.72846239225168,0.5
1334 21 6 1 1 1 1 -10.769492445255267,18.608278600439906,0 5.259519566287456,-9.087763967656699,0 -1.9371149166734982,-8.631198398808884,0.5 -17.96612692821622,19.06484416928772,0.5
502 18 7 1 1 0 1 13.040314297933685,13.122507497087067,0 -9.515905028221878,-9.575883849225697,0 13.013657044154211,21.60774699817488,0.5
848 5 2 1 1 0 1 1.3007444836304862,5.343974531030706,0 -6.267223421128707,-25.748240922238857,0 1.1469300147118373,30.08213010312523,0.5
2890 12 17 1 1 1 1 -2.1491137534926206,-12.313866576934673,0 3.3526174554484878,19.209631860018092,0 8.919415211818311,16.207838606032087,0.5 3.4176840028772033,-15.315659830920678,0.5
1916 27 26 1 0 1 0 -27.26095985441143,3.618019875037778,0 25.480266068788225,-9.434301302362535,0.5
2785 17 25 1 1 1 1 -5.798413048094986,-16.51146287049339,0 4.804399382707274,13.68092637840881,0 14.110189139964714,22.071532851943516,0.5 3.507376709162453,-8.120856396958683,0.5
1901 14 7 1 1 0 1 -14.325026305653482,2.245800824279784,0 17.288824851650755,-2.7104492706824983,0 -25.133651685116483,-2.1329681130390465,0.5
648 19 3 1 1 0 1 10.240905284245267,16.59439239499649,0 -6.564682874516197,-10.637431022433647,0 9.861510063128776,27.404390510916492,0.5
1175 5 19 1 1 1 1 -1.4929224742579081,5.29350380049506,0 7.193171921424467,-25.505063766021653,0 -0.4816426463529373,-20.396519810036565,0.5 -9.167737042035311,10.402047756480146,0.5
1534 12 4 1 1 0 1 -9.298064122587814,8.354400252097411,0 14.50498003123699,-13.032864393271963,0 -24.465853190699946,13.916609775772155,0.5
1703 30 4 1 0 0 1 -27.2406480914891,13.71849450762187,0 -27.25996031349775,7.0103183741202235,0.5
3545 25 11 1 0 1 1 19.25968621327218,-16.712704358250747,0 -4.753339815808847,12.068792839196732,0.5 19.415678177317027,-8.904012629980677,0.5
421 4 31 0 1 1 0 -21.702760359736185,-16.889055413724705,0 -28.544410320510472,-14.61049757723313,0.5
487 27 6 1 0 0 1 19.83843740612839,19.044327273052357,0 14.240516007925809,21.987671632712924,0.5
3264 23 12 1 1 1 1 9.468301239271067,-21.508167556591566,0 -3.424704703566131,7.7795499672778,0 0.4551165893047253,13.857953272043446,0.5 13.348122532141925,-15.429764251825917,0.5
2742 17 31 1 1 1 0 -6.8995976760016395,-16.082461002884877,0 5.7168095029727874,13.325467688104611,0 17.93326244636348,26.58285345913507,0.5
1740 5 5 1 1 0 1 -5.047650441261896,2.1843133984912932,0 24.3204975806255,-10.524419101821687,0 -26.703384924434182,5.0178913477178,0.5
3826 10 20 1 1 1 1 10.11024447886517,-2.8342470918352127,0 -20.70192917100963,5.803458330900673,0 -18.119478977688065,11.310812595791703,0.5 12.692694672186736,2.673107173055816,0.5
2604 28 29 1 0 1 0 -16.60667867055441,-23.161783686343185,0 22.06553413682155,20.478334972764824,0.5
204 28 19 1 0 1 1 27.049240132223396,8.977115810176187,0 -20.397293945242573,-0.4476602633366751,0.5 9.973782694446854,9.631908365633077,0.5
2263 12 25 1 1 1 1 -11.44841158970762,-5.018353522087524,0 17.859522079943886,7.828631494456537,0 25.76356933360556,4.742203621998891,0.5 -3.5443643360459514,-8.10478139454517,0.5
1275 17 28 1 1 1 0 -7.3265454069049865,15.892505541938926,0 6.070566194292703,-13.168076020463682,0 6.482943476866203,-28.39403887923939,0.5
2569 2 1 0 1 0 1 18.480799559757376,22.993695823683318,0 -14.430583445101698,-27.531949829860523,0.5
1256 6 30 1 1 1 0 -2.543928834441816,5.981507007878157,0 9.980028504348661,-23.465912107829695,0 6.415505754339451,-30.415313345682264,0.5
3941 24 27 1 0 1 0 24.394859752096963,-2.267337133185042,0 -26.826719199328828,8.519221619394711,0.5
3598 19 25 1 1 1 1 15.739745253304806,-11.511317012447744,0 -10.089580290580004,7.379049366953683,0 -17.04080009664544,19.896259248063913,0.5 8.788525447239369,1.005892868662487,0.5
2268 28 3 1 0 0 1 -26.01171024099984,-11.646498629985933,0 -23.559815792581748,-17.122648154406953,0.5
2559 23 24 1 0 1 1 -15.00788777245904,-18.08350918957033,0 20.263587470751848,15.021219085519949,0.5 -0.17268524068173718,-9.603133853469433,0.5
92 5 3 0 1 0 1 -26.22376714297025,-3.8162857376346824,0 27.33885468486204,10.041764014355092,0.5
2033 11 28 1 1 1 0 -11.484553210418483,-0.5958502807472129,0 20.472464418572077,1.0621678917667707,0 28.77259723316609,-4.515268370540463,0.5
2484 16 24 1 1 1 1 -11.956776648086274,-11.370377838391244,0 11.232123517899227,10.681264030003897,0 21.88868453990674,12.535369524367749,0.5 -1.3002156260787627,-9.516272344027392,0.5
2201 2 6 0 1 0 1 28.041813242283208,9.160060593954057,0 -22.37647030896602,-13.621438122017889,0.5
2315 31 13 1 0 1 1 -27.72199389617066,-14.957976280923722,0 14.729992866153848,1.1301814735062319,0.5 -13.432032679162377,-14.065223002352788,0.5
2825 23 0 1 1 0 1 -6.378850571829243,-22.61769805666071,0 2.3072438238531308,8.180869509856002,0 -2.775642752027953,-31.945982647480335,0.5
3624 8 9 1 1 1 1 7.060065143164408,-4.733442740149598,0 -19.519003631101597,13.086576987472418,0 -4.549407343431092,10.273893751812661,0.5 22.029661430834913,-7.546125975809353,0.5
669 0 27 0 1 1 0 -15.649908744204453,-27.337343621831163,0 -18.86973181576538,-20.884999909051757,0.5
3851 14 30 1 1 1 0 14.10466352843115,-3.3628063800558223,0 -17.02286977569277,4.058559424205303,0 -28.27692409219415,12.90990177670962,0.5
3556 13 29 1 1 1 0 10.34765559192622,-8.670410817883893,0 -14.180120625972968,11.881674083766816,0 -18.758027781816306,23.545411309565345,0.5
2917 20 16 1 1 1 1 -2.665144628238719,-20.326017910810034,0 1.4950811329144034,11.40240029143002,0 8.09419482101459,15.579923305313818,0.5 3.9339690598614667,-16.148494896926238,0.5
195 3 5 0 1 1 1 -27.173443911091535,-8.593831858418127,0 -7.053225707421481,4.062266254219281,0.5 23.457307806786556,13.711480972443143,0.5
2581 12 4 1 1 0 1 -7.645814067859202,-9.888959866423077,0 11.927469945860356,15.426777391620002,0 -12.074090213407167,-25.42570245870319,0.5
2249 22 13 1 1 1 1 -20.80078897957916,-8.577714021055852,0 8.782555346933423,3.621701475556915,0 14.767863793362391,-0.40024864858759823,0.5 -14.815480533150193,-12.599664145200364,0.5
3158 14 5 1 1 0 1 3.5618636822901744,-14.055715104852625,0 -4.298800995867452,16.963794092063512,0 12.32577091102106,-24.214156426541624,0.5
827 18 0 1 1 0 1 4.9656862511416655,17.82110995575816,0 -3.6236088859682423,-13.004593751499197,0 2.67526795548181,31.954544925039567,0.5
2767 10 23 1 1 1 1 -3.757730328188517,-9.80456336511791,0 7.694400195814582,20.076010700003337,0 14.01276599077501,19.796272105822837,0.5 2.5606354667719105,-10.084301959298413,0.5
735 26 24 1 1 1 0 10.715105281511745,24.237089734663257,0 -2.223889775408098,-5.030339378892374,0 -15.394061049245934,-19.98181384189356,0.5
2672 15 28 1 1 1 0 -7.63727379399852,-13.487848197377646,0 8.130001135546811,14.358031952047172,0 19.263831762143464,21.843872958791728,0.5
87 30 17 1 0 1 1 30.215637646805718,4.155146398977652,0 -18.15424712173659,3.559959472089358,0.5 13.547405491305476,7.919457333311812,0.5
2772 7 10 1 1 1 1 -2.629007401434443,-7.024124150611442,0 8.588090844685848,22.94547222533071,0 9.299909682497374,7.730567889708465,0.5 -1.9171885636229167,-22.23902848623369,0.5
139 13 10 1 1 1 1 13.17948592155305,2.9242350869218714,0 -18.060777003609736,-4.007285119115157,0 -11.550371310950982,3.5831442308621226,0.5 19.689891614211806,10.51466443689915,0.5
2024 4 20 0 1 1 1 27.480460497616203,1.036480023423193,0 20.711575285151685,-5.223088091109883,0.5 -11.26568783934717,-6.42917393654778,0.5
3734 1 26 0 1 1 0 -27.876112153358868,12.3762826088191,0 -21.78555004626542,16.23698891979867,0.5
763 1 13 0 1 1 1 -11.094039897811346,-28.410777510405623,0 -10.499482087963505,-10.392828098478946,0.5 1.1401663294123328,19.415200764897445,0.5
1311 8 0 1 1 0 1 -3.9891983437852776,7.50575090007261,0 11.028960126935768,-20.75119366490663,0 -20.081676850549638,24.999525092891243,0.5
1764 12 31 1 1 1 0 -11.650888905727637,4.528442083806823,0 18.175386692935113,-7.064369650738643,0 27.18658784220637,-17.004100725942457,0.5
231 30 15 1 0 1 1 28.51407302043915,10.825785873785987,0 -16.62042121506632,0.1076969534082659,0.5 13.295983265394426,11.46589852590504,0.5
1018 0 28 0 1 1 0 0.890522853263606,-31.487409690983082,0 -5.191890692948753,-28.65823216865395,0.5
2078 30 19 1 0 1 1 -30.271358297778125,-3.7275818981666218,0 20.087114039202397,-3.5718132056531022,0.5 -11.672999584695962,-7.482718803729558,0.5
2959 29 11 1 0 1 1 -1.8985650751004837,-29.43884254952305,0 6.727679785111656,11.090010131149564,0.5 4.668219364663674,-20.8436495835873,0.5
2869 9 5 0 1 1 1 4.597317093133387,22.025318965798963,0 6.997207013645664,4.158015633470844,0.5 0.4588004811892903,-27.166882451221017,0.5
130 0 30 0 1 1 0 -30.845518534585622,-6.387799803730143,0 -31.08301949610293,-0.3096756446430362,0.5
1670 29 1 1 0 1 1 -25.624629675926638,14.61603071875603,0 -1.66980473893716,-5.954977089277758,0.5 -29.466013200959274,9.89970030055929,0.5
3402 21 12 1 1 1 1 12.691964911160325,-17.35407809979761,0 -6.198401468241089,8.475247444087206,0 -2.5360508274752744,13.63152398671777,0.5 16.354315551926142,-12.197801557167047,0.5
567 1 30 0 1 1 0 -19.181858459924534,-23.712998672108544,0 -23.84671065771638,-19.939518319336504,0.5
2889 21 9 1 1 1 1 -3.729740313369619,-21.174017974745027,0 1.821501083273535,10.340799476038269,0 7.557053061650304,8.315103668830702,0.5 2.0058116650071507,-23.199713781952596,0.5
1345 5 7 0 1 0 1 13.668326304553755,-22.703014249923815,0 -17.777059621173958,17.894863822483433,0.5
436 1 28 0 1 1 0 -23.62234333606138,-19.293389938350295,0 -25.86875818714266,-13.381231253331643,0.5
3092 9 6 1 1 1 1 1.3681024342463926,-9.400973126725185,0 -3.240242607425667,22.26546266855965,0 5.00138662502627,7.296309466230744,0.5 9.609731666698329,-24.370126329054088,0.5
1863 15 15 1 1 1 1 -15.142475419924555,3.3099000222031916,0 16.119409317984204,-3.5234419591195265,0 13.861223798426545,-9.171503410561083,0.5 -17.400660939482215,-2.3381614292383657,0.5
1739 13 27 1 1 1 0 -12.381250345990656,5.380951576617861,0 16.96689862228349,-7.373896604994846,0 22.829531485558213,-16.463975587624823,0.5
905 24 9 1 1 1 1 3.6424746304746156,24.22771921924036,0 -1.115043254226923,-7.416648740583784,0 -7.345707114487797,-8.502387134691254,0.5 -2.5881892297862583,23.14198082513289,0.5
2056 29 8 1 0 0 1 -29.38594146972359,-2.591610298246916,0 -22.882032635560094,-8.041304773801492,0.5
2751 29 0 1 0 0 1 -11.246336160939915,-27.272145551003778,0 -6.4619225682571075,-31.40849497702571,0.5
932 30 22 1 0 1 1 3.2516402053954296,30.326174107108468,0 -8.364555713575344,-21.732100858280916,0.5 -4.952998776767023,10.08552443442305,0.5
2093 2 21 0 1 1 1 29.185786244288682,4.294168289982304,0 22.144386914986455,-2.8064440417326293,0.5 -9.51477104491991,-7.464524898662585,0.5
3274 12 25 1 1 1 0 5.215408920772062,-11.359996029450503,0 -8.136037916404417,17.721593805942785,0 -5.186636104238767,25.677788182049618,0.5
1234 30 12 1 0 1 1 -10.960034578179663,28.46274129533391,0 -1.1074103457297593,-13.821130283959077,0.5 -12.606463017918259,16.04141796032568,0.5
783 30 5 1 0 0 1 10.196161571219953,28.745230721174902,0 3.204160567550142,26.981166673391957,0.5
936 12 0 1 1 0 1 1.2545214356401864,12.436887712266252,0 -1.9570534395986907,-19.401544831135354,0 -2.8083120840745313,31.943127324018246,0.5
3488 23 30 1 1 1 0 16.30085268660092,-16.92726208486581,0 -5.896053099408843,6.122626711547208,0 -16.834571677963112,26.13134509395799,0.5
1141 0 25 0 1 1 0 6.919792050391439,-30.730546333889663,0 -0.25170097518591383,-26.195164565604287,0.5
2420 22 6 1 1 1 1 -17.778487778453037,-13.790408707191967,0 7.50647261756906,5.822617009703275,0 8.813449902359846,-0.757034225509797,0.5 -16.47151049366225,-20.370059942405035,0.5
237 8 31 1 1 1 0 7.917757666834355,3.091781610865457,0 -21.890271196542038,-8.547866806510381,0 -31.524712490644106,-5.868773498971267,0.5
2557 27 26 1 1 1 0 -17.628816065432353,-21.106274994208572,0 2.8847153561616574,3.4537540899614028,0 21.59277366178941,16.492486943779383,0.5
3762 10 30 1 1 1 0 9.774748127727824,-3.834618499861673,0 -20.014960452014115,7.851837880669139,0 -26.20210541871701,16.724224096395044,0.5
3441 24 27 1 0 1 0 15.646521294691333,-18.853020218913752,0 -12.94535568532772,24.993354440337804,0.5
1042 30 1 1 0 0 1 -2.0107307375170262,30.433648514451964,0 -7.9976779862616745,30.038094926743696,0.5
3952 25 25 1 1 1 0 25.427551956645654,-1.9208335409622843,0 -6.4815328516939905,0.4896242359315627,0 -24.975591123478058,7.903786942525969,0.5
2305 11 26 1 1 1 0 -10.205254641181757,-5.30120530715782,0 18.191975664715304,9.449974677976982,0 26.282302594283777,6.89134024283406,0.5
1322 24 11 1 0 1 1 -11.87035512568775,21.432327666169595,0 0.32306603870985917,-12.967097914901096,0.5 -15.181071268310873,15.026146383769394,0.5
3810 19 31 1 1 1 0 18.637963788567436,-5.7337863420299335,0 -11.947412684979126,3.6755040654038034,0 -28.34323801475357,14.997028333607563,0.5
3415 28 28 1 0 1 0 17.29044700355699,-22.655914071544036,0 -12.520780883231932,26.296008177556033,0.5
306 9 31 0 1 1 0 -19.950485753262523,-10.403274398422315,0 -30.70488656081348,-9.2444546235879,0.5
2183 6 22 0 1 1 1 24.45369199463765,7.22958835836414,0 23.277866667824785,0.6252386704065582,0.5 -7.409119364661681,-8.447185936168049,0.5
3604 6 28 1 1 1 0 5.2825120688151115,-3.7874881178457427,0 -20.723701193043897,14.858607231548683,0 -19.665640808331727,21.482843657152973,0.5
1822 13 31 1 1 1 0 -12.9757331941495,3.725633915758068,0 17.78156030309376,-5.105498329001796,0 28.62087349045636,-14.460138334168603,0.5
2903 3 25 1 1 1 1 -0.5312243078725937,-3.459450929659978,0 4.325683649819691,28.169814712945534,0 9.800835836774574,24.293900816883962,0.5 4.943927879082288,-7.335364825721548,0.5
3258 5 29 0 1 1 0 -10.447962195088188,24.35344094722567,0 -6.116763738556511,29.47601060806364,0.5
1900 3 3 1 1 0 1 -3.456909192082982,0.5475206276408084,0 28.149117706961423,-4.458382253646583,0 -29.08772449720281,-1.4677477899242426,0.5
659 6 9 1 1 1 1 3.317553444426996,5.589618872818662,0 -13.015017358905906,-21.928504808750137,0 -10.008380147533606,-5.107085942340818,0.5 6.324190655799298,22.411037739227982,0.5
2971 25 20 1 1 1 1 -1.161202187676205,-25.473547249634002,0 0.2959927145056993,6.49325714206357,0 6.927291307653578,20.20551001927215,0.5 5.470096405471673,-11.761294372425422,0.5
2787 4 22 1 1 1 1 -1.4776745731636014,-4.250467957275501,0 9.030233502666453,25.975081961128062,0 13.055663475518674,19.28210702215937,0.5 2.547755399688621,-10.943442896244193,0.5
3247 2 5 0 1 1 1 -11.160602831364978,27.307342317415806,0 3.4732453671860153,7.3611525333551455,0.5 15.579661997819212,-22.260371336384033,0.5
2717 22 4 1 0 0 1 -9.675865018498525,-20.31323795321161,0 -6.409193790641769,-27.407521503302686,0.5
2650 30 30 1 0 1 0 -15.936206223836455,-26.0055250127998,0 21.052047209961007,22.870533624504105,0.5
2675 3 20 0 1 1 1 13.925705382663226,24.86613620157471,0 15.251711493124365,14.954440696010604,0.5 -0.38416823477820383,-12.965431530318897,0.5
377 5 8 0 1 1 1 -21.987583621921047,-14.791760086921007,0 -10.401698917277544,0.23379399972444226,0.5 16.149345456362965,18.09554202921396,0.5
2613 5 18 1 1 1 1 -3.141288931842004,-4.514676494134094,0 15.135301217056929,21.75253219900973,0 15.491255309796662,11.758869372805222,0.5 -2.785334839102271,-14.5083393203386,0.5
3168 11 1 1 1 0 1 2.9996773223338176,-11.101888846582648,0 -5.347250878942892,19.79032359608211,0 13.747955774841508,-27.87909094667547,0.5
2007 5 6 0 1 1 1 26.498398055975688,0.291376847165285,0 6.565579186672969,-5.928167502991689,0.5 -25.432486390354274,-6.280018790134675,0.5
3606 12 21 1 1 1 1 10.181509088381361,-7.251680679898126,0 -15.883154177874925,11.312621860641077,0 -14.03138890566484,17.36001513184783,0.5 12.033274360591445,-1.2042874086913722,0.5
2916 26 18 1 0 1 1 -3.4864555159454858,-26.269652223341925,0 8.381786429624265,17.549805020232174,0.5 4.171726938671226,-14.172039173992033,0.5
3711 29 31 1 0 1 0 26.512166911141225,-12.936576273334005,0 -25.678433900371004,19.205937426334525,0.5
3267 2 1 0 1 0 1 -12.012840098181973,26.943304785707177,0 17.900049210467568,-25.41334763982973,0.5
181 24 9 1 1 1 1 23.516429441980552,6.872230082029432,0 -7.198906972034862,-2.103743902662071,0 -10.801610620040483,3.0943833009226003,0.5 19.91372579397493,12.070357285614104,0.5
3339 17 7 1 1 1 1 8.884552913031213,-15.076959890360806,0 -7.36148669936872,12.492338194870383,0 1.361577856824613,9.507686666051047,0.5 17.607617469224547,-18.061611419180142,0.5
3818 0 23 0 1 1 1 -30.221492863402347,8.883207140854083,0 -20.854153633169226,12.383629364777303,0.5 9.847045466160141,3.3594189359731548,0.5
3208 6 4 0 1 0 1 -8.18406205008384,24.151006777365982,0 14.508539099666725,-24.119541728512214,0.5
3445 21 19 1 1 1 1 13.834301091776243,-16.457889090101396,0 -6.756286579704677,8.037573741677427,0 -7.954490081350158,18.787657851517892,0.5 12.636097590130763,-5.70780498026093,0.5
3404 27 8 1 0 1 1 16.303562554429117,-22.145966857055864,0 -0.2074356571022653,10.402257949510894,0.5 18.763982588051615,-15.367594393245023,0.5
975 26 26 1 1 1 0 1.0403851176153196,26.479569460379157,0 -0.21592898667487767,-5.495759699323976,0 -7.035759335059657,-26.244010565824745,0.5
3024 19 18 1 1 1 1 0.7349585620637261,-19.486144716491488,0 -0.4711272833741834,12.491118408007365,0 5.298468456449744,18.712996339870507,0.5 6.504554301887653,-13.264266784628346,0.5
1596 19 3 1 1 0 1 -15.703503771366877,11.560707993140657,0 10.066348571389023,-7.410710252013242,0 -26.50841566373333,12.06457206032346,0.5
353 23 30 1 1 1 0 19.978959512229874,12.373001931975905,0 -7.226432163998039,-4.4753411243317105,0 -29.089203264462405,-10.957566036250464,0.5
197 31 21 1 0 1 1 30.00381801900979,9.592752695766922,0 -22.30598741534324,-0.8324214236485741,0.5 8.174081683333373,8.912597187924172,0.5
730 25 30 1 0 1 0 10.493616144430277,23.24078355420385,0 -18.01960759726849,-25.328713785750427,0.5
3352 24 3 1 1 1 1 12.866778434051726,-20.849364803969962,0 -3.938809724709712,6.382458613460192,0 3.267855685903622,6.129528466049193,0.5 20.07344384466506,-21.102294951380962,0.5
2915 24 2 1 1 0 1 -3.2614727939005297,-24.281943810466384,0 0.9984100389491417,7.433248105244811,0 2.019518997662559,-30.03617057845557,0.5
794 25 9 1 0 1 1 8.108149162726477,24.176598543942816,0 -8.709294443512096,-7.099168282003839,0.5 1.4656378391250522,23.240092635885183,0.5
2070 18 11 1 1 1 1 -18.388277675920826,-2.030084755184332,0 13.418472898644927,1.4814131997291071,0 12.088956854280836,-4.701821155184061,0.5 -19.717793720284913,-8.2133191100975,0.5
3227 20 29 1 1 1 0 7.155786564009537,-19.210536657010408,0 -4.014221731029741,10.776642514908277,0 -4.674755302254582,29.7388073544324,0.5
1605 8 9 0 1 1 1 19.119798563268493,-13.66320983151602,0 4.240801164338492,-10.405075948043113,0.5 -21.79466921968669,8.20014595019147,0.5
2848 30 25 1 0 1 0 -7.2132194092236155,-29.634767853897554,0 11.860514821593032,23.357615207181833,0.5
3354 3 24 0 1 1 0 -15.043597090434387,24.206201407504523,0 -7.836172641074223,23.975912878121655,0.5
396 28 30 1 0 1 0 23.161783686343178,16.60667867055442,0 -28.283314893220822,-12.895894643293008,0.5
3491 24 24 1 0 1 0 17.07747920941705,-17.56729073738829,0 -12.775285559444406,21.74953054377614,0.5
1451 1 4 0 1 0 1 19.844571530127478,-23.161238757580605,0 -22.4489557253767,16.979233988613174,0.5
3477 10 22 1 1 1 1 7.151595509042527,-7.6879569246349675,0 -14.643743185182316,15.742007036157315,0 -10.931729276728289,20.560819415099232,0.5 10.863609417496553,-2.86914454569305,0.5
2542 24 5 1 0 1 1 -16.14432552717607,-18.428530958070727,0 8.137345965220112,0.18330477985030935,0.5 -12.949120029458832,-23.886613206201254,0.5
1567 0 25 0 1 1 1 24.49047403840719,-19.810771852053204,0 16.052141487843304,-20.70214369707301,0.5 -8.827070233713204,-0.5769151489554698,0.5
3315 11 1 1 1 0 1 5.460848483511839,-10.120727930348016,0 -9.734555992347191,18.0412976149682,0 19.76349968079993,-23.992792258655953,0.5
2715 14 15 1 1 1 1 -6.276652432046012,-13.071099198127557,0 7.5752701766072565,15.775464549464294,0 12.118255716239899,11.375318826117315,0.5 -1.7336668924133694,-17.471244921474536,0.5
2467 23 23 1 1 1 1 -17.455667639975076,-15.733711171962165,0 6.313752125097367,5.690916806879931,0 21.47278538600797,11.276944966011083,0.5 -2.296634379064474,-10.147683012831013,0.5
299 4 29 0 1 1 0 -24.522260159910807,-12.446234637417499,0 -29.021239365159047,-8.001104030703686,0.5
2424 1 16 0 1 1 1 23.98179718016688,18.84471819925519,0 16.68091680879622,5.476953023170799,0.5 -8.48031301957559,-14.294554595719893,0.5
54 16 1 1 1 0 1 16.440677313135776,1.3979018153442118,0 -15.444272627491182,-1.3131804932021383,0 29.882014979307627,8.562428439200794,0.5
3241 7 8 1 1 0 1 2.7718844056310985,-6.968978177740201,0 -9.054822391728255,22.765328713951323,0 14.260420346502936,-19.618624099081085,0.5
150 11 0 1 1 0 1 11.18225408457328,2.684621684342912,0 -19.93358336815237,-4.7856299590460605,0 29.228980309391382,13.187748483847079,0.5
1101 7 3 1 1 0 1 -1.18489296469799,7.405810466262906,0 3.8706503513467676,-24.19231418979216,0 -10.427241638862688,27.194165400040653,0.5
2400 2 23 1 1 1 1 -2.0225424859373686,-1.4694631307311825,0 23.86600133406095,17.339664942627955,0 22.5386108815661,8.958851462623432,0.5 -3.3499329384322145,-9.850276610735705,0.5
201 29 10 1 0 1 1 28.041813242283208,9.160060593954064,0 -11.844047546023665,2.44305909210785,0.5 18.574190547300496,12.379396007583445,0.5
1179 31 24 1 0 1 1 -8.740693605231897,30.263018278080892,0 1.0339328145935278,-25.202797125218197,0.5 -7.845501958975385,5.540586522356041,0.5
1876 5 31 0 1 1 0 25.99889871224835,-5.129060903347808,0 29.743054491159857,-11.983351348262115,0.5
1481 19 0 1 1 0 1 -13.37098078239565,14.193902666877992,0 8.571141527176698,-9.098655555691021,0 -25.96663131521697,18.81446406729656,0.5
1053 2 30 0 1 1 0 2.4531040486210953,-29.397827819868578,0 -3.4429590995345105,-30.893300772804007,0.5
1663 1 6 0 1 0 1 26.325503497721094,-15.401878638382868,0 -25.03972495154705,7.698192927620871,0.5
1482 16 5 1 1 1 1 -11.332758467982735,11.992438680533898,0 10.645924621438326,-11.265624215046994,0 -0.5833006369271723,-8.118482639444416,0.5 -22.56198372634823,15.139580256136478,0.5
1889 28 16 1 0 1 1 -28.067884292103876,4.944074368885282,0 15.208969986189553,-8.771387117165979,0.5 -16.305847464593747,-3.220145720522856,0.5
2529 0 7 0 1 0 1 21.236465015118256,23.265050046403474,0 -12.085812463237348,-22.1400798802411,0.5
3165 23 24 1 1 1 1 6.022800268625414,-22.715102397397324,0 -2.1784596716304687,8.216100867143712,0 -0.4794890296569658,25.21943873821221,0.5 7.7217709105989165,-5.711764526328828,0.5
2173 27 0 1 0 0 1 -26.490839123424294,-7.381425508453822,0 -28.733559248623358,-14.234906845703314,0.5
1893 4 6 0 1 1 1 27.11248600512934,-4.600337229124137,0 5.40469584213076,-7.002803928003016,0.5 -26.144378782019746,-1.6496842432040202,0.5
2050 19 31 1 1 1 0 -19.439888007795997,-1.5299523666929653,0 12.461466671664102,0.9807386965980547,0 31.8736505869606,-3.5100424869716704,0.5
3046 3 28 0 1 1 0 -2.05752249866152,28.425632819121226,0 3.9268212527324216,28.858795450418388,0.5
2273 4 4 1 1 0 1 -4.092542768313557,-1.8711209713763595,0 25.0099835841384,11.434628158411085,0 -22.515155622303254,-16.891351849495827,0.5
1215 28 28 1 0 1 0 -9.443129821183273,26.890096674803516,0 3.782056837014112,-28.878124005578943,0.5
2759 12 29 1 1 1 0 -4.619807342718501,-11.614963629567,0 7.206899454640863,18.11934326212452,0 16.477927871007825,25.193806641273238,0.5
463 14 1 1 1 0 1 10.831302708956207,9.640170207364491,0 -13.072261890119561,-11.634688181301971,0 18.79404906061913,24.759517764024427,0.5
1485 7 16 0 1 1 1 16.91115538574371,-17.727459590117007,0 7.047726788737518,-16.080408798016038,0.5 -15.040312898764473,7.073824136014342,0.5
696 20 31 1 1 1 0 9.421387142740503,18.206797200677663,0 -5.285168397147111,-10.213569161355762,0 -19.805584302458136,-25.218818973897722,0.5
1563 31 18 1 0 1 1 -24.36551668580158,19.964257978545678,0 10.507190819557307,-16.366091197393793,0.5 -14.245080099352235,3.9150597649383228,0.5
1226 14 31 1 1 1 0 -5.0400598860800345,13.595874239809916,0 6.082830896993145,-16.408813737701625,0 5.3232166188042465,-31.621406749689143,0.5
1933 2 15 1 1 1 1 -2.4861675701712076,0.26262294840511297,0 29.336777328020247,-3.0989507911803327,0 14.783943858889215,-7.595064448522598,0.5 -17.03900103930224,-4.233490708937152,0.5
300 10 14 1 1 1 1 9.355568503977864,4.766900247265241,0 -19.15664027004991,-9.760795744400255,0 -15.643537599168615,-1.2368231010932202,0.5 12.868671174859157,13.290872890572276,0.5
2246 1 21 0 1 1 1 28.251105406081535,11.494565817570956,0 22.17593970938291,2.545132217747094,0.5 -7.464564323227226,-9.514740115442105,0.5
765 3 23 0 1 1 1 -10.28310855489779,-26.58021215957818,0 -14.074888561318144,-19.75215208493686,0.5 -2.52894211371361,10.092296655642151,0.5
3523 3 29 0 1 1 0 -20.86731165258062,19.41147352454401,0 -17.512872021188215,24.485696101387088,0.5
3670 9 0 1 1 0 1 8.251999387162817,-4.706857350107871,0 -19.544209074859303,11.147820039729169,0 30.33464471539747,-10.395158968991687,0.5
1291 2 18 0 1 1 1 13.019802725733026,-26.47139469281879,0 2.78094855149655,-19.248800615984603,0.5 -11.34222728658673,9.465932610123915,0.5
212 25 1 1 1 0 1 24.099108417085024,8.335644756201033,0 -6.142909988668731,-2.124772192757126,0 26.86309561505439,15.640463355554575,0.5
2596 9 30 0 1 1 0 13.339278453623828,18.11942742850025,0 22.913980329179033,21.00474959322287,0.5
3716 3 4 1 1 0 1 3.15746885778871,-1.5100961598833564,0 -25.71081784199378,12.29649730190733,0 27.39742015671133,-6.452237500017154,0.5
1645 11 8 1 1 1 1 -9.757867472287291,6.0855585112031925,0 17.394459407120824,-10.84816951997091,0 4.037262821497636,-9.589082798169642,0.5 -23.115064057910477,7.34464523300446,0.5
1414 17 1 1 1 0 1 -10.595075879167522,13.928186066917778,0 8.77877715702452,-11.540497026874732,0 -23.241081755206636,20.64224112948498,0.5
1154 26 30 1 1 1 0 -6.348082845110922,25.728424829196374,0 1.3175266282305689,-5.339861757003021,0 1.4809802943662218,-31.04926242872283,0.5
3118 3 30 0 1 1 0 -5.252391784026495,28.01182572677281,0 0.2762457876431146,31.083334574411566,0.5
3473 31 2 1 0 0 1 21.309449407534288,-23.198219025341935,0 24.375176878549624,-17.666373485789883,0.5
689 22 7 1 1 0 1 10.559642674725742,19.868164147251022,0 -4.4585157959953134,-8.38878041772821,0 6.200100473212201,24.450127895822423,0.5
1364 23 28 1 0 1 1 -12.716349424981582,19.762197684006974,0 10.376288191826944,-27.213648108259076,0.5 -6.93959187623308,-0.3034214747176627,0.5
2874 29 28 1 0 1 0 -5.8006054911549,-28.924089889501857,0 11.486840536777144,26.76382809843639,0.5
1755 2 28 0 1 1 0 27.342269571383564,-11.074759351145854,0 24.162919548391745,-16.260483353761295,0.5
1413 24 8 1 1 1 1 -14.802458262904967,19.522736216395398,0 4.531364774358663,-5.97634782134553,0 0.3544684871967281,-10.398286017011866,0.5 -18.979354550066905,15.100798020729064,0.5
3828 26 11 1 1 1 1 25.538677474685255,-7.07290271698996,0 -5.300480230595053,1.467960941262067,0 -9.481410364412856,8.851714946924378,0.5 21.35774734086745,0.31085128867235223,0.5
3664 26 2 1 0 0 1 22.89397055561013,-13.346014843347668,0 28.507480017003203,-9.67334394509794,0.5
3972 15 1 1 1 0 1 15.485010487510934,-0.6815058339269087,0 -16.484043422189057,0.7254739522447737,0 30.734313217589996,4.653169999373864,0.5
919 6 20 1 1 1 1 0.8247946747844074,6.447457928862141,0 -3.2357329549234444,-25.2938734132284,0 -8.552775139423568,-19.57294146045653,0.5 -4.492247509715717,12.16838988163401,0.5
258 28 9 1 0 1 1 26.191436490412507,11.236487643774103,0 -11.09605517619521,1.768490748302494,0.5 18.31187351479427,14.384897927276924,0.5
304 14 3 1 1 0 1 12.877978507796396,6.663907979011573,0 -15.542387854237031,-8.042647560876036,0 22.554409627457094,18.42684472059367,0.5
76 24 5 1 0 0 1 24.325623811960437,2.917880422324308,0 25.596806060530845,9.11337036993293,0.5
3825 24 26 1 1 1 0 23.580153293114357,-6.650291021694319,0 -7.218414273402354,2.035803373988057,0 -23.876421066831206,12.967903340146352,0.5
1486 25 8 1 0 0 1 -17.630367708357763,18.423358392760424,0 -20.58250162756745,12.830067293322484,0.5
3815 20 0 1 1 0 1 19.640494438977544,-5.873753330919865,0 -11.01783834381667,3.29503235636968,0 31.898443649429847,-3.27708601415173,0.5
3781 6 1 0 1 0 1 -24.005998254410617,8.600119057852304,0 30.736614161044614,-4.637946734824766,0.5
1767 25 26 1 0 1 0 -23.811082458143495,9.125916511314967,0 22.597575924427954,-15.086403227400298,0.5
1255 3 28 1 1 1 0 -1.364746907258658,3.2229591804935924,0 11.112939101963358,-26.244096184019252,0 5.587866221117199,-28.58366231074838,0.5
3347 20 11 1 1 1 1 10.628733523450077,-17.529404544578476,0 -5.962460269252482,9.83356840305622,0 -0.8319028415709759,12.944417239187949,0.5 15.759290951131582,-14.418555708446746,0.5
2561 6 3 1 1 0 1 -4.13538374915087,-5.014838107781635,0 16.223428554361107,19.673595653604877,0 -13.502985877555385,-25.80541362564336,0.5
4 22 16 1 0 1 1 22.499555869263084,0.1413707392250764,0 -16.537373167919615,5.8962096897051,0.5 15.461995179476771,6.097270296602987,0.5
1378 8 30 1 1 1 0 -4.7555991938684175,7.045159778690477,0 13.147833065400919,-19.47779468226191,0 12.091154910687514,-28.63658451920824,0.5
268 2 28 0 1 1 0 -26.924401828403333,-12.055147704722296,0 -28.463604689417924,-6.170349105564931,0.5
248 6 5 0 1 0 1 -23.58946877427868,-9.684366935805928,0 22.23587140798233,15.614609272334476,0.5
849 1 20 0 1 1 1 -7.166660344925356,-29.646061787368563,0 -10.648947796563316,-18.516206707262405,0.5 -3.129828746149829,12.5878581188292,0.5
1976 14 28 1 1 1 1 -14.489697353288543,0.5465076487140508,0 17.48756577121031,-0.6595781967238543,0 28.253608874237187,-7.06990704193667,0.5 -3.7236542502616694,-5.8638211964987645,0.5
3848 25 27 1 1 1 0 24.776609189324184,-6.030724424104991,0 -6.31560626394538,1.5372434806542135,0 -25.30087867301118,12.333512815640486,0.5
1001 22 9 1 0 1 1 -0.035342902818691194,22.49997224174333,0 -5.9850700388303295,-9.509413053932168,0.5 -6.035335500616912,22.490547467658345,0.5
724 14 6 1 1 1 1 6.091243061971193,13.158524155846195,0 -7.351500247206612,-15.880977429469546,0 -8.175463781923442,-3.378134389046421,0.5 5.267279527254363,25.661367196269318,0.5
2257 31 11 1 0 1 1 -28.96790223631842,-12.373788426633869,0 12.932495437379844,-1.0002808416387632,0.5 -16.495214770943633,-13.57047860837793,0.5
2372 21 0 1 1 0 1 -17.932686322683185,-11.860386218511241,0 8.7578235529383,5.792281641598513,0 -22.963595435044322,-22.38131552647457,0.5
2039 9 1 0 1 0 1 22.45779288538368,1.3775117847808944,0 -30.075449435356305,-7.856038522138638,0.5
2728 5 3 0 1 0 1 10.980952896322036,24.11780822315238,0 -6.349068234198631,-28.424273650482082,0.5
372 29 5 1 0 1 1 24.60531379158855,16.27355318353869,0 -7.897306608643023,1.970418313222662,0.5 18.793203266978455,19.623086173332428,0.5
3406 12 18 1 1 1 1 7.442297996354437,-10.043017501401593,0 -11.609984874312921,15.667107302186487,0 -6.1939526339318025,18.43596894032449,0.5 12.858330236735556,-7.274155863263591,0.5
1484 5 21 0 1 1 1 18.261515922264728,-19.20330794995674,0 10.468028099205707,-19.714725149345597,0.5 -11.583613769189437,3.4741750166399017,0.5
2128 11 0 1 1 0 1 -11.26833310241884,-2.2966647759156835,0 20.08702857387706,4.094054600545348,0 -29.667174267017334,-12.16999470050931,0.5
1227 26 15 1 0 1 1 -9.25016311932941,24.833132751745158,0 -0.2121233268250977,-16.619416466717976,0.5 -11.382131621864385,13.367762705200704,0.5
1665 21 11 1 1 1 1 -18.591338971183333,10.798708962582515,0 9.079491125461628,-5.273788098005414,0 6.930611367121545,-10.964334274269717,0.5 -20.740218729523413,5.108162786318212,0.5
2003 27 29 1 1 1 0 -27.49969465967889,-0.1295902173327699,0 4.4999500352201816,0.02120567192718053,0 29.527946682346325,-5.860918419882059,0.5
3985 2 28 0 1 1 0 -29.491811691431018,0.6950130625915159,0 -28.350730672211352,6.669787879065908,0.5
3530 18 8 1 1 1 1 13.683175257104272,-12.450731499930813,0 -9.985019782211227,9.085668932381944,0 -2.2487892262595377,10.158392934704732,0.5 21.41940581305596,-11.378007497608024,0.5
2496 19 26 1 1 1 1 -13.874945705581066,-13.701674411077557,0 8.894195965116069,8.783124622485614,0 23.071595264839157,14.351010136413787,0.5 0.3024535941420239,-8.133788897149383,0.5
1872 17 26 1 1 1 0 -17.14746341672432,3.4949246590021232,0 14.207898259571579,-2.8957947174589025,0 24.767899005096098,-11.17144479793727,0.5
2989 3 5 0 1 0 1 0.49242014513689014,28.495745689500097,0 5.541240010206069,-26.599711636581542,0.5
1102 18 31 1 1 1 1 -2.951427144372,18.263052258904153,0 2.153744132379568,-13.327092188930058,0 -0.8977491084165905,-32.05376805522772,0.5 -6.002920385168158,-0.4636236073935094,0.5
1711 8 30 1 1 1 0 -7.639098940498322,3.7274880787572506,0 21.11986177667183,-10.305408217740634,0 24.779716377959446,-18.767409417068947,0.5
3937 3 6 0 1 1 1 -28.36056196185712,2.815763698832521,0 -5.875405984528988,6.612836344335232,0.5 25.96803200773164,3.4512771035408223,0.5
2030 1 23 0 1 1 0 30.466141186340085,1.4367467466440893,0 23.756550765864148,-4.8863376580952265,0.5
2220 20 8 1 1 0 1 -19.288055763561623,-6.944127365028475,0 10.820128842973594,3.895486082820852,0 -20.07827054895255,-13.605625739489703,0.5
2576 28 19 1 0 1 1 -17.60899897307454,-22.40922031589363,0 16.76599304808124,11.625466748122054,0.5 -3.0055145708094733,-13.53576308024974,0.5
1295 22 22 1 1 1 1 -10.057018965100225,20.127254396355564,0 4.24629689637565,-8.498174078461238,0 4.689751126072074,-22.80912612038229,0.5 -9.613564735403802,5.816302354434511,0.5
2453 26 1 1 1 0 1 -20.069432675572617,-17.305140047993202,0 4.165353951533939,3.5916328401495328,0 -19.180636087434173,-24.461259151593524,0.5
3391 13 7 1 1 1 1 7.779910797470692,-11.032814146145984,0 -10.661359240978356,15.119041607681535,0 0.581300288581164,9.587079324512521,0.5 19.022570327030213,-16.564776429314996,0.5
3071 2 14 0 1 1 1 -3.283216815982331,29.316727091188927,0 4.3489396174708395,15.077689617563845,0.5 7.910395146672013,-16.723505871183466,0.5
2784 24 30 1 0 1 0 -8.154078840813181,-23.103268129375174,0 15.808939323308289,26.76429407759444,0.5
2535 2 29 0 1 1 0 19.68189162368569,21.97437466945285,0 24.15125596323542,17.971278068025253,0.5
799 7 17 0 1 1 1 -7.607507950911001,-23.28896354020131,0 -11.137353893148994,-14.771910785634976,0.5 -1.2010169776734019,15.646327307689184,0.5
1409 2 10 0 1 1 1 17.675318629701025,-23.618490877669213,0 1.4874542490117122,-12.00156155910959,0.5 -17.685772739138553,13.618496342090914,0.5
1944 31 29 1 0 1 0 -31.378208688009934,2.767312691348409,0 28.858834290419132,-8.568411953105958,0.5
3344 0 2 0 1 0 1 -16.204845314117453,27.012089670100046,0 20.321126183716352,-22.2103991550237,0.5
2411 7 26 0 1 1 0 19.56914309327199,14.741052831973882,0 24.776677916879635,11.151960877047998,0.5
590 29 15 1 0 1 1 17.712396647113582,23.590697425369168,0 -14.104621443473746,-8.792590854594597,0.5 5.108825766954546,16.7973182169923,0.5
3025 2 29 0 1 1 0 -1.158164564892525,29.477256569101325,0 4.837209652551812,29.712815463655737,0.5
3557 31 28 1 0 1 1 24.17627862972982,-20.193007493131606,0 -18.027488761540006,22.874869375639037,0.5 6.532540322629969,2.361337954045026,0.5
2392 29 1 1 0 0 1 -24.08200789615693,-17.03839475095689,0 -21.432910926340508,-22.514002958682262,0.5
912 10 2 1 1 0 1 1.4467980521886987,10.399844969814838,0 -2.9624912497197164,-21.294920652478,0 -1.8779549789830874,30.04535380215904,0.5
314 7 23 0 1 1 0 -21.57979881561359,-11.600098408101648,0 -23.539831127164454,-5.841776314151312,0.5
3652 25 27 1 0 1 0 21.784074508332026,-13.25534223682809,0 -20.373725316006357,19.42064151226528,0.5
2146 1 24 0 1 1 1 29.701433673052435,6.933602077222711,0 25.222515982069538,-0.27329020151993966,0.5 -5.93964393719859,-7.54788910221262,0.5
1558 20 1 1 1 0 1 -15.754391802991071,13.116750318499157,0 8.83782954801938,-7.358177007938552,0 -27.27850984888891,14.90412360469648,0.5
3388 29 30 1 1 1 0 16.886747705040435,-24.188587225100843,0 -1.4310803139864774,2.0498802733136308,0 -12.539467174682313,28.443132087993842,0.5
2337 15 11 1 1 1 1 -13.378534564415636,-7.827184226063427,0 14.241665826636,8.332163853551389,0 12.955887280461958,0.6284781427893931,0.5 -14.664313110589674,-15.530869936825422,0.5
118 5 28 1 1 1 0 5.405790929728085,1.0136194670928331,0 -26.04608357050805,-4.883802886901832,0 -29.117592418146806,0.6448346847677762,0.5
94 22 28 1 1 1 0 22.25517328736914,3.3101755163693407,0 -9.396628721333636,-1.397629662467055,0 -29.072599635032734,1.7418238892306057,0.5
156 23 31 1 1 1 0 22.797975017517487,5.701081923692074,0 -8.246076070165898,-2.0620934617609628,0 -32.01458317421078,-1.8211161911146982,0.5
973 21 2 1 1 0 1 0.9115739302950601,21.480666492676768,0 -0.445187268283634,-10.490558054563072,0 -4.743840372667736,29.72786535422023,0.5
3967 1 8 0 1 1 1 -30.459032427631627,1.5802985706773884,0 -8.177704400354244,6.4323518825097565,0.5 23.779313228636315,4.774333709995775,0.5
758 13 28 1 1 1 0 5.009090088200188,12.536307928903733,0 -6.864308639385443,-17.17938493960882,0 -16.14643815460206,-24.239276699596687,0.5
982 30 20 1 0 1 1 0.8622522864933366,30.487809383332824,0 -6.577148464692143,-20.32218290620862,0.5 -5.672490328043396,11.66502693859959,0.5
176 4 4 1 1 0 1 4.329124522137387,1.2282837098279633,0 -26.455760968617362,-7.506178226726442,0 24.81804935551341,13.278344256242958,0.5
3947 6 31 1 1 1 0 6.477487485733754,-0.5405144513910922,0 -25.41168167480165,2.1204797708419774,0 -30.891964475733335,8.598635405111066,0.5
3196 7 19 1 1 1 1 2.272764522245806,-7.1473450613791405,0 -7.424364106002967,23.34799386717186,0 -0.1913117087357845,20.40130877738241,0.5 9.50581691951299,-10.094030151168589,0.5
1150 4 26 0 1 1 0 6.419747506037391,-26.74017281093611,0 0.3520826197954259,-27.16847507367386,0.5
3250 26 24 1 0 1 1 10.141110957674885,-24.482807611549095,0 -3.8324668978769854,24.931149140717064,0.5 8.413402937805895,-4.63299589964411,0.5
2153 6 2 1 1 0 1 -6.313183776960264,-1.5471621111977065,0 24.76710558653642,6.069635974698695,0 -27.22399211586793,-12.849289991091371,0.5
1063 19 16 1 1 1 1 -1.9265751623590832,19.40459502653382,0 1.2349840784353097,-12.438842965726808,0 -4.3404656400142585,-17.012065072408337,0.5 -7.502024880808651,14.831372919852294,0.5
3875 21 12 1 1 1 1 21.086883528669453,-4.194441923346767,0 -10.298245444233919,2.0484483811693517,0 -11.089274072943606,8.323340707620991,0.5 20.295854899959764,2.0804504031048716,0.5
1233 18 22 1 1 1 1 -6.6207629591892845,17.274706881398224,0 4.831367564813802,-12.605867183723028,0 2.449671637479436,-23.157053112788958,0.5 -9.002458886523652,6.723520952332293,0.5
3693 26 5 1 0 0 1 23.477963227957595,-12.289639647551551,0 26.260523148157947,-6.973874388391342,0.5
3758 14 12 1 1 1 1 13.464923331044748,-5.380133798437247,0 -16.2507695374678,6.493264929148402,0 -9.381430265340406,10.209738790809247,0.5 20.334262603172142,-1.6636599367764022,0.5
1988 31 10 1 0 1 1 -31.49440409999548,0.5937258510353665,0 10.385044061706044,-6.196842731296643,0.5 -21.609271214479843,-5.593692660403572,0.5
1517 23 24 1 0 1 0 -17.054765289637896,16.167404891180354,0 13.65265192549133,-21.20978772645728,0.5
2452 22 4 1 1 0 1 -17.063143093996246,-14.666258819269766,0 7.20443819524286,6.192420390358345,0 -16.943950318634585,-22.47559893750649,0.5
3374 28 3 1 0 0 1 15.796509143995774,-23.72172630445891,0 20.790556787039755,-20.39614543203875,0.5
1554 14 17 1 1 1 1 -11.084837205634827,9.347533585100075,0 13.378251799904103,-11.28150605098285,0 9.510306868138553,-15.8683352395214,0.5 -14.952782137400376,4.760704396561526,0.5
2521 11 30 1 1 1 0 -7.8591138072600275,-8.395494634894051,0 14.009724612941788,14.965881740463308,0 25.22399468963436,18.165904653974643,0.5
1106 29 9 1 0 0 1 -4.889215623429532,29.09201901875517,0 -9.646083581006627,21.19441132818353,0.5
1966 7 29 1 1 1 0 -7.489306358396322,0.4003626731907062,0 24.465067437427987,-1.30785139908964,0 29.13764820447297,-7.566204934600503,0.5
2965 10 26 1 1 1 0 -0.5769768890806837,-10.484135523230648,0 1.1814288681175904,21.467515595186565,0 7.447114352383048,26.130260002964576,0.5
2919 5 6 0 1 1 1 3.3626244433518235,26.285790017668724,0 6.776294301426385,5.686108998291916,0.5 2.715766671718523,-26.055222343798622,0.5
160 16 30 1 1 1 0 15.981622158622413,4.103383138220104,0 -15.013038997493782,-3.854693251055249,0 -31.03392573741238,-1.7735425917562848,0.5
736 11 3 1 1 0 1 4.633424010707121,10.525273485140552,0 -8.259581932130086,-18.76244403872881,0 5.991386382113882,28.501812033978126,0.5
2310 22 8 1 1 0 1 -19.884726676995605,-10.528420820862896,0 8.39577348584259,4.445333235475445,0 -17.960913421520857,-16.298944415655633,0.5
1625 28 25 1 0 1 0 -23.696883950622542,15.833751641058662,0 17.869053715597296,-19.155858615815127,0.5
3169 17 31 1 1 1 0 4.591258031470009,-16.886987584778467,0 -3.80418522607515,13.992075427387874,0 -2.474440141864827,31.97072326339096,0.5
2667 13 10 1 1 1 1 -6.743877502150034,-11.694875640039728,0 9.24160991035375,16.026311062276665,0 10.442960563912127,6.098735496853108,0.5 -5.542526848591656,-21.622451205463285,0.5
1881 8 2 1 1 0 1 -8.351933201442005,1.5796239421617722,0 23.090638851045544,-4.367195604800194,0 -30.10114977594233,-0.41325798998585306,0.5
399 9 6 1 1 1 1 7.694423224846988,5.571880404040926,0 -18.223633953584972,-13.196558851675878,0 -8.783687724815891,1.0472964971385168,0.5 17.134369453616063,19.815735752855318,0.5
3535 7 6 1 1 0 1 5.586705424437165,-5.003870751784499,0 -18.249904386494737,16.345977789162696,0 22.99789504451396,-12.543796216517563,0.5
1819 0 16 0 1 1 1 30.235409282546424,-8.835724391180705,0 14.15460021634704,-10.38736216348445,0.5 -16.560736197668376,-1.41138817879294,0.5
3148 12 6 1 1 1 1 2.8798678334573875,-12.16373138727658,0 -4.492593820193525,18.975420964151464,0 4.341059792494917,7.707476881443368,0.5 11.71352144614583,-23.43167546998468,0.5
1462 5 0 1 1 0 1 -3.650158277878522,4.114163893968604,0 17.587126247960153,-19.822789670939635,0 -25.39363074854274,19.580947816861798,0.5
1588 4 26 0 1 1 0 21.939347087310704,-16.580562396448176,0 17.523975397637987,-20.764399491990577,0.5
997 26 25 1 0 1 1 0.12487784579339542,26.499705762963295,0 -6.120098854547598,-25.471442637011457,0.5 -5.969302965287649,6.528202057887614,0.5
3957 26 11 1 0 1 1 26.439573502107,-1.7885617201207704,0 -11.06881980956626,6.762486822416259,0.5 20.85821234392144,4.602714179251555,0.5
1600 6 1 0 1 0 1 20.629933356561157,-14.988523933458067,0 -28.201729842190733,13.073348228670753,0.5
671 7 20 0 1 1 1 -12.10529355656781,-21.30051332501914,0 -15.345371341214488,-14.858316809121856,0.5 0.4656243245067344,12.962761819474569,0.5
1738 21 25 1 1 1 0 -19.704802070998305,8.600626450601197,0 9.623275430022428,-4.200305940991282,0 20.970636935202307,-15.699757530991645,0.5
3127 26 2 1 0 0 1 5.251520424272509,-25.97443999845711,0 11.727037453086101,-27.725919147503767,0.5
3474 0 8 0 1 1 1 -21.345862780308213,23.164717614602004,0 -1.3476675538097709,10.316675441459248,0.5 20.337018445233493,-13.215736103533263,0.5
728 12 20 1 1 1 1 5.179694762416053,11.376324633562445,0 -8.080323829369043,-17.747066428357414,0 -13.955335234472301,-16.17091891308271,0.5 -0.6953166426872048,12.952472148837156,0.5
1309 12 28 1 1 1 0 -5.831762771760158,11.056244523974327,0 9.097549923945847,-17.24774145739995,0 7.9894217481054834,-28.007483645106337,0.5
1701 14 18 1 1 1 1 -12.929918993407515,6.562560081547411,0 15.605074647215968,-7.9203311329020485,0 13.78125109577618,-13.723232790970496,0.5 -14.753742544847306,0.759658423478963,0.5
2599 11 8 1 1 1 1 -6.774136266734335,-9.293066116181171,0 12.07563421461338,16.56590046797513,0 9.855526518637294,3.3344560336638214,0.5 -8.994243962710422,-22.524510550492483,0.5
3546 27 30 1 0 1 0 20.798535456915474,-17.990856645736184,0 -19.14218878405472,24.4913578340526,0.5
3653 23 0 1 0 0 1 20.094683258419224,-12.184157941515949,0 30.046275331459626,-11.201398962010087,0.5
3421 3 27 0 1 1 0 -17.50320288331468,22.49195164554478,0 -12.153907698873162,25.387645177276127,0.5
3062 7 12 1 1 1 1 0.7292662044179947,-7.464460516547312,0 -2.3822696010987827,24.383904354054554,0 4.756124739207858,13.02418049111325,0.5 7.867660544724636,-18.824184379488617,0.5
1668 30 5 1 0 1 1 -26.445656385516948,15.194645712854472,0 1.7797782243677496,-7.94244228635414,0.5 -25.966484212895935,7.9994810845095685,0.5
1178 16 20 1 1 1 1 -4.553552563704303,15.859229459516058,0 4.277579681055556,-14.898064037727206,0 -0.10954843643382706,-21.35972844256394,0.5 -8.940680681193687,9.397565054679324,0.5
1392 21 6 1 1 1 1 -12.41781312357875,17.55129389041946,0 6.064513385933807,-8.571562132530433,0 -1.143812932058366,-8.771641350195301,0.5 -19.626139441570924,17.35121467275459,0.5
3541 23 27 1 1 1 1 17.651999855938655,-15.513120288515193,0 -6.384765905339513,5.611128614994858,0 -16.695798906690293,22.660544981693604,0.5 7.340966854587877,1.5362960781835562,0.5
3368 9 4 0 1 0 1 -12.293872801521042,18.8443809009482,0 20.051012775445237,-19.753655020753296,0.5
1986 20 12 1 1 1 1 -20.495043190958175,0.45078220989635653,0 11.497219351025317,-0.25287782506380974,0 12.36504129890727,-6.273416427778219,0.5 -19.62722124307622,-5.569756392818053,0.5
2864 4 13 0 1 1 1 5.830195522856508,26.874873398125317,0 8.7257047253569,11.921077008638282,0.5 1.941477207851145,-19.351502945543906,0.5
894 28 17 1 0 1 1 4.723479500601416,28.105848882526182,0 -8.81740296686603,-16.263560647038585,0.5 -3.513847036366195,15.293883712289057,0.5
3136 18 1 1 1 0 1 3.922131533558008,-18.079460286011578,0 -2.862095983947736,13.193119668170612,0 12.329825594031822,-28.53463510929757,0.5
2137 8 29 0 1 1 0 22.957946604401744,5.018235517533865,0 30.100801614257644,0.437883750673981,0.5
3644 4 29 0 1 1 0 -23.31114324233979,14.589057568435189,0 -21.823432008669553,20.736147553559157,0.5
1737 26 23 1 0 1 1 -24.27063257018015,10.638909466825556,0 19.11420409804831,-14.929742184584207,0.5 -10.193729571603193,-2.082757168040139,0.5
900 8 29 1 1 1 0 1.3296929528419628,8.395350895058671,0 -3.676209928445427,-23.21067600398574,0 -10.54094676225764,-28.198199257315178,0.5
3429 8 29 1 1 1 0 5.304135900215255,-6.641998370373761,0 -14.664375724124529,18.363171965150986,0 -13.720002215777349,26.79573733262559,0.5
339 6 21 0 1 1 1 -21.9692844116686,-12.946062816131208,0 -21.56925457833969,-5.746064473600367,0.5 6.000043506891492,10.499975138799579,0.5
2872 26 1 1 1 0 1 -5.292314483631788,-25.96615888818254,0 1.0984048928292391,5.389202788113358,0 -0.21202409138393552,-31.08383898080597,0.5
3729 4 8 0 1 1 1 -25.045783049646033,11.356000679379317,0 -5.263750976207832,8.974571057185468,0.5 23.880432936107553,-4.239684278819555,0.5
461 17 5 1 1 1 1 13.108748771938364,11.593563112098213,0 -10.861534696748931,-9.606095150024235,0 -8.094828395328587,0.8507368865765721,0.5 15.875455073358706,22.050395148699018,0.5
3674 19 21 1 1 1 1 16.99868442750092,-9.55482745706262,0 -10.896592581731358,6.1248893955529615,0 -15.802192330712517,15.765174199582145,0.5 12.093084678519762,0.0854573469665647,0.5
1704 25 14 1 0 1 1 -22.792956315857225,11.433772010295824,0 10.270401353653131,-11.86460517821305,0.5 -18.33252421918731,2.4836577366679817,0.5
1056 0 27 0 1 1 0 2.7673126913484105,-31.378208688009934,0 -3.5608937497135966,-27.9207814307417,0.5
2991 12 14 1 1 1 1 -0.17670870047541157,-12.498750898996919,0 0.27566557274164205,19.498051402435195,0 6.204382524069999,14.413730866608228,0.5 5.752008250852945,-17.583071434823886,0.5
3005 24 21 1 0 1 1 0.1924205717734112,-24.499244362297347,0 5.830956076761458,21.546460294695244,0.5 6.0822809052002,-10.452552749938027,0.5
2583 14 6 1 1 0 1 -8.833062793504698,-11.499000029828812,0 10.6605930266436,13.878103484276151,0 -10.775800072785994,-23.8774398290802,0.5
504 22 27 1 1 1 0 15.809624320474107,16.00955273720892,0 -6.675174713089067,-6.759588933488211,0 -23.592088232724066,-15.351331304462253,0.5
2982 22 2 1 1 0 1 -0.6360877523311527,-22.491006922130772,0 0.26857038431759783,9.496202922677437,0 5.163620126178473,-29.65783247630421,0.5
3031 29 1 1 1 0 1 1.4359256126206943,-29.46503211664667,0 -0.12168861123904189,2.4970366200548026,0 7.477488945247838,-30.171794097694896,0.5
464 21 22 1 1 1 1 16.037734626619915,14.319255149836412,0 -7.832382026953912,-6.9931246080596425,0 -20.77974697664961,-10.50962014472557,0.5 3.0903696769242197,10.802759613170483,0.5
1432 8 9 1 1 1 1 -5.335376570970953,6.616929563319699,0 14.750746990331459,-18.29386408682505,0 1.2922941228595128,-11.161540032630924,0.5 -18.7938294384429,13.749253617513826,0.5
2826 10 30 1 1 1 0 -2.834247091835212,-10.11024447886517,0 5.803458330900672,20.70192917100963,0 14.010095540396664,27.748283243273942,0.5
2841 4 4 0 1 0 1 6.797123688026117,26.646746697667883,0 -0.983288044898579,-28.129755502328127,0.5
3981 26 30 1 0 1 0 26.488198679710408,-0.7907785430750479,0 -30.307373149913854,6.907469344983071,0.5
3809 29 6 1 1 0 1 28.18223377171851,-8.718468881415397,0 -2.3883248959083483,0.7388532950352033,0 26.13416184634964,-1.8043238591790365,0.5
3413 30 0 1 0 0 1 18.427550082391885,-24.30381447347183,0 23.8128103093828,-21.47556903016431,0.5
2609 21 2 1 1 0 1 -12.390228307082959,-17.57077808460286,0 6.051041731366096,8.581077669224653,0 -12.097072862852563,-27.566480155268934,0.5
12 18 11 1 1 1 1 18.496713519044967,0.34869613473505123,0 -13.49760175714092,-0.2544539361580104,0 -11.611047690671752,5.78217705755766,0.5 20.383267585514137,6.385327128450721,0.5
427 6 26 1 1 1 0 5.091892765027108,4.04012723431634,0 -19.975887001260194,-15.849729919241025,0 -24.48860333524868,-11.771079249110823,0.5
3639 26 2 1 1 0 1 22.352358050138175,-14.234538615579474,0 -4.63916865191547,2.9543382032334757,0 28.105728081983134,-10.785084560708132,0.5
2470 30 21 1 0 1 1 -22.55874839684759,-20.52688166204809,0 19.940143623098745,10.03198247058847,0.5 -3.7280514162167595,-11.504417961724279,0.5
28 9 18 1 1 1 1 9.490812879442185,0.4176971240197166,0 -22.478241030257806,-0.9892826621519603,0 -18.745918001452495,5.180787419188247,0.5 13.223135908247494,6.587767205359924,0.5
3764 20 20 1 1 1 1 19.107457805393324,-7.4266450174431915,0 -10.718817793269425,4.166166717102278,0 -16.93380560516605,13.019071692192457,0.5 12.8924699934967,1.4262599576469874,0.5
2925 29 23 1 0 1 0 -3.467353225006235,-29.295519480170324,0 8.72053958198876,22.631884353693735,0.5
2961 0 7 0 1 0 1 1.928516498693276,31.440910039537147,0 4.48878749267421,-24.821377617803805,0.5
3868 12 1 1 1 0 1 12.2322613040684,-2.5732826096235244,0 -19.082327634346704,4.014320871012698,0 31.081893234546186,-0.40732414152856844,0.5
81 27 23 1 0 1 0 27.277706622109058,3.4895159317801867,0 -24.07138913491796,2.969549648575271,0.5
3852 8 0 0 1 0 1 -22.86781500807997,5.414151526899898,0 32.03493965599653,-1.418675874419871,0.5
1230 0 1 0 1 0 1 11.134457579046597,-29.46648697114082,0 -16.393646920246546,26.41019387763541,0.5
3609 29 2 1 0 0 1 24.108742023059737,-17.000545816695226,0 27.566480155268934,-12.097072862852567,0.5
944 16 27 1 1 1 0 1.4495447430872648,16.436204550862346,0 -1.3616935465365214,-15.440070941719174,0 -8.392709560004477,-26.866567072132785,0.5
3029 15 11 1 1 1 1 0.7058287807443543,-15.483920877228512,0 -0.7513661214375383,16.482883514469062,0 5.470096405471677,11.76129437242542,0.5 6.9272913076535705,-20.205510019272154,0.5
1924 3 25 0 1 1 0 28.297154230239688,-3.3942690627037946,0 24.603923455961027,-8.994273209838067,0.5
3257 15 27 1 1 1 1 6.088689543264277,-14.254047132156687,0 -6.481508223474876,15.173663076166795,0 -5.284818041730805,27.646350541541583,0.5 7.2853797250083465,-1.7813596667818992,0.5
2617 12 6 1 1 1 1 -7.074683097993846,-10.305283065639692,0 11.0365056328704,16.07624158239792,0 8.625371082463852,1.9628993070955936,0.5 -9.485817648400394,-24.418625340942018,0.5
3811 9 10 0 1 1 1 -21.515708540454057,6.5821186560432245,0 -8.2854323439337,8.809177650274586,0.5 22.314686469156516,-0.5520577716535549,0.5
2739 26 28 1 0 1 0 -10.562608650398035,-24.303935864352024,0 16.862564593300235,23.746661140816773,0.5
2242 24 2 1 0 0 1 -22.751077352454928,-9.090570900807744,0 -25.16789210173771,-16.517481864839105,0.5
854 24 9 1 1 1 1 5.569614783342837,23.858528688189658,0 -1.7049841173498483,-7.303631231078467,0 -8.002551533505915,-7.887278932152846,0.5 -0.7279526328132286,23.27488098711528,0.5
1430 27 7 1 0 0 1 -17.194173049231885,21.461836201804072,0 -20.00102752425475,15.369089041774856,0.5
595 15 19 1 1 1 1 9.208876474981597,12.467822346686308,0 -9.802997537883638,-13.272197981956392,0 -16.41161453821026,-12.120598510354414,0.5 2.600259474654976,13.619421818288286,0.5
3004 29 25 1 0 1 1 0.1853527469839721,-29.499417695256046,0 5.839661394015084,25.537195515624845,0.5 6.040722000912952,-6.462172831771541,0.5
1929 8 28 0 1 1 0 23.354002937048808,-2.6154439042571083,0 27.655166820440353,-9.134645484834913,0.5
1733 9 0 1 1 0 1 -8.676657473363328,3.8685417265331807,0 20.549978226386827,-9.162335668104902,0 -31.213259028436198,7.347275741643708,0.5
2339 26 17 1 0 1 1 -22.83082497683208,-13.453751554018698,0 18.123092317685796,3.7153095220503687,0.5 -9.446205767545395,-12.530730090349568,0.5
3576 31 0 1 0 0 1 24.768085612303487,-19.462577812345547,0 28.475243290845498,-14.744847219525836,0.5
1354 7 30 1 1 1 0 -3.9588413395879978,6.370053001974874,0 12.932215042654125,-20.808839806451257,0 11.003245712744622,-29.071955279701555,0.5
1809 20 8 1 1 1 1 -19.584264146448458,6.058597019288664,0 10.986294521178403,-3.3987251571619335,0 6.3470567380038965,-8.244080953299726,0.5 -24.223501929622962,1.2132412231508711,0.5
2602 1 11 0 1 1 1 17.849842997778065,24.731217215387385,0 11.595426156287608,5.813440655419231,0.5 -7.132277972528723,-20.134065931216718,0.5
3137 9 12 1 1 1 1 2.028648400705179,-9.280872031566663,0 -4.8046935806175295,21.981012706342096,0 3.1923291769037094,13.492925347243617,0.5 10.025671158226418,-17.76895939066514,0.5
2469 4 1 0 1 0 1 20.368902060234063,18.475871531827465,0 -18.559864859860877,-24.935545239350624,0.5
1074 25 30 1 1 1 0 -2.957422292628516,25.327922405579653,0 0.7538527412582492,-6.4561370837752055,0 -2.4222021375807135,-30.99004576964512,0.5
1497 0 22 0 1 1 1 22.168653573398558,-22.378579015269118,0 11.572166073328663,-20.207299977268143,0.5 -10.94837089012384,2.526494577925881,0.5
1496 31 2 1 0 0 1 -22.133474048663746,22.413373832092493,0 -24.997388172321763,16.774402658880827,0.5
1732 20 29 1 1 1 0 -18.710177541771806,8.377306032095158,0 10.495953255140282,-4.699464359468015,0 24.472507379985238,-17.531297229143316,0.5
646 29 8 1 0 1 1 15.571442602379461,25.055541807767835,0 -9.582729253112964,-4.052320330567791,0.5 7.308327129129163,23.126572477858335,0.5
3938 22 14 1 1 1 1 22.393381549641937,-2.187798613253994,0 -9.45498332095993,0.9237371922627975,0 -13.847877368457073,7.381483075112646,0.5 18.000487502144797,4.269947269595854,0.5
3873 16 15 1 1 1 1 16.17276452734122,-3.269814603792324,0 -15.19259698022963,3.071644021744304,0 -14.003573487941512,8.952649304413839,0.5 17.361788019629337,2.61119067887721,0.5
3452 5 2 0 1 0 1 -17.273593720473286,20.096590755151126,0 23.779266388108255,-18.460674149212018,0.5
2780 3 19 1 1 1 1 -1.1855827208585228,-3.293082691339788,0 9.654030726990827,26.815101915195417,0 12.250674058508547,16.314747473135636,0.5 1.4110606106591979,-13.793437133399568,0.5
3453 31 1 1 0 0 1 20.57026081176551,-23.856118086058007,0 24.461259151593527,-19.180636087434166,0.5
3221 23 15 1 1 1 1 7.9950626941183085,-22.098166722991245,0 -2.8918311872342817,7.99295392108194,0 0.36874589698356175,16.61667916472656,0.5 11.255639778336151,-13.474441479346625,0.5
3924 18 31 1 1 1 0 18.368328184541554,-2.203297461755089,0 -13.403915161692485,1.6078116612807405,0 -30.561219083379914,9.708856170407277,0.5
1794 6 9 1 1 1 1 -6.162662373946208,2.0667831199106708,0 24.176598543942816,-8.108149162726479,0 7.099168282003839,-8.709294443512096,0.5 -23.240092635885183,1.465637839125053,0.5
3845 31 22 1 0 1 1 30.57095391425909,-7.593864416240724,0 -20.389945288043975,11.247227709554629,0.5 10.666261862949387,3.5328257628973856,0.5
2388 30 10 1 0 1 1 -25.008539334426303,-17.459179830635016,0 12.044089901484796,1.090824662790487,0.5 -14.194377596929684,-17.227003356236416,0.5
2664 24 0 1 0 0 1 -12.338768440076144,-21.166123721224462,0 -10.68059034836946,-30.235326851388873,0.5
2871 24 23 1 1 1 0 -4.930597712298623,-23.998733429068203,0 1.5093666466220277,7.346551049714756,0 10.606589665854159,21.81169997180861,0.5
394 29 21 1 0 1 1 24.028361448580025,17.11396640455956,0 -20.99300235836705,-7.585766407001706,0.5 5.071660907889253,10.978536133537474,0.5
2319 28 27 1 0 1 0 -24.99627656273485,-13.690732558898098,0 27.001473713284106,7.947981964676792,0.5
860 31 24 1 0 1 0 6.871512103991095,30.74137800107054,0 -11.20000998584778,-22.601101219120054,0.5
2403 9 8 1 1 0 1 -7.6592624167825445,-5.620115588745699,0 18.140358355537604,13.310800078608233,0 -15.397049817043747,-18.739820088023073,0.5
2741 28 26 1 0 1 1 -11.277615176629855,-26.173753951771,0 15.996467575133936,21.962764514461483,0.5 3.3338821136548002,-7.42531009805332,0.5
3285 0 28 0 1 1 0 -13.63548631789305,28.395836189035734,0 -6.928137870658334,28.288706326821487,0.5
3935 15 10 1 1 1 1 15.41927819730676,-1.5798290648232773,0 -16.414070339068488,1.6817535206183274,0 -9.833770753727828,7.038959636418386,0.5 21.99957778264742,3.777377050976781,0.5
2662 31 5 1 0 0 1 -15.949546431623675,-27.163614793055075,0 -8.243850529514187,-25.88993874938735,0.5
190 8 23 1 1 1 0 8.124240625785806,2.4993427644745836,0 -22.461135847760758,-6.909947642959143,0 -24.225377799154582,-1.1751895541691617,0.5
2127 18 30 1 1 1 0 -18.133099621564398,-3.6661557678883483,0 13.232261886006453,2.675302857648254,0 31.08413367919158,0.16319746979503957,0.5
1608 0 6 0 1 1 1 25.714686397591294,-18.19354015780143,0 1.8407689091280899,-8.652258076547843,0.5 -24.282087113821795,9.830068432964723,0.5
202 21 25 1 1 1 1 20.426741910666593,6.708070878800919,0 -9.975850700558103,-3.276034615228356,0 -26.09908576720017,-2.255597950949949,0.5 4.303506844024527,7.728507543079327,0.5
2551 29 10 1 0 1 1 -19.12345773863499,-22.462042741448105,0 11.375205515401898,4.105447537403227,0.5 -9.36888423498182,-20.260158148235398,0.5
1848 24 6 1 0 0 1 -23.804977456409514,5.794225427081253,0 -26.195603171466534,0.20093402661693371,0.5
1340 27 3 1 0 0 1 -13.998638933135211,23.67040574260845,0 -19.672132510909243,21.476899275110164,0.5
2922 17 26 1 1 1 0 -2.1387764989480593,-17.368812138069416,0 1.772129099128392,14.391301485828944,0 9.193740002888003,25.568049295151493,0.5
1313 31 26 1 0 1 0 -14.870811397222333,27.768848884824923,0 7.221060594204516,-26.193630597815698,0.5
962 27 0 1 0 0 1 1.6405075882296976,27.451024295150823,0 -4.11018751787889,31.801829484604696,0.5
1726 1 11 0 1 1 1 27.718390311859224,-12.72559776668384,0 7.94780006512387,-10.250974301246542,0.5 -21.133789770269413,3.1004725359299483,0.5
2532 9 17 1 1 1 1 -6.371512977098841,-7.046546841018022,0 15.090425472076202,16.68918988662163,0 16.187448225825037,8.956367563707614,0.5 -5.274490223350006,-14.779369163932037,0.5
896 5 31 0 1 1 0 -4.309884877664419,-26.147177521508503,0 -11.043186368886046,-30.10478425137854,0.5
3705 2 29 0 1 1 0 -26.38906687522174,13.185869309798067,0 -23.707195151195016,18.553137148826217,0.5
2897 18 31 1 1 1 0 -2.9801110268025433,-18.2583936387605,0 2.174675614153207,13.323692655311715,0 10.995884279829358,30.122093700548135,0.5
2605 26 1 1 1 0 1 -15.407449384475504,-21.56062391177086,0 3.197772513759067,4.474846472254329,0 -12.851451424750103,-28.303536815692993,0.5
3321 2 24 0 1 1 0 -14.252322566049756,25.828691439429697,0 -6.583381499377655,24.34972459872292,0.5
3072 31 29 1 0 1 0 3.5549761235146695,-31.298756281380264,0 2.632404509352344,29.988671969581137,0.5
2464 2 14 0 1 1 1 22.005263790013377,19.647350089310418,0 14.81221781325615,5.181525205251553,0.5 -9.05789884031768,-16.130854552644493,0.5
1639 12 21 1 1 1 1 -10.54356511798971,6.714405007348802,0 16.447961584063947,-10.47447181146413,0 14.912017599414874,-16.609687869275,0.5 -12.07950910263878,0.579188949537933,0.5
908 17 24 1 1 1 1 2.520188694664412,17.31758207554639,0 -2.0881563470076556,-14.348853719738438,0 -9.465720884146084,-23.380550210451435,0.5 -4.857375842474015,8.285885584833395,0.5
3362 5 14 0 1 1 1 -14.269632041906494,22.329970922251455,0 -2.752069399023978,15.449146061286228,0.5 14.479184387429145,-11.515347127847605,0.5
2795 2 3 0 1 0 1 9.336070531856805,27.983705741452383,0 -3.327992396922192,-28.933967349916397,0.5
1087 22 1 1 1 0 1 -3.0652719336720353,22.290224493545203,0 1.2942259275504149,-9.411428119496865,0 -10.099206263923035,29.39823179782651,0.5
2797 11 0 1 1 0 1 -3.605195891707627,-10.920282165878977,0 6.426653546087509,19.46658994787122,0 -4.177563269001426,-31.79304900655944,0.5
2274 20 1 1 1 0 1 -18.630393488298825,-8.553270630066184,0 10.451196347094463,4.7981762071102985,0 -25.214994029888636,-18.178395860820075,0.5
2905 8 22 1 1 1 1 -1.263715688123851,-8.40553523932829,0 3.4938021965777057,23.238832720495857,0 9.27844875514781,21.35791161836981,0.5 4.520930870446253,-10.286456341454336,0.5
564 11 27 1 1 1 0 7.274556862000932,8.906785192285438,0 -12.967688319219054,-15.877312734074044,0 -22.04269781380333,-17.50341318398643,0.5
628 2 6 1 1 1 1 1.3791146765710756,2.085196084032928,0 -16.27355318353869,-24.60531379158855,0 -8.590168760763824,-2.111634594715031,0.5 9.062499099345942,24.578875280906445,0.5
1240 29 24 1 1 1 1 -10.859674304198,27.428406333703418,0 0.9203113817116949,-2.3244412147206286,0 3.440392625445101,-24.988271220370226,0.5 -8.339593060464594,4.764576328053819,0.5
2063 28 0 1 0 0 1 -28.360561961857123,-2.815763698832511,0 -30.75309191598261,-9.082804501205853,0.5
3694 0 20 0 1 1 1 -27.93068005456752,14.564584157791256,0 -15.402902735615449,14.798668430543678,0.5 12.97112144680235,0.002900397231925922,0.5
3273 31 4 1 0 0 1 13.097846799634503,-28.6477993781949,0 16.891351849495816,-22.515155622303265,0.5
2645 25 27 1 0 1 0 -13.494064524841862,-21.63701048202834,0 19.643483816679264,20.158956906146205,0.5
1088 13 6 1 1 1 1 -1.8601689242426136,13.371229246904791,0 2.549120377665804,-18.32353637538805,0 -5.04713166472976,-7.264741011136061,0.5 -9.456420966638177,24.430024611156778,0.5
3141 31 19 1 0 1 1 6.919792050391449,-30.73054633388966,0 1.5697566038318955,20.34172716867292,0.5 8.599386623277177,-10.876605614961019,0.5
767 31 0 1 0 0 1 11.273190984565534,29.413690095353733,0 5.6705833473553,31.560964568604312,0.5
3816 1 30 0 1 1 0 -29.234914565029957,8.693087505334299,0 -27.524798990210094,14.444218239438552,0.5
534 27 7 1 0 0 1 18.37968055461431,20.45574106969319,0 11.911553715268777,22.23431780127887,0.5
2377 5 5 0 1 1 1 21.987583621921054,14.791760086920997,0 7.912538507248747,-1.9083328774890882,0.5 -18.63850586639177,-19.770080906978592,0.5
821 6 1 0 1 0 1 -7.075799585187729,-24.49863384416072,0 2.6988268346377016,30.96718155913837,0.5
2752 4 1 0 1 0 1 10.44392512684955,25.439623187947586,0 -6.032799172408209,-30.49352938158177,0.5
3509 4 11 0 1 1 1 -19.718387562374602,19.168599112610984,0 -4.06363135605971,12.318153278882688,0.5 18.881401443794374,-9.987125688519184,0.5
1930 30 27 1 1 1 0 -30.315809141382978,3.3468964882768923,0 1.4909414331827695,-0.16460146663656847,0 26.675520408471165,-8.981459287734832,0.5
801 28 31 1 0 1 0 8.764396883668168,27.118911247790678,0 -15.39620944990496,-28.12839729836482,0.5
3166 6 27 1 1 1 0 1.6757480233913866,-6.280276153331146,0 -6.574088399458517,24.638006447683725,0 -1.2925251881963469,28.117243439531514,0.5
2694 12 3 1 1 0 1 -5.779596888012403,-11.083603196256954,0 9.016171145299348,17.290420986160846,0 -7.857351370464939,-28.044821793711808,0.5
820 29 2 1 0 0 1 8.230237628157271,28.328663727469817,0 2.468475514095613,30.002610363705195,0.5
3757 1 7 0 1 0 1 -28.304958390839655,11.361308485066145,0 24.971781360195685,-3.5581084439043487,0.5
557 29 4 1 0 0 1 18.910911779281967,22.641276811969206,0 13.02381061215047,24.952562135757457,0.5
3819 7 2 1 1 0 1 7.198906972034862,-2.1037439026620737,0 -23.51642944198055,6.87223008202944,0 29.998695878800113,-2.5156004395095994,0.5
3331 6 27 1 1 1 0 3.229346248804091,-5.641039160060401,0 -12.668973745308357,22.130230551006186,0 -8.4555056741154,26.846869906843935,0.5
3179 10 22 1 1 1 0 2.913564535077291,-10.0876727593603,0 -5.965870238491596,20.65571088821395,0 -0.47896814124545184,23.28133564724481,0.5
3663 31 30 1 0 1 0 27.188634759941454,-15.906858265870834,0 -23.29562573279331,20.580666211705054,0.5
3054 13 21 1 1 1 1 1.1437378489179897,-13.451463256201997,0 -1.5673444596283563,18.43348668442496,0 4.156919687812978,21.931028674211174,0.5 6.868001996359324,-9.95392126641578,0.5
1672 6 3 0 1 0 1 22.189685744072904,-12.564547209481434,0 -27.75660105737123,8.821626706109155,0.5
2098 28 27 1 0 1 0 -28.162985194642996,-4.369927336503368,0 28.094794977954475,-1.7124529618952753,0.5
2868 15 0 1 1 0 1 -3.1908704359331694,-15.168004017044815,0 3.3967330447030517,16.146584921370287,0 -0.613186750298448,-32.06047413887166,0.5
257 11 21 1 1 1 1 10.57558335611625,4.5174148224218875,0 -18.852126852207228,-8.052782944317277,0 -22.12865487748093,-2.927905960467225,0.5 7.299055330842546,9.64229180627194,0.5
3138 1 17 0 1 1 1 -6.559825229021947,29.786216492946654,0 2.09574942458347,18.38090950821961,0.5 8.978189009131087,-12.87020287782278,0.5
2842 28 11 1 0 1 1 -7.000904478984146,-27.626750378503438,0 8.641084343134677,9.67376149048718,0.5 0.780419664977039,-21.34574770642896,0.5
1156 11 27 1 1 1 1 -2.789891154147183,11.156455859636218,0 4.973284231305848,-19.88759522804717,0 0.8507192679330631,-28.134076788250358,0.5 -6.912456117519968,2.909974299433034,0.5
1315 7 24 0 1 1 0 11.633981551829564,-21.561550808132736,0 6.353601762082771,-24.4106891473563,0.5
2744 0 17 0 1 1 1 12.328270505371876,28.987303192024918,0 12.370430253846266,13.755815327879516,0.5 -0.15352708494421208,-15.691603787828335,0.5
1539 3 0 0 1 0 1 21.348533714299617,-18.880945639702816,0 -27.57068371363701,16.373985451397928,0.5
2172 16 3 1 1 0 1 -15.90144069178516,-4.403882823786196,0 14.937717013495151,4.13698083446582,0 -25.864712895343022,-13.38904876537076,0.5
2134 24 9 1 1 1 1 -23.95926882585269,-5.118929314859079,0 7.334470048730415,1.5670191780180853,0 10.543944070806326,-3.8826850801614237,0.5 -20.749794803776773,-10.568633573038587,0.5
3791 18 31 1 1 1 0 17.511970494879368,-5.964971868037136,0 -12.779005496263323,4.352817309108181,0 -27.88309402056634,15.836131719591677,0.5
373 4 11 1 1 1 1 3.7494489674674307,2.4882991058868744,0 -22.9132992456343,-15.206272313753121,0 -12.899657280265934,-1.35972131397655,0.5 13.763090932835794,16.334850105663445,0.5
1012 13 1 1 1 0 1 -0.2544539361580087,13.49760175714092,0 0.348696134735049,-18.496713519044967,0 -6.5738115256048,30.381491109322226,0.5
2282 6 8 1 1 1 1 -5.872652268814727,-2.786028594538333,0 23.038866593042393,10.92980448626577,0 10.251340900331567,-1.77764162450962,0.5 -18.66017796152555,-15.493474705313723,0.5
2789 13 24 1 1 1 0 -4.392942192582455,-12.765267678064133,0 6.019957819464847,17.49314459586566,0 13.645828873085552,21.21417814496863,0.5
2727 24 7 1 0 1 1 -10.18721417749351,-22.281621738596034,0 8.575258643378675,4.326076652020783,0.5 -4.730490486408768,-24.77644970043118,0.5
2307 17 19 1 1 1 1 -15.504315339217287,-8.115799767251012,0 12.84643270963718,6.7245198071508385,0 20.05879701247104,3.7275544814909143,0.5 -8.291951036383429,-11.112765092910934,0.5
1176 29 28 1 0 1 0 -8.052082097761089,28.379816311789536,0 2.006964132727248,-29.055500253307397,0.5
952 3 19 0 1 1 1 -2.146813957546083,-28.419028657427496,0 -7.451826109358373,-18.992637721914374,0.5 -5.041368332464525,12.91644708642527,0.5
3243 14 30 1 1 1 0 5.401277804375702,-13.456455628431968,0 -6.5187835570051575,16.24054989638341,0 -5.793119949163249,30.53996989609857,0.5
1840 9 23 1 1 1 1 -9.201540030721995,2.362553928066121,0 21.7931211253942,-5.595522461209233,0 21.2695649635337,-11.655711315145876,0.5 -9.725096192582493,-3.6976349258705206,0.5
1273 0 31 0 1 1 0 13.0978467996345,-28.647799378194904,0 7.641123108549756,-31.142627340030046,0.5
2906 30 27 1 0 1 0 -4.487126811078436,-30.168123789544836,0 9.980482952194295,26.318053880197127,0.5
358 10 1 1 1 1 1 8.883074609512343,5.5983020177404805,0 -18.18915277185861,-11.463189845849556,0 -4.468040382924895,4.276285202901271,0.5 22.604186998446057,21.337777066491306,0.5
1961 25 27 1 1 1 0 -25.4521652701015,1.5611800227516752,0 6.487806833555284,-0.39794784893670154,0 27.08107705063848,-7.672370284167846,0.5
678 27 3 1 0 0 1 13.323867998220942,24.056694319169953,0 8.559638983064623,27.838508948569793,0.5
921 15 6 1 1 1 1 1.9185073765206186,15.380810428785473,0 -2.0422820459735616,-16.373120779029698,0 -6.758397452909475,-5.7073692598697985,0.5 -2.7976080304152946,26.046561947945374,0.5
1136 24 11 1 1 1 1 -5.1941741930903325,23.94306902742074,0 1.5900533244154078,-7.329510926761451,0 -3.4255269773055357,-12.510626080566551,0.5 -10.209754494811275,18.761953873615642,0.5
1325 3 2 0 1 0 1 13.925705382663208,-24.866136201574722,0 -19.649302666596945,22.80690475966579,0.5
1580 26 1 1 0 0 1 -20.939107827955795,16.242036921803873,0 -27.777170199376418,13.952735062161638,0.5
2072 8 4 1 1 0 1 -8.445696139420072,-0.9592792714245939,0 23.349865797220197,2.6521250445268185,0 -26.647172730059342,-9.065218447140795,0.5
3425 14 2 1 1 0 1 8.976862264992583,-11.38709549777081,0 -10.834144112922083,13.743046290413046,0 22.975173089924557,-19.452285765122994,0.5
2375 2 9 0 1 0 1 24.52835356292509,16.38932187407826,0 -15.374644878689661,-17.489147916756316,0.5
1813 7 5 1 1 0 1 -7.1787602221253115,2.1714975646385937,0 23.45061672560935,-7.093558711152739,0 -27.10215083655364,1.929616550689448,0.5
3209 26 17 1 0 1 1 8.544419162323456,-25.084714492665043,0 0.03701704208791767,18.499962965870903,0.5 10.354806219233222,-11.79101302527179,0.5
2712 1 25 0 1 1 0 13.332030882853442,27.43186017277432,0 16.542883558997005,20.31213931503687,0.5
2358 14 3 1 1 0 1 -12.267103032183712,-7.730988500689235,0 14.805124349187238,9.330503362900801,0 -20.91217278711037,-20.271433825016928,0.5
2483 18 2 1 1 0 1 -13.426091823757494,-12.72753151007815,0 9.79741835787709,9.287658128975947,0 -17.281325391371738,-24.64966110755948,0.5
2224 10 0 1 1 0 1 -9.856705505365678,-3.618750693332431,0 20.182777939558292,7.40982284825212,0 -27.50225897704993,-16.488655225920535,0.5
3833 4 5 0 1 1 1 -26.55922985521084,7.131431097478062,0 -3.7558973679560457,7.221027278814341,0.5 27.149388281743843,-1.077365270978313,0.5
105 19 6 1 1 1 1 19.23537051494166,3.201643508092827,0 -12.330365714706193,-2.0523355821107865,0 -7.3969112510603985,4.851361040361364,0.5 24.16882497858746,10.105340130564977,0.5
3236 25 10 1 0 1 1 9.23802185096591,-23.767813367684383,0 1.788535324351538,11.96039888103849,0.5 13.381347058896996,-17.865876717624264,0.5
619 20 31 1 1 1 0 11.54932810957114,16.93703103313771,0 -6.478891378539908,-9.501261311272374,0 -22.703708373186203,-22.64490287250786,0.5
1602 5 25 0 1 1 0 21.4877788920579,-15.508879981676015,0 17.165474787072466,-19.788796712644746,0.5
2719 31 21 1 0 1 1 -13.456802038268837,-28.480949403115826,0 14.609744134649999,16.876177775789756,0.5 0.9393420640276879,-12.056850189280294,0.5
2614 18 26 1 1 1 0 -10.5422869652306,-15.202308559647413,0 7.693020217870979,11.093576516499464,0 20.031592212783536,18.357159731852587,0.5
2899 29 28 1 0 1 0 -4.660578994478768,-29.129521167300766,0 10.427241638862693,27.19416540004065,0.5
131 7 0 1 1 0 1 7.341772988599654,1.5324390310444636,0 -23.983125096092206,-5.005967501411915,0 29.60949532728298,12.30966232126647,0.5
870 25 1 1 1 0 1 5.171076031591069,24.970181670855027,0 -1.318117419817331,-6.364948269041477,0 0.3096756446430362,31.08301949610293,0.5
1137 29 8 1 0 0 1 -6.299487139031876,28.819549992759637,0 -10.87983890589176,21.676694982903737,0.5
3172 2 30 0 1 1 0 -7.873608684951076,28.429848509555285,0 -2.358168604531394,30.99498412376755,0.5
3461 20 3 1 1 0 1 13.581031074172182,-15.35596284712781,0 -7.618627187950248,8.614320621559504,0 23.37537379008166,-17.37359779015168,0.5
1167 6 9 0 1 1 1 6.612781563116025,-24.627649502104596,0 -3.331155771099032,-10.730955280340778,0.5 -11.629548320891692,20.174330369359108,0.5
395 23 29 1 1 1 0 19.119798563268496,13.663209831516019,0 -6.91567182075669,-4.94201206671856,0 -27.489928366192203,-12.270038240430278,0.5
2206 25 28 1 0 1 1 -24.17659854394282,-8.108149162726473,0 28.928704057989382,3.3734376421195122,0.5 -1.4105568598996485,-6.801494640517631,0.5
603 3 0 0 1 0 1 -16.64304061266487,-23.13566941251512,0 13.524272379784303,29.074801058604052,0.5
2580 4 0 1 1 0 1 -2.758081741438394,-3.5556975556906067,0 16.85494397545685,21.729262840331486,0 -14.565642115814617,-28.567325211752106,0.5
2511 12 9 1 1 1 1 -8.684798854470916,-8.990231857821056,0 13.548286212974627,14.02476169820085,0 10.915758421152002,2.663872761797964,0.5 -11.317326646293541,-20.35112079422394,0.5
1964 21 4 1 1 0 1 -21.465633327342964,1.2151484913635306,0 10.483216276144237,-0.5934446120612591,0 -27.79515383488896,-4.436149602398171,0.5
3628 7 22 0 1 1 1 -20.43492162352269,13.515323830396548,0 -15.456889532525764,17.41650269081871,0.5 11.233620343095708,-0.23616516929106357,0.5
2734 3 19 0 1 1 1 11.564723093486696,26.048170372810745,0 13.396530616135266,15.387753814346995,0.5 0.4115783708168692,-13.859314674422965,0.5
948 2 28 0 1 1 0 -2.4069230412606504,-29.401644877003882,0 -8.305327997896672,-27.915435279560906,0.5
3869 3 30 0 1 1 0 -27.898737356678687,5.823268317968958,0 -28.63059226213636,12.105337117127206,0.5
2846 8 7 1 1 1 1 -2.0361775163563376,-8.252513624459214,0 5.629431956985169,22.81577296174018,0 7.6219309552268015,5.84432789238895,0.5 -0.0436785181147048,-25.22395869381044,0.5
2341 24 29 1 0 1 0 -21.06856344370111,-12.504624521301759,0 28.430627294571153,9.896940519028377,0.5
1222 3 27 0 1 1 0 9.738225074907273,-26.78464060596011,0 3.7576612604978727,-27.89498130222269,0.5
2692 10 31 1 1 1 1 -4.884086319813315,-9.29492876899078,0 10.00074817866536,19.032473193647785,0 19.963646827434676,25.093879838507586,0.5 5.078812328956002,-3.233522124130979,0.5
3018 11 31 1 1 1 0 0.32511151785814046,-11.49540353797795,0 -0.5795466187905982,20.49180630683026,0 5.107078992637938,31.65703309160472,0.5
2923 30 4 1 0 0 1 -3.680027180580694,-30.277176221540003,0 2.6381085201072443,-28.02303308773227,0.5
1177 4 5 0 1 0 1 7.547725561414738,-26.443937657799125,0 -13.042849211792193,23.835563438661392,0.5
3432 18 1 1 1 0 1 11.612290183877949,-14.401552578989943,0 -8.473833377424448,10.509241071154822,0 23.815360328768488,-19.97695203005003,0.5
755 30 31 1 0 1 0 11.450174922371135,28.269126167023686,0 -17.386730067437142,-26.94348933531211,0.5
3456 15 30 1 1 1 0 10.17707921417082,-11.690896401409612,0 -10.833664969923777,12.445147782145716,0 -15.500357266048539,26.94418164696891,0.5
3187 28 31 1 0 1 0 8.251690745626634,-27.27928884407619,0 -3.37728159378182,31.887990984637185,0.5
3698 9 7 0 1 0 1 -20.0154572185126,10.27771727252174,0 24.53533357727508,-5.8538368829203105,0.5
3897 14 8 1 1 0 1 14.310632852001472,-2.335762696683075,0 -17.271453442070744,2.819023944272677,0 24.159617117388485,2.1360947406866604,0.5
378 18 4 1 1 0 1 15.333583047738095,10.350421774890089,0 -11.189371413214285,-7.5530104843792545,0 19.43627044126795,20.358816059238166,0.5
432 18 7 1 1 0 1 14.401552578989934,11.612290183877958,0 -10.509241071154817,-8.473833377424457,0 15.306178220647872,20.0492121610243,0.5
1850 22 27 1 1 1 0 -21.878323208947723,5.252520686757874,0 9.237514243777927,-2.2177309566311028,0 25.33950062780067,-12.25396702842346,0.5
447 28 31 1 0 1 0 21.758551948224177,18.40693937395432,0 -27.924070968869742,-15.763764161060212,0.5
3930 27 0 1 0 0 1 27.333926275017443,-3.0176935550037345,0 31.96817596338443,2.507134933363164,0.5
480 6 30 0 1 1 0 -18.588699999245996,-17.45595120118156,0 -26.340825771925182,-16.504874966296534,0.5
906 7 3 0 1 0 1 -3.604413340046615,-24.233410912913065,0 -1.7418238892306066,29.072599635032734,0.5
1347 0 2 0 1 0 1 16.331956389691584,-26.9354264953279,0 -20.42556420532918,22.114391849969003,0.5
3145 5 10 0 1 1 1 -5.983733572031244,25.815594754701007,0 3.474127019693509,11.58362816439804,0.5 10.69976755950482,-19.58992021863714,0.5
236 23 0 1 1 1 1 21.90367114276796,8.513471117556822,0 -7.922604455894793,-3.0793406169886377,0 -2.639687756456379,5.411288991396993,0.5 27.18658784220637,17.004100725942454,0.5
3915 2 11 0 1 1 1 -29.237442547296258,3.9270794865332923,0 -10.598919063549397,7.4774938772512005,0.5 21.1162728521618,3.2176110444015276,0.5
3560 29 2 1 0 0 1 22.730140661885788,-18.804007697586343,0 26.554684600377925,-14.180928240931607,0.5
3707 25 18 1 0 1 1 22.846583420989845,-11.326236179232355,0 -13.909975537761492,13.592739993793632,0.5 14.76024679446106,-0.6205759958312829,0.5
1450 30 1 1 0 0 1 -19.8081654740706,23.192381950800943,0 -24.370601267670786,19.295693660819843,0.5
1269 27 0 1 0 0 1 -11.277261121205429,25.081335323386362,0 -18.389881354846878,26.26903621670683,0.5
3048 30 30 1 0 1 0 2.297467568601935,-30.413346457948727,0 3.685485832961749,30.86530729111632,0.5
1721 29 1 1 0 0 1 -26.712095079357432,12.518545301726093,0 -30.16373463494096,7.509934278864449,0.5
1723 4 7 0 1 1 1 24.937644493562495,-11.591543776076252,0 4.272111674373134,-8.602270737525341,0.5 -24.746238281772314,4.886071110999753,0.5
2878 14 15 1 1 1 1 -2.7617618028522504,-14.234559063922784,0 3.33316079654582,17.17964024956198,0 8.842390505361834,14.073454805082044,0.5 2.747467905963763,-17.340744508402718,0.5
3268 19 3 1 1 1 1 7.968656957358795,-17.79748595436831,0 -5.108113434204356,11.408644842543788,0 4.045877762843798,5.646315004330352,0.5 17.12264815440695,-23.559815792581748,0.5
815 3 6 0 1 1 1 -8.165949752742257,-27.305077634676095,0 -7.610846989504604,-4.508326530138283,0.5 1.5579386977849472,26.150006252655928,0.5
48 11 0 1 1 0 1 11.46732735299706,0.8662582635712263,0 -20.441757455342586,-1.5441995133226207,0 30.95854452504174,8.355747775693565,0.5
3795 25 5 1 0 0 1 24.189304962950363,-8.07016266313046,0 27.03676696066539,-2.69503846255902,0.5
3792 8 0 1 1 0 1 8.050335592455324,-2.7280206833612834,0 -22.256810167376486,7.542174830469431,0 31.759258266177696,-4.427133878958645,0.5
1807 25 29 1 1 1 0 -24.337117764963363,7.612798361595071,0 6.203579038127916,-1.9405172294261945,0 26.36345819203329,-14.533343461052343,0.5
1366 28 31 1 0 1 0 -15.49717375919559,23.91835290059288,0 12.093012491617678,-29.698637155222777,0.5
824 13 5 1 1 0 1 3.6848511294838926,12.987373566412158,0 -5.049610807070519,-17.797511924342587,0 1.4610602616926078,27.131444910135226,0.5
1262 23 26 1 1 1 0 -9.400684725075719,21.537806914812105,0 3.4002476665167496,-7.790270586208633,0 5.101757605346124,-26.687489003956383,0.5
2113 2 28 0 1 1 0 29.03650173500089,5.208797077376918,0 29.111629895314806,-0.8735014815173949,0.5
2629 9 19 1 1 1 1 -5.228182720986745,-7.9319673118322696,0 12.38253802338966,18.78623837012906,0 15.74119651897212,12.97939644787461,0.5 -1.8695242254042839,-13.73880923408672,0.5
3259 28 0 1 0 0 1 11.277615176629846,-26.173753951771,0 17.97499655349004,-26.55465117266693,0.5
444 25 0 1 1 0 1 19.54557167363842,16.377442656002902,0 -4.982204544260774,-4.1746422456477985,0 20.291013795435013,24.829916615918506,0.5
3703 21 22 1 1 1 1 19.20242406449231,-9.670414161110509,0 -9.377928031496243,4.722760404263272,0 -17.396839836484364,15.479016884276293,0.5 11.183512259504184,1.085842318902512,0.5
3671 1 25 0 1 1 1 -26.516965567880952,15.069855243890569,0 -19.205360344840027,17.81583941398345,0.5 8.61571828375638,2.004843748262197,0.5
1461 13 27 1 1 1 0 -8.94360582933291,10.112463338352452,0 12.256052432789545,-13.85782013033484,0 13.724028168632616,-24.574398280051103,0.5
2286 14 12 1 1 1 1 -13.061223733778274,-6.297176714702165,0 15.763545885594468,7.600040862571579,0 13.865403928306304,0.023956312490168052,0.5 -14.959365691066438,-13.873261264783576,0.5
3700 4 2 1 1 0 1 4.009529358847655,-2.0429572488279613,0 -24.502679415180115,12.484738742837541,0 29.008635461994132,-8.04668059718643,0.5
2652 21 31 1 1 1 0 -11.176072866345253,-18.366964781534847,0 5.458082097517449,8.9699130328426,0 21.499910882748118,23.79083504280354,0.5
3936 5 22 0 1 1 1 -26.366201950004456,2.6595854435571997,0 -21.784227592971963,8.22784468604014,0.5 10.054204950429641,5.016269810801258,0.5
3256 30 26 1 0 1 0 11.936896838534665,-28.06707134465905,0 -4.850011086990634,26.73438595621878,0.5
2057 4 14 1 1 1 1 -4.481974727697357,-0.40237114742760666,0 27.389845558150512,2.458934789835374,0 14.978413430261625,-4.679437050774188,0.5 -16.893406855586246,-7.540742988037168,0.5
2894 1 4 0 1 0 1 5.054951746257639,30.078189154984162,0 1.3592774396006524,-28.114095483265913,0.5
2239 7 28 1 1 1 0 -6.977651904600676,-2.749977072308523,0 22.793662888362206,8.983258436207842,0 28.71505889532939,4.867791351091847,0.5
3164 3 2 0 1 0 1 -7.260965681976385,27.5595424012294,0 13.317745334234377,-26.997919534891544,0.5
3034 6 30 1 1 1 0 0.34698098343193756,-6.490732177276814,0 -1.3612330888483706,25.4636416185475,0 4.363303549074891,30.776802662697605,0.5
828 11 18 1 1 1 1 3.0693728771843203,11.082822300335112,0 -5.471490781067701,-19.756335404945197,0 -10.720028872167008,-16.227476112442925,0.5 -2.1791652139149864,14.611681592837385,0.5
1923 31 4 1 0 0 1 -31.269870523885572,3.800683809452204,0 -28.02303308773227,-2.6381085201072327,0.5
2924 11 10 1 1 1 1 -1.3696173410910002,-11.418149952552858,0 2.4414917819448267,20.354093393681183,0 7.207815808415013,9.710684387413826,0.5 3.3967066853791863,-22.06155895882021,0.5
2171 1 5 0 1 1 1 29.406323003993478,8.094329335084153,0 6.895106640408821,-4.325217268229444,0.5 -23.957428970338434,-12.817628373891505,0.5
2811 31 13 1 0 1 1 -9.214966118460513,-30.121991956635686,0 9.68679347108035,11.15419348266091,0.5 0.3255580491522103,-19.44592533042931,0.5
3400 31 31 1 0 1 0 18.5152354472129,-25.484035322810847,0 -13.661133480963212,29.010746836565684,0.5
1826 14 26 1 1 1 0 -13.96176618509952,3.9139602696771965,0 16.850407464775284,-4.723745153058686,0 23.896761537039595,-12.930382362554678,0.5
2504 7 16 1 1 1 1 -5.26987477349137,-5.336517579069639,0 17.214924260071808,17.43262409162749,0 15.862938564936725,7.52443885516011,0.5 -6.621860468626453,-15.244702815537018,0.5
468 2 31 0 1 1 0 -21.881382295792807,-19.78522450783324,0 -27.388979300490604,-16.676145024474245,0.5
2827 30 29 1 0 1 0 -8.186671927557885,-29.380748845979667,0 13.698075899633956,26.806952766919768,0.5
1583 10 0 1 1 0 1 -8.32686209056569,6.39635581598616,0 17.050241423539273,-13.097300004162138,0 -28.63564673797488,14.4308605390638,0.5
585 27 28 1 0 1 0 16.68376465255499,21.860969718156525,0 -22.06011312388205,-19.01581996553204,0.5
2161 19 26 1 1 1 0 -18.879730841140127,-4.879115018740828,0 12.102391564833415,3.127637832526172,0 27.1583362770594,0.8214442538354456,0.5
2594 8 31 1 1 1 0 -5.0607626375210195,-6.829251900953082,0 13.99152023314635,18.88087290263499,0 23.575239351485955,21.73610106528188,0.5
1124 0 7 0 1 1 1 6.096808243602099,-30.904351299465024,0 -4.434922094278552,-8.519475689130168,0.5 -10.628505071906082,22.875420869056523,0.5
1575 18 7 1 1 0 1 -14.528363221293777,11.453238062231932,0 10.601778566890054,-8.357768315682762,0 -22.954828502437252,10.45590017280647,0.5
1488 20 25 1 1 1 1 -14.219892769162497,14.766335010202095,0 7.977013016847254,-8.28355378621093,0 13.366305148899077,-22.529799969518457,0.5 -8.830600637110674,0.5200888268945674,0.5
3993 31 3 1 0 1 1 31.498095802386192,-0.3463536107813881,0 -3.433816306148043,6.0381210302238735,0.5 28.564249270879202,5.686269743080876,0.5
430 30 30 1 0 1 0 23.80312742381906,19.069901018239005,0 -27.55458336183329,-14.387318574209026,0.5
2888 23 7 1 0 0 1 -4.113041885918985,-23.13726186143633,0 1.6193210622809717,-25.171964549817186,0.5
702 10 21 1 1 1 1 4.737485386639373,9.370497970299038,0 -9.70056531549967,-19.187210129659935,0 -15.055135584241977,-16.480075623008865,0.5 -0.617084882102934,12.077632476950107,0.5
2514 26 2 1 0 0 1 -18.32175467731298,-19.14584303561376,0 -16.061007727058502,-25.461618777905045,0.5
3511 2 31 0 1 1 0 -21.216947184457684,20.496125296551373,0 -18.486680831563014,26.20100440502083,0.5
3096 4 10 0 1 1 1 -4.131203700820825,27.187922980292633,0 4.354541782659533,11.282196854472641,0.5 9.161760634523764,-20.35465897714061,0.5
2254 18 0 1 1 0 1 -17.046951555197722,-7.186893812680271,0 12.439667351090229,5.244490079523441,0 -26.695006006089006,-17.765884563817018,0.5
2181 2 28 0 1 1 0 28.31570075667046,8.27472601713748,0 29.038841615862136,2.235101252487979,0.5
1971 26 0 1 0 0 1 -26.47250988687455,1.206739528369388,0 -31.740547117236403,-4.559349591607985,0.5
3180 31 28 1 0 1 0 8.78821984023572,-30.249251098823706,0 -2.189484408056374,29.042316678028254,0.5
1883 0 1 0 1 0 1 30.96951966636701,-5.756635443947023,0 -31.08286230120241,-0.32507101453389975,0.5
2335 18 14 1 1 1 1 -15.997198649622868,-9.291912363152392,0 11.673631447022094,6.780584697435529,0 15.551938086402483,2.094569587457971,0.5 -12.11889201024248,-13.977927473129949,0.5
3874 19 14 1 1 1 1 19.119313655772412,-3.834298545000698,0 -12.255970292161804,2.457883682692755,0 -13.037141371215169,8.734010812161262,0.5 18.338142576719047,2.4418285844678085,0.5
2954 9 9 1 1 1 1 -0.685840832887177,-9.475210939707075,0 1.6243598673643664,22.441289067727283,0 6.6701845842811185,9.04204830840991,0.5 4.3599838840295755,-22.874451699024448,0.5
2981 23 0 1 1 0 1 -0.7012564438590032,-23.489534678233756,0 0.2536459477787884,8.496214670850508,0 5.057345961184848,-31.66501621393691,0.5
403 21 9 1 1 1 1 17.334120206402602,12.719208964003423,0 -8.46550056591755,-6.211706703350509,0 -11.208809104411408,-0.7826866939356707,0.5 14.590811667908742,18.148228973418263,0.5
2994 31 30 1 0 1 0 -0.2968761106440235,-31.49860099393192,0 6.287184994864579,30.442097576224107,0.5
1083 15 27 1 1 1 0 -2.0151093530585396,15.368452566710026,0 2.145116408094575,-16.359965635530028,0 -2.373884399429053,-28.046651722766253,0.5
530 1 26 0 1 1 1 -20.526881662048087,-22.558748396847594,0 -22.272618177880652,-15.562148935874518,0.5 -0.7362177455679051,8.106046103440992,0.5
3735 29 23 1 0 1 1 26.9809112140591,-11.92813606809798,0 -19.067206682094945,14.98971745371719,0.5 10.200222431460686,2.0507223967973474,0.5
1008 17 22 1 1 1 1 -0.21990569795867143,17.49861827356678,0 0.18220757830861345,-14.498855140955333,0 -5.716790367847461,-22.573619733885977,0.5 -6.118903644114747,9.423853680636137,0.5
2768 8 28 0 1 1 0 8.375679149761405,21.956730147730376,0 15.763712198067331,24.48990358773393,0.5
3738 7 28 1 1 1 0 6.873768164301733,-3.0002185292794885,0 -22.454309336718996,9.800713862312996,0 -23.720144200922995,16.899844942703442,0.5
804 0 3 0 1 1 1 -9.545610993432382,-30.018849257792393,0 -6.778499492818022,-1.517216077513622,0.5 2.918629135430746,28.978122851037384,0.5
1253 4 0 0 1 1 1 10.643403290765278,-25.356813017217423,0 -5.338879143924433,-2.7832300455709227,0.5 -17.723930245905848,26.72287964719117,0.5
2523 27 27 1 0 1 1 -18.73036919034948,-20.135125278805862,0 23.123487432998033,16.048499273638704,0.5 1.3281487387731814,-7.381464687153573,0.5
515 31 14 1 0 1 1 21.74291406738477,22.792448044436153,0 -14.350061658530034,-6.350254356825892,0.5 7.737978028971955,16.803978577204486,0.5
852 20 30 1 1 1 0 4.722983246870108,19.948519475133594,0 -2.6494784067807924,-11.190632876294455,0 -12.865468579528773,-28.297168024895317,0.5
137 9 31 1 1 1 0 9.280872031566663,2.0286484007051815,0 -21.981012706342096,-4.804693580617536,0 -32.054669410376945,-0.864967624506658,0.5
1692 29 20 1 0 1 1 -26.114323684307426,13.721956803285027,0 15.35633541385058,-14.846984968582632,0.5 -12.971066548787984,0.03784952989604218,0.5
632 17 26 1 1 1 0 9.56190106784971,14.65674070073748,0 -7.922718027646902,-12.144156580611053,0 -19.50461842871098,-18.916126980711137,0.5
869 1 5 0 1 0 1 -6.231918726247489,-29.85654348697193,0 -0.4588004811892823,27.16688245122102,0.5
2651 17 23 1 1 1 1 -9.120275440882287,-14.935547391456378,0 7.556799651016751,12.375167838635285,0 17.367986126255545,16.929354917367494,0.5 0.690911034356505,-10.381360312724167,0.5
1418 25 31 1 0 1 0 -15.565753043530863,20.19795366337416,0 14.475823485920676,-28.61294347676358,0.5
1581 27 23 1 0 1 1 -21.75571170613077,16.82079094929024,0 14.92125379630297,-19.120831183458378,0.5 -10.394483461740109,0.452452830261179,0.5
2873 30 6 1 0 1 1 -6.044202752464597,-29.895110186903466,0 7.1691140659816615,5.182065563937211,0.5 0.8276554404450351,-26.183295943633638,0.5
3010 0 22 0 1 1 1 -0.49478049532234264,31.49611392317231,0 5.645845155374005,22.591468134708286,0.5 6.148479309352258,-9.404584104704854,0.5
2801 1 5 0 1 0 1 9.379442279013313,29.021992738863705,0 -2.440107015103952,-27.06096594275305,0.5
3939 1 7 0 1 1 1 -30.36009379909989,2.9179966603572933,0 -6.891564705937882,6.690017631058329,0.5 24.961648460330856,3.628512938224447,0.5
2032 16 10 1 1 1 1 -16.47915978399929,-0.8290312499661954,0 15.480422827393271,0.778786931786426,0 10.788203953441801,-5.464856398748526,0.5 -21.17137865795076,-7.072674580501147,0.5
2235 3 29 0 1 1 0 26.58021215957819,10.28310855489778,0 29.67771614164713,5.048085242526856,0.5
2509 1 24 0 1 1 0 21.259719015804905,21.869484387360924,0 21.379672859389697,13.385050931000434,0.5
729 30 8 1 0 0 1 12.594837117129776,27.778050291425604,0 4.239684278819545,23.880432936107553,0.5
1163 23 25 1 0 1 1 -5.9514090658897105,22.733911456906085,0 0.6535090399468553,-26.18822112963589,0.5 -7.450537347647644,4.768594471257502,0.5
213 27 14 1 0 1 1 25.97508196112807,9.030233502666436,0 -15.666185070994748,0.9058947628401848,0.5 14.559364847408819,11.413802838670218,0.5
3808 14 14 1 1 1 1 13.845535898826324,-4.307102932867008,0 -16.71012953306625,5.198227677598113,0 -12.063286409364114,10.036290201346866,0.5 18.49237902252846,0.5309595908817446,0.5
349 29 23 1 0 1 1 25.17706560274076,15.374178600344406,0 -23.183258076829638,-7.126467914971152,0.5 4.127457153262035,9.550607176927866,0.5
2287 28 31 1 0 1 0 -25.65258670355153,-12.417519696653235,0 30.96707366111553,8.324082463974305,0.5
2373 4 19 0 1 1 1 22.913299245634295,15.206272313753127,0 19.565344333541365,5.783364168886553,0.5 -7.097403879560361,-11.91120725075345,0.5
279 9 30 1 1 1 0 8.602200110301546,4.031395944623658,0 -20.373631840187873,-9.548043026740244,0 -30.16373463494096,-7.509934278864453,0.5
2494 2 6 0 1 1 1 21.05531826715443,20.662128948122287,0 8.841774319499578,0.27023486643621286,0.5 -13.997892953345904,-22.142921958645587,0.5
2632 10 5 1 1 1 1 -5.737140640709823,-8.79404442044249,0 11.747478454786782,18.00685286090605,0 8.03033714729133,1.3280381398261674,0.5 -9.454281948205274,-25.472859141522374,0.5
2668 8 31 0 1 1 0 11.707349975478028,20.37616147736552,0 20.895255025180894,24.323616454644498,0.5
918 2 12 0 1 1 1 -3.789258190908935,-29.255623773261604,0 -7.555914238167164,-11.625754170180219,0.5 -3.445532471757471,20.109159753357794,0.5
1869 4 4 0 1 0 1 26.919834291532066,-5.6189431138297055,0 -28.14578551636764,-0.2544752770500187,0.5
2022 18 25 1 1 1 0 -18.488954544566997,-0.6391868654277278,0 13.491939802792134,0.46643365855536895,0 25.69207903129864,-5.115376335080807,0.5
3965 16 18 1 1 1 1 16.475070107933877,-0.906677968555361,0 -15.476581010483338,0.8517277886429149,0 -18.142347223360275,7.007512913083481,0.5 13.80930389505694,5.249107155885205,0.5
2422 14 4 1 1 0 1 -11.429271373861381,-8.923102367597986,0 13.7939482098327,10.7692614781355,0 -17.98388610866207,-21.652478851869855,0.5
2616 0 4 0 1 0 1 17.868971897492827,25.941276825295464,0 -10.658700515215235,-26.050760129542294,0.5
3865 9 25 1 1 1 1 9.287199408765513,-1.999481718302399,0 -21.995998599707793,4.735614595979365,0 -23.665967854074335,11.232629502032026,0.5 7.617230154398971,4.497533187750261,0.5
3112 6 28 0 1 1 1 -4.463088003869528,25.10639053049474,0 0.9192288263798787,29.11022188793401,0.5 6.519966713588698,-2.395836817000566,0.5
3230 6 3 0 1 0 1 -9.013608516371045,23.853822786161622,0 15.686697232688022,-24.539305815975684,0.5
1595 28 19 1 0 1 1 -22.924705605197406,16.9324502927081,0 12.120598510354416,-16.41161453821026,0.5 -13.619421818288288,2.600259474654975,0.5
429 16 15 1 1 1 1 12.893290954254946,10.296263806300207,0 -12.111879381269796,-9.672247818039587,0 -15.855975310833507,-4.9837783801286974,0.5 9.149195024691235,14.984733244211096,0.5
508 2 31 0 1 1 0 -20.595879860307445,-21.12012624914402,0 -26.287829596425375,-18.363006701226844,0.5
3089 0 24 0 1 1 0 -4.389396896500229,31.192678546174808,0 2.52748721627915,25.09704780191378,0.5
3126 30 22 1 0 1 1 5.997236185770309,-29.904567512874806,0 1.4586751113907166,23.24053069358377,0.5 7.750857339084156,-8.134753254350453,0.5
2875 0 30 0 1 1 0 6.145345143508053,30.894736332701754,0 11.834966503911307,28.743409120201754,0.5
2493 23 18 1 0 1 1 -16.79871472683381,-16.4332949686439,0 17.420254989714422,8.64781568335784,0.5 -5.454590595761407,-13.729437039901937,0.5
732 27 29 1 0 1 0 11.2378495552496,25.099018653596325,0 -17.531297229143313,-24.472507379985238,0.5
49 8 21 1 1 1 1 8.474834449879175,0.6535908866723257,0 -23.43042465554831,-1.8069865690352533,0 -21.897704234404266,4.329035604214123,0.5 10.007554871023222,6.789613059921702,0.5
1112 11 27 1 1 1 0 -2.012765178215676,11.322489847085862,0 3.587972708993161,-20.18356885784871,0 -1.0942518853551375,-28.125657553404803,0.5
2019 8 2 1 1 0 1 -8.496214670850508,-0.25364594777878957,0 23.489534678233756,0.7012564438590065,0 -29.30781848275497,-6.877628645244393,0.5
1544 31 5 1 0 0 1 -23.758918493187274,20.682451306218127,0 -23.92717612402449,12.874014243036722,0.5
583 21 9 1 1 1 1 13.097300004162133,17.050241423539273,0 -6.396355815986158,-8.326862090565692,0 -10.545385980501205,-3.8787671394721075,0.5 8.948269839647086,21.498336374632856,0.5
1784 28 27 1 1 1 0 -26.875230272946638,9.485357018905116,0 3.300466875625026,-1.1648684058304528,0 23.935322469915853,-14.810480689739316,0.5
727 2 27 0 1 1 0 -12.266237479022795,-26.82889148116665,0 -16.891351849495823,-22.515155622303258,0.5
3410 4 1 0 1 0 1 -16.511556196461804,21.991328108394995,0 23.110924823361998,-20.787860731900963,0.5
1796 0 28 0 1 1 1 29.896528567194277,-9.922075369142105,0 25.159321014291564,-14.671692680117957,0.5 -5.21175562539786,-4.5921240511481995,0.5
3471 17 31 1 1 1 1 11.798036119510138,-12.92502780355749,0 -9.77551564187983,10.709308751519064,0 -16.805026911041395,27.310091001664105,0.5 4.768524850348572,3.6757544465875482,0.5
796 14 1 1 1 0 1 4.5673045350019175,13.761894102359271,0 -5.512264093967832,-16.609182537330156,0 3.912511979545025,30.837351540135813,0.5
245 1 20 0 1 1 1 -28.269126167023686,-11.450174922371133,0 -21.253053637974176,-2.134879636277578,0.5 8.406357422509691,9.87841864293148,0.5
69 10 10 1 1 1 1 10.438387043565129,1.1358150944285208,0 -21.373840136823834,-2.3257166219250665,0 -11.087424240381427,4.82897750189441,0.5 20.724802940007535,8.290509218247998,0.5
3767 2 5 0 1 1 1 -27.546154216283647,10.557432826815358,0 -2.9884491941921327,7.5709425710232665,0.5 26.89212487092911,-3.8811879529798343,0.5
3743 15 31 1 1 1 0 14.254047132156684,-6.088689543264284,0 -15.173663076166791,6.481508223474883,0 -26.610990155054825,17.89148409069452,0.5
3115 2 1 0 1 0 1 -5.299992083499184,29.01999455401131,0 11.382024605789592,-28.925758691401686,0.5
127 6 27 1 1 1 0 6.371089056225329,1.2881087833121259,0 -24.99427245134552,-5.053349842224494,0 -28.143631037856814,0.4313142763490019,0.5
542 12 19 1 1 1 1 8.236900779171462,9.402311713301392,0 -12.84956521550748,-14.667606272750172,0 -17.36267483789215,-10.71389389874787,0.5 3.7237911567867936,13.356024087303695,0.5
2528 31 12 1 0 1 1 -21.272983455812273,-23.23166319678247,0 12.86673880566185,5.166917118251023,0.5 -8.743911054210937,-18.433502637210538,0.5
1942 26 1 1 0 0 1 -26.39009658193742,2.410975403444609,0 -30.919388610179585,-3.2002199881722246,0.5
675 25 4 1 1 1 1 12.459841658172351,22.248648180356327,0 -3.176038069730207,-5.671224045973181,0 -7.43377162917308,-0.9945045828458574,0.5 8.202108098729479,26.925367643483646,0.5
3655 18 3 1 1 0 1 15.849274099003416,-9.542039118273381,0 -11.565686504678169,6.9631096268481425,0 27.511164677364196,-9.55959298793356,0.5
57 0 28 0 1 1 0 -31.373823093881494,-2.8165980319932586,0 -28.92233480532007,3.4276157032216226,0.5
3414 6 25 0 1 1 1 -15.438539138215539,20.2953568403659,0 -10.663161058129445,23.92795428465191,0.5 8.710691978062604,-1.5407288091405924,0.5
1903 25 4 1 0 0 1 -25.20457105895127,3.870348528786027,0 -28.092070403681415,-1.7565820318467402,0.5
1189 15 8 1 1 1 1 -4.534348407496439,14.821932550090574,0 4.826887014431693,-15.778186262999645,0 -3.250944118504756,-9.883388201338615,0.5 -12.612179540432887,20.716730611751608,0.5
1631 24 29 1 0 1 0 -20.49838395613991,13.418876822844226,0 21.395472072206616,-21.177435510642617,0.5
3194 3 0 0 1 1 1 -8.551137327876358,27.18690954117072,0 5.573539950283724,2.2772027627313514,0.5 15.174816950004548,-28.248450055425245,0.5
690 31 24 1 0 1 1 14.739789149208065,27.83861734779384,0 -16.766874229916212,-18.844679051609546,0.5 -1.7931201735778584,9.435821111228641,0.5
3142 28 28 1 0 1 0 6.304430644522022,-27.793958952412872,0 -0.4530708650666808,29.12120750915435,0.5
177 1 31 0 1 1 0 -29.328730856831758,-8.371113804478163,0 -31.937105075969487,-2.875990154100708,0.5
3805 31 27 1 0 1 0 30.033806428048543,-9.498445738251608,0 -24.410761979105562,14.013018932387634,0.5
2589 15 22 1 1 1 1 -9.32597219982021,-12.380478283498606,0 9.927647825615061,13.179218817917873,0 18.330144786899766,14.361608269664346,0.5 -0.9234752385355058,-11.19808883175213,0.5
1356 29 5 1 0 0 1 -15.65007993704866,25.006499114509953,0 -19.144614000638956,19.2803982004143,0.5
3135 20 4 1 1 0 1 4.314671076336747,-20.040798724178213,0 -2.4204252379450044,11.242399284295095,0 11.653573021674624,-25.621167729603922,0.5
2639 28 1 1 0 0 1 -15.30884341675528,-24.039328469016528,0 -11.322236961296031,-28.94921329142231,0.5
3984 9 23 0 1 1 1 -22.492894258874248,0.5654271474751036,0 -23.34179787549752,6.588662378618241,0.5 8.648096181568077,5.784499324431427,0.5
477 19 24 1 1 1 0 14.277634288607793,13.281534516793272,0 -9.152329672184482,-8.513804177431584,0 -22.025192162648747,-12.293937945117353,0.5
625 16 30 1 1 1 0 9.166908844823437,13.719248602991996,0 -8.611338611803836,-12.887778990689451,0 -21.93370978091314,-22.026401777110014,0.5
3923 0 3 0 1 0 1 -31.269870523885576,3.800683809452194,0 29.015727390077842,2.517451891235744,0.5
1080 31 29 1 0 1 0 -3.9479968572755877,31.25161309140605,0 -2.2553578177398883,-30.019383090162922,0.5
2031 10 3 1 1 0 1 -10.487553804230172,-0.5110921672039719,0 21.474514932471305,1.046522056655752,0 -28.174164801651052,-7.380138056256594,0.5
2427 31 21 1 0 1 1 -24.676095707439064,-19.579078135533027,0 20.571762746766286,8.663289068867485,0.5 -4.496017019521015,-11.226568084689879,0.5
668 9 19 0 1 1 1 -11.209164870138544,-19.509090776201027,0 -14.917033761107012,-13.918768040670608,0.5 1.0248896097566957,13.827494396593071,0.5
806 1 29 0 1 1 0 -9.151217140358924,-29.094762842305503,0 -14.574737137522009,-26.340596754290452,0.5
1213 29 2 1 0 0 1 -9.686977757405813,27.86417883102829,0 -15.354268367106481,25.89394606681016,0.5
1207 30 31 1 0 1 0 -9.743393235931338,28.901838838558483,0 4.377241111491353,-31.766173207546892,0.5
897 23 30 1 0 1 1 3.7855464394518608,23.193094622209287,0 -10.834797197299467,-29.135153503858387,0.5 -5.680010556343742,2.446932790213834,0.5
3603 10 31 1 1 1 0 8.523667678295048,-6.131646541508105,0 -17.453224293651765,12.555276251659453,0 -22.067205011166227,23.265606869264342,0.5
2992 9 8 1 1 1 1 -0.11937737889185253,-9.499249919936252,0 0.2827358973754402,22.49822349458586,0 6.106337604231396,8.423932636432319,0.5 5.704224327964104,-23.573540778089797,0.5
2223 12 1 1 1 0 1 -11.74092578940984,-4.28959923624235,0 18.31584423147935,6.691774808538066,0 -26.58885129276368,-16.102266515348056,0.5
2380 28 27 1 0 1 0 -23.57179636682502,-16.019376268785713,0 26.117216059663235,10.49480944528621,0.5
1948 23 22 1 1 1 1 -23.4216493087997,1.9173793718517111,0 8.471660388289253,-0.6935201983293423,0 21.93543971135672,-7.815784328487733,0.5 -9.95786998573223,-5.2048847583066795,0.5
2849 13 1 1 1 0 1 -3.172128349393183,-13.122027348507398,0 4.346990701020288,17.98203747758421,0 -1.334648190033164,-31.05589660932109,0.5
1935 28 31 1 0 1 0 -28.351576040209206,2.9048469901589256,0 30.724405730724083,-9.179373208114434,0.5
2967 27 3 1 0 0 1 -1.424859367004201,-27.46306202491376,0 4.5152683705404675,-28.77259723316609,0.5
2259 2 29 0 1 1 0 27.092131283412083,11.673320972301081,0 29.466366057439423,6.163056982454555,0.5
3754 0 26 0 1 1 1 -29.1773711571006,11.871436827983128,0 -22.28481633953229,15.544676282036715,0.5 7.355687693077843,3.4848039488475044,0.5
1495 2 0 0 1 0 1 20.695177060240244,-21.022836308293563,0 -26.374071025333187,18.23892479151884,0.5
108 8 21 0 1 1 1 -23.162647986001453,-3.967585950749246,0 -22.204359463979863,2.2839485095702097,0.5 9.336267580788077,7.6866187403776935,0.5
110 31 14 1 0 1 1 31.03094377387538,5.4157666588014,0 -15.315659830920678,3.417684002877205,0.5 16.207838606032087,8.91941521181831,0.5
1148 2 3 0 1 0 1 6.796488086959413,-28.706406073972737,0 -12.404689726175583,26.350971002931068,0.5
2117 29 5 1 0 0 1 -29.003200957391325,-5.39113478083927,0 -24.95722090460456,-10.741839913104698,0.5
3418 22 26 1 1 1 1 13.734487979586053,-17.82172382062426,0 -5.799006035825222,7.524727835374687,0 -11.423715046012658,24.652560405513743,0.5 8.109778969398615,-0.6938912504852048,0.5
1338 15 29 1 1 1 0 -7.848189513973558,13.36622315213821,0 8.354524321326691,-14.228560129695515,0 9.762854951573592,-28.47694968205926,0.5
2573 5 28 0 1 1 0 16.471287955289696,20.75925511895667,0 22.414612733565903,18.59664313805762,0.5
1972 11 18 1 1 1 1 -11.488878748798435,0.505633360655447,0 20.480175160901556,-0.9013464255162315,0 18.21830058163812,-6.80760779694925,0.5 -13.750753328061874,-5.400628010777571,0.5
1837 29 1 1 0 0 1 -28.538314382073597,7.470917763563683,0 -31.025223567275486,1.9197662880085007,0.5
2103 25 31 1 0 1 0 -25.1669750155888,-4.107720604511594,0 32.05513869090654,-0.8473980804477481,0.5
2704 6 23 1 1 1 1 -2.914490904585208,-5.809969256983215,0 11.433772010295815,22.79295631585723,0 15.900054123023335,18.31497417101451,0.5 1.5517912081423115,-10.287951401825936,0.5
2720 28 30 1 0 1 0 -12.134709809604557,-25.787570995281563,0 18.415230707530817,25.04254935082317,0.5
1858 19 30 1 1 1 0 -19.016919283229857,4.3135578094098195,0 12.190332873865293,-2.7651011598780895,0 28.41716365548983,-12.598206609557877,0.5
3494 31 1 1 0 0 1 22.062951249689906,-22.482797471707265,0 25.644977712564625,-17.566590964728004,0.5
2357 3 5 0 1 0 1 24.135041620387188,15.157498671686504,0 -19.250302137197945,-19.174875948140894,0.5
1650 2 25 0 1 1 1 25.15288484844572,-15.413707659120492,0 18.60733280273366,-18.43955438638125,0.5 -8.677152456597293,-1.7196003154708852,0.5
361 24 27 1 1 1 0 20.665387631259826,13.160233814403654,0 -6.3261390707938245,-4.028643004409282,0 -26.41875766310478,-9.710779759532308,0.5
2016 0 31 0 1 1 0 31.490051962423948,0.7915980064651335,0 31.640832535083973,-5.206507129234666,0.5
2816 12 9 1 1 1 1 -3.562740780874712,-11.981522362717195,0 5.557875618164551,18.691174885838823,0 8.458813727569034,7.395841420845207,0.5 -0.6618026714702276,-23.276855827710815,0.5
402 26 28 1 0 1 1 21.38991021602961,15.643584657941805,0 -26.546186758660177,-11.981234017175993,0.5 -0.7168612147753657,6.909132362225433,0.5
1969 29 5 1 0 0 1 -29.46503211664667,1.43592561262069,0 -26.760640839554608,-4.7029886089976864,0.5
1632 3 18 1 1 1 1 -2.9313481401474957,1.9123802135699424,0 23.869549141201038,-15.572238881926673,0 12.215902660374006,-15.13346365483683,0.5 -14.584994620974527,2.3511554406597854,0.5
1652 29 3 1 0 0 1 -25.201184235129205,15.334611607310938,0 -27.465810859154168,9.689129674494458,0.5
546 5 22 0 1 1 1 -17.336643676800318,-20.042225076664007,0 -19.257654082565704,-13.091705742042953,0.5 1.677160923381849,11.11022642600415,0.5
141 27 4 1 0 1 1 26.82825473593542,6.041088297960782,0 -5.708133676344512,4.864895675446873,0.5 25.51019910728943,11.894525694892145,0.5
2052 5 7 0 1 1 1 26.41164709290179,2.1621512065561785,0 7.96453812966417,-5.368065981442997,0.5 -23.928771567424786,-7.978965551624043,0.5
2517 24 19 1 1 1 1 -16.8553795674008,-17.78049998281397,0 5.159810071653306,5.443010198820604,0 17.769914345355076,10.023978459610925,0.5 -4.2452752936990255,-13.199531722023652,0.5
2406 28 28 1 0 1 0 -22.898079903195633,-16.968439431688118,0 26.470382941445763,12.147791031015354,0.5
741 8 14 0 1 1 1 -9.299086198273747,-21.58186729356556,0 -11.247998027079262,-10.94223653476843,0.5 1.4145874343998814,18.445838077746373,0.5
3008 3 1 0 1 0 1 -0.3581321366755471,28.49774975980876,0 6.382790481665149,-30.422195608916276,0.5
874 27 26 1 0 1 0 5.407344101924051,26.96313464275597,0 -11.093579147546297,-24.802872851690505,0.5
3317 31 3 1 0 0 1 15.04499353543801,-27.674865302628454,0 18.883539923039812,-22.173450790866124,0.5
2859 6 30 1 1 1 0 -1.427893597699825,-6.3412238466756445,0 5.601736421745468,24.877108936958297,0 12.553553509215158,28.436917805755105,0.5
3310 25 14 1 0 1 1 11.932210263644615,-22.536023567261687,0 -1.4823885262461491,15.622180521849495,0.5 13.49136553009219,-12.658319640988699,0.5
3207 18 7 1 1 1 1 5.909927044745236,-17.53062355781416,0 -4.312649465084362,12.79261719083736,0 3.289691270880848,9.023742646058249,0.5 13.512267780710445,-21.299498102593272,0.5
3337 31 16 1 0 1 1 15.90685826587082,-27.18863475994146,0 -3.1533762802291987,17.271543591563777,0.5 13.005971799385602,-10.348656799487864,0.5
1655 4 1 0 1 0 1 23.55973176878886,-14.18411220283881,0 -29.224599715094296,10.591164784503654,0.5
2960 2 0 0 1 1 1 1.8523203261147396,29.44178848863401,0 6.019555630334286,0.12227024703825651,0.5 4.010259005396263,-31.814585062666435,0.5
2880 2 21 0 1 1 1 5.527748780278877,28.977473896496317,0 9.922421767965211,19.994888003152457,0.5 3.9262197012220232,-11.438304020165578,0.5
163 30 27 1 0 1 0 29.505714869601515,7.7241692131760065,0 -28.123022104691728,-1.1600119391715111,0.5
2677 26 27 1 1 1 0 -12.875761904380198,-23.16170881825673,0 2.6723279424185318,4.807147113223095,0 18.605800199245127,21.120468719840716,0.5
1599 25 24 1 0 1 0 -20.606363996749554,15.02091085232396,0 16.263939325741973,-19.28041175931115,0.5
3943 29 1 1 0 0 1 29.381834326016,-2.6377664109143213,0 30.91432357318556,3.2487840821426857,0.5
871 15 23 1 1 1 1 3.1193577363521916,15.182872169410494,0 -3.3206066225684623,-16.162412309372463,0 -10.606589665854159,-21.81169997180861,0.5 -4.166625306933506,9.533584506974346,0.5
2205 23 30 1 1 1 0 -22.292104573699362,-7.437208728767269,0 8.06310165431679,2.6900542210434804,0 30.83116773916741,3.960946331285342,0.5
500 1 25 0 1 1 1 -21.5667568261897,-21.5667568261897,0 -22.27386360737625,-13.788582233137676,0.5 0.35355339059327395,8.838834764831844,0.5
1122 25 10 1 0 1 1 -4.856891446395342,25.033190077933174,0 -3.8902658933508993,-11.450582137124327,0.5 -9.985188492748975,19.963617176360437,0.5
2972 19 29 1 1 1 0 -0.8573783071983677,-19.481142226223433,0 0.5496014789733127,12.48791168347656,0 7.291257098445766,29.207662863097486,0.5
719 4 10 1 1 1 1 1.9224002911812619,4.068707057587975,0 -11.748001779441045,-24.86432090748207,0 -9.910543422873578,-6.930449412796927,0.5 3.759858647748729,22.00257855227312,0.5
1856 1 21 0 1 1 1 29.723069619990607,-6.84025820895612,0 19.606703199215122,-10.668982597131155,0.5 -11.578156729955346,-3.492318246750963,0.5
2750 31 27 1 0 1 0 -12.054528119500345,-29.102205274105525,0 16.067071585107705,23.110586549869836,0.5
1657 15 4 1 1 0 1 -13.304172003737362,7.952924449218099,0 14.162505681397837,-8.466016349167653,0 -26.68272753536039,8.960025182649906,0.5
1565 11 6 1 1 1 1 -8.918201046480695,7.260557147667845,0 15.897662735030805,-12.942732306712246,0 1.2526055579232565,-8.756767629454362,0.5 -23.563258223588242,11.446521824925728,0.5
29 26 15 1 0 1 1 26.47250988687455,1.2067395283693891,0 -15.757144921387619,5.287947042698935,0.5 16.209659470309955,6.74514194488084,0.5
2243 11 16 1 1 1 1 -10.672361360480528,-4.283772051746243,0 19.024644164334852,7.6362893096346065,0 17.54752997899184,0.5780931035591168,0.5 -12.149475545823542,-11.341968257821733,0.5
544 0 31 0 1 1 0 -20.682451306218127,-23.75891849318727,0 -25.20795959063475,-19.819403958669533,0.5
3323 14 31 1 1 1 0 7.045228211830669,-12.673387843951799,0 -8.502861634968049,15.295468087528034,0 -10.060990455790021,30.447109403825223,0.5
112 16 2 1 1 0 1 16.24531151973189,2.8878804730920544,0 -15.260747185202682,-2.7128574141167787,0 27.9945095147599,11.070566246945875,0.5
890 4 6 0 1 0 1 -4.728050257683762,-27.090506469256283,0 -1.5264638998037015,26.151862418623192,0.5
961 1 4 0 1 0 1 -1.8672937527029891,-30.442785911297875,0 -4.305119254703444,27.81575000252162,0.5
551 1 2 0 1 0 1 -19.771710543334486,-23.22346791912431,0 14.554906672577753,26.351559569645048,0.5
3037 9 24 1 1 1 0 0.5518241211785069,-9.483959623452938,0 -1.306951865949095,22.4620096344938,0 4.566743870720443,24.807153210701895,0.5
3827 6 31 0 1 1 0 -24.564232641720707,6.844594562384463,0 -28.73355924862335,14.234906845703325,0.5
2015 24 30 1 0 1 0 -24.493199540341013,-0.5772142384234533,0 30.63289271065068,-5.279761753882888,0.5
1526 30 25 1 0 1 0 -22.429329753820987,20.668216342838118,0 14.686511825095295,-21.6923113201737,0.5
3193 14 30 1 1 1 0 4.3288461271815,-13.838753238900741,0 -5.224469463839742,16.70194356419055,0 -3.379123272112504,30.90034831376287,0.5
1536 29 2 1 0 0 1 -22.005263790013373,19.647350089310425,0 -26.001334994618883,15.171703216765334,0.5
1570 5 28 0 1 1 0 20.68140579446574,-16.568930392896185,0 18.490810671128166,-22.501998149597576,0.5
1846 4 19 0 1 1 1 26.699308785015102,-6.587633141152855,0 17.494935362213724,-10.496534507729866,0.5 -13.57335122398567,-2.830925034388361,0.5
752 29 4 1 0 0 1 11.203483317893133,27.289777601616514,0 4.893461885842782,27.718297761078404,0.5
459 22 26 1 1 1 0 16.900850925898723,14.852987510280494,0 -7.13591483537946,-6.271261393229542,0 -23.866243315466626,-12.98662504297959,0.5
2461 15 7 1 1 1 1 -11.610606055145412,-10.268584470715558,0 12.35967741354189,10.931073791406883,0 9.592971112121544,0.47424175480607733,0.5 -14.37731235656576,-20.725416507316364,0.5
1949 0 21 0 1 1 1 31.39897510975764,-2.520785999806475,0 20.95089678923652,-7.701293639821747,0.5 -10.946474750834732,-5.140495163827868,0.5
442 26 19 1 0 1 1 20.36543330630553,16.95579919220623,0 -18.824933759479062,-7.865867336233518,0.5 5.767287591531388,12.609059990204189,0.5
2585 20 13 1 1 1 1 -12.436988195541002,-16.296359244443952,0 6.976847036523001,9.141860063956363,0 12.95987785885206,7.091654664719382,0.5 -6.453957373211942,-18.34656464368093,0.5
1586 23 29 1 1 1 0 -18.70356414700387,14.227673323453534,0 6.765118946788634,-5.146179712738512,0 19.846344782803957,-22.63564884782564,0.5
3412 0 30 0 1 1 0 -18.992280563204268,25.130524845464997,0 -13.602584384283816,27.950307656060573,0.5
1426 0 14 0 1 1 1 19.540292876261503,-24.706819995902425,0 4.288677039059595,-15.094941180893784,0.5 -15.561779216190185,10.004050560975347,0.5
3077 18 27 1 1 1 0 2.2321476341227093,-18.364844593393116,0 -1.6288644897652202,13.401373081665247,0 2.6381085201072545,28.02303308773227,0.5
40 23 5 1 1 0 1 23.453628118064383,1.4755772089388643,0 -8.483227191640308,-0.5337194159991637,0 26.070965186173314,7.652109138096433,0.5
3506 0 25 0 1 1 1 -22.482797471707254,22.062951249689917,0 -13.997892953345886,22.1429219586456,0.5 8.841774319499578,-0.27023486643621997,0.5
3968 5 21 0 1 1 1 -26.466529350059464,1.331474431763911,0 -21.171378657950754,7.072674580501165,0.5 10.788203953441805,5.464856398748517,0.5
781 18 3 1 1 0 1 6.239302061579119,17.41611638065084,0 -4.553004207098276,-12.709057899393859,0 3.9634275930324243,28.85379076854182,0.5
211 12 9 1 1 1 1 11.819692294503827,4.067539067205977,0 -18.43871997942597,-6.345360944841324,0 -10.935384896081777,2.5821226102852948,0.5 19.32302737784802,12.995022622332595,0.5
1577 7 16 1 1 1 1 -5.904434949779619,4.6246781427274435,0 19.287820835946754,-15.107281932909647,0 9.290014375333207,-14.897839873824068,0.5 -15.902241410393167,4.834120201813021,0.5
3204 22 5 1 1 0 1 7.0871966922443645,-21.354663262281626,0 -2.9923719367253985,9.016413377407797,0 14.04171964080735,-23.26112872431097,0.5
95 7 11 0 1 1 1 -24.227719219240363,-3.642474630474613,0 -12.264229338943341,4.2235860026524135,0.5 19.380138620880807,8.98110388735395,0.5
5 6 2 0 1 0 1 -25.499213519942135,-0.20027447266213902,0 29.451966745189026,6.231505022085722,0.5
3002 30 29 1 0 1 0 0.09581841831931512,-30.499849488656675,0 5.907293560377713,29.518703948370092,0.5
1214 21 9 1 1 0 1 -7.091891419465335,20.29667647903257,0 3.463481856017954,-9.912330373481023,0 -13.085935619170485,19.261575454020505,0.5
901 2 14 0 1 1 1 -4.569043056293346,-29.144019035639843,0 -8.173397916274324,-13.395729412848056,0.5 -3.2171478213120506,18.21812174445618,0.5
3431 31 31 1 0 1 0 19.733735123130746,-24.55259045579745,0 -15.057051226788374,28.311397145917592,0.5
3684 14 17 1 1 1 1 12.750086497763068,-6.905453953185112,0 -15.388035428334739,8.334168564188928,0 -12.530606206327107,13.610066425332267,0.5 15.6075157197707,-1.6295560920417733,0.5
1833 27 30 1 0 1 0 -26.559229855210837,7.131431097478071,0 27.900651781784077,-13.70414645833986,0.5
3617 2 0 0 1 0 1 -24.32046803490967,16.696252111265476,0 29.365161212449067,-12.881665535437438,0.5
1171 21 31 1 1 1 0 -5.705838711616708,20.729047363470812,0 2.786572394045369,-10.123488247276443,0 2.574866755120997,-31.962791824140965,0.5
1888 9 30 1 1 1 0 -9.35336117802745,1.662719060265125,0 22.15269752690712,-3.938018826943717,0 28.979073849289104,-11.24558930592116,0.5
2809 8 21 1 1 1 1 -2.5121012031196903,-8.120304646088384,0 6.945220973330909,22.450254021538473,0 12.086118087482783,18.766346196727305,0.5 2.6287959110321832,-11.80421247089955,0.5
2080 0 6 0 1 1 1 31.251613091406053,3.947996857275585,0 7.200744959929931,-5.138022189718889,0.5 -24.546925482133357,-9.148685663776627,0.5
1120 21 18 1 1 1 1 -4.028698263593084,21.119175890666806,0 1.9675038031501106,-10.314016132651231,0 -2.427169184536222,-19.29660202599509,0.5 -8.423371251279416,12.136589997322947,0.5
3638 30 28 1 0 1 0 25.700532570893177,-16.42353876521315,0 -20.78439166161235,20.402427876522417,0.5
3238 17 4 1 1 0 1 6.391030833102781,-16.291246879546378,0 -5.295425547428018,13.49846170019557,0 15.62861881072027,-23.40932023936621,0.5
966 9 29 0 1 1 0 -1.201088019572112,-22.467919075188966,0 -7.566204934600494,-29.13764820447297,0.5
2460 11 30 1 1 1 1 -8.626277300750287,-7.605086451221995,0 15.377276927424424,13.55689323913486,0 26.846258815670932,15.669345474588619,0.5 2.8427045874962205,-5.492634215768236,0.5
1710 22 27 1 1 1 0 -20.20562045461385,9.898631321758094,0 8.531261969725847,-4.179422113631196,0 22.056123314281436,-17.486492625601365,0.5
989 11 24 1 1 1 0 0.19869584803769363,11.498283348394775,0 -0.3541969465019756,-20.496939881921122,0 -6.422412901503665,-24.39267538673442,0.5
2455 31 6 1 0 0 1 -23.79137708698329,-20.645105383721504,0 -15.327285187801422,-21.244395231961846,0.5
2708 13 11 1 1 1 1 -5.9772361190251715,-12.104653996600684,0 8.19102727421968,16.587859180526863,0 10.471565877658783,7.654822536796804,0.5 -3.6966975155860675,-21.037690640330744,0.5
708 28 1 1 1 0 1 12.618609584608697,25.55426954837922,0 -1.5496538086361558,-3.138243628748325,0 8.124279825975087,30.0041010081831,0.5
3492 30 18 1 1 1 1 21.294045279300907,-21.836062732165857,0 -1.0472481284902087,1.0739047245327469,0 -8.620441353248252,17.433817449864716,0.5 13.720852054542865,-5.476150006833888,0.5
2525 6 26 0 1 1 0 17.30941901109002,18.725223990609976,0 22.394154813237076,15.386742026848008,0.5
324 1 9 0 1 1 1 -26.634504871702564,-14.861128834622635,0 -11.219494075046235,0.6106985344688649,0.5 16.72490447887121,16.202702557679498,0.5
776 6 8 1 1 1 1 2.2401790006343605,6.101770074750181,0 -8.788394540950183,-23.93771337017379,0 -8.561867992906638,-5.9113802510108275,0.5 2.466705548677905,24.12810319391314,0.5
2167 29 7 1 0 0 1 -28.490810208317086,-7.650080631840093,0 -22.10591072246536,-12.148197855253722,0.5
3803 0 4 0 1 1 1 -30.003818019009785,9.592752695766936,0 -2.4590687273315046,7.085406198254283,0.5 28.021000371345103,-2.659612413318478,0.5
2747 14 25 1 1 1 1 -5.611976280585335,-13.36995595453282,0 6.773074821396094,16.136153738229265,0 15.401733164284343,21.190484079798267,0.5 3.0166820623029134,-8.315625612963817,0.5
1812 29 14 1 0 1 1 -28.223005520985502,8.585566921434017,0 12.126107746633412,-9.960296728362923,0.5 -18.488677903249165,-0.6471393898582276,0.5
227 2 26 0 1 1 0 -27.644430799112534,-10.297351396989338,0 -26.927509307065026,-3.6275670245946525,0.5
701 8 0 1 1 0 1 3.8470179788381373,7.579607685790613,0 -10.63587323561132,-20.95538595483287,0 8.906284731606782,30.804676467698016,0.5
3365 12 31 1 1 1 0 6.7805192082889905,-10.50116942373677,0 -10.577609964930826,16.38182430102936,0 -12.046347081494606,29.717596167795378,0.5
2328 1 31 0 1 1 0 26.540604517420537,15.028183917222888,0 30.367152321379812,10.299808730754023,0.5
44 31 29 1 0 1 0 31.424793950378593,2.175390810003782,0 -29.843929091942577,3.948404279592381,0.5
770 22 26 1 1 1 0 7.953183985033285,21.047490693672014,0 -3.358011015902943,-8.886718292883739,0 -14.979747545129518,-22.66841775431594,0.5
2540 17 28 1 1 1 0 -11.572957643163909,-13.126943718533042,0 9.589022047192953,10.876610509641662,0 23.348054579506837,17.41029429252618,0.5
1434 31 2 1 0 0 1 -19.84921694233912,24.459325149642982,0 -23.247868276090855,19.125548897156612,0.5
2318 4 4 0 1 0 1 24.139935241430848,13.172453322730926,0 -21.265945425562283,-18.439348284497655,0.5
318 22 1 1 1 0 1 19.75085610662524,10.777461809507123,0 -8.339250356130655,-4.55048387512523,0 23.899392906445648,19.87634319243194,0.5
1266 13 17 1 1 1 1 -5.478026728493699,12.338607018699825,0 7.5069255168246976,-16.908461470070133,0 1.6173204175141311,-18.429169125793273,0.5 -11.367631827804265,10.817899362976688,0.5
636 10 23 1 1 1 1 5.681773147332196,8.829918114130775,0 -11.63410692072783,-18.080308519410636,0 -17.762016918770595,-16.51547017124572,0.5 -0.44613685071056963,10.394756462295693,0.5
3853 2 8 0 1 1 1 -28.717046553002863,6.751387803456883,0 -6.901239623043493,7.786070360928837,0.5 24.249454942925716,0.4625310487044212,0.5
1725 0 26 0 1 1 0 28.606509975490063,-13.18778173242898,0 21.55383568114009,-16.54334208769233,0.5
344 8 24 1 1 1 0 7.288976577646045,4.372736037142803,0 -20.151876420550828,-12.089329043865398,0 -24.09604027943352,-7.458608640484991,0.5
899 25 28 1 0 1 1 4.028636079973169,25.179755585293883,0 -10.42724163886269,-27.19416540004065,0.5 -5.371698322817929,4.403959256014415,0.5
2840 0 20 0 1 1 1 7.833731445692941,30.510369575551877,0 10.90964165365132,18.363815480147803,0.5 2.9515652643759496,-12.630845675968388,0.5
539 23 3 1 1 1 1 15.568499036246173,17.603176922317232,0 -5.631159225876275,-6.367106546370063,0 -6.81314077279851,1.3531861697602858,0.5 14.386517489323937,25.323469638447584,0.5
2657 3 6 0 1 0 1 14.623119148562319,24.462509813323532,0 -7.933841382750806,-24.966060180039435,0.5
1306 26 21 1 0 1 1 -12.252745402586278,23.497238776064748,0 4.620777113177979,-21.838004003807914,0.5 -10.174990920133752,6.536020178609894,0.5
229 31 2 1 0 0 1 29.48394057620067,11.088158011999456,0 25.499914251616605,16.000136660672634,0.5
107 14 30 1 1 1 1 14.295674439068199,2.4256323571745466,0 -17.25340018508231,-2.9274873276244526,0 -31.073921692043264,0.8132592924541742,0.5 0.4751529321072425,6.166378977253173,0.5
1817 3 3 0 1 1 1 27.33059693518326,-8.080128165230517,0 1.6553094835704667,-6.7461063224353115,0.5 -29.031676548916,2.3263182841393046,0.5
2654 29 29 1 1 1 0 -15.25536420907564,-25.24923489629842,0 1.2928274753453932,2.1397656691778324,0 20.39080181510244,22.146448955469477,0.5
3061 24 2 1 1 0 1 2.34396453045093,-24.387616330424503,0 -0.7175401623829378,7.465596835844236,0 8.79480210738161,-28.790648757747647,0.5
13 31 1 1 0 0 1 31.493432623337405,0.6431963924862144,0 30.371127512916622,6.6215265305033,0.5
2233 4 24 0 1 1 1 25.678618337213575,9.841674669065156,0 25.024588991859037,3.165429795229632,0.5 -4.855985073262214,-8.286700728773459,0.5
2006 2 26 0 1 1 0 29.49868981971402,0.2780268337777404,0 26.555370888986033,-5.74998060417539,0.5
19 1 26 0 1 1 1 -30.48641734834594,-0.910141342029767,0 -26.667242878142492,5.206549459878256,0.5 5.318506470941773,6.161451851516044,0.5
3116 19 26 1 1 1 0 3.533512390729179,-19.17718149740893,0 -2.2650720453392172,12.293065062441622,0 1.0987184938528376,27.148532514139063,0.5
278 23 3 1 1 0 1 21.29476494020031,9.938963031504628,0 -7.702361786880963,-3.594944075225078,0 23.287958408794942,17.490597278258882,0.5
855 6 1 1 1 0 1 1.4677082346491745,6.332127015304021,0 -5.7579323051621465,-24.841421367731158,0 1.0418983176885694,31.06709590379503,0.5
2066 27 25 1 0 1 0 -27.35234732976439,-2.8458909943866098,0 25.98400737728406,-3.32886776806283,0.5
1882 30 27 1 0 1 0 -29.977567883037565,5.6209806811511696,0 25.923187957266425,-10.965323804258444,0.5
411 0 22 0 1 1 1 -25.160326834206845,-18.952782212537844,0 -21.581715779202575,-8.745258373868584,0.5 3.9779813222139033,10.508361651566686,0.5
3448 30 28 1 0 1 0 19.73520682786804,-23.25449658584917,0 -13.866439838660465,25.611947333242938,0.5
1818 28 24 1 0 1 1 -27.343255447840217,8.03718741315369,0 21.81356610502327,-12.66563594067743,0.5 -8.887632994306099,-3.641425511873285,0.5
3928 9 30 0 1 1 0 -22.356254486700188,2.539268659653345,0 -29.628006661619363,9.403787601761252,0.5
2819 1 15 0 1 1 1 8.555225204159097,29.27555501960844,0 10.10686297646284,13.194745953409058,0.5 1.1308889917713287,-17.520590460606353,0.5
2143 25 28 1 1 1 0 -24.859387828405595,-5.679862392428171,0 6.336706701358288,1.447808060815024,0 29.12045990055406,0.4988137730889921,0.5
2302 27 30 1 0 1 0 -24.463336600404293,-12.561654444193238,0 29.872788835545105,8.594561488926109,0.5
596 0 7 0 1 0 1 -18.67498983507337,-25.36719839990034,0 9.693144779679223,23.287184120888845,0.5
3637 21 1 1 1 0 1 18.098561018630054,-11.605692097196297,0 -8.838832125377468,5.667896140491215,0 28.91350063494858,-11.4131275745445,0.5
630 0 20 0 1 1 1 -17.294218766941153,-26.32793188310051,0 -16.269811937171323,-13.839914000060748,0.5 1.298918238768895,12.905921563723897,0.5
3988 0 31 0 1 1 0 -31.49440409999548,0.5937258510353564,0 -31.381313461703034,6.59265996532021,0.5
2198 4 25 0 1 1 1 26.18062224100611,8.41576016018376,0 26.11274284024576,2.0915691141326986,0.5 -4.3519812220158975,-7.701315435899313,0.5
711 5 31 0 1 1 0 -11.620992245537316,-23.81601434390653,0 -19.205937426334515,-25.67843390037101,0.5
52 14 4 1 1 0 1 14.451655956493433,1.1830638677382843,0 -17.441653740595523,-1.427835702442757,0 26.918769351526876,8.223737386328512,0.5
1237 12 28 1 1 1 0 -4.5467376630374385,11.643761274756404,0 7.092910754338403,-18.16426758861999,0 4.777556459842286,-28.73020978470257,0.5
3788 16 22 1 1 1 1 15.593540740466775,-5.3936524893065645,0 -14.648477665286972,5.066764459651621,0 -19.302591013615945,13.025359118315052,0.5 10.939427392137803,2.5649421693568657,0.5
3948 0 30 0 1 1 0 -31.394976733071942,2.5701042643969783,0 -29.908767135628963,8.468509221032999,0.5
2055 30 22 1 0 1 0 -30.386246483034707,-2.6317341568366714,0 22.93380166587872,-4.036179028504366,0.5
3401 15 24 1 1 1 1 9.130357576902794,-12.525436939200713,0 -9.71941290444491,13.333529644955597,0 -9.583299290252528,23.332603256247367,0.5 9.266471191095176,-2.526363327908941,0.5
2344 7 4 1 1 0 1 -6.431449921452393,-3.8582965033612955,0 21.009403076744483,12.6037685776469,0 -20.495345842636404,-19.292247116153334,0.5
1119 1 19 0 1 1 1 5.668062380698119,-29.968701487527195,0 -2.2716390984114705,-20.275346009539966,0.5 -8.218458645373431,11.167226042947581,0.5
3629 0 19 0 1 1 1 -26.30073371818068,17.335553232745525,0 -12.979396447874606,15.74119651897212,0.5 13.73880923408672,-1.8695242254042839,0.5
119 27 7 1 0 1 1 27.020960357606487,5.110548048170439,0 -8.484381489857137,4.501696428522205,0.5 22.95819056263041,10.44851597548417,0.5
397 15 4 1 1 0 1 12.582557048911735,9.05147822794054,0 -13.394334923035071,-9.635444565227028,0 18.82009351467287,20.929741520118405,0.5
3942 2 23 0 1 1 1 -29.377654685552976,2.6839160151553094,0 -22.856657254900444,8.113150998965004,0.5 9.010629183665499,5.20178447405077,0.5
1456 29 31 1 0 1 0 -19.36927979471221,22.250415731715066,0 16.1569430218015,-27.69843302770501,0.5
1385 29 12 1 0 1 1 -16.77257459666079,24.267895281615363,0 2.1711800260531415,-13.694377579666332,0.5 -16.022799197443305,12.630118997001182,0.5
492 28 19 1 0 1 1 20.40418976612219,19.89771444131397,0 -18.149753932886544,-9.31860677224173,0.5 4.760213523812055,13.022686635549395,0.5
1130 5 20 0 1 1 1 5.373863326947572,-25.949404481476794,0 -1.7181973089220959,-21.29079138988527,0.5 -8.207390760330485,10.044338550011235,0.5
346 3 31 1 1 1 0 2.9956719368489657,1.8099584654835499,0 -24.393328628627295,-14.738233218937477,0 -30.063833372469638,-11.154188583325151,0.5
3712 30 28 1 0 1 0 27.43186017277432,-13.332030882853443,0 -23.010355069735983,17.854230858949805,0.5
1365 30 3 1 0 0 1 -16.544466868225115,25.622853393917733,0 -20.50014511829253,20.688017066141136,0.5
1720 30 2 1 0 0 1 -27.597225100213592,12.986268392734722,0 -29.247073797138007,7.131526786373534,0.5
959 29 1 1 0 0 1 1.898565075100493,29.43884254952305,0 -4.02463798327367,30.822918244442576,0.5
1007 10 13 1 1 1 1 -0.11545120359378817,10.499365267462064,0 0.23640008354918532,-21.49870030956518,0 -5.8512000339291665,-13.565156031647676,0.5 -6.20305132107214,18.43290954537957,0.5
1915 5 30 1 1 1 0 -5.451048610512861,0.7321673618960394,0 26.26414330519833,-3.5277154709536442,0 29.429814263502912,-10.006799309255705,0.5
1680 13 24 1 1 1 1 -11.830140180592156,6.50367460037316,0 16.211673580811475,-8.912442970881738,0 18.57899161646436,-17.060805095755214,0.5 -9.462822144939269,-1.6446875245003136,0.5
3206 0 13 0 1 1 1 -10.015948965720947,29.865209966047008,0 1.3960618653666437,14.707175502728898,0.5 11.570994148003797,-15.632085415160125,0.5
3183 27 1 1 0 0 1 7.796614896275051,-26.37162862166806,0 14.400964584232634,-27.54745394848093,0.5
2226 26 18 1 0 1 1 -24.847632231376746,-9.211143929732481,0 19.43200225882508,0.8045422381807708,0.5 -10.572685718686458,-10.318348544892414,0.5
925 28 3 1 0 1 1 3.3498158275483743,28.3024510232154,0 -6.36979163283199,-2.770515214595216,0.5 -2.6085949141811833,29.007675407962427,0.5
180 14 12 1 1 1 1 13.924258442315674,4.045371037568825,0 -16.805139499346502,-4.882344355686512,0 -13.677617707197165,2.274373288571293,0.5 17.051780234465014,11.20208868182663,0.5
1260 30 21 1 0 1 1 -12.113010664360804,27.99151608336143,0 3.032151894543892,-22.11461179601428,0.5 -9.676580605769082,7.25353622587312,0.5
51 3 2 1 1 0 1 3.488775012195293,0.2800873333118305,0 -28.408596527875957,-2.280711142682048,0 28.925239674254332,8.341493258820217,0.5
2845 31 22 1 0 1 1 -7.593864416240722,-30.57095391425909,0 11.247227709554627,20.389945288043975,0.5 3.5328257628973865,-10.666261862949387,0.5
426 31 24 1 0 1 0 24.706819995902414,19.540292876261514,0 -22.93837610022788,-10.491944618825162,0.5
3831 30 16 1 0 1 1 29.43160693347104,-8.001906854847741,0 -14.347871254858548,10.118724744452917,0.5 16.53119175730779,1.7232814869077462,0.5
645 31 29 1 0 1 0 16.669138530687004,26.728071771917367,0 -20.701841818627646,-21.855977336109216,0.5
2194 11 10 1 1 1 1 -10.970156481525025,-3.450458921774677,0 19.555496336631567,6.150818077946163,0 11.81646926840529,-2.5731408878709603,0.5 -18.709183549751305,-12.174417887591801,0.5
2332 6 25 0 1 1 1 22.110302879694498,12.703720186157012,0 25.09941351173144,7.501295979170071,0.5 -2.6468489255322423,-8.440627391693631,0.5
3255 8 17 1 1 1 1 3.3143853461995985,-7.827186581198723,0 -9.163300663022419,21.639868783314117,0 -1.298661655447133,18.45436202919709,0.5 11.179024353774885,-11.012693335315753,0.5
2083 31 1 1 0 0 1 -31.23266166783005,-4.095222233635109,0 -29.461106268793838,-9.914293591519083,0.5
3823 31 18 1 0 1 1 30.290328589842627,-8.645576552165995,0 -16.142781574574368,10.847147230289735,0.5 14.628345881773697,2.0643393042798355,0.5
2968 20 28 1 1 1 0 -1.0300085226852884,-20.474107610423356,0 0.5778096590673569,11.4854750009692,0 7.424384807759554,28.162537354192875,0.5
2678 28 30 1 0 1 0 -13.808372289065359,-24.931483203503397,0 20.02611417675487,23.77403522710391,0.5
559 2 21 0 1 1 1 -18.839688905852842,-22.70057536563083,0 -18.347686904054953,-12.712685997489686,0.5 2.0885858073786396,11.91166694149969,0.5
3785 0 25 0 1 1 1 -29.720633166888103,10.437143486570976,0 -22.071532851943516,14.110189139964714,0.5 8.120856396958683,3.5073767091624526,0.5
3143 2 21 0 1 1 1 -6.5708211990835546,28.758899644626084,0 1.0603641385579685,22.29631422216821,0.5 8.188034591801147,-8.89978030759568,0.5
3443 25 20 1 1 1 1 16.34672035158272,-19.571273176447956,0 -4.166811070011282,4.9887559077220285,0 -8.536475613676785,19.580055773595273,0.5 11.977055807917218,-4.979973310574714,0.5
1468 4 19 0 1 1 1 18.4438533547598,-20.39789875031533,0 8.627918106033604,-18.488078027625736,0.5 -12.834020343141436,5.247658700013922,0.5
1095 3 13 0 1 1 1 4.237164366062305,-28.18326521421838,0 -3.9262411348585675,-14.24200233643235,0.5 -8.683759019560103,17.402365623391795,0.5
60 29 6 1 0 1 1 29.36907795579086,2.776195242896172,0 -7.035802649831106,5.361667751048137,0.5 24.82218021746745,8.373133777240595,0.5
1805 9 31 1 1 1 0 -9.05781463703051,2.8646106194727103,0 21.452718877177528,-6.784604098751156,0 28.224578668381564,-15.219170772165626,0.5
3841 28 1 1 0 0 1 27.615719304855805,-7.04429182213616,0 31.036673323891897,-1.7247924472287037,0.5
3314 8 2 1 1 0 1 4.024523937504655,-7.486868976845529,0 -11.12662500368934,20.698990700690583,0 19.252314119701236,-23.142998963754728,0.5
3152 30 30 1 0 1 0 7.213219409223604,-29.634767853897557,0 -1.3834290117355605,31.053761836039904,0.5
2386 0 28 0 1 1 1 25.88501187183209,17.950380508365594,0 26.838892742774863,11.310342008172281,0.5 0.5430076666279762,-6.924965174929275,0.5
1939 17 3 1 1 0 1 -17.419725950303217,1.674260378893519,0 14.433487215965524,-1.3872443139403443,0 -28.943300106114446,-3.2458248516202293,0.5
3979 24 7 1 1 0 1 24.486671691042755,-0.8080281524089273,0 -7.4959199054212515,0.2473555568598757,0 24.684556136530656,5.188707771928073,0.5
3040 25 6 1 1 1 1 1.6011582479974773,-25.449681574920923,0 -0.4081383769405334,6.487173734783765,0 5.580021993629096,6.863916851959642,0.5 7.589318618567106,-25.072938457745046,0.5
1898 13 31 1 1 1 0 -13.327092188930058,2.15374413237957,0 18.263052258904153,-2.951427144372003,0 30.139328826445883,-10.948555059521246,0.5
1802 2 13 0 1 1 1 28.08466749489746,-9.027815444560767,0 11.016139610635632,-9.843508931218818,0.5 -19.448584451626022,-0.05062438118679857,0.5
2168 15 18 1 1 1 1 -14.963415401915745,-4.043043347493401,0 15.92879704074902,4.303884853783297,0 19.42460935615495,-0.9667219666365519,0.5 -11.467603086509817,-9.31365016791325,0.5
338 2 0 0 1 0 1 -25.438940837940468,-14.93687681691741,0 24.12560594893628,21.1235682969675,0.5
1152 20 4 1 1 0 1 -4.848229438986351,19.918450524750817,0 2.719738465772831,-11.17376492851875,0 -12.333512815640464,25.300878673011187,0.5
431 27 12 1 0 1 1 21.434801191569193,17.227863996384,0 -13.501898140833415,-3.154163374741266,0.5 11.440415972992554,16.89280563923284,0.5
473 1 29 0 1 1 0 -22.461767627712028,-20.632958950152254,0 -25.784258974374374,-15.537760106990799,0.5
601 18 30 1 1 1 0 10.85050394471128,14.983876806280977,0 -7.917935311005528,-10.934180372150982,0 -22.748304386561074,-21.18406588774606,0.5
3895 18 4 1 1 0 1 18.248941257765164,-3.0374566615239758,0 -13.316794971882686,2.2165224286796583,0 28.111925651766803,1.403437262415224,0.5
594 8 27 0 1 1 0 -13.991520233146344,-18.880872902634998,0 -21.19370399265253,-18.522335464833375,0.5
3564 5 3 1 1 1 1 4.259766831093035,-3.4791358905221856,0 -20.52433109526644,16.763109290697802,0 1.0846602607831803,6.8610139278883375,0.5 25.868758187142657,-13.381231253331652,0.5
3531 29 26 1 0 1 0 21.850276755523815,-19.819571279596733,0 -15.59711546928138,22.24814574381208,0.5
836 10 26 1 1 1 0 2.6750926196755125,10.153515621505568,0 -5.477570602192716,-20.790531986892354,0 -12.553433157184237,-24.096915071604236,0.5
3777 4 27 0 1 1 0 -25.830036736701647,9.437118319733168,0 -23.77102910330532,15.07276269864989,0.5
1400 0 2 0 1 0 1 18.515235447212902,-25.484035322810843,0 -22.19376690887764,20.339289820306114,0.5
1925 6 2 1 1 0 1 -6.454944970207021,0.7639930834759441,0 25.32324565235062,-2.9972036351748574,0 -30.000743864917354,-2.49105751672335,0.5
706 29 22 1 0 1 1 13.144401210118446,26.409746625581942,0 -15.39686464342904,-17.469589553046884,0.5 -1.1385311273683527,11.178271193347088,0.5
2881 11 2 1 1 0 1 -2.137138274689457,-11.299674331362713,0 3.8096812722725106,20.142897721124836,0 0.4132579899858513,-30.10114977594233,0.5
2433 29 5 1 0 0 1 -22.935523305809912,-18.55294506779585,0 -16.829616854141953,-21.33105708920168,0.5
1159 30 0 1 0 0 1 -7.538628090356245,29.553664519231653,0 -13.599631867593825,29.03962832175933,0.5
2658 0 12 0 1 1 1 16.11990450360188,27.06286531013957,0 11.55161898907495,7.66877426524233,0.5 -4.8241570145841015,-19.823660335534377,0.5
93 31 1 1 0 0 1 31.164483616782828,4.585298343540435,0 29.301744769861386,10.375825434243819,0.5
1864 2 13 0 1 1 1 28.82940964526171,-6.254209742700616,0 11.921077008638283,-8.7257047253569,0.5 -19.351502945543906,-1.9414772078511473,0.5
2447 2 29 0 1 1 0 22.522009911319756,19.052796895847457,0 26.397155042678563,14.472049117273947,0.5
3385 16 1 1 1 0 1 9.381270537115347,-13.573568547344193,0 -8.812708686381084,12.750928029323331,0 22.2769795555202,-21.679164695230654,0.5
3246 1 31 0 1 1 0 -11.494565817570955,28.251105406081535,0 -6.313842321868716,31.438597219573577,0.5
3538 17 17 1 1 1 1 13.09052148080919,-11.61413997506803,0 -10.846432084099042,9.623144550770652,0 -9.108530632214437,16.102318768488324,0.5 14.828422932693796,-5.134965757350359,0.5
1594 1 8 0 1 1 1 24.504962703419892,-18.159207111104823,0 3.2569488627029557,-9.881411038193782,0.5 -22.453175940885128,9.170871832473573,0.5
704 3 30 0 1 1 0 -12.778921658565926,-25.474480588311014,0 -19.03873663565357,-24.571864140073345,0.5
1984 27 11 1 0 1 1 -27.49131520529075,0.6910776246917898,0 11.345587604097922,-6.287101233298184,0.5 -20.644306452967673,-5.4829381791113745,0.5
653 26 4 1 1 0 1 13.739582359581815,22.659961972259975,0 -2.851611433120754,-4.703010975374712,0 9.127499737922266,26.625903713005293,0.5
3702 16 30 1 1 1 0 14.725068239041342,-7.444619893290449,0 -13.832639860917624,6.993430808848604,0 -24.511931026122316,19.11583734421859,0.5
747 19 7 1 1 1 1 7.547140515269927,17.9802855940269,0 -4.837910586711491,-11.52582409873519,0 -8.435141919419786,-4.593297377619598,0.5 3.9499091825616315,24.91281231514249,0.5
714 26 26 1 0 1 0 11.508633306179824,23.87051234104305,0 -16.913277609812212,-21.26478404530422,0.5
3160 28 26 1 1 1 0 7.087661784198366,-27.604620092165987,0 -0.8704146050769923,3.3900410639502088,0 -0.778783043096869,27.159593092897854,0.5
476 24 27 1 0 1 0 17.964755982452722,16.658857778699268,0 -24.244242293454917,-14.299185837531164,0.5
3602 3 20 0 1 1 1 -23.109498053722636,16.679361489727047,0 -13.111176882910588,16.862592942517203,0.5 12.836329703725355,-1.8651111862991305,0.5
1238 8 10 1 1 1 1 -3.104214976078496,7.912891341493954,0 8.582241404452313,-21.87681723824799,0 -1.7509518588399433,-11.965958699077351,0.5 -13.43740823937075,17.823749880664593,0.5
3253 9 13 1 1 1 1 3.6768120459007334,-8.759626315038744,0 -8.708239056080684,20.746483377723344,0 0.30745213374448,14.770087108255522,0.5 12.692503235725898,-14.736022584506566,0.5
2081 23 23 1 1 1 1 -23.31004020434774,-2.9819499780667043,0 8.4312911377428,1.0785776516411483,0 24.07138913491796,-2.9695496485752715,0.5 -7.669942207172578,-7.030077278283124,0.5
1865 3 8 0 1 0 1 27.861598226296532,-5.998445154907218,0 -24.236429096400414,-0.9195132707880544,0.5
2711 3 27 0 1 1 0 12.498048264068442,25.61344938872966,0 17.451825389272287,22.083563810724737,0.5
254 16 11 1 1 1 1 15.204037873554725,6.40993231941754,0 -14.282581032733226,-6.021451572786174,0 -12.92763814923543,1.0612124586682805,0.5 16.558980757052524,13.492596350871995,0.5
1968 3 1 0 1 0 1 28.464003263271497,-1.4319630681234354,0 -30.762943085562153,-4.45997003515313,0.5
2957 31 31 1 0 1 0 -2.1260261956152537,-31.42817227608945,0 8.112344724394196,31.02321490549607,0.5
291 28 6 1 0 1 1 25.574059279502897,12.578453480792925,0 -8.48077565619391,2.5152423877846797,0.5 20.233957569914608,16.638418225867966,0.5
410 2 18 0 1 1 1 -23.59069742536917,-17.712396647113575,0 -18.396687533966478,-6.309666217606309,0.5 7.193221537620419,12.903780992821975,0.5
2477 6 31 0 1 1 1 18.67075253125635,17.368160521960423,0 27.15049677907206,17.061668284479026,0.5 3.7205328182797786,-4.733670409745816,0.5
1490 4 29 0 1 1 0 19.137601906288644,-19.748473188487694,0 16.22066971289414,-25.360202563567956,0.5
839 27 4 1 0 0 1 6.880803231557577,26.625261442633512,0 1.0716552804375379,28.126527602246075,0.5
3685 3 1 0 1 0 1 -25.081804001297254,13.53340711131196,0 29.69106893710309,-9.20274010130636,0.5
2240 31 25 1 0 1 0 -29.287959305479912,-11.595923409567368,0 25.918047706258477,3.80851717812979,0.5
3820 22 4 1 0 0 1 21.606607927731215,-6.277299885882668,0 28.08202299235131,-1.9104933020171577,0.5
613 7 29 0 1 1 0 -13.993014332750738,-20.110831655688248,0 -21.773833173480664,-20.788222361073423,0.5
264 25 4 1 0 1 1 23.338649901833396,10.274114110698397,0 -6.536023891076104,3.6783680750140233,0.5 22.751693632793256,16.571374017851227,0.5
2854 1 8 0 1 1 1 6.933602077222719,29.70143367305243,0 7.775220317859269,6.913461434675717,0.5 0.5006214171665793,-24.24869848459241,0.5
2160 30 13 1 0 1 1 -29.54178641442325,-7.585041558528078,0 14.56801199822565,-2.454185490046244,0.5 -16.426649157890548,-10.412261879321605,0.5
3334 10 30 1 1 1 0 5.259519566287454,-9.0877639676567,0 -10.769492445255263,18.60827860043991,0 -10.08464409198354,29.403230324881342,0.5
3593 30 30 1 0 1 0 24.476408067542696,-18.197676997659094,0 -20.8965371827573,23.012708092913396,0.5
24 30 4 1 0 0 1 30.478328915537972,1.1495505714330034,0 27.254319401596597,7.032216859266736,0.5
563 0 3 0 1 0 1 -19.96425797854568,-24.36551668580158,0 13.421849278531507,25.847707092591083,0.5
1025 4 30 0 1 1 0 1.079644933374379,-27.47879849661988,0 -4.797949836792753,-30.712044499896457,0.5
3613 30 6 1 0 1 1 25.035933285652703,-17.4198749856693,0 -1.908666112876288,8.637534003959562,0.5 24.35854258026753,-9.639056144939374,0.5
984 5 21 0 1 1 1 -0.6659475292484446,-26.49163101600745,0 -6.538402187731556,-21.342429496930922,0.5 -5.734239133544755,10.647464560134674,0.5
1420 3 26 0 1 1 0 17.467851029109823,-22.51941785270718,0 11.501106847549726,-24.616550149873657,0.5
2454 27 2 1 0 1 1 -20.79853545691547,-17.990856645736187,0 5.816053764243847,-2.9023298591691766,0.5 -18.385878403803247,-23.837144865116738,0.5
3484 1 3 0 1 0 1 -21.01797115581412,22.101920470704933,0 23.987662320161704,-16.51793136000675,0.5
1205 4 30 1 1 1 0 -1.4241463523171378,4.268700875814771,0 8.70311659749362,-26.086505352201378,0 3.960946331285351,-30.83116773916741,0.5
2547 30 21 1 0 1 1 -19.91723665901106,-23.098781003960923,0 18.58404177680339,12.364602348560439,0.5 -2.3127311113393647,-11.8701842785461,0.5
3774 24 28 1 1 1 0 22.97233923278227,-8.515963255790416,0 -7.0323487447292665,2.6069275272827803,0 -24.63738320814499,15.532203599457977,0.5
3195 31 27 1 0 1 0 9.498445738251597,-30.033806428048546,0 -2.571568864559608,28.02921749843951,0.5
14 15 30 1 1 1 0 15.496252168773253,0.34083532943382916,0 -16.496010373210236,-0.3628247055263342,0 -30.624561491883043,5.327873255800498,0.5
2130 31 22 1 0 1 1 -30.845518534585626,-6.387799803730132,0 23.249237011128805,-1.3126227182090728,0.5 -8.085892928767702,-7.80181616961746,0.5
333 4 29 0 1 1 0 -23.822894822303155,-13.737528245120428,0 -28.552747881042386,-9.538898701717589,0.5
3357 29 30 1 0 1 0 15.689340730342181,-24.981885186014804,0 -11.140121395232125,29.019781103576427,0.5
3765 26 1 1 0 0 1 24.714934113291992,-9.561486901922516,0 30.61035516479022,-5.408896069014521,0.5
3015 31 0 1 0 0 1 0.7421325922587237,-31.491256551867018,0 6.740467173566727,-31.349897962865356,0.5
496 3 8 1 1 1 1 2.4903748702324986,2.459274894295972,0 -20.27876680046463,-20.0255241392672,0 -10.26395307507202,-1.7033106800345061,0.5 12.50518859562511,20.781488353528665,0.5
1535 4 26 0 1 1 1 20.484586556269598,-18.3475260898765,0 15.736595898250378,-22.14970766252163,0.5 -8.10001391268152,-0.7998591215744311,0.5
1808 27 7 1 0 1 1 -26.25877498053268,8.16864349336846,0 5.3792345961376125,-7.9569991303076195,0.5 -25.17643083575496,1.5483314801574979,0.5
2419 5 30 0 1 1 0 20.964594916816928,16.209125823861502,0 27.79905282664473,13.909085589693369,0.5
1950 13 14 1 1 1 1 -13.458384005397228,1.0591977923259084,0 18.442970674062867,-1.4514932709651338,0 13.984546764763286,-7.119160890452521,0.5 -17.91680791469681,-4.608469827161478,0.5
2497 10 22 1 1 1 1 -7.459526338423044,-7.389551191132849,0 15.274268216770995,15.130985772319644,0 20.20729997726815,11.572166073328653,0.5 -2.526494577925887,-10.94837089012384,0.5
1943 5 12 0 1 1 1 26.393851174217765,-2.3695189792959126,0 11.913434935922512,-7.093663935339831,0.5 -19.958385349925354,-4.232357998076842,0.5
654 0 13 0 1 1 1 -16.289626189351953,-26.96104743164069,0 -12.116705972891921,-8.451948672731351,0.5 4.43148571152911,18.937051892744904,0.5
1571 17 2 1 1 0 1 -13.67470252724009,10.92027979456083,0 11.330467808284645,-9.048231829778974,0 -26.795737332625578,13.720002215777368,0.5
63 30 27 1 0 1 1 30.350776836373413,3.013361151382163,0 -27.958246882247927,3.25367965099118,0.5 3.8851911100127006,6.41523889178558,0.5
3336 1 26 0 1 1 0 -15.360507649890701,26.349664224381478,0 -8.162474340190647,25.9157097654247,0.5
3076 29 18 1 0 1 1 3.513366222798642,-29.290036834809506,0 3.7539981656638015,19.08291114511077,0.5 7.565107288699617,-12.68933220112327,0.5
3572 1 19 0 1 1 1 -23.862919722585932,18.995027304887433,0 -11.519894123314792,16.83870658297772,0.5 13.516611815136024,-3.090502392641879,0.5
3974 29 19 1 0 1 1 29.47540096310493,-1.2044658833660558,0 -19.23876350780847,6.791169169636193,0.5 12.734552791152813,5.484629906323861,0.5
1999 3 31 0 1 1 0 28.49996483954155,-0.04476767690368075,0 31.490536364355677,-6.049472661744395,0.5
3050 23 0 1 0 0 1 1.8437887496043415,-23.42755734272851,0 8.452965517825865,-30.932141438226466,0.5
169 5 22 0 1 1 1 -25.571724056950256,-6.95247644765458,0 -23.285986791219177,-0.11322172568024591,0.5 7.593076220947167,8.282221531864908,0.5
1891 29 0 1 0 0 1 -29.068656201240408,5.026253739524847,0 -32.061701450041426,-0.5452523529630433,0.5
3381 2 23 0 1 1 1 -16.619764840602368,24.37280075500305,0 -8.282293872004658,22.79591209444698,0.5 9.745925616106387,-3.642380249963109,0.5
1734 31 9 1 0 1 1 -28.790083043632926,12.78206236648531,0 6.24804491160638,-9.338733039473269,0.5 -22.999023577163577,3.6462192058451395,0.5
766 16 15 1 1 1 1 5.929199034097197,15.397876438459326,0 -5.569853638091306,-14.464671805825427,0 -11.169081433894696,-12.308599429790082,0.5 0.3299712382938056,17.55394881449467,0.5
1834 30 9 1 0 1 1 -29.4689881040923,7.863125340528822,0 7.632020817891933,-8.246348175723856,0.5 -23.286261783122942,0.0034882471260555548,0.5
2618 3 16 0 1 1 1 16.093350076883198,23.521353772750484,0 14.26906662824827,10.229552168038028,0.5 -3.800659773866199,-16.180388910137957,0.5
1394 6 0 1 1 0 1 -3.770873953547019,5.294384725958312,0 14.793428586992151,-20.770278540297994,0 -23.161359675766306,22.17659617636996,0.5
917 26 29 1 1 1 0 3.4451869584549266,26.275096323730043,0 -0.7150388026981923,-5.4533218785100095,0 -9.784286536483041,-28.469593199973836,0.5
3747 21 30 1 1 1 0 19.824417449824526,-8.321206209143773,0 -9.68169224293756,4.063844892837657,0 -25.800813719292343,17.336897398968944,0.5
2136 30 16 1 0 1 1 -29.8066777688299,-6.466216852622663,0 17.39696669840752,-2.365491427695261,0.5 -13.87561325577467,-9.149718945201005,0.5
3946 11 3 1 1 0 1 11.458653884912813,-0.974295204633848,0 -20.426296055714143,1.7367871039125118,0 28.905861473723323,3.5638704328184527,0.5
303 0 20 0 1 1 1 -27.99900366415127,-14.43280270130662,0 -20.970679089617164,-4.0596328060913685,0.5 7.472753204123805,10.6022620015852,0.5
1298 0 2 0 1 0 1 14.212456159918121,-28.111493910897114,0 -18.66464825977674,23.61950264799861,0.5
1310 30 3 1 0 0 1 -14.271859334947484,26.95485171770515,0 -18.6385934869585,22.379741571964324,0.5
680 12 26 1 1 1 0 6.02192092627144,10.953833500548296,0 -9.394196644983445,-17.087980260855343,0 -18.024312443958635,-20.3316049765521,0.5
1825 15 28 1 1 1 0 -14.918056165031532,4.207326972908656,0 15.880511401485178,-4.478767422773731,0 25.8013315397385,-13.510784239876509,0.5
572 17 1 1 1 0 1 10.89878615854197,13.691839185090291,0 -9.030422817077632,-11.344666753360528,0 14.300682441427904,27.599646405514612,0.5
937 31 2 1 0 0 1 3.1121598776569845,31.345884273631558,0 -3.056082198441533,29.948461756764218,0.5
3393 1 26 0 1 1 0 -17.65505593771302,24.870645344184865,0 -10.44705279620609,25.082047122858267,0.5
15 7 7 1 1 1 1 7.497918226635004,0.17669823625207612,0 -24.493199540341013,-0.5772142384234487,0 -7.6392768156366655,5.821636345055928,0.5 24.35184095133935,6.575548819731452,0.5
3614 31 4 1 0 0 1 25.885011871832077,-17.950380508365615,0 26.017146334145263,-10.74048865870038,0.5
1009 5 17 1 1 1 1 -0.07775182820917853,5.499450395558644,0 0.3746224450078602,-26.49735190587347,0 -5.752008250852953,-17.583071434823882,0.5 -6.204382524069992,14.41373086660823,0.5
1967 31 25 1 0 1 1 -31.457689228537582,1.6321116385684604,0 25.15487001575548,-7.313174036657817,0.5 -6.802147613235081,-5.6551558641438255,0.5
2381 7 24 1 1 1 0 -6.196474768221115,-4.225363942526024,0 20.24181757618898,13.802855545585013,0 23.6221087302098,8.84567573100812,0.5
2209 31 13 1 0 1 1 -29.81767949128109,-10.15657372125241,0 14.713590966978067,-1.3267406892310794,0.5 -15.577385024164627,-11.644529866376384,0.5
3295 2 9 0 1 1 1 -13.185869309798058,26.389066875221747,0 1.120970942652506,11.180045802487966,0.5 15.424286804128366,-17.445382672328847,0.5
655 2 5 0 1 0 1 -15.2156839994089,-25.27316680651896,0 8.528021191363461,25.7977296396341,0.5
166 2 25 1 1 1 1 2.415490828204287,0.6445184705351497,0 -28.502791772810586,-7.605317952314766,0 -26.184850776968084,-0.7769104117682382,0.5 4.733431824046787,7.472926011081677,0.5
2317 2 1 0 1 0 1 25.917730997699664,14.089755850648297,0 -23.930585095794914,-19.838777607829527,0.5
2503 5 4 0 1 0 1 18.649819672859103,18.826423616020058,0 -15.090999973868113,-23.759455376517213,0.5
1184 25 30 1 0 1 0 -7.26799119298439,24.442305619943088,0 2.9419567712300134,-30.945030139849823,0.5
3601 25 7 1 0 0 1 20.653451814062965,-14.956100031899336,0 23.362594887683866,-9.509950584202194,0.5
2090 4 9 0 1 1 1 27.225650587205337,3.8747838782835102,0 10.25063213993279,-4.601580242892315,0.5 -21.430124906997055,-9.110419664894945,0.5
775 7 18 1 1 1 1 2.5958779280811974,7.036435019418631,0 -8.47986789839858,-22.98568773010086,0 -12.032313571468524,-15.279837372101,0.5 -0.9565677449887486,14.742285377418495,0.5
2687 9 8 1 1 1 1 -4.484847881701979,-8.374732203359894,0 10.622008140873108,19.834892060589222,0 9.302063180486968,4.660645940878656,0.5 -5.804792842088119,-23.54897832307046,0.5
3301 26 6 1 0 1 1 12.06782251455467,-23.592745913886485,0 2.3817218542910776,8.519237114248686,0.5 16.954186777526903,-19.97011644214254,0.5
1182 13 26 1 1 1 1 -3.807088774651746,12.95206837002958,0 5.217121654152393,-17.749130729299793,0 1.7166994302291707,-27.116469959532914,0.5 -7.307510998574969,3.58472913979646,0.5
3275 11 22 1 1 1 1 4.814586981680418,-10.443646498988437,0 -8.582524619517267,18.61693506341417,0 -3.9709850516416347,22.9451798362889,0.5 9.426126549556052,-6.115401726113708,0.5
3376 1 17 0 1 1 1 -16.984706302889723,25.333174925472292,0 -4.761747893368405,17.87668193485585,0.5 13.058271834253599,-8.702386839410162,0.5
2565 1 14 0 1 1 1 19.256260261206027,23.652620166753145,0 13.807589993049385,7.45657150330113,0.5 -6.395699461330709,-17.359292278210365,0.5
3270 1 15 0 1 1 1 -12.551187937455818,27.79779993738108,0 -0.9100528985665157,16.59583693948005,0.5 12.258406576796967,-12.569067912854194,0.5
3272 21 2 1 1 0 1 8.909074991355606,-19.567278369727408,0 -4.350943600429482,9.556112692192455,0 17.684715463411855,-24.361872649247672,0.5
2729 7 29 1 1 1 0 -3.0970910943761774,-6.830668104448918,0 10.117164241628846,22.313515807866466,0 17.646426121438765,24.3896216686648,0.5
2011 21 0 1 1 0 1 -21.496790607868494,-0.3714748463313411,0 10.498432622447403,0.18141794820832935,0 -31.391630468366024,-6.5433582003092186,0.5
3686 7 15 1 1 1 1 6.606060861922525,-3.551050533092345,0 -21.57979881561358,11.60009840810166,0 -10.811685354832676,12.623686457928866,0.5 17.37417432270343,-2.527462483265139,0.5
2278 1 30 0 1 1 0 27.637886411749342,12.899505211101744,0 30.17549399426116,7.4625439497740045,0.5
281 0 25 0 1 1 1 -28.48094940311583,-13.45680203826883,0 -25.61920704790688,-5.468658906576515,0.5 3.3138209171631714,8.201743164045789,0.5
185 18 18 1 1 1 1 17.724348640052906,5.300704225464269,0 -12.93398414274131,-3.8680814618252772,0 -19.443495956419696,0.44773317130964596,0.5 11.214836826374519,9.616518858599193,0.5
2870 1 19 0 1 1 1 6.185012508373628,29.866295723963855,0 9.829689123182586,17.87812103498536,0.5 3.34049567177419,-13.457008904911147,0.5
2062 31 26 1 0 1 0 -31.35073416949871,-3.0629180585555664,0 26.957840122001564,-3.394827824294278,0.5
3840 12 17 1 1 1 1 12.107289514107887,-3.108623589560692,0 -18.887371642008304,4.84945279971468,0 -15.45806599676191,10.163571992156754,0.5 15.536595159354281,2.205495602881383,0.5
2737 11 0 1 1 0 1 -4.616885240320525,-10.53253866253101,0 8.230099776223545,18.775395007120494,0 -7.151013312600911,-31.258806896665213,0.5
722 0 19 0 1 1 1 -13.322439808187053,-28.544046621970633,0 -13.684185904491152,-15.132516516803333,0.5 -0.15027879776144903,13.864610210277943,0.5
769 26 17 1 0 1 1 9.406010677223893,24.774522460381554,0 -11.820842325045565,-14.230870905408825,0.5 -0.4626407525487881,15.68553357505192,0.5
172 0 11 0 1 1 1 -30.357295866135306,-8.40741266359183,0 -12.684234236257364,2.7129691925557395,0.5 18.154923469022943,11.253832850807756,0.5
1868 6 1 1 1 0 1 -6.360775878115568,1.3381069570042292,0 24.953813060299538,-5.249496523631976,0 -31.08189323454619,0.4073241415285507,0.5
367 31 13 1 0 1 1 26.409136340898076,17.16995974741515,0 -14.58866981227349,-2.3282424934830495,0.5 12.239659168956301,15.114256297541864,0.5
798 2 28 0 1 1 0 -9.204097252308241,-28.027390063472765,0 -14.592580070224457,-25.205289264241504,0.5
672 15 17 1 1 1 1 7.637273793998519,13.487848197377648,0 -8.130001135546811,-14.358031952047174,0 -13.843831005112255,-12.27185165742695,0.5 1.9234439244330739,15.574028491997872,0.5
277 6 5 1 1 0 1 5.894352334842045,2.739819437981659,0 -23.12399762130341,-10.748522410543432,0 21.5017569608345,16.610973710087112,0.5
3338 29 21 1 0 1 1 14.9368768169174,-25.43894083794047,0 -5.712176492748517,21.57825386160083,0.5 10.490537342551713,-6.0165294202329,0.5
1129 31 4 1 0 0 1 -6.339339915812515,30.855514408801973,0 -11.411585210719238,25.72986053165648,0.5
1775 30 2 1 0 0 1 -28.614835745635762,10.556570240863545,0 -29.75334675217824,4.5813051682511485,0.5
206 30 2 1 0 0 1 28.917108062362978,9.697982331888532,0 26.06120635568448,15.068627120160315,0.5
3927 31 1 1 0 0 1 31.29313352695509,-3.604135688921753,0 30.986202752560658,2.470878179352923,0.5
2693 25 9 1 1 1 1 -11.825879660851491,-22.592002351430896,0 3.01443991355038,5.758745697423562,0 9.721485132810766,5.6340684068033156,0.5 -5.118834441591105,-22.71667964205114,0.5
2347 4 8 0 1 1 1 23.515054876873563,14.258057165603761,0 10.379138525347194,-0.7235215764948881,0.5 -16.983834422287497,-17.314715369197447,0.5
7 25 0 1 1 0 1 25.498458506693584,0.2803814944420646,0 -6.499607070333659,-0.07146979270091844,0 31.432123686046882,6.345990906473982,0.5
1781 1 1 0 1 0 1 28.7130567356676,-10.286416912333143,0 -30.736614161044614,4.637946734824762,0.5
301 26 26 1 1 1 0 23.592745913886482,12.067822514554676,0 -4.896607642504741,-2.504642408681159,0 -26.3250830869932,-6.726068722731322,0.5
1643 31 0 1 0 0 1 -26.675572317270053,16.7530248476535,0 -29.866624669204054,11.671963453887775,0.5
3200 13 25 1 1 1 0 4.1717294240617875,-12.839262969984574,0 -5.716814395936524,17.594545551460342,0 -2.1735942587902324,26.1060431317761,0.5
61 27 3 1 0 0 1 27.3738550647622,2.630980595404103,0 27.795235846301747,8.69913008573055,0.5
2162 17 30 1 1 1 0 -16.936449255755146,-4.405302101698692,0 14.03305795476855,3.6501074556932016,0 31.02820085204138,1.8710296324159552,0.5
1457 0 30 0 1 1 0 20.719746196822136,-23.726401276621676,0 15.54266194740778,-26.919800511679174,0.5
1460 31 23 1 0 1 0 -20.831323757695028,23.62849869335948,0 11.040162417323057,-21.595481328257712,0.5
154 0 6 0 1 1 1 -30.582844608290028,-7.545834325320538,0 -7.748047489073283,4.268226810639894,0.5 23.32023909712611,11.933836283981393,0.5
375 30 0 1 0 0 1 25.35982317522763,16.944892107097868,0 22.85787138941256,22.489280013932742,0.5
634 12 2 1 1 0 1 6.797006034734906,10.49050565815477,0 -10.603329414186454,-16.365188826721443,0 11.00549152606009,28.020156249918013,0.5
1032 0 21 0 1 1 1 1.5826960226627385,-31.46021413308955,0 -4.9121688987710606,-21.774310476107992,0.5 -6.519987080523684,10.185272135284567,0.5
3843 11 31 1 1 1 0 11.152059746938393,-2.8074122249353386,0 -19.87975867932496,5.004517444449951,0 -29.082209450343246,13.508334223225523,0.5
2294 2 6 0 1 0 1 26.409746625581946,13.14440121011844,0 -20.15532649802132,-16.733583410559724,0.5
1524 16 3 1 1 0 1 -12.098713212672237,11.21923074891992,0 11.365457866449677,-10.5392773701975,0 -24.97749763967747,14.979139216253593,0.5
1369 10 6 1 1 0 1 -5.750947209790381,8.785021695488535,0 11.7757490486184,-17.988377757428903,0 -18.986598478341516,18.048797140591937,0.5
3124 31 7 1 0 0 1 6.096808243602102,-30.904351299465024,0 10.628505071906083,-22.875420869056523,0.5
2481 14 5 1 1 0 1 -10.554440444601589,-9.942524171524965,0 12.738117777967435,11.999598138047372,0 -15.175001845020162,-22.538174704346286,0.5
915 3 5 0 1 0 1 -3.7939581480067415,-28.246342799930282,0 -2.4188830132422128,27.06287133635765,0.5
2179 18 31 1 1 1 0 -17.77351867125386,-5.133423228469522,0 12.969864976320384,3.746011545099381,0 31.927912298125065,2.976309171311719,0.5
2820 2 23 1 1 1 1 -0.697477765098074,-2.4007342141923576,0 8.230237628157273,28.328663727469817,0 12.318053105983553,20.89295497717278,0.5 3.3903377127282064,-9.836442964489393,0.5
3921 25 12 1 0 1 1 25.30391393122771,-3.156254071050066,0 -11.661231361335137,7.50104546962714,0.5 20.09269984648003,3.5402560471329405,0.5
980 2 31 0 1 1 0 -0.9266173928047877,-29.485443530789084,0 -6.986478273155433,-31.295992097051776,0.5
1319 1 31 1 1 1 0 -0.7205648715209526,1.315593503301834,0 14.651485720926036,-26.75040123380396,0 9.869488288732668,-30.509723055422327,0.5
3389 30 25 1 0 1 0 17.49844159681007,-24.98108367711511,0 -9.715533070687416,24.328140437616256,0.5
55 5 25 0 1 1 1 -26.401164977062944,-2.286588693644969,0 -25.922612795357544,3.7773199311106014,0.5 5.958039252416578,6.538483636644149,0.5
43 13 27 1 1 1 0 13.469216689752624,0.9111540838351029,0 -18.457815463735077,-1.2486185593295855,0 -27.842250627496874,4.13026391355929,0.5
2771 28 26 1 0 1 0 -10.032142963237602,-26.67594623561013,0 14.94412161191078,22.691919911026062,0.5
2264 24 28 1 1 1 0 -22.423408729212486,-9.87120767498472,0 6.864308794656884,3.0217982678524655,0 28.501812033978133,5.991386382113863,0.5
409 31 10 1 0 1 1 25.219744496494247,18.87364531646042,0 -12.00156155910959,-1.4874542490117122,0.5 13.618496342090914,17.685772739138553,0.5
3667 8 29 1 1 1 0 7.363440217802791,-4.246145093946319,0 -20.357746484513598,11.739342318557469,0 -22.55819010135346,19.93434371508625,0.5
499 6 1 0 1 0 1 -18.059524042215138,-18.00287730804866,0 17.36463605644195,25.78215302544216,0.5
2436 26 30 1 0 1 0 -20.52433109526645,-16.7631092906978,0 27.417764307540132,14.646371577157892,0.5
1523 31 0 1 0 0 1 -23.06387077390489,21.454786527127595,0 -27.15049677907205,17.061668284479044,0.5
3583 4 27 0 1 1 0 -21.80844833243395,16.752360470439942,0 -18.153387866156145,21.510567379334624,0.5
1866 29 7 1 0 1 1 -28.848915525006294,6.163608766871143,0 6.080854706315945,-7.434595217002418,0.5 -25.212884168267156,-0.7486467241252468,0.5
2927 14 0 1 1 0 1 -1.6590465869639806,-14.404775750503136,0 2.0022976049565284,17.385074181641716,0 2.3564611733554086,-31.979635562940185,0.5
3416 31 15 1 0 1 1 19.149804377380068,-25.010697557406814,0 -4.658977222379372,15.95443296520908,0.5 14.794792303848,-9.453259791521653,0.5
1283 15 20 1 1 1 1 -6.665595901632314,13.993563923323554,0 7.0956343468989145,-14.896374499021848,0 3.3989246737755554,-21.087847473414627,0.5 -10.362305574755673,7.802090948930773,0.5
3102 17 21 1 1 1 1 2.791890541973504,-17.27586024490934,0 -2.313280734778046,14.31428420292488,0 2.4931151324014675,22.18184791527953,0.5 7.598286409153018,-9.408296532554687,0.5
3190 29 26 1 0 1 1 8.674189594352963,-28.19589393655074,0 -2.0573105298660703,27.092756843549573,0.5 7.351979877567652,-3.4926196299969923,0.5
1096 20 0 1 1 0 1 -3.0796245769755215,20.267360767127236,0 1.7275942748887072,-11.36949506448601,0 -10.664016525731334,30.241176424519747,0.5
3658 0 24 0 1 1 1 -27.06286531013957,16.11990450360188,0 -17.978437240533594,17.692534990447093,0.5 9.513997360243113,1.3167589867880425,0.5
352 1 26 0 1 1 0 -25.955331694738103,-16.017826213819514,0 -25.70240154732711,-8.811160803206182,0.5
1587 30 30 1 0 1 0 -24.303814473471817,18.427550082391903,0 20.678722653984885,-23.208628339468326,0.5
3113 1 3 0 1 0 1 -5.385366469830358,30.0207899294077,0 10.937956851364309,-26.992797185873357,0.5
3578 2 28 0 1 1 0 -23.252655553717968,18.153897920285576,0 -18.772111720652497,22.26786522204904,0.5
2184 21 23 1 1 1 0 -20.60821846387358,-6.127914143104489,0 10.064478784682446,2.9927022559347503,0 24.235377616728186,0.9468219339401864,0.5
3817 5 28 1 1 1 1 5.274325724333611,-1.5593229792550127,0 -25.412660308152855,7.513101627319607,0 -25.629517321450518,13.833938046321734,0.5 5.057468711035948,4.761513439747114,0.5
3681 28 8 1 0 1 1 24.996276562734845,-13.690732558898107,0 -4.572770365959913,9.34557495182607,0.5 23.493224371145875,-6.026475640620928,0.5
2192 31 1 1 0 0 1 -30.078233159519254,-9.356809819676606,0 -27.3411191253104,-14.788955506579427,0.5
1220 6 7 0 1 1 1 8.63781696625493,-23.992459608332748,0 -3.1047502118856674,-9.089033288628439,0.5 -13.94436365973499,21.019151317906775,0.5
2166 2 14 0 1 1 1 28.502791772810586,7.605317952314755,0 15.556691132869222,-2.058970858586425,0.5 -15.361591468145651,-10.30880728143633,0.5
751 18 21 1 1 1 1 7.0527870839792595,17.102870938765086,0 -5.146628412633513,-12.480473387747494,0 -13.743359348007814,-17.58891906376075,0.5 -1.543943851395042,11.994425262751836,0.5
731 29 2 1 0 0 1 12.09742556638401,26.905432437814458,0 6.625134223099713,29.365925773350188,0.5
2441 1 12 0 1 1 1 23.47008639497426,19.47832242808513,0 13.450689000186525,3.365852851843232,0.5 -11.17366393880286,-17.070419859590345,0.5
3234 0 20 0 1 1 1 -11.319379974185557,29.395945927967805,0 -1.7673528223173687,21.286767345030263,0.5 9.731699849871134,-8.57578089925449,0.5
2188 0 16 0 1 1 1 30.136429624103158,9.167639255090569,0 17.531965851690334,-0.9381755566864944,0.5 -13.08281979819224,-10.251332895191197,0.5
3433 0 24 0 1 1 1 -19.810771852053183,24.490474038407207,0 -10.743525909360628,22.82162682708875,0.5 9.381702638756892,-2.0575848944677757,0.5
1183 0 29 0 1 1 0 8.930667972096888,-30.207501875728866,0 2.609831553094761,-29.990644862431203,0.5
120 25 29 1 1 1 0 25.04832489358156,4.778223521935978,0 -6.3848671297364765,-1.21797854480721,0 -30.101761784010666,0.36597472409325604,0.5
1895 23 29 1 1 1 0 -23.181087543647642,3.8583908943682808,0 8.384648686000212,-1.3955881958353356,0 28.114542007293437,-10.762087516840431,0.5
1104 31 30 1 0 1 0 -5.123070703638833,31.080607242547842,0 -0.9596821268032594,-31.069744289509277,0.5
355 30 2 1 0 0 1 25.87956155693586,16.13995952971281,0 21.855977336109216,20.701841818627646,0.5
1593 13 12 1 1 1 1 -10.833819964322178,8.054709490767138,0 14.846345877034096,-11.037935228088301,0 6.4514438969944,-12.273095438557208,0.5 -19.228721944361872,6.819549280298231,0.5
1401 30 18 1 0 1 1 -17.966187490034535,24.646827525523978,0 6.048967324999837,-18.484047021718062,0.5 -12.800803156347872,7.3749195624382455,0.5
737 0 0 0 1 0 1 -12.646250875660565,-28.8499972060632,0 7.151013312600908,31.258806896665213,0.5
1192 3 27 0 1 1 0 8.46568507494549,-27.213639525279326,0 2.4394562248885965,-28.041024469994895,0.5
3537 31 12 1 0 1 1 23.530071402215203,-20.942438726343557,0 -5.348293973639007,12.792409920399546,0.5 18.555270625436755,-8.482448468266924,0.5
99 17 31 1 1 1 0 17.288824851650755,2.7104492706824947,0 -14.325026305653482,-2.2458008242797813,0 -32.04918162577678,1.0487884047660536,0.5
3878 0 31 0 1 1 0 -30.923352449211567,5.9996894337824775,0 -29.78055446182443,11.889851805060871,0.5
888 0 5 0 1 0 1 -5.513226357721195,-31.01377653766997,0 -1.2692749443304168,27.1410932188756,0.5
3645 27 5 1 0 1 1 23.33403091199135,-14.552422526790247,0 -1.4917321765531253,8.00154579524707,0.5 25.66059470285499,-8.932182235927035,0.5
3733 0 0 0 1 0 1 -28.769969516941558,12.827269935346866,0 31.213259028436198,-7.3472757416437116,0.5
351 21 12 1 1 1 1 18.31409504020391,11.262500737330877,0 -8.944092926611212,-5.500291057766242,0 -13.790753136117868,-1.4370553011819762,0.5 13.467434830697254,15.325736493915143,0.5
1459 27 26 1 0 1 1 -18.153651401453935,20.65659557609844,0 12.986625042979586,-23.866243315466626,0.5 -8.137623860530447,0.17052244581155662,0.5
2838 3 31 0 1 1 0 7.174349137052176,27.582217359372663,0 13.73632638503086,28.975219368348274,0.5
3725 17 11 1 1 1 1 15.892505541938922,-7.326545406904992,0 -13.168076020463678,6.070566194292707,0 -7.9316880737638655,10.263446024630909,0.5 21.12889348863873,-3.1336655765667887,0.5
3293 1 2 0 1 0 1 -13.547066802611237,27.326305660399626,0 18.47856736522719,-23.765364464463,0.5
249 14 7 1 1 1 1 13.404952897951015,5.527860146902661,0 -16.178391428561568,-6.671555349710108,0 -9.22098673214128,2.6876390542024917,0.5 20.362357594371304,14.887054550815261,0.5
1478 11 14 1 1 1 1 -7.845916504758057,8.40782933939344,0 13.986198986742624,-14.987869691962215,0 5.505983763707061,-14.694697778239409,0.5 -16.32613172779362,8.701001253116246,0.5
2069 10 5 1 1 0 1 -10.438387043565129,-1.1358150944285188,0 21.373840136823834,2.325716621925062,0 -25.695463436943314,-8.83137354892824,0.5
3612 28 29 1 0 1 0 23.368635115775383,-16.314315579445854,0 -20.75399447153329,21.806460360993157,0.5
2458 29 20 1 0 1 1 -22.189455643391288,-19.439085838844647,0 19.373503583816586,8.995407655456525,0.5 -4.696414402234982,-12.091058339222414,0.5
3706 1 3 0 1 0 1 -27.304992273906755,13.589974132495335,0 28.18793851151851,-7.327354397792671,0.5
1272 28 30 1 0 1 0 -11.809704058308599,25.938020164522378,0 7.177819396185192,-30.244485591852072,0.5
1410 29 25 1 0 1 1 -17.712396647113575,23.59069742536917,0 10.512607794887497,-23.994480143376112,0.5 -8.700839415540788,1.5954289282107856,0.5
313 2 25 0 1 1 0 -26.0057473683281,-13.926632895811391,0 -25.312079839567286,-6.748971343499045,0.5
1516 8 1 1 1 1 1 -6.159551606589897,5.857467371292461,0 17.029348559395597,-16.194174497102686,0 -3.04770315504352,-5.381589493703302,0.5 -26.236603321029015,16.670052374691842,0.5
1974 2 30 0 1 1 0 29.47540096310493,-1.2044658833660522,0 30.22959098557641,-7.240292041399803,0.5
1050 24 20 1 0 1 1 -1.9222478453321994,24.424474676461635,0 -4.3730925399779474,-20.907559915896194,0.5 -6.883783603268983,10.993794763563903,0.5
3036 22 9 1 0 1 1 1.2716670258455485,-22.464034877451937,0 5.453483223074619,9.82392593292741,0.5 7.262076326499399,-22.12492367055979,0.5
1746 0 19 0 1 1 1 29.0258904858772,-12.237143518888036,0 15.63752391623102,-13.104115604240633,0.5 -13.849094990056928,-0.6727317120369127,0.5
215 31 28 1 0 1 0 29.7206331668881,10.437143486570985,0 -28.878124005578943,-3.7820568370141103,0.5
2343 0 28 0 1 1 0 27.037510846304965,16.162394848410965,0 27.541061213020868,9.473117082599453,0.5
2498 28 8 1 1 1 1 -20.215754792809804,-20.0891328373573,0 2.4826365535029584,2.467086488798265,0 10.258551325018496,1.7355473810764286,0.5 -12.43984002129427,-20.820671945079138,0.5
2977 2 18 0 1 1 1 1.065553469228649,29.480749580094038,0 6.664313107162516,18.271204963266708,0.5 5.508458496473812,-13.707913225309879,0.5
2306 19 0 1 1 0 1 -17.290420986160854,-9.016171145299335,0 11.083603196256957,5.779596888012394,0 -25.156473548321586,-19.884713691994573,0.5
2763 19 6 1 1 1 1 -7.092910754338403,-18.16426758861999,0 4.5467376630374385,11.643761274756404,0 7.953308996662542,3.8723217846153597,0.5 -3.686339420713301,-25.935707078761034,0.5
460 31 16 1 0 1 1 23.62849869335948,20.83132375769503,0 -16.344703840844495,-6.410979360057497,0.5 7.6588503873302125,14.751000330299362,0.5
2790 25 29 1 0 1 0 -8.259894164052813,-24.125176650102404,0 15.232075989810681,25.966013576223688,0.5
2716 10 26 1 1 1 0 -4.530288479650069,-9.47240657336613,0 9.276304982140617,19.395880126416362,0 16.846388966754628,21.317813649171622,0.5
2978 30 27 1 0 1 1 -1.0537945619213984,-30.481789924826675,0 6.946560327927819,27.27627723151492,0.5 5.840939803944712,-4.7046171158442105,0.5
1331 2 0 0 1 0 1 14.656263744572428,-25.6016392648895,0 -20.85702181502944,24.35640862293507,0.5
697 4 28 0 1 1 0 -12.600065850347056,-24.443574627433645,0 -18.39139361816338,-22.583326610173692,0.5
2435 16 24 1 1 1 0 -12.79567976234187,-10.417321124914732,0 12.020184019169633,9.785968329465355,0 22.78776248041601,10.815169029476348,0.5
78 2 7 0 1 1 1 -29.2788547470313,-3.6053660982267384,0 -8.177071430240515,5.0384028049317715,0.5 23.583042193657846,8.949308403008233,0.5
2920 3 13 0 1 1 1 3.5719971565826807,28.275268987462617,0 7.644686861004979,12.641549066359623,0.5 3.634023386947232,-19.106121375703665,0.5
3566 23 7 1 0 1 1 18.24743304814634,-14.808145972856183,0 -2.0428456180408707,9.38492311001274,0.5 22.804722787945636,-10.77936076791908,0.5
1448 7 22 1 1 1 1 -4.85291971177083,5.718318832585861,0 15.852871058451377,-18.679841519780478,0 9.984104069243802,-21.037292267174244,0.5 -10.721686700978406,3.3608680851920933,0.5
624 24 25 1 1 1 1 13.643452603960608,20.349599530297407,0 -4.17656712366141,-6.229469243968595,0 -19.18390361562367,-17.83894173056409,0.5 -1.3638838880016526,8.74012704370191,0.5
2095 29 13 1 0 1 1 -29.172151712962883,-4.38583679995924,0 14.242002336432352,-3.926241134858562,0.5 -17.402365623391795,-8.68375901956011,0.5
3269 0 28 0 1 1 1 -12.917590011562593,28.729529552242557,0 -6.21505200051043,28.453877216136142,0.5 6.907579122346807,-0.7316766147134408,0.5
2836 26 5 1 0 0 1 -6.751424230609632,-25.625539425704527,0 -0.9494153040350222,-27.154163779804822,0.5
3680 0 27 0 1 1 0 -27.603660421381704,15.175240734204033,0 -21.207911656595954,18.506066118060353,0.5
85 11 0 1 1 0 1 11.397647094708711,1.5308953930553522,0 -20.317544821002485,-2.7289874397943232,0 30.420914010868895,10.13992064778225,0.5
466 28 12 1 0 1 1 21.199586199500217,19.048032574782102,0 -13.308176243594572,-3.8913294732552624,0.5 10.494867910230232,17.495935172114116,0.5
777 28 24 1 0 1 1 9.780286258632563,26.76931079985443,0 -14.043258881951733,-20.95320691384695,0.5 -3.0618848371713105,9.103563107042232,0.5
2940 15 3 1 1 0 1 -1.4586788564369801,-15.43121045134774,0 1.5527871697554951,16.42677241595082,0 3.2912848580408065,-28.938165871098867,0.5
2185 1 15 0 1 1 1 29.221223433600738,8.73899885819785,0 16.569277258032738,-1.307306829493041,0.5 -14.089055524761477,-10.476092516782586,0.5
2211 7 26 0 1 1 1 23.166596897227503,7.972376571723708,0 27.010166416606985,2.949730521114825,0.5 -3.248245857322817,-7.463169490932466,0.5
930 9 26 1 1 1 0 1.042475955364929,9.442629076824208,0 -2.4690219995485156,-22.364121497741543,0 -8.871724976643774,-25.68155945301599,0.5
3584 28 3 1 0 0 1 22.6287263614633,-17.32601348429626,0 26.276308147630935,-12.562071092409251,0.5
2829 24 26 1 0 1 1 -6.502002252772513,-23.62147257697837,0 12.817628373891504,23.95742897033844,0.5 4.325217268229446,-6.895106640408821,0.5
1696 27 2 1 0 0 1 -24.423752342372474,12.638446167090919,0 -28.95750440372849,8.228787195452629,0.5
2988 29 28 1 0 1 0 -0.5560289716045382,-29.494759395233864,0 6.536114646173984,28.38184640456061,0.5
1307 2 19 0 1 1 1 13.680919607651706,-26.135845857537706,0 3.727554481490916,-20.058797012471032,0.5 -11.112765092910935,8.291951036383427,0.5
3585 13 13 1 1 1 1 10.73174877073138,-8.190211738527001,0 -14.70647053766893,11.223623493537001,0 -7.09165466471938,12.95987785885206,0.5 18.346564643680928,-6.453957373211943,0.5
3597 31 9 1 0 1 1 25.39650169775265,-18.635120110051524,0 -4.109715729153684,10.457544483555726,0.5 21.68990504316647,-8.473371183798204,0.5
717 16 23 1 1 1 1 7.095634346898921,14.896374499021846,0 -6.665595901632319,-13.993563923323553,0 -15.522766917954891,-18.635817857310293,0.5 -1.761536669423652,10.254120565035103,0.5
3454 27 9 1 1 1 1 17.990856645736173,-20.79853545691548,0 -2.943958360211374,3.403396711131624,0 -1.6771609233818463,11.11022642600415,0.5 19.2576540825657,-13.091705742042956,0.5
1103 16 22 1 1 1 0 -2.657936861742794,16.28451324538099,0 2.496849779212927,-15.29757304869123,0 -2.29718182321655,-23.172676920698727,0.5
2104 7 4 1 1 0 1 -7.40014458155901,-1.2197787389616264,0 24.173805633092766,3.9846105472746465,0 -26.158040474547068,-10.392637708106506,0.5
1829 1 25 0 1 1 1 29.406323003993474,-8.094329335084172,0 22.993287232502578,-12.552240526839583,0.5 -7.8592483782446765,-4.0598294211775,0.5
2158 28 21 1 0 1 1 -27.626750378503438,-7.000904478984138,0 22.315107368832585,-0.5347738937846191,0.5 -8.704401828083554,-8.395438571942247,0.5
3554 4 4 0 1 1 1 -21.022967114135014,17.728080937258763,0 0.4278230403616372,7.4877878873627095,0.5 24.890912045900563,-13.141251748720215,0.5
2522 19 28 1 1 1 0 -13.303945377633237,-14.256754097232344,0 8.52817011386746,9.138944934123296,0 23.83092142799699,16.743272795144737,0.5
3386 31 11 1 0 1 1 17.950380508365605,-25.885011871832088,0 -1.6228350671495857,12.86920379607183,0.5 16.61247211595198,-13.426681280075051,0.5
974 17 7 1 1 1 1 0.7145136596239282,17.48540735099445,0 -0.5920256036883976,-14.487908947966831,0 -6.301216945894067,-7.24876989569799,0.5 -4.994677682581742,24.724546403263293,0.5
3041 1 10 0 1 1 1 -1.962923213239472,30.436769415608577,0 5.311800746053672,10.864380922732028,0.5 7.371261166501643,-21.069278792004837,0.5
1164 10 7 1 1 1 1 -2.6750926196755116,10.15351562150557,0 5.477570602192714,-20.790531986892354,0 -3.891228483949245,-8.781135512318556,0.5 -12.04389170581747,22.16291209607937,0.5
1504 1 26 0 1 1 0 21.701838154883202,-21.4308240788649,0 14.639795627252969,-22.889438262925218,0.5
413 28 1 1 0 0 1 22.710121721113016,17.21918614256292,0 20.67872265398489,23.20862833946832,0.5
3220 4 26 1 1 1 0 1.5243206411038135,-4.233963460294014,0 -9.315292806745527,25.874221146241197,0 -3.3312702727748835,26.96576789875872,0.5
2568 31 29 1 0 1 0 -19.772277880657057,-24.52156249936124,0 23.187668967477798,19.198489728482993,0.5
2710 8 13 0 1 1 1 10.33857049161401,21.103648030374465,0 11.327344247618552,9.483737253632817,0.5 -2.750709187770741,-19.25314517070688,0.5
2695 31 0 1 0 0 1 -14.52069279786708,-27.953523582367414,0 -9.196212115511383,-30.71936982958019,0.5
3551 3 23 0 1 1 1 -21.700617563771896,18.475204933935498,0 -14.003974847193916,19.802491976495283,0.5 10.361630838444706,-0.941597773888434,0.5
2091 20 12 1 1 1 1 -20.290922740189288,-2.9203517513596347,0 11.382712756691552,1.6382461044212584,0 13.227250963927995,-4.158104368250746,0.5 -18.446384532952845,-8.71670222403164,0.5
2097 8 0 0 1 0 1 23.227741956288423,3.566791781430254,0 -30.224388124872505,-10.711506078841854,0.5
682 29 1 1 1 0 1 14.130449928020452,25.89556689535309,0 -1.1974957566119027,-2.194539567402804,0 9.342553268898481,29.64737253818278,0.5
1742 30 1 1 0 0 1 -28.02943203359935,12.02501309246001,0 -30.395008379657057,6.511026462899483,0.5
2446 13 23 1 1 1 0 -10.320365674211734,-8.702876096472485,0 14.142723331327192,11.926163539610444,0 21.833025920208197,10.562621794209853,0.5
325 3 27 0 1 1 0 -24.86613620157472,-13.925705382663216,0 -26.92536764348365,-8.202108098729477,0.5
1382 22 15 1 0 1 1 -12.705276376486731,18.569489820592494,0 3.800659773866194,-16.180388910137957,0.5 -14.269066628248268,10.229552168038033,0.5
647 25 10 1 0 1 1 13.426023372995132,21.679296491994116,0 -10.62937350464367,-5.767704820704606,0.5 6.218969551663946,21.437686855523307,0.5
1211 2 0 0 1 0 1 9.599392198606106,-27.89447381502903,0 -15.923650750720899,27.833205829890776,0.5
2152 5 4 0 1 0 1 25.748240922238857,6.267223421128707,0 -25.30087867301118,-12.333512815640475,0.5
2009 17 22 1 1 1 0 -17.498251258595687,-0.24739218066557087,0 14.498551042836425,0.204982092551473,0 22.58257179442265,-5.681324770662787,0.5
555 30 0 1 0 0 1 19.625403874380257,23.347238011539186,0 15.675960458155506,27.97345641343495,0.5
995 3 4 0 1 0 1 -0.22383617532827346,-28.499120992876506,0 -5.783832671429176,27.546275240563983,0.5
2879 28 20 1 0 1 1 -5.38433559554745,-27.9867634819484,0 9.76489335440046,18.9972855370757,0.5 3.719323562908587,-12.426448898796187,0.5
3288 28 31 1 0 1 0 12.457799349551566,-25.633049669641586,0 -8.372715140106134,30.953960024246292,0.5
1206 5 1 0 1 0 1 8.426115796558886,-25.12470044762685,0 -15.38659375399272,27.009308259368513,0.5
3489 25 9 1 0 1 1 17.71698966312067,-18.340072989954958,0 -2.2851358376437894,11.001279662090043,0.5 19.947949229801758,-12.013713893931861,0.5
1399 15 20 1 1 1 1 -9.090962764487829,12.55405894580298,0 9.677476491228978,-13.363998232628978,0 7.163895677237587,-20.122837740379875,0.5 -11.60454357847922,5.795219438052083,0.5
3150 4 15 0 1 1 1 -6.419747506037382,26.740172810936112,0 2.2158163826195367,16.47240594929942,0.5 9.68606802600849,-14.643431503426237,0.5
3514 30 0 1 0 0 1 22.035781607027154,-21.08730255313381,0 26.906588063611743,-17.44378166496892,0.5
2884 31 10 1 0 1 1 -5.7079815542548396,-30.978523957352884,0 7.803331748056924,9.238940070688134,0.5 2.004747311988516,-22.23130648916241,0.5
1079 10 4 1 1 0 1 -1.2996340292559017,10.419258677564352,0 2.6611553932382748,-21.334672530250817,0 -9.357665511421278,26.545886614998505,0.5
3265 29 5 1 0 0 1 11.928136068097968,-26.980911214059105,0 16.202748240303418,-21.811028161490796,0.5
1505 9 29 1 1 1 0 -6.77006592978945,6.6645485448231305,0 16.034366675817118,-15.784457079844255,0 16.81364775366842,-24.97100817379148,0.5
2725 0 31 0 1 1 0 13.187781732428983,28.606509975490063,0 18.63664077537947,26.094551550265493,0.5
1779 31 30 1 0 1 0 -29.620946884009534,10.716786164456478,0 26.639306761128633,-16.01865585142793,0.5
1843 3 3 0 1 0 1 27.637713285890797,-6.957499861796282,0 -29.10245009890054,1.1390339068719033,0.5
1013 9 11 0 1 1 1 0.45942599463300526,-22.495309016669577,0 -5.763931340521683,-11.620115984866585,0.5 -6.417337199555291,20.373212394396813,0.5
3633 29 31 1 0 1 1 24.732365779571218,-16.07980357297609,0 -23.13866781758091,22.200271431395734,0.5 3.689661163648886,4.757772640370823,0.5
1787 29 19 1 0 1 1 -27.864178831028287,9.686977757405817,0 16.44846171730904,-12.070547093409598,0.5 -13.777088201094525,-1.562639017579559,0.5
3642 2 20 0 1 1 1 -24.957209617201332,15.728562811747084,0 -14.144115941767621,16.00606085911943,0.5 12.928111439603317,-1.055431004470626,0.5
435 2 1 0 1 0 1 -22.877124423580916,-18.624907465756642,0 19.864503394056886,23.909234720239425,0.5
1250 28 4 1 0 0 1 -10.906477822405057,26.33056667657167,0 -16.067071585107687,23.110586549869847,0.5
1810 22 30 1 1 1 0 -21.505342832962427,6.615907317726844,0 9.080033640584135,-2.7933830897068894,0 27.387444999955246,-14.702988008375257,0.5
1628 4 3 0 1 1 1 22.937156924362206,-15.170261442281836,0 -0.3906007061244834,-6.935231148878533,0.5 -27.08111058174596,10.71743671123124,0.5
2621 28 3 1 0 0 1 -15.982330029754047,-23.596930453345454,0 -11.014555197470795,-26.96163151224104,0.5
1995 25 1 1 0 0 1 -25.499213519942135,0.20027447266214102,0 -30.546182713498354,-5.76027096876304,0.5
1197 26 28 1 0 1 0 -8.07009353770868,25.241307222341568,0 2.96414424493011,-28.973502530678747,0.5
3086 8 0 1 1 0 1 1.1447629107257922,-8.42256005488988,0 -3.164932753183072,23.285901328224963,0 10.187693178494321,-30.40494873702076,0.5
698 18 2 1 1 0 1 8.450567535184542,16.45715371299925,0 -6.166630363513043,-12.009274331107562,0 8.137774054591809,28.983212959166767,0.5
1312 4 30 0 1 1 0 12.944358134546647,-24.263008726961214,0 9.062722572432925,-29.73410599925807,0.5
3763 28 3 1 0 0 1 26.547775706444597,-10.366561871725361,0 28.730209784702566,-4.777556459842288,0.5
2579 29 24 1 0 1 0 -18.117350352904683,-23.28114293135336,0 19.781760719806268,15.650301684770486,0.5
3006 26 12 1 1 1 1 0.24975291847829578,-26.49882305838717,0 -0.051835511382287806,5.499755729099224,0 5.881925542239409,12.555992669460732,0.5 6.183513972099992,-19.442586118025663,0.5
1853 30 2 1 0 0 1 -29.6905057581894,6.980248406963892,0 -30.09021017404494,0.9106325723376534,0.5
2099 26 30 1 0 1 0 -26.18022048964257,-4.104394609890633,0 31.061248777111025,-1.203671220233626,0.5
1435 2 29 0 1 1 0 18.624907465756642,-22.877124423580916,0 13.971933006723235,-26.665241196277183,0.5
3403 2 14 0 1 1 1 -17.451937880841893,23.784025399482648,0 -3.740642266959714,15.239999850086432,0.5 15.190273400394204,-10.559620922233728,0.5
1271 29 24 1 0 1 0 -12.181891637879618,26.867294544165752,0 4.652629758069699,-24.791188683367412,0.5
2806 29 30 1 0 1 0 -8.851177234117646,-28.14083619173811,0 14.874777043763283,27.294523404857845,0.5
1041 31 2 1 0 0 1 -2.027281351378489,31.4346962816941,0 -7.8861262716136515,29.05269372068905,0.5
3057 14 31 1 1 1 0 1.2965292528222874,-14.441918567024816,0 -1.5647766844406916,17.429901718823054,0 3.1593682716032307,31.910317957118302,0.5
3980 27 17 1 0 1 1 27.48643041005762,-0.8637958746485299,0 -17.302900251931533,6.546727646061635,0.5 14.681309679771877,5.541583355561528,0.5
1066 28 0 1 0 0 1 -2.94937793963704,28.346978141755823,0 -9.227623647336902,30.70994890622758,0.5
71 31 1 1 0 0 1 31.304301809235636,3.505807786557405,0 29.642741538487062,9.35723645540999,0.5
2238 28 3 1 1 0 1 -26.53145920383267,-10.408250213910245,0 3.2582493759092754,1.2782061666205564,0 -24.340248632483146,-15.99382057261186,0.5
1659 3 2 0 1 0 1 24.508328903897212,-14.546195871718366,0 -28.430627294571156,9.89694051902837,0.5
523 3 24 0 1 1 0 -19.411473524544014,-20.867311652580618,0 -21.080174430414456,-13.85194015231442,0.5
761 0 10 0 1 1 1 -11.54990370369581,-29.306137999322836,0 -9.432089424912476,-7.568731008594123,0.5 2.3011460836039017,22.202583784368755,0.5
238 18 23 1 1 1 1 17.22217527266331,6.7562325949943745,0 -12.567533307078632,-4.930223785536436,0 -24.068027809597517,-2.9966710457506984,0.5 5.721680770144427,8.689785334780112,0.5
3013 1 30 0 1 1 0 -0.6227774593913966,30.493641111485424,0 5.375971611720489,30.61615471005422,0.5
1058 29 26 1 0 1 1 -2.6839160151553134,29.377654685552976,0 -3.5641408037865103,-26.93597780535884,0.5 -6.475507328700749,4.931308633207101,0.5
556 25 14 1 0 1 1 16.3774426560029,19.54557167363842,0 -13.911621511916572,-7.260632679676068,0.5 6.640463389734126,17.267143538223127,0.5
2432 3 7 0 1 0 1 22.18617559466017,17.88920379678496,0 -15.306178220647876,-20.0492121610243,0.5
2669 30 1 1 0 0 1 -15.153086244388437,-26.469491443360333,0 -9.945973173563452,-29.45042644225642,0.5
2798 0 1 0 1 0 1 9.828103845685067,29.92755210167431,0 -3.815614434392022,-30.849490862704027,0.5
1793 23 4 1 1 0 1 -22.268629924790957,7.507204624406119,0 8.054610823860559,-2.7153718854234894,0 -27.97576811396545,3.099419047762659,0.5
1648 5 20 0 1 1 1 22.55135376755933,-13.917127693974345,0 14.294339097023403,-15.872046804974719,0.5 -12.93748432040673,0.9335413537867545,0.5
2823 17 14 1 1 1 1 -4.803098084536663,-16.82796032769035,0 3.9797098414732353,13.943167128657716,0 9.749296239538497,12.296390642530861,0.5 0.9664883135285987,-18.474736813817206,0.5
2314 25 21 1 1 1 1 -22.460606930536596,-12.073571812513956,0 5.725252746999524,3.077577128680028,0 21.778214897318453,4.894829505326686,0.5 -6.407644780217667,-10.256319435867297,0.5
1669 10 16 1 1 1 1 -9.112447873943719,5.216636248068154,0 18.658821837122854,-10.681683746044316,0 11.338625945872614,-13.404684317789226,0.5 -16.43264376519396,2.493635676323245,0.5
68 18 29 1 1 1 0 18.39456462234448,1.9723063540923085,0 -13.423060670359485,-1.4392505827160087,0 -29.97154024236303,2.8207756912618263,0.5
510 26 3 1 0 0 1 18.44168910969633,19.030346890724502,0 15.524756916301826,24.642076265804768,0.5
2584 16 1 1 1 0 1 -10.030849911960994,-13.100841577689279,0 9.42291961426639,12.306851179041443,0 -13.777931687798464,-27.864288944926603,0.5
2955 7 1 1 1 0 1 -0.5297023944837518,-7.481270973122025,0 1.7303611553135894,24.438818512198615,0 3.830893707597029,-30.847597206283236,0.5
1572 30 31 1 0 1 0 -23.862919722585936,18.995027304887433,0 20.90858385023385,-24.312159948835074,0.5
1292 6 29 0 1 1 0 11.290334891491986,-22.864346438023517,0 7.681521594936175,-29.10745997139787,0.5
3620 22 27 1 0 1 0 18.609312921177636,-12.646876001672945,0 -19.37221552543766,20.41977633658097,0.5
1975 30 2 1 0 0 1 -30.47648560534205,1.1974243806515894,0 -29.712815463655737,-4.837209652551817,0.5
3308 21 29 1 1 1 0 10.000748178665352,-19.03247319364779,0 -4.884086319813312,9.294928768990781,0 -8.410568935290287,28.905230152772177,0.5
2450 4 18 0 1 1 1 20.911164054000846,17.859821329080056,0 17.964198653581672,7.452353100508218,0.5 -6.368792245619311,-13.329984446057665,0.5
3579 17 10 1 1 1 1 13.810847501650299,-10.747580717824812,0 -11.443273644224535,8.905138309054843,0 -4.601623683450245,11.183696145546417,0.5 20.652497462424588,-8.469022881333238,0.5
3345 16 22 1 1 1 1 8.51046732170328,-14.135839061273321,0 -7.994681423418233,13.279121542408271,0 -6.464877598223265,22.370859564173905,0.5 10.040271146898249,-5.04410103950769,0.5
2900 28 30 1 0 1 0 -4.458382253646585,-28.149117706961423,0 10.697381227297871,29.185887597910313,0.5
3553 11 16 1 1 1 1 8.77976657559923,-7.427361501771043,0 -15.650888243459494,13.24007919880925,0 -8.72191125971835,15.237396889810224,0.5 15.708743559340373,-5.430043810770069,0.5
2275 31 2 1 0 0 1 -28.606509975490066,-13.187781732428974,0 -24.278265202615337,-17.79932130030461,0.5
3281 7 18 1 1 1 1 3.204000485302102,-6.781178429313293,0 -10.466401585320199,22.151849535756757,0 -2.478258453627883,19.290107180547803,0.5 11.192143616994418,-9.642920784522246,0.5
3442 4 30 0 1 1 0 -17.59564067115741,21.133940223524604,0 -14.904123604696485,27.278509848888906,0.5
2567 25 16 1 0 1 1 -16.037291499281157,-19.825621840615348,0 15.041923167914948,9.054863191155542,0.5 -5.083305380202582,-15.824348530400973,0.5
2499 27 28 1 0 1 0 -19.475957300428092,-19.41486768515052,0 24.420145060840138,15.871563099062588,0.5
2212 1 0 0 1 0 1 28.824423792984046,9.970084904475746,0 -27.808158690234198,-15.967351385209518,0.5
2817 21 1 1 1 0 1 -6.095535282542321,-20.617818740576844,0 2.9768893240322964,10.069167291909622,0 -2.8933448220502207,-30.949613175946403,0.5
42 2 24 0 1 1 1 -29.435823972994523,-1.9448051395656467,0 -24.842254853415582,4.371770098935891,0.5 7.088130473222543,6.481389233379983,0.5
3970 4 2 0 1 0 1 -27.469471561454174,1.2954273945151726,0 29.749890015635973,4.6036989538373625,0.5
3144 23 8 1 0 1 1 5.270362882310457,-22.901381510484562,0 3.940859768649723,9.629102984382193,0.5 11.11752411902992,-21.555756944788275,0.5
3302 5 7 0 1 1 1 -12.104867009858927,23.57376072402596,0 1.9115495007627854,9.412543678843331,0.5 16.528747399460357,-19.05388436526349,0.5
1060 7 29 0 1 1 0 2.3056536763036024,-24.39126813277546,0 -3.1971765447223057,-29.933727835701948,0.5
3812 17 3 1 1 0 1 16.742460902279532,-5.093132919494765,0 -13.87232474760304,4.220024419009949,0 29.012510470396297,-2.5542584452527795,0.5
3052 10 29 1 1 1 0 0.856701421465655,-10.464992244357314,0 -1.7541981487153886,21.42831745273164,0 3.57307252694353,29.891188546412828,0.5
3475 29 0 1 0 0 1 20.02462199322177,-21.66251402835273,0 25.788158540901772,-19.058354574026453,0.5
1049 1 18 0 1 1 1 2.345237887471281,-30.409700084860575,0 -4.559714740686713,-18.906586193270435,0.5 -7.020292196394287,12.998672912157053,0.5
1121 6 1 1 1 0 1 -1.2280063638967866,6.382946057286478,0 4.817563427595086,-25.040788378585415,0 -11.65413391424167,28.81720254828567,0.5
3107 7 25 0 1 1 1 -4.098482258674235,24.154760259115232,0 1.6496842432040166,26.14437878201975,0.5 7.002803928003017,-5.40469584213076,0.5
3773 1 4 0 1 0 1 -28.581530148234993,10.646414156209323,0 27.864608656187485,-3.976629783814638,0.5
3151 25 3 1 1 0 1 5.991797993298226,-24.786051658291754,0 -1.527321057115234,6.318013167799859,0 12.528727559166665,-26.292222913785317,0.5
3332 5 3 0 1 0 1 -13.201905291496491,22.977373580858995,0 19.400699709162414,-21.722404351151035,0.5
1560 22 11 1 0 1 1 -17.336547962455256,14.342039769345522,0 5.036358353429435,-11.95345533876467,0.5 -19.620065415395818,8.444112333193406,0.5
3095 30 1 1 0 0 1 4.53450923385616,-30.16103821170739,0 10.467828226323189,-29.26900360832585,0.5
3907 31 23 1 0 1 0 31.164483616782828,-4.585298343540437,0 -22.376303966131868,9.35687024679039,0.5
639 23 21 1 1 1 1 12.623081413815752,19.82190242182065,0 -4.565795404997187,-7.169624280233001,0 -16.609687869275003,-14.91201759941487,0.5 0.5791889495379356,12.07950910263878,0.5
1452 3 5 0 1 0 1 18.57726117107504,-21.613314585728578,0 -21.823765212205615,16.18558840334586,0.5
1835 0 20 0 1 1 1 30.44790321353258,-8.073115253689393,0 18.27756585254862,-11.053532761327872,0.5 -12.653637411992413,-2.852272821071982,0.5
1257 7 16 1 1 1 1 -2.9461401015794895,6.897119580075815,0 9.624057665159667,-22.530590628247662,0 0.9638125594142251,-17.530575157430384,0.5 -11.60638520732493,11.897135050893095,0.5
3093 29 26 1 0 1 0 4.294168289982302,-29.185786244288682,0 2.078618907837325,27.091130346221824,0.5
3134 27 30 1 0 1 0 5.745736986066323,-26.89305684534485,0 -0.5049686182892268,31.080460207251488,0.5
2714 29 2 1 0 0 1 -12.811497454049253,-26.572834492859236,0 -7.4068531504168655,-29.178562788598068,0.5
3710 23 25 1 0 1 0 21.103648030374465,-10.338570491614012,0 -20.260068162760202,16.606614285889535,0.5
2670 6 2 0 1 0 1 12.634196045026389,22.15010361817388,0 -9.40424163212687,-28.59738168652109,0.5
2058 6 27 0 1 1 1 25.394243880732237,2.319995199541021,0 27.931830506564026,-3.473160599882955,0.5 -3.9354559320019193,-6.384527124797177,0.5
490 25 17 1 1 1 1 18.312220592961317,17.745776313104013,0 -4.667820935460728,-4.523433177850043,0 -16.742686990409695,-7.869716153786366,0.5 6.237354538012353,14.39949333716769,0.5
8 20 14 1 1 1 1 20.49838140617823,0.25760381760872847,0 -11.499092008343885,-0.144509458658555,0 -14.574251380255449,5.817318686914284,0.5 17.423222034266665,6.219431963181567,0.5
2685 30 4 1 0 0 1 -14.483119891053148,-26.841930597879518,0 -7.778170931694573,-27.050879042229695,0.5
2244 0 8 0 1 1 1 29.21452233004183,11.779714980740714,0 10.127039037771423,-2.3860176712366643,0.5 -19.551205868937735,-14.352712254846278,0.5
1225 13 4 1 1 0 1 -4.672580270546157,12.665583034953535,0 6.403165555933623,-17.356539714565955,0 -15.147367085165964,23.723559395403353,0.5
3768 29 11 1 0 1 1 27.562703802470047,-10.514150422040913,0 -8.606311565971527,9.704710259942061,0.5 21.292214592640047,-1.7004698588819807,0.5
823 24 21 1 0 1 1 6.724337318351314,23.55914445876649,0 -11.670535473353151,-19.027574773607004,0.5 -2.887727547343271,11.743552682741061,0.5
1816 26 18 1 0 1 1 -25.400827408960463,7.553010455454365,0 16.0225375220016,-11.023987089798812,0.5 -14.650159726554431,-1.9033706907595787,0.5
446 31 29 1 0 1 0 24.080853239827384,20.306710891769125,0 -26.419855108746745,-14.430566725975396,0.5
250 30 0 1 0 0 1 28.178325741594247,11.671844687135238,0 26.806104679914995,17.59780531456805,0.5
2519 30 0 1 1 0 1 -20.91358532631114,-22.2007195558861,0 1.0285369832612037,1.0918386666829227,0 -17.231921981753587,-27.042759933386197,0.5
771 25 20 1 1 1 1 8.976127914475752,23.867951895019587,0 -2.288032605650682,-6.0839877379461695,0 -12.832091514387077,-17.075931229844983,0.5 -1.5679309942606414,12.876008403120775,0.5
67 6 2 0 1 0 1 -25.358909215746316,-2.6787540737321462,0 28.706482251847977,9.065752959591224,0.5
3451 10 29 1 1 1 0 6.831737739879954,-7.973541211626108,0 -13.988796324516096,16.32677486190108,0 -14.637620576828763,26.305704017357133,0.5
3626 14 13 1 1 1 1 12.06894847068962,-8.036820441682066,0 -14.565972292211608,9.699610877892146,0 -7.911026324428791,12.476604605989351,0.5 18.723894438472435,-5.259826713584862,0.5
3290 30 16 1 0 1 1 13.418144680605408,-27.389841060698778,0 -1.8708308480589038,17.45709001918565,0.5 12.207222587330378,-11.279792405154053,0.5
3991 4 1 1 1 0 1 4.499550323638891,-0.06361513217114845,0 -27.497251977793223,0.3887591410459072,0 30.58177236978068,5.568231202358515,0.5
2387 1 29 0 1 1 0 25.035933285652717,17.419874985669278,0 27.641943666910517,11.923629913551718,0.5
2533 5 4 1 1 0 1 -3.6823579338634866,-4.085369022121824,0 17.742270044978618,19.68405074295061,0 -13.95502346336635,-24.443962856642017,0.5
2189 9 11 1 1 1 1 -9.084410272636159,-2.779116765884914,0 21.51570854045406,6.5821186560432166,0 12.752149340065822,-2.3733282976989942,0.5 -17.8479694730244,-11.734563719627126,0.5
2423 25 29 1 0 1 0 -20.075078829250707,-15.723905685273301,0 26.923853316648458,13.466852734904242,0.5
1359 19 4 1 1 1 1 -10.422747411779376,16.480786886257775,0 6.681248340884216,-10.564606978370369,0 -2.665761946899459,-7.010257715837756,0.5 -19.76975769956305,20.03513614879039,0.5
1317 16 4 1 1 0 1 -7.88071089951515,14.496358015662524,0 7.4030920571202925,-13.61779086319813,0 -18.40592108064496,21.29488363840173,0.5
1562 6 27 1 1 1 1 -5.021327763906119,4.127501361286944,0 19.699055073785544,-16.192505340433396,0 17.43407774456871,-22.097577541358103,0.5 -7.286305093122953,-1.7775708396377645,0.5
1020 29 8 1 0 0 1 -0.9266173928047842,29.485443530789084,0 -6.7351922005304035,23.299939614125922,0.5
3726 30 30 1 0 1 0 27.71839031185922,-12.725597766683844,0 -25.21499402988863,18.178395860820082,0.5
3353 2 13 0 1 1 1 -15.532066255033584,25.079970451522605,0 -2.006883787587043,14.636338936466327,0.5 14.841459268720573,-12.569052739761585,0.5
2144 27 20 1 0 1 1 -26.79948900163087,-6.167445926107983,0 21.323425457821116,-1.249610637257148,0.5 -9.86143447134935,-8.426274987637346,0.5
1039 2 30 0 1 1 0 1.8060710067127237,-29.4446617830586,0 -4.121451016732662,-30.810122387239446,0.5
521 13 0 1 1 0 1 9.225916208522635,9.85558065835389,0 -12.642922211679169,-13.50579571700348,0 17.146879749506642,27.09676207328025,0.5
561 4 6 0 1 1 1 -17.495854323330608,-21.216622763691532,0 -8.76446507941084,-1.1975608008731387,0.5 11.594347224101135,23.49087296051337,0.5
3752 3 29 0 1 1 0 -26.364700394782044,10.823704222371354,0 -25.011103028485692,16.7539465588999,0.5
2012 15 14 1 1 1 1 -15.497246461902538,-0.29215081558882733,0 16.49706881428335,0.3109992553042355,0 14.61051474781418,-5.725631738411435,0.5 -17.383800528371708,-6.328781809304497,0.5
3438 13 12 1 1 1 1 8.572502827288265,-10.428911509651174,0 -11.747503874432066,14.291471328040496,0 -3.3024308357923164,13.46640080254587,0.5 17.017575865928016,-11.2539820351458,0.5
1293 25 12 1 1 1 1 -11.326236179232348,22.846583420989848,0 2.8870798103925592,-5.823638911232706,0 0.17640987115550022,-13.864302346579105,0.5 -14.036906118469407,14.805919985643449,0.5
2071 5 7 0 1 0 1 26.335365014118867,2.949330360119723,0 -23.68001738434694,-8.68946354368477,0.5
451 29 30 1 0 1 0 22.401853880282875,19.193929840615105,0 -27.06508889465486,-15.288262266341134,0.5
50 30 7 1 1 0 1 30.405978678860404,2.393002419699271,0 -1.495376000599692,-0.11768864359176742,0 23.953720102094564,7.903751847730969,0.5
3789 7 28 0 1 1 0 -23.1665968972275,7.972376571723717,0 -24.996479679209855,14.947441374591467,0.5
302 3 0 0 1 0 1 -25.352912476782635,-13.018441878527534,0 25.28091549991185,19.72625943980046,0.5
2038 17 27 1 1 1 0 -17.468833642368708,-1.0439593743279822,0 14.474176446534072,0.864994910157471,0 27.808953223491844,-4.348806803439584,0.5
587 31 0 1 0 0 1 19.031732052306392,25.100660849651224,0 14.250653795229969,28.725752669138156,0.5
1722 5 4 0 1 0 1 24.01324557086418,-11.207766822760536,0 -27.45701336359729,6.193740158518102,0.5
2164 13 28 1 1 1 0 -13.054520084792873,-3.439404796725663,0 17.889527523605047,4.713258425142575,0 29.08816675532969,1.4589567554017897,0.5
1067 1 12 0 1 1 1 3.2039999705423656,-30.33124435608873,0 -4.653687426385338,-13.061132927028305,0.5 -8.01526116597077,18.76181197116315,0.5
1043 9 17 1 1 1 1 -0.6411825034395143,9.478337670566662,0 1.5185901397251655,-22.44869448292104,0 -4.80519286454826,-17.86505307953196,0.5 -6.9649655077129395,14.061979073955737,0.5
3654 1 12 0 1 1 1 -26.105141163969552,15.772495199213799,0 -7.596042405060217,11.599574982753765,0.5 19.792958160416035,-4.94861670166727,0.5
3549 16 1 1 1 0 1 12.52985047541245,-10.735587876954218,0 -11.770465598114727,10.084946187441842,0 27.065088894654853,-15.28826226634115,0.5
1862 31 3 1 0 0 1 -30.762813755010473,6.77490146603907,0 -29.12347939092168,0.2700891826047833,0.5
2644 23 2 1 1 0 1 -12.467012831208251,-19.920431497999456,0 4.509345066607239,7.205262456723208,0 -10.564012320538156,-28.18956622035036,0.5
2788 29 8 1 0 0 1 -9.643196874820823,-27.879360717804236,0 -2.011490245812338,-24.170310444655065,0.5
3444 6 3 1 1 1 1 4.174642245647798,-4.982204544260774,0 -16.3774426560029,19.54557167363842,0 2.3510737547380534,6.53624144289223,0.5 22.903158656388754,-17.99153477500696,0.5
3466 28 10 1 0 1 1 19.048032574782113,-21.199586199500207,0 -2.554625432919682,11.820485983980522,0.5 18.832639212449706,-11.982558169844271,0.5
2142 3 31 0 1 1 0 27.79395895241287,6.304430644522037,0 32.04688739888202,1.1166951434374361,0.5
1445 23 0 1 0 0 1 -15.121212821243805,17.988855517087572,0 -24.86175902007256,20.2519860366296,0.5
853 2 3 0 1 0 1 -6.751387803456884,-28.717046553002863,0 0.6817719688306454,29.116750968858405,0.5
494 20 30 1 1 1 0 14.631661846666637,14.35842859106803,0 -8.208005426178845,-8.054728234013773,0 -25.971524774133687,-17.080102485247565,0.5
960 0 17 0 1 1 1 -1.9779013651733761,-31.437841945490554,0 -7.0869944623326155,-17.088724630318872,0.5 -5.077697837394583,14.848130679385818,0.5
1541 27 10 1 1 1 1 -20.656595576098436,18.15365140145394,0 3.380170185179744,-2.9705975020560986,0 3.926267096011271,-11.43828775170389,0.5 -20.11049866526691,9.685961151806147,0.5
1820 4 27 0 1 1 1 26.408076356115934,-7.672255416078801,0 24.73412971988056,-13.434017530140459,0.5 -5.995268221781618,-4.506302136885128,0.5
3479 27 28 1 0 1 0 18.793533017360925,-20.076182822572736,0 -15.096676147612724,24.906633038090494,0.5
1158 5 31 0 1 1 0 6.509612936599293,-25.68803105369618,0 1.9216838181396474,-32.00870399286888,0.5
1760 28 5 1 0 0 1 -26.498629847815163,10.491549751513327,0 -26.84782419214673,4.176641730814462,0.5
3844 0 24 0 1 1 1 -30.558987789438333,7.641875770055337,0 -22.312506229235147,11.764440733428119,0.5 8.731544858448238,4.001265347975078,0.5
1076 8 3 1 1 0 1 -1.0123258608063932,8.439502138843416,0 2.79878326222944,-23.332741207390622,0 -9.351564690122672,27.582571269670474,0.5
336 11 28 1 1 1 0 9.935119297717605,5.791666818811249,0 -17.710430052453123,-10.324275633533096,0 -27.64355659981037,-9.169720743462172,0.5
220 4 7 0 1 0 1 -25.8742211462412,-9.315292806745513,0 21.019151317906775,13.94436365973499,0.5
889 20 1 1 1 0 1 3.556264019724505,20.189179929408052,0 -1.9949773769186245,-11.32563752137525,0 -0.6180013158463868,31.07841814464842,0.5
3059 15 26 1 1 1 0 1.434437778137469,-15.433482700306241,0 -1.5269821509205315,16.42919126161632,0 3.521825489109324,26.9415431114155,0.5
2703 26 30 1 0 1 0 -11.919347686950161,-23.668104079490522,0 19.077310525619737,24.541927860481508,0.5
467 29 28 1 0 1 0 21.912433845926156,19.750828917995058,0 -25.186757224300536,-14.62454308770516,0.5
1404 13 30 1 1 1 0 -8.003567072174299,10.871656457100148,0 10.967851172979596,-14.898195885655756,0 13.250285700645573,-28.119031435155573,0.5
1757 31 1 1 0 0 1 -29.232989813490136,11.733810402609294,0 -30.53996989609857,5.793119949163259,0.5
2936 31 5 1 0 0 1 -3.1613940178132736,-31.340957034910957,0 3.3101206583306024,-26.968372239111744,0.5
2536 15 31 1 1 1 0 -10.323183945230902,-11.562087754074822,0 10.989195812665152,12.308028899499005,0 25.45502069672402,19.501074876256226,0.5
2218 3 23 0 1 1 1 26.845298570200534,9.569741097688546,0 24.150279403012064,2.2391973464728983,0.5 -5.991810219669238,-8.505775114089678,0.5
3449 22 16 1 1 1 1 14.585688105738544,-17.13206649771466,0 -6.1584016446451635,7.233539187923968,0 -6.1276202114843565,16.453032259854364,0.5 14.616469538899352,-7.912573425784266,0.5
438 4 10 0 1 1 1 -21.244079001141273,-17.462505759290917,0 -11.921376875190141,-2.0324304169347993,0.5 12.799005962501523,18.28757628478554,0.5
2131 20 2 1 1 0 1 -20.067512835505724,-4.188666684854858,0 11.257385249186138,2.3497398476015054,0 -27.651689196989743,-11.901011912987933,0.5
791 4 30 0 1 1 0 -8.866850074109252,-26.031307492388255,0 -15.513700807805881,-26.936501020843135,0.5
2026 6 19 0 1 1 1 25.478736425734773,1.0411484754519935,0 19.72871573155059,-5.198824442474304,0.5 -12.244600567410693,-6.5053637057866105,0.5
3372 29 30 1 0 1 0 16.273553183538688,-24.60531379158855,0 -11.82072845248809,28.749267448972304,0.5
2123 15 14 1 1 1 1 -15.211596672971755,-2.9761261160835644,0 16.192990006711867,3.168134252605085,0 15.382252158360764,-3.104242022878635,0.5 -16.02233452132286,-9.248502391567285,0.5
2783 16 27 1 1 1 1 -5.515956259840308,-15.55069858686511,0 5.181655880456046,14.608232005842982,0 14.848059919199947,23.91202870180295,0.5 4.150447778903593,-6.246901890905142,0.5
1633 10 24 1 1 1 1 -8.803045446966024,5.723319915805052,0 18.025283534263764,-11.71917887521987,0 17.269970852936883,-18.38472482085904,0.5 -9.558358128292905,-0.9422260298341198,0.5
3481 3 12 0 1 1 1 -19.542202681962873,20.74493466697553,0 -4.203786860445007,13.212803488735839,0.5 17.73833544912734,-10.079754733833179,0.5
616 0 24 0 1 1 1 -17.86897189749283,-25.941276825295464,0 -18.8392848393761,-16.772934947135937,0.5 -0.6866784673198909,9.580108176973745,0.5
2248 27 1 1 0 0 1 -25.439623187947596,-10.443925126849532,0 -25.936180235320162,-17.133725654421685,0.5
2129 13 1 1 1 0 1 -13.22379188948656,-2.716859963919646,0 18.1214925892964,3.7231043950009957,0 -28.66848095154239,-12.01533186936804,0.5
2041 2 29 0 1 1 0 29.43884254952305,1.8985650751004877,0 29.824991378357048,-4.088996121412675,0.5
946 1 3 0 1 0 1 -2.584000325333243,-30.39034291216007,0 -3.5638704328184585,28.905861473723323,0.5
1412 28 24 1 0 1 1 -17.183491938137198,22.73714152684928,0 9.985007134149672,-23.163541018829143,0.5 -9.30873819989911,2.3658810464051374,0.5
943 23 1 1 0 0 1 2.101271547677511,23.40586802241953,0 -3.2487840821426848,30.91432357318556,0.5
3903 16 24 1 1 1 1 16.308840096968467,-2.5043431656850856,0 -15.320425545637043,2.3525647920072013,0 -23.30548626555254,9.64905746309669,0.5 8.32377937705297,4.792149505404404,0.5
1294 28 30 1 1 1 0 -12.698828287741545,25.514500977257132,0 1.559505228319137,-3.133359769136841,0 8.218500242546469,-29.978429808168134,0.5
939 8 30 1 1 1 0 0.8132121840339964,8.461009747290134,0 -2.248292508799872,-23.392203418978607,0 -8.89047412903267,-29.786061669193543,0.5
2898 31 1 1 0 0 1 -5.025402975552319,-31.096548440836802,0 1.0572857108150835,-31.066576041232903,0.5
3279 25 30 1 1 1 0 10.821115430305609,-23.090116085546256,0 -2.7583235410582922,5.885715864943163,0 -7.509934278864453,30.16373463494096,0.5
786 3 31 0 1 1 0 -9.400879323477307,-26.904896728019917,0 -16.054634352900166,-27.757858631289952,0.5
2308 7 25 1 1 1 0 -6.639234834993416,-3.4886330855809344,0 21.68816712764516,11.39620141289772,0 25.364304907442364,6.549964622980444,0.5
37 1 30 0 1 1 0 -30.44850194898048,-1.7716458627310032,0 -30.797022446566906,4.218223373134009,0.5
3342 30 4 1 0 0 1 15.608161503487523,-26.203726728865306,0 19.227763990790123,-20.55585298435642,0.5
3244 29 11 1 0 1 1 11.031796569265111,-27.359632023372512,0 1.2641400540232635,12.90937449777541,0.5 13.230834637632876,-16.768870408933754,0.5
1959 27 6 1 0 1 1 -27.442988817351996,1.7698487988224954,0 6.100375800721927,-6.405889094416661,0.5 -25.833283914014938,-4.346428673968667,0.5
1355 2 26 0 1 1 0 15.61078052873862,-25.03105134195436,0 8.932182235927026,-25.66059470285499,0.5
2649 1 13 0 1 1 1 15.977035929701955,25.98046040587065,0 12.182713032334437,8.356524586919413,0.5 -4.580078762762697,-18.901663379895698,0.5
1963 0 15 0 1 1 1 31.446813488291316,-1.829732612328743,0 15.12530836173152,-6.890213854629949,0.5 -16.820660896215212,-5.031437867502338,0.5
316 5 12 1 1 1 1 4.836239706048059,2.619310120173665,0 -23.30188222004974,-12.620312397200385,0 -13.848883099389589,-0.6770796847059009,0.5 14.28923882670821,14.56254283266815,0.5
2733 1 18 0 1 1 1 12.420055016764424,27.856637151324367,0 13.013470187478298,14.453359252423418,0.5 -0.017407207159787497,-14.773276447326737,0.5
359 26 4 1 0 0 1 22.396966794145182,14.164246482674539,0 20.03513614879039,19.76975769956305,0.5
2340 5 0 0 1 0 1 22.80966371560451,13.489597517384828,0 -24.059125356122006,-21.199256758160345,0.5
3103 25 30 1 1 1 0 4.107720604511604,-25.1669750155888,0 -1.0470660364441344,6.41511127848342,0 1.0084851629776033,31.068198494216787,0.5
835 30 31 1 0 1 0 7.816825880556402,29.481303111515672,0 -13.872715865790841,-28.9101669747346,0.5
2918 1 30 0 1 1 0 3.9177076211092414,30.247339833372166,0 9.868003981772617,29.476643252170348,0.5
2325 3 29 0 1 1 0 24.866136201574715,13.925705382663217,0 28.67035965762924,9.17935058172339,0.5
2527 13 14 1 1 1 1 -9.132621174657558,-9.942093868003683,0 12.515073461567763,13.624350856153194,0 14.227820017819013,6.619602521341337,0.5 -7.419874618406308,-16.94684220281554,0.5
1839 6 31 0 1 1 0 24.688878792260166,-6.380381178353397,0 28.996760583767642,-13.690795289086001,0.5
478 13 2 1 1 0 1 9.870060528853166,9.21042372297685,0 -13.525638502502488,-12.621691768523833,0 17.474388389874616,24.51317503710638,0.5
2612 31 5 1 0 0 1 -18.031611956229625,-25.82849144375174,0 -10.249738672303955,-25.163323650692025,0.5
2036 20 4 1 1 1 1 -20.467231777233987,-1.158629956881501,0 11.481617826253213,0.649963146543281,0 4.831918182382535,-5.73607589548474,0.5 -27.116931421104667,-7.544668998909522,0.5
1055 5 9 0 1 0 1 2.286588693644967,-26.401164977062944,0 -7.919065489410921,21.898365276303636,0.5
1960 28 24 1 0 1 1 -28.44376176020574,1.789529806585437,0 24.07491172931677,-7.526528099037812,0.5 -7.861943580387918,-5.517231474099777,0.5
3333 28 17 1 0 1 1 14.237074726761175,-24.689181906750537,0 -3.5443409220286792,18.157302867673735,0.5 12.441146490475097,-9.56388383464266,0.5
3864 22 5 1 0 0 1 21.988532780284352,-4.770159973246235,0 27.169647934089454,0.2454203284747054,0.5
3821 3 8 1 1 1 1 3.362557586453433,-0.9711881783590985,0 -27.38082606112081,7.908246595209802,0 -6.50131726134274,8.12298429564941,0.5 24.242066386231507,-0.7564504779194916,0.5
715 21 2 1 1 0 1 9.306760502688903,19.381285017913278,0 -4.545162105964348,-9.465278729678579,0 7.361010452178743,29.190161443933725,0.5
1874 26 29 1 1 1 0 -25.982657019383026,5.210713407308626,0 5.392626928551194,-1.081468820384809,0 27.74430572180934,-11.683471231392552,0.5
3419 1 3 0 1 0 1 -18.655786325576443,24.129062074072316,0 22.17915681060205,-18.876837742872205,0.5
3978 30 16 1 0 1 1 30.481789924826675,-1.0537945619214002,0 -16.282844799610217,6.566503272808627,0.5 15.698049547748912,5.460882748825519,0.5
1081 6 2 0 1 0 1 3.235732954923441,-25.2938734132284,0 -9.694798535278897,28.500190900419494,0.5
506 16 29 1 1 1 0 11.556783987932805,11.776703437560952,0 -10.856372837148998,-11.06296383528453,0 -24.944566561780817,-16.85285136245159,0.5
1934 1 5 1 1 1 1 -1.4919462179871485,0.1552304178756343,0 30.336239765738686,-3.1563518301378974,0 4.8495477944503405,-6.536963070825919,0.5 -26.978638189275493,-3.2253808228123884,0.5
742 1 22 0 1 1 1 -12.025013092460009,-28.02943203359935,0 -14.384897927276928,-18.31187351479427,0.5 -1.7684907483024928,11.096055176195211,0.5
1857 28 0 1 0 0 1 -27.784021690570953,6.348081497419739,0 -32.04509376271942,1.1670328780805637,0.5
3882 25 27 1 0 1 0 25.06321249237567,-4.699508438339506,0 -25.923187957266425,10.965323804258448,0.5
3237 22 27 1 1 1 0 8.18412779346738,-20.95877029456153,0 -3.4555206239084497,8.849258568814868,0 -4.413817446799281,27.79870888272206,0.5
1030 23 31 1 0 1 0 -1.1070015916766,23.473912061606296,0 -4.5094860524180795,-31.747669765559912,0.5
3028 24 3 1 0 0 1 1.0772188987876838,-24.476306899614055,0 7.24728898012789,-28.208629928419366,0.5
2985 28 24 1 0 1 0 -0.6714532977579034,-28.492089261213017,0 6.575548819731464,24.351840951339348,0.5
2834 15 2 1 1 1 1 -3.996014517317927,-14.976043134866579,0 4.253821905531987,15.942239466148294,0 6.4416964582254375,0.8686464989199283,0.5 -1.808139964624476,-30.049636102094944,0.5
363 27 9 1 1 1 1 23.14932223313147,14.8444898917627,0 -3.788070910876059,-2.4290983459248054,0 -11.235836384193643,-0.07733529356206681,0.5 15.701556759813888,17.19625294412544,0.5
3736 24 24 1 0 1 1 22.42340872921248,-9.87120767498474,0 -20.005970114930502,15.362654710710245,0.5 9.281747408938859,2.469648767873034,0.5
703 2 18 0 1 1 1 -13.268707802453944,-26.347512088489452,0 -13.679870063604564,-13.824295824485805,0.5 0.7133045017692039,14.756056271502754,0.5
3358 0 5 0 1 0 1 -16.794906053221453,26.64922382853702,0 19.205090583542557,-19.22015857577468,0.5
111 1 10 0 1 1 1 -30.037560382777833,-5.29102695617548,0 -11.381657237908858,4.087527188748343,0.5 20.133160212874444,9.63876858539147,0.5
759 6 6 0 1 1 1 -9.42440697914573,-23.694525804316687,0 -7.977482360405778,-3.822273562869964,0.5 3.849224436953568,25.912033328821565,0.5
2539 28 22 1 0 1 1 -18.880945639702805,-21.348533714299624,0 19.400437865933714,12.879169639772796,0.5 -1.7992203961887343,-11.0911138289145,0.5
472 0 13 0 1 1 1 -23.231663196782478,-21.272983455812266,0 -14.008423933061493,-4.691914205484785,0.5 9.591995822400072,16.918735654387994,0.5
1689 9 31 0 1 1 0 19.868164147251026,-10.559642674725739,0 24.99952509289124,-20.08167685054964,0.5
2186 29 12 1 0 1 1 -28.249838555749857,-8.496859512435687,0 13.698445390558893,-2.14536567556112,0.5 -16.94544728008502,-11.362298028033731,0.5
2601 6 25 0 1 1 1 14.956100031899336,20.653451814062965,0 19.81573575285533,17.134369453616063,0.5 1.0472964971385137,-8.783687724815893,0.5
987 31 10 1 0 1 1 0.6431963924862182,31.493432623337405,0 -6.213147868607292,-10.375297275877,0.5 -5.559742009573674,21.6180311033864,0.5
129 2 1 0 1 0 1 -28.896434128878038,-5.936842143379975,0 28.668480951542385,12.01533186936805,0.5
1284 5 15 0 1 1 1 11.433585210545417,-23.906549923257373,0 1.2747649518456505,-16.571812644292898,0.5 -12.531828509945042,12.29647405548959,0.5
3370 15 6 1 1 0 1 8.509853678971043,-12.955014101208187,0 -9.058876496969175,13.790821462576458,0 19.014926027161984,-18.0189508069021,0.5
3287 29 10 1 0 1 1 12.853222142149827,-26.552677465079665,0 0.8256688914543995,12.06516766902493,0.5 14.768147147345736,-16.737736699875047,0.5
123 4 20 0 1 1 1 -26.988316677853117,-5.280223754341801,0 -21.27061216080144,1.9521932037495189,0.5 10.133974518882182,8.09645357243816,0.5
694 25 9 1 0 1 1 11.790377651545292,22.61055052036419,0 -9.712623169092762,-5.649331922909335,0.5 5.083144864218978,22.724692259508473,0.5
519 17 5 1 1 0 1 11.999598138047377,12.73811777796743,0 -9.94252417152497,-10.554440444601584,0 13.803465370882911,23.40329771110978,0.5
3838 29 29 1 0 1 0 28.55001445970153,-7.426080685720675,0 -27.039625167690545,13.232863287693867,0.5
2883 27 22 1 0 1 0 -5.0256341177315305,-27.03688224841564,0 10.01083858688921,21.024583486653192,0.5
893 26 16 1 0 1 1 4.433052238974172,26.126577423124637,0 -8.675653829502703,-15.263781662177793,0.5 -3.3225341447037042,16.285292961972715,0.5
1997 0 28 0 1 1 0 31.499650246541275,-0.14843970349025742,0 28.47140932715825,-6.134235969165713,0.5
1258 31 5 1 0 0 1 -12.419275816802957,28.94842980519277,0 -15.96194882464873,21.987864601167956,0.5
3760 31 19 1 0 1 1 29.28795930547991,-11.595923409567378,0 -15.921894158712826,12.757087692680741,0.5 13.830953389711212,0.9771020067710232,0.5
2691 16 25 1 1 1 1 -7.697926858723412,-14.594242771646108,0 7.231385836982599,13.709743209728163,0 17.203793425898404,19.755492698462746,0.5 2.2744807301923924,-8.548493282911526,0.5
3428 30 17 1 0 1 1 18.995027304887426,-23.862919722585943,0 -6.204441295082437,17.428565868018968,0.5 13.724767680537159,-7.607940070431857,0.5
2312 23 2 1 1 0 1 -20.733843821221406,-11.061542405885307,0 7.4994754246971045,4.000983423405324,0 -23.203367586839136,-19.17951335748702,0.5
2749 23 2 1 0 0 1 -9.027153376351002,-21.697015968096505,0 -5.792294842288323,-29.54148473689161,0.5
3346 9 27 1 1 1 1 4.912744406312491,-8.131109542875764,0 -11.635447278108533,19.257891022600493,0 -9.08566462277252,26.6402083017851,0.5 7.462527061648505,-0.7487922636911573,0.5
1321 6 25 1 1 1 1 -3.1403422603160434,5.6910676052980715,0 12.319804252009094,-22.326495990015513,0 7.066511077887798,-25.225273461076476,0.5 -8.39363543443734,2.7922901342371085,0.5
2775 1 18 0 1 1 1 10.556570240863547,28.614835745635762,0 12.032313571468531,15.279837372100994,0.5 0.9565677449887433,-14.742285377418495,0.5
3616 1 5 0 1 0 1 -25.11774422766704,17.301702948366074,0 25.22722753191387,-10.091431566088483,0.5
1023 15 10 1 1 1 1 -0.5598670770523269,15.489885372591784,0 0.595987533636348,-16.489232815984803,0 -5.616819866225888,-10.709870895130818,0.5 -6.772674476914562,21.269247293445765,0.5
3772 13 9 1 1 1 1 12.643423471100595,-4.732213322581999,0 -17.326172904841556,6.484884923538295,0 -6.7940180029602715,8.949375362306116,0.5 23.17557837298188,-2.2677228838141783,0.5
1973 1 22 0 1 1 1 30.472573396587972,-1.2931630173953197,0 22.225374535044505,-6.948577320358115,0.5 -9.745850012195334,-5.591816121779419,0.5
1333 8 1 0 1 0 1 11.739342318557453,-20.35774648451361,0 -20.433890196726978,23.424477185800864,0.5
2794 28 31 1 0 1 0 -9.062049064223725,-27.02090425499491,0 15.70456038782515,27.957410163052536,0.5
1265 16 25 1 1 1 1 -6.67166932622429,15.091018136677125,0 6.2673257306955446,-14.176410976878511,0 4.823118727191311,-25.748544148037116,0.5 -8.115876329728524,3.5188849655185197,0.5
1700 28 26 1 0 1 0 -25.39368593936848,12.938729242577086,0 20.887729892554464,-17.3767873882282,0.5
1162 29 17 1 0 1 1 -7.4260806857206605,28.55001445970153,0 -1.4014805002744968,-18.446838547766127,0.5 -9.4568900576664,12.522668662757567,0.5
329 26 26 1 0 1 1 23.03933073930641,13.093480785675391,0 -26.003892426629143,-7.877028542813562,0.5 1.8171862019672798,7.9339671229076645,0.5
3677 5 13 0 1 1 1 -23.16170881825673,12.8757619043802,0 -8.88409424981829,11.803510891270683,0.5 19.084761681661536,-3.7445789555280493,0.5
255 5 3 1 1 0 1 5.064650140775645,2.1446022828350353,0 -24.402405223737198,-10.333083726386988,0 23.90453005729012,16.638011982809523,0.5
3080 5 28 0 1 1 0 -3.321330689454062,26.291039584833662,0 2.3806910513041966,29.027268388848444,0.5
1783 0 29 0 1 1 0 29.687697302197027,-10.530461950604222,0 25.796961863847205,-15.516660677968467,0.5
1336 1 27 0 1 1 0 15.360507649890705,-26.349664224381478,0 8.66609754182641,-26.779633182617538,0.5
949 30 29 1 0 1 0 2.4407610474316717,30.402182249130412,0 -8.341493258820222,-28.925239674254332,0.5
2398 21 30 1 1 1 0 -17.43348098789603,-12.582676211548467,0 8.51402559873992,6.145027917267856,0 28.24266173954045,12.984685512783818,0.5
3964 10 4 1 1 0 1 10.483216276144237,-0.5934446120612604,0 -21.465633327342964,1.2151484913635333,0 27.79515383488896,4.436149602398167,0.5
1004 0 12 0 1 1 1 0.1979190349151067,-31.49937821696832,0 -5.921342265567336,-12.537452124495069,0.5 -6.122402872465222,19.461916222901323,0.5
3582 15 17 1 1 1 1 12.277187520874486,-9.461536163714841,0 -13.069264135124454,10.071957851696444,0 -10.198810621484805,15.434839225177848,0.5 15.147641034514136,-4.098654790233438,0.5
23 2 22 0 1 1 1 -29.480749580094038,-1.0655534692286315,0 -22.70204021584704,5.183374387217627,0.5 9.277077972729545,6.339228997906313,0.5
1941 24 10 1 1 1 1 -24.394859752096963,2.2673371331850283,0 7.467814209825601,-0.6940827958729678,0 9.899673657057466,-6.945967282082636,0.5 -21.963000304865098,-3.9845473530246394,0.5
1419 22 3 1 1 0 1 -13.762465322146559,17.80012775956154,0 5.810818691572992,-7.51560949848154,0 -22.179156810602052,18.876837742872205,0.5
3499 18 23 1 1 1 1 13.060910988192164,-13.102007638469807,0 -9.530935045437525,9.560924492937428,0 -12.341587156307945,20.87906191530775,0.5 10.250258877321743,-1.78387021609948,0.5
437 22 14 1 0 1 1 17.40394048985827,14.26018427038977,0 -15.018588565568157,-4.548845732511201,0.5 9.733682353341385,15.732305229820916,0.5
1879 25 5 1 1 0 1 -25.04078837858541,4.817563427595096,0 6.382946057286477,-1.228006363896789,0 -27.156324415611135,-0.8854627231467616,0.5
3742 26 3 1 0 0 1 24.353440947225664,-10.447962195088198,0 28.55701283647021,-5.722501014213573,0.5
1789 10 2 1 1 0 1 -9.928541527383214,3.4167328164530244,0 20.32987074654658,-6.996167195594288,0 -29.8468925672879,3.9259398972442803,0.5
282 27 2 1 1 0 1 24.845836521908456,11.787044053816029,0 -4.065682339948657,-1.9287890269880774,0 24.081087748123757,18.065193407964493,0.5
3405 25 2 1 0 0 1 15.150087104001967,-20.511578699387165,0 22.35282516723063,-20.164354863055276,0.5
157 1 29 0 1 1 0 -29.57720193753226,-7.445745466132854,0 -30.07219442472127,-1.3831567090401853,0.5
3863 30 28 1 0 1 0 29.796483890819285,-6.513029075948219,0 -26.561364473201976,11.947548590473442,0.5
2222 8 15 1 1 1 1 -7.988401584233717,-2.9043829170776077,0 22.085580850528512,8.029764535449857,0 16.617237889186853,-0.3426440341999273,0.5 -13.456744545575376,-11.27679148672739,0.5
3182 20 2 1 1 0 1 5.781134805952649,-19.667955673007878,0 -3.243075622851486,11.033243426321492,0 14.07566882017807,-26.61062846429349,0.5
2661 20 9 1 1 0 1 -10.407619126693714,-17.661581585851227,0 5.83842048570623,9.907716499379957,0 -6.253753211487863,-22.43079514350317,0.5
1788 13 10 1 1 1 1 -12.758351514927364,4.412988400341727,0 17.483666890826388,-6.04742854861644,0 7.961834111458293,-9.102702762455728,0.5 -22.280184294295456,1.3577141865024407,0.5
284 26 4 1 0 0 1 23.906549923257376,11.433585210545411,0 22.219947608539822,17.277845012435588,0.5
2935 28 1 1 0 0 1 -2.9048469901589278,-28.351576040209206,0 2.8600569488213314,-30.95270705850296,0.5
1153 27 29 1 0 1 0 -6.545685855067216,26.70962367175496,0 1.1941814797801138,-30.080291398079076,0.5
2042 23 26 1 0 1 0 -23.448876724249875,-1.5492515518573744,0 26.837903936330466,-4.239918903033141,0.5
667 30 16 1 0 1 1 15.236167690042654,26.421756075645316,0 -13.440239453756579,-11.296458003537435,0.5 2.545247958747189,16.424728698778964,0.5
259 27 29 1 0 1 0 25.25537662012991,10.88190938095864,0 -29.466366057439423,-6.163056982454559,0.5
1259 0 31 0 1 1 0 12.464732563643524,-28.928885946694262,0 6.954468573796998,-31.3031207207216,0.5
516 27 15 1 0 1 1 18.950629730652082,19.92796108014378,0 -15.029182811126182,-7.097440667575131,0.5 7.02245905726897,16.09145949841036,0.5
1379 27 1 1 1 0 1 -15.421546519938097,22.768967981298253,0 2.5235257941716887,-3.7258311242124416,0 -22.071671881669143,21.888154338544297,0.5
1597 22 17 1 1 1 1 -18.140358355537604,13.310800078608239,0 7.659262416782544,-5.620115588745701,0 10.559620922233716,-15.190273400394213,0.5 -15.23999985008643,3.7406422669597266,0.5
1411 7 16 1 1 1 1 -4.512567193461393,5.9905540081444855,0 14.741052831973885,-19.569143093271986,0 5.1352046190994765,-16.789272572686983,0.5 -14.118415406335803,8.770424528729489,0.5
1756 30 30 1 0 1 1 -28.287077176707168,11.40575577500292,0 26.043321942280365,-16.970426695010886,0.5 -3.634922964428796,-5.003732111401267,0.5
1800 21 22 1 1 1 1 -20.4477151003458,6.6438653790613715,0 9.986093421099111,-3.2446784409369487,0 19.544669650391267,-12.659221471207239,0.5 -10.889138871053643,-2.7706776512089197,0.5
270 20 1 1 1 0 1 18.683767171026627,8.43604435140473,0 -10.48113768130762,-4.732415123958751,0 25.32871378575043,18.01960759726849,0.5
1501 13 4 1 1 0 1 -9.560924492937424,9.530935045437529,0 13.102007638469804,-13.060910988192168,0 -23.711928431733654,15.165567910511667,0.5
1278 26 10 1 0 1 1 -11.207766822760533,24.013245570864182,0 -0.9961479919320562,-12.052289789835363,0.5 -14.530055098661755,16.944836937245913,0.5
1455 26 8 1 0 1 1 -17.368104529162537,20.014968025557366,0 1.0392105790391453,-10.352296429894825,0.5 -19.933594890138256,13.816721563231052,0.5
3091 1 3 0 1 0 1 -4.344913581291149,30.18893383296455,0 9.998807870970001,-27.354594516450586,0.5
739 6 31 0 1 1 0 -10.164019644722629,-23.38680620909346,0 -18.058331610326416,-26.49805010659248,0.5
3899 3 22 0 1 1 0 -28.142079771799043,4.502593265852371,0 -21.269517027030325,9.479327267104303,0.5
1453 24 3 1 0 1 1 -15.99909174248429,18.55475851137845,0 -2.2584379579418643,-6.568824703866543,0.5 -23.15521084608461,17.66596192324,0.5
2931 12 14 1 1 1 1 -1.3521608267006269,-12.426651242339437,0 2.109370889652978,19.38557593804952,0 7.533299155295657,13.765878244297447,0.5 4.071767438942052,-18.046348936091512,0.5
465 4 30 0 1 1 0 -20.484586556269605,-18.347526089876492,0 -26.72236532747207,-15.879710051040558,0.5
3128 10 0 1 1 0 1 2.096954795401271,-10.288478050034593,0 -4.293764581059745,21.06688362626131,0 12.169994700509296,-29.66717426701734,0.5
1139 30 5 1 0 0 1 -6.606605196379039,29.77587560054578,0 -11.597714469092434,24.57118269626849,0.5
643 27 28 1 0 1 0 14.625656613030838,23.28819805475957,0 -20.238560065452226,-20.943989268453187,0.5
2147 31 1 1 0 0 1 -30.663964963375943,-7.209109010470898,0 -28.317342137147328,-12.821003638083113,0.5
167 15 28 1 1 1 0 14.969747736573384,4.0195338913058185,0 -15.935537913126504,-4.278858658486839,0 -29.080968634850084,-1.5960148053403564,0.5
479 30 7 1 0 1 1 22.266311857762496,20.84373661925484,0 -9.575729791762221,-0.7452509343552887,0.5 13.785646583595149,21.12358748584651,0.5
144 31 12 1 0 1 1 30.69759649277718,7.064528969905506,0 -13.5272104755285,3.043776724852198,0.5 17.657649453641966,10.220441075232394,0.5
34 0 17 0 1 1 1 -31.45508670526456,-1.6815232274009548,0 -17.795338308143982,5.0572655159387505,0.5 14.15903548768033,6.765479588219086,0.5
3779 28 23 1 0 1 1 26.79990432362768,-9.696139863079662,0 -20.05687412023763,13.637147814882038,0.5 10.034246523835552,2.7502539335294367,0.5
3083 23 30 1 0 1 0 3.055165793346816,-23.30055711727004,0 1.9838632343209515,31.021190929226258,0.5
3647 11 23 1 1 1 1 9.776937633644403,-6.054873285860554,0 -17.4284540425835,10.793469770447073,0 -16.819895189172186,17.474012871268645,0.5 10.385496487055718,0.6256698149610189,0.5
3525 9 30 1 1 1 0 6.976063839639012,-6.448607082562946,0 -16.522256462302924,15.273016774491188,0 -18.32403206459076,25.109357795368837,0.5
988 28 27 1 0 1 0 0.537180531889133,28.494937042853056,0 -6.5172662064585785,-27.382024052179798,0.5
1574 28 20 1 0 1 1 -22.353789520102193,17.679312602331844,0 12.357081036775575,-17.42275949011986,0.5 -12.741910705093554,2.427696765129931,0.5
1092 30 11 1 0 1 1 -4.392328867843693,30.182071617380853,0 -4.281332712265005,-12.244190059243998,0.5 -8.889677753937075,19.422245736040832,0.5
3155 1 29 0 1 1 0 -7.352789355407672,29.60044744079055,0 -1.2886754537633776,30.076391332320238,0.5
709 1 29 0 1 1 0 -13.461151970673132,-27.36873010613468,0 -18.403815205628376,-23.823299223178175,0.5
3087 2 31 0 1 1 0 -4.018912090814456,29.224961002648154,0 1.6526791578045277,32.02372013994249,0.5
1127 28 0 1 0 0 1 -5.647861588368551,27.93477509268029,0 -12.123378617182144,29.686254241726942,0.5
3896 29 17 1 0 1 1 29.107235354132104,-4.797796373249088,0 -16.291181032468383,8.766266056157683,0.5 15.28276918218339,3.5618767699213847,0.5
3312 0 0 0 1 0 1 -14.827173863207962,27.792173632701036,0 20.12092122181768,-24.967950039709045,0.5
2620 27 0 1 0 0 1 -15.4572928909336,-22.744715792550444,0 -12.743142956694754,-29.42553835676148,0.5
1714 12 24 1 1 1 1 -11.259675632567475,5.4286006161225595,0 17.565093986805262,-8.468616961151193,0 19.463235944093423,-16.044701511232603,0.5 -9.361533675279315,-2.1474839339588523,0.5
526 15 1 1 1 0 1 10.503519780786585,11.398511842105744,0 -11.181166218256687,-12.133899702886762,0 16.255889178152024,26.495208378641596,0.5
985 1 30 0 1 1 0 -0.7185728274251142,-30.491534121649018,0 -6.7169074087331175,-30.350175532647356,0.5
151 4 28 0 1 1 0 -26.730055709922475,-6.461742933949086,0 -29.111892557690364,-0.8647032493823312,0.5
2378 27 30 1 0 1 0 -22.79316398988095,-15.385762097809597,0 28.636584519208235,12.091154910687527,0.5
3457 24 13 1 1 1 1 16.11535815308387,-18.453867659594646,0 -4.933272904005267,5.649143161100402,0 -4.360576698329159,14.115076013184936,0.5 16.68805435875998,-9.987934807510111,0.5
1758 14 2 1 1 0 1 -13.464923331044751,5.38013379843724,0 16.250769537467804,-6.493264929148393,0 -29.62041662458232,5.3740970391469,0.5
230 9 1 1 1 0 1 8.886718292883739,3.358011015902943,0 -21.047490693672014,-7.953183985033285,0 26.410193877635407,16.393646920246546,0.5
223 20 6 1 1 0 1 19.255118294632133,7.034942747437458,0 -10.80165172625705,-3.946431297342964,0 21.89248097699974,14.38642682085112,0.5
1765 26 14 1 0 1 1 -24.714934113291992,9.561486901922514,0 11.35840087664901,-10.827591122929373,0.5 -18.486047863929997,0.718355324675171,0.5
683 5 8 1 1 1 1 2.626903633171716,4.8321193385541745,0 -12.656899323463723,-23.28202954030648,0 -9.331163075142662,-4.602107741578216,0.5 5.952639881492777,23.512041137282438,0.5
147 24 18 1 0 1 1 23.849750527070174,5.607084785921816,0 -19.382158916993028,1.6068340662394878,0.5 11.768535648976181,8.930373378463901,0.5
3881 30 10 1 0 1 1 29.968701487527195,-5.668062380698128,0 -9.202065289667107,7.846782423688312,0.5 22.24050676282044,1.8999628767263417,0.5
1931 29 29 1 0 1 0 -29.326896931921073,3.1910995510134645,0 28.677859735104775,-9.155892147336395,0.5
407 6 2 0 1 0 1 -20.463882154830788,-15.214451260337919,0 20.094032000214927,22.41606294544915,0.5
2064 26 17 1 1 1 1 -26.366201950004456,-2.6595854435571904,0 5.472230593397151,0.551989431681681,0 18.01381308628004,-4.2133760919915435,0.5 -13.824619457121564,-7.424950967230414,0.5
3125 16 24 1 1 1 1 3.218990313266117,-16.182957126653303,0 -3.023899991249989,15.20217184625007,0 1.1049987930242393,25.199781301975918,0.5 7.347889097540345,-6.185347670927459,0.5
292 1 31 0 1 1 0 -27.347551621949695,-13.504126046686494,0 -30.90074204496834,-8.567038057013981,0.5
2232 2 27 0 1 1 0 27.56270380247005,10.514150422040904,0 27.832517189836334,4.195353009874731,0.5
3870 1 0 0 1 0 1 -29.866295723963855,6.18501250837363,0 32.0622423067247,-0.5124629399995477,0.5
417 10 3 1 1 0 1 8.326862090565692,6.396355815986158,0 -17.050241423539273,-13.097300004162133,0 18.94642235097193,22.119744123714252,0.5
138 5 11 0 1 1 1 -25.87982744469135,-5.699520280953505,0 -12.521325935836662,3.3862068466861435,0.5 18.729786450205722,10.26864643123377,0.5
2132 29 6 1 0 1 1 -28.86813667760143,-6.072946958711495,0 7.595951530734856,-4.533378468948605,0.5 -23.718637407680255,-11.120981949584802,0.5
3659 28 28 1 0 1 1 24.5083289038972,-14.546195871718382,0 -21.445971878272278,19.70584406201253,0.5 6.072151803296508,3.373273258679609,0.5
537 4 28 0 1 1 0 -18.28308142776024,-20.54212582733074,0 -23.429839114732776,-17.30007627317689,0.5
581 7 5 1 1 0 1 4.587488440715521,5.933375919853846,0 -14.985795573004037,-19.38236133818923,0 11.462425087978431,24.63458566938934,0.5
3493 12 6 1 1 1 1 8.741114345023348,-8.935486556826495,0 -13.636138378236424,13.939359028649333,0 -0.2563459121354228,8.842187895160986,0.5 22.12090681112435,-14.032657690314844,0.5
244 4 30 0 1 1 0 -25.504741716703187,-10.28387815778951,0 -30.530832411133975,-5.841084854994945,0.5
2882 3 11 0 1 1 1 5.252391784026505,28.011825726772805,0 8.016612627261111,10.19725070714836,0.5 2.119190273266438,-21.254623793087774,0.5
2141 22 25 1 1 1 1 -21.950390238492616,-4.942708607422455,0 9.267942545141327,2.0869214120228143,0 26.195164565604287,-0.2517009751859156,0.5 -5.023168218029657,-7.281330994631185,0.5
188 0 1 0 1 0 1 -30.136429624103158,-9.167639255090563,0 27.433500571574697,14.616875397615274,0.5
285 17 22 1 1 1 1 15.7754645494643,7.575270176607243,0 -13.071099198127563,-6.276652432046002,0 -22.87997562414801,-4.3309023815358385,0.5 5.966588123443851,9.521020227117408,0.5
1006 30 29 1 0 1 0 -0.28745147221089273,30.49864540682297,0 -5.72170668887595,-29.555237650312883,0.5
969 3 28 0 1 1 1 -1.3872501681250717,-28.46621746862475,0 -7.380138056256599,-28.174164801651052,0.5 -5.822523832396869,3.7879039350504233,0.5
2346 22 26 1 1 1 0 -19.257891022600493,-11.635447278108533,0 8.131109542875764,4.912744406312491,0 25.784302034113967,8.568533632634363,0.5
1109 26 24 1 0 1 1 -4.51510929143757,26.112521672300705,0 -1.7379227318333497,-25.164054215848783,0.5 -7.1901301780975855,6.368047426174712,0.5
661 27 0 1 0 0 1 13.961440291906206,23.692365541995546,0 10.822951852475352,30.184660229974437,0.5
1538 25 31 1 1 1 1 -19.07475987203625,16.923461106527697,0 4.862193692871985,-4.313823419310982,0 19.58094781686179,-25.39363074854274,0.5 -4.356005748046443,-4.156346222704064,0.5
1477 0 24 0 1 1 1 21.45478652712759,-23.063870773904892,0 12.293937945117353,-22.025192162648743,0.5 -9.501400749107502,1.4047717981435275,0.5
3849 3 13 0 1 1 1 -27.70205773573784,6.696715404274499,0 -11.712192526554873,9.00414050428536,0.5 19.391872299536736,1.4850214538718873,0.5
950 24 0 1 1 0 1 1.9222478453322025,24.424474676461635,0 -0.5884432179588375,-7.47688000299846,0 -3.51004248697165,31.8736505869606,0.5
1993 10 25 1 1 1 0 -10.499365267462064,0.11545120359379009,0 21.49870030956518,-0.23640008354918923,0 25.432486390354274,-6.28001879013467,0.5
433 24 25 1 0 1 1 19.048146474316702,15.408378107152492,0 -23.599102193387385,-11.372439301489319,0.5 1.280109528169127,8.75278924662822,0.5
2414 24 15 1 1 1 1 -19.499460493684886,-14.83310623083454,0 5.969222600107618,4.540746805357513,0 15.968990817841753,4.608831984319432,0.5 -9.49969227595075,-14.76502105187262,0.5
3114 29 29 1 0 1 0 5.254401062794179,-29.028283956708623,0 0.6496566911126598,30.096975698293882,0.5
513 1 4 0 1 1 1 -21.121890248294434,-22.002630577706032,0 -7.4447308060183985,0.9088361931176872,0.5 14.715940929897071,23.99356335661254,0.5
2655 19 1 1 1 0 1 -10.057825016558429,-16.705991617868467,0 6.447323728563095,10.708968985813119,0 -10.591164784503654,-29.224599715094296,0.5
2394 5 12 1 1 1 1 -4.479863998887802,-3.1907394991551716,0 21.5847992673685,15.37356304138401,0 13.662315814732462,2.3645563174750617,0.5 -12.402347451523838,-16.19974622306412,0.5
1981 8 16 0 1 1 1 23.489534678233756,-0.7012564438590019,0 16.31360780968949,-6.489699548641535,0.5 -15.672141539394778,-5.534797157003745,0.5
2743 30 23 1 0 1 0 -11.980969746423266,-28.048286292308312,0 14.748934649009726,19.254062602973956,0.5
863 28 0 1 0 0 1 6.0859452021155445,27.842616094699988,0 0.8649676245066571,32.054669410376945,0.5
1116 14 14 1 1 1 1 -2.6274835725934937,14.25995547243228,0 3.1711008634749063,-17.21029108741827,0 -3.2731876573784837,-15.347190054195105,0.5 -9.071772093446883,16.123056505655445,0.5
2549 31 7 1 0 1 1 -20.495213219639872,-23.920623634878314,0 9.436121935129172,1.7915364426586704,0.5 -11.384412129266888,-22.508779630868506,0.5
1380 4 13 0 1 1 1 15.457292890933585,-22.744715792550455,0 2.6256421553563882,-14.53808801981937,0.5 -15.361025935911783,11.928490356966616,0.5
1634 1 28 0 1 1 0 25.59683380589764,-16.584694724753177,0 20.655790003920117,-20.532616475109883,0.5
3586 1 1 0 1 0 1 -24.27483857377097,18.465703675120558,0 27.907436018056984,-13.690325595034466,0.5
418 3 29 0 1 1 0 -22.574183506124058,-17.397018107475674,0 -27.02879024826364,-13.254980109957476,0.5
3916 20 29 1 1 1 0 20.321806436924884,-2.697069361391792,0 -11.400037757299327,1.5129901295612491,0 -28.45418896199675,9.828994379639374,0.5
3487 4 2 0 1 0 1 -19.04432727305236,19.83843740612839,0 24.757755599702364,-17.126106903362665,0.5
996 8 0 0 1 0 1 -0.14765388319063805,-23.49953613011922,0 -5.801962530221712,31.537077080761676,0.5
580 14 2 1 1 0 1 8.88715227796816,11.457247679447509,0 -10.72587343892709,-13.827712716574581,0 13.339828008508668,26.987015187000722,0.5
1691 0 29 0 1 1 0 27.861736200415297,-14.696042184835603,0 23.29349094613453,-19.069957512861652,0.5
462 23 8 1 0 1 1 17.57870027422949,15.596130823662774,0 -10.340244139273501,-1.1529749087556018,0.5 13.596709425634739,20.08430961708307,0.5
2839 11 30 1 1 1 0 -2.8774268059240815,-11.13420023964674,0 5.129326045342928,19.847922166326796,0 13.440584262483906,28.028569258580966,0.5
3861 7 23 0 1 1 0 -23.91832630207776,5.306945157747099,0 -21.64240804703448,10.947884449776463,0.5
3804 3 30 0 1 1 1 -27.15991123324073,8.636505184534075,0 -27.24765829847852,14.960451772902935,0.5 3.2476806300724754,5.26332314465415,0.5
3983 7 9 0 1 1 1 -24.49126530231733,0.6541589191527928,0 -9.336410892126445,6.25151434881043,0.5 22.652180523145173,5.3971026993047415,0.5
3724 2 16 0 1 1 1 -26.77079052396295,12.392528988148282,0 -12.452978634457594,12.376321066041504,0.5 16.58652295085815,-1.0664222431362944,0.5
1651 0 15 0 1 1 1 26.883985304621486,-16.4164957935881,0 10.101676109844586,-13.198717353280777,0.5 -17.209039120247084,3.4783577386182465,0.5
1907 0 0 0 1 0 1 31.164483616782828,-4.585298343540433,0 -32.03787377745719,-1.3507937739420104,0.5
2515 0 25 0 1 1 0 21.742914067384767,22.792448044436156,0 21.942825301108844,14.309521927898837,0.5
2674 5 24 0 1 1 0 12.984765518572276,23.100776273270483,0 17.235147654514854,18.41737455032804,0.5
1427 16 28 1 1 1 0 -10.255707594803015,12.92557394199189,0 9.634149558754347,-12.142205824295411,0 13.014195321208156,-26.055339570641635,0.5
511 4 22 0 1 1 1 -19.106557479836017,-19.77851008720632,0 -19.947949229801758,-12.013713893931861,0.5 2.2851358376437902,11.001279662090042,0.5
3657 29 4 1 0 1 1 25.320843490984,-15.136211048511878,0 -0.7839501497748045,7.4589156157358465,0.5 26.682727535360385,-8.960025182649918,0.5
3460 7 23 0 1 1 1 -16.20214070042947,18.37772120594626,0 -11.040162417323064,21.595481328257712,0.5 10.121817273033798,-2.408072899916994,0.5
833 1 8 0 1 1 1 -7.909405399021131,-29.456600384870203,0 -7.999001580357404,-6.653267897615407,0.5 0.299390969435259,24.252017752084477,0.5
3177 0 12 0 1 1 1 -8.64557655216598,30.29032858984263,0 2.3388020519676513,13.666748148762817,0.5 11.121609977977537,-17.10437930758525,0.5
955 31 23 1 0 1 1 2.2247500568317538,31.421338087112506,0 -7.6447509478800395,-23.017553800195344,0.5 -5.384687398082702,8.902535685125295,0.5
1228 10 5 1 1 0 1 -3.680610362008218,9.83377381085602,0 7.5364878841120655,-20.135822565086137,0 -14.908458805557515,22.715366077679548,0.5
3286 8 5 1 1 0 1 3.691448418963341,-7.656579430145882,0 -10.205769158310414,21.168190189226852,0 16.913277609812216,-21.264784045304218,0.5
1360 31 27 1 0 1 0 -16.878544041838403,26.59632965331347,0 9.669269308910325,-26.433978721179393,0.5
1492 12 30 1 1 1 0 -8.727067737418407,8.94920603777289,0 13.614225670372713,-13.960761418925712,0 16.99842638116992,-26.02505524612669,0.5
455 5 18 0 1 1 1 -20.014968025557362,-17.36810452916254,0 -17.90511455274666,-7.593212288157087,0.5 6.263903440379215,13.379593181020319,0.5
2473 0 29 0 1 1 0 23.198219025341935,21.30944940753429,0 25.784258974374374,15.537760106990794,0.5
1646 30 5 1 0 0 1 -25.904882208031154,16.09928811432453,0 -25.674593678648286,8.891863664964365,0.5
3611 26 3 1 0 0 1 21.704875981755745,-15.203564010343186,0 26.785296209135765,-11.436691260537597,0.5
3202 30 29 1 0 1 0 9.516100548996642,-28.97747108257354,0 -3.5036111377035954,29.899409843603255,0.5
343 31 1 1 0 0 1 27.03751084630496,16.162394848410973,0 23.100625768947157,20.79930501442427,0.5
246 31 27 1 0 1 1 29.177371157100602,11.871436827983123,0 -27.73353421549731,-4.806358280220072,0.5 1.9069698171128246,7.253514052969132,0.5
3666 12 22 1 1 1 1 10.818766628162734,-6.261332817008879,0 -16.877275939933867,9.767679194533851,0 -16.468340178528663,16.463407052134094,0.5 11.227702389567941,0.43439504059136524,0.5
3954 27 2 1 0 0 1 27.428242193888902,-1.9853287267786717,0 29.856186075650715,3.8546274808495484,0.5
705 31 17 1 0 1 1 14.079826551140318,28.17815615489779,0 -13.189393700772772,-12.97265947313871,0.5 1.1139221607031073,15.65276900167809,0.5
1611 7 7 0 1 0 1 20.066772134076054,-14.056125217109754,0 -23.5090885137764,9.14181367407072,0.5
1718 26 25 1 1 1 1 -23.942351557475423,11.358424270040903,0 4.969167304381692,-2.3574088107632063,0 20.46714789039162,-16.350714272863982,0.5 -8.444370971465498,-2.634881192059874,0.5
74 1 30 0 1 1 0 -30.294181700791352,-3.537309016673322,0 -30.99004576964512,2.4222021375807143,0.5
3880 2 2 0 1 0 1 -28.977473896496317,5.527748780278878,0 30.101761784010666,0.36597472409325427,0.5
2355 31 23 1 0 1 1 -26.72807177191737,-16.669138530687,0 23.115064057910484,7.344645233004453,0.5 -4.03726282149764,-9.589082798169642,0.5
497 12 10 1 1 1 1 8.880388498122668,8.797084751348631,0 -13.853406057071362,-13.723452212103865,0 -11.682127019070384,-3.1269647120339696,0.5 11.051667536123647,19.393572251418526,0.5
842 0 29 0 1 1 0 -7.737841792561435,-30.534829365714323,0 -13.062708224598357,-27.122235413752506,0.5
2510 31 5 1 0 0 1 -21.921253092657917,-22.620978379540432,0 -14.132931323117214,-23.20582367027838,0.5
753 24 9 1 1 1 1 9.268975232828552,22.678979212769054,0 -2.8374413978046586,-6.942544656970119,0 -9.148128162795329,-6.523936780585091,0.5 2.958288467837881,23.097587089154086,0.5
368 7 30 1 1 1 0 6.281460300316064,4.097957600507018,0 -20.519436981032474,-13.386661494989593,0 -28.822971301690938,-11.639859335142358,0.5
2405 31 29 1 0 1 0 -25.337832511007672,-18.714813481414197,0 27.29380761787973,12.700317543989614,0.5
2713 15 10 1 1 1 1 -6.753387905197372,-13.951406803685924,0 7.189090350693976,14.851497565214046,0 9.975420246883093,6.836738323065674,0.5 -3.9670580090082552,-21.966166045834296,0.5
2626 20 2 1 1 0 1 -11.362401314102229,-17.0629961137336,0 6.374030005471982,9.571924649167629,0 -11.356724979688497,-27.879648450719735,0.5
2367 1 1 0 1 0 1 25.570751060234645,16.62488166019562,0 -22.300282536917475,-21.655193344176205,0.5
1204 31 24 1 0 1 0 -9.922075369142094,29.896528567194284,0 2.0225928616131936,-25.14277467019405,0.5
2295 12 1 1 1 0 1 -11.181807997975314,-5.587232758389013,0 17.443620476841488,8.716083103086861,0 -24.60173979103304,-19.00011576949734,0.5
688 0 23 0 1 1 1 -14.827173863207982,-27.792173632701026,0 -16.35528976449504,-17.909620228229404,0.5 -1.2927639352043911,10.323699017689098,0.5
1678 1 2 0 1 0 1 26.681060972170307,-14.777380870754142,0 -28.713297832903244,9.044143273909029,0.5
2740 9 30 0 1 1 0 8.935827539282556,20.649479077889577,0 17.619538418464685,25.608628739552746,0.5
1897 6 21 0 1 1 1 25.1669750155888,-4.1077206045116,0 20.252691733650572,-9.385013454530675,0.5 -11.329394560421647,-4.230226813574941,0.5
2096 18 25 1 1 1 1 -18.29005727765141,-2.779173398734002,0 13.34679855396184,2.028045453130218,0 26.11197302554135,-2.1011579458481844,0.5 -5.5248828060719,-6.908376797712404,0.5
3322 29 6 1 0 0 1 14.292876579909748,-25.806272087836852,0 17.60359272253287,-19.40009080543665,0.5
175 27 29 1 0 1 0 26.4675190024753,7.464612371289542,0 -30.021072174573042,-2.2327618522978065,0.5
1123 29 3 1 0 0 1 -5.664240027384838,28.95110334533334,0 -11.360591893303997,26.817661192464108,0.5
1157 1 14 0 1 1 1 7.445745466132852,-29.577201937532262,0 -2.2786853234841713,-15.526029537410325,0.5 -10.090614992869458,15.505788888853031,0.5
883 21 30 1 1 1 0 3.92913212840828,21.137926121488594,0 -1.9188784813156716,-10.323173222122335,0 -11.472841239320191,-28.889858322555927,0.5
294 2 30 0 1 1 0 -26.409746625581946,-13.14440121011844,0 -29.978429808168134,-8.218500242546467,0.5
242 0 29 0 1 1 0 -29.251385167442045,-11.687876872467108,0 -29.62041662458232,-5.3740970391469,0.5
1390 2 29 0 1 1 0 16.962654935276706,-24.1354166640382,0 12.053756630726564,-27.58544817629787,0.5
2577 26 30 1 0 1 0 -16.340529437636977,-20.862336822554646,0 23.530572406915308,20.311626281588484,0.5
2151 2 10 0 1 1 1 28.674059761553202,6.931687874599923,0 11.615856093013836,-3.3648012164752545,0.5 -19.488208733077773,-10.88392026688873,0.5
911 4 19 1 1 1 1 0.6270566995000328,4.45609693516783,0 -3.832013163611312,-27.231703492692294,0 -8.658708278057247,-18.473677786393885,0.5 -4.199638414945904,13.214122641466236,0.5
3625 13 30 1 1 1 0 11.224839766084362,-7.50019814576463,0 -15.382187827597086,10.27804931086264,0 -22.026401777110017,21.93370978091314,0.5
116 23 0 1 0 1 1 23.11096231739025,4.258335445237728,0 -1.578957184260489,5.81006834815841,0.5 29.891289375590063,11.608652784226805,0.5
2177 24 8 1 0 1 1 -23.559144458766493,-6.724337318351311,0 9.820357216719309,-3.436653042718891,0.5 -20.950770239628767,-12.219460968728765,0.5
1281 18 3 1 1 0 1 -7.903201197078519,16.72690679230612,0 5.767200873543785,-12.206121172763927,0 -17.600144587598624,23.20527764314883,0.5
1614 20 2 1 1 0 1 -16.845801376906596,11.68199366417444,0 9.450083699240286,-6.5533135189271245,0 -27.660639151404453,11.880195357644213,0.5
1374 1 17 0 1 1 1 16.905036101469175,-25.386408852140228,0 4.705563234848171,-17.891553164631773,0.5 -13.030868084726045,8.743367598269453,0.5
1135 7 21 0 1 1 1 5.156558115621985,-23.951198475237373,0 -1.3404567904306761,-22.281229220870834,0.5 -8.075553104712451,9.00196878760247,0.5
3739 11 5 1 1 0 1 10.54699103547352,-4.583773565267073,0 -18.80115793280062,8.171074616345651,0 26.69546989840441,-5.059830718846635,0.5
149 30 13 1 0 1 1 29.668430180493107,7.073489282186388,0 -14.523434200976236,2.7055237958505707,0.5 16.60409910314768,10.1268896001117,0.5
1762 27 17 1 0 1 1 -25.600530810715732,10.043048452018663,0 14.100036308196849,-11.9766011918044,0.5 -15.689672271545096,-0.29014481127359204,0.5
383 31 23 1 0 1 1 25.969313325412024,17.828201406944487,0 -22.769780050439667,-8.353868352721376,0.5 3.611744597597945,9.757320378142866,0.5
652 5 24 0 1 1 1 -13.7751595794488,-22.63835194003132,0 -17.861189484403152,-17.810893020908473,0.5 -1.22703452054045,9.525984793468972,0.5
488 5 26 0 1 1 0 -19.088189159529534,-18.381812604039332,0 -23.250108994406364,-14.059958454711891,0.5
1778 7 0 1 1 0 1 -7.048589633147397,2.562690809186126,0 23.02539280161483,-8.371456643341345,0 -31.65422910656797,5.124429692063812,0.5
1994 28 3 1 0 1 1 -28.49873423260507,0.2686021953446036,0 3.4432967242824604,-6.032719757169703,0.5 -28.555282063203933,-5.731131327309095,0.5
2597 0 15 0 1 1 1 18.635120110051524,25.39650169775265,0 14.007091171184587,8.947144623963712,0.5 -4.923824496169341,-16.85247614835644,0.5
2178 25 27 1 0 1 0 -24.509718255615727,-7.0373085075430115,0 28.087886395085903,1.8222617421073908,0.5
317 25 5 1 0 0 1 22.403462387842083,12.179280481068867,0 20.416316485937333,17.928302238250097,0.5
1709 2 29 0 1 1 0 26.47139469281879,-13.019802725733031,0 23.823299223178175,-18.403815205628376,0.5
3749 25 10 1 0 1 1 23.5435705185728,-9.795421748806408,0 -7.389606272634352,9.573072606819768,0.5 22.15526653498642,-2.7192213524667057,0.5
135 21 23 1 1 1 1 21.018398661943,4.525142836158072,0 -10.264799346530303,-2.2099534781237096,0 -24.236429096400418,0.9195132707880607,0.5 7.046768912072888,7.654609585069842,0.5
3508 20 1 1 1 0 1 14.676697901947538,-14.31239108936619,0 -8.233269554751057,8.028902318424937,0 26.025055246126687,-16.99842638116993,0.5
2291 0 0 0 1 0 1 28.266065519450574,13.90250121561323,0 -25.61797004980996,-19.286513695508578,0.5
568 30 28 1 0 1 1 19.144586519366367,23.743100197794213,0 -22.559977606187104,-18.420027426915965,0.5 -2.4738540448846886,6.4907662232287855,0.5
3017 21 19 1 1 1 1 0.5740578270116252,-21.492334857135617,0 -0.28035382249404955,10.496256558136,0 5.477203791445908,19.653250077963456,0.5 6.331615440951583,-12.335341337308162,0.5
1489 1 3 0 1 0 1 21.19090920490904,-21.936165733083374,0 -24.1166526799478,16.329025185685968,0.5
832 23 23 1 1 1 1 6.12977539781258,22.686468512581936,0 -2.2171528034641246,-8.205743930082829,0 -11.922065230812223,-21.121419474842554,0.5 -3.5751370295355183,9.77079296782221,0.5
3891 27 28 1 1 1 0 27.09789984861394,-4.685490774133336,0 -4.434201793409554,0.7667166721309095,0 -27.060989128752627,10.7681413147085,0.5
1352 24 13 1 1 1 1 -12.866778434051747,20.849364803969948,0 3.938809724709719,-6.382458613460188,0 1.9838906137093435,-14.639473283996114,0.5 -14.821697545052125,12.59235013343402,0.5
3011 2 28 0 1 1 0 -0.5096980449662438,29.49559641544747,0 5.506684210547351,28.599413088476282,0.5
311 20 30 1 1 1 0 18.102105111939824,9.621007770305674,0 -10.154839453039413,-5.397150700415378,0 -29.74830500175603,-9.016005186472395,0.5
2745 25 24 1 1 1 1 -9.943156038598804,-23.48155974359617,0 2.5345299706232245,5.98549562091667,0 15.078301231656772,20.22114813672601,0.5 2.600615222434744,-9.245907227786827,0.5
240 28 18 1 1 1 1 26.498629847815167,10.49154975151332,0 -3.25421770060888,-1.2884359343963727,0 -19.409612305040717,-1.2316453093370328,0.5 10.343235243383326,10.54834037657266,0.5
3544 0 2 0 1 0 1 -23.75891849318727,20.68245130621813,0 26.1899302662328,-14.843771510295594,0.5
2362 6 20 1 1 1 1 -5.477162679042809,-3.5000984253732916,0 21.487330510091024,13.731155361079836,0 20.504988534248824,5.982929483983941,0.5 -6.45950465488501,-11.248324302469186,0.5
2100 22 3 1 1 0 1 -22.2229876633906,-3.5197754634051917,0 9.38303923565381,1.486127417882192,0 -27.210510916720043,-10.384512297217402,0.5
1209 25 12 1 1 1 1 -8.221988250537667,24.138121492941835,0 2.0958009266076405,-6.15285449820086,0 -1.64917160101687,-13.766997967254861,0.5 -11.966960778162179,16.523978023887835,0.5
552 3 29 0 1 1 0 -18.441094904729162,-21.729611563826264,0 -23.662805932367295,-18.609718305421048,0.5
1263 24 1 1 1 0 1 -9.835972903291543,22.438886715826936,0 3.0110121132525127,-6.869046953824572,0 -17.74002015695321,25.525314588284584,0.5
1695 23 30 1 1 1 0 -20.854216005893154,10.832897801583368,0 7.5430143000039065,-3.9182821835514305,0 24.300263888095362,-19.3841991056873,0.5
3510 31 19 1 0 1 1 22.62097837954044,-21.921253092657906,0 -9.827986026828292,17.879057320129267,0.5 13.152055501593743,-4.390152170824799,0.5
1502 14 27 1 1 1 0 -10.285208578797969,10.220786882164242,0 12.413182767514789,-12.335432443991328,0 15.277138939583358,-23.640199360848584,0.5
1328 0 14 0 1 1 1 15.52091125877118,-27.41078827209006,0 1.923443924433072,-15.574028491997872,0.5 -13.843831005112254,12.27185165742695,0.5
3038 20 29 1 1 1 0 1.2229238384984922,-20.46349083820334,0 -0.6860304459869591,11.479519250699436,0 4.229497160659245,29.80539135404827,0.5
1279 20 9 1 1 1 1 -8.699328091029994,18.562642343282285,0 4.880110880333898,-10.413189607207135,0 -1.401572546093111,-11.148344917432278,0.5 -14.981011517457002,17.827487033057146,0.5
2951 17 2 1 1 0 1 -1.3456282960900796,-17.44818857328066,0 1.1149491596174945,14.457070532146831,0 3.7138912402872344,-29.87401901076114,0.5
155 3 26 0 1 1 0 -27.65943449385346,-6.870639233741602,0 -27.164871911914606,-0.565450271264269,0.5
2442 24 31 1 0 1 0 -18.828419471867374,-15.676116234303876,0 28.04701676610798,15.543965083647668,0.5
1118 13 26 1 1 1 0 -2.487975055591502,13.268759554787119,0 3.4094472984031694,-18.183114945449013,0 -1.0134235818924378,-27.15185026188205,0.5
2502 17 1 1 1 0 1 -12.33543244399133,-12.413182767514789,0 10.220786882164244,10.285208578797969,0 -17.242948167808393,-25.86369537560852,0.5
517 9 28 0 1 1 1 -15.479430214959908,-16.32903059646182,0 -23.96168643133904,-16.555590698195658,0.5 -1.9464967922849432,6.667919483438926,0.5
2230 1 31 0 1 1 0 28.53104294031095,10.780982735267342,0 31.58733603381636,5.521793394067396,0.5
3467 26 29 1 0 1 0 17.74227004497862,-19.684050742950607,0 -15.294062712043988,25.929551591959044,0.5
3719 27 6 1 1 1 1 24.864320907482067,-11.74800177944105,0 -4.068707057587975,1.9224002911812628,0 -3.313820917163169,8.20174316404579,0.5 25.619207047906873,-5.468658906576523,0.5
2094 30 15 1 0 1 1 -30.168123789544836,-4.4871268110784275,0 16.21405506899723,-3.6543697431328983,0.5 -15.43774693970555,-8.362174921969281,0.5
2566 3 12 0 1 1 1 17.95881532878303,22.12986561158173,0 12.535592465939589,5.925278181476263,0.5 -7.628691411992235,-18.922290224510245,0.5
2087 24 31 1 1 1 0 -24.27157778186033,-3.337740549998448,0 7.4300748311817335,1.0217573112240146,0 32.02372013994249,-1.652679157804526,0.5
2705 30 12 1 0 1 1 -13.632847930469186,-27.28361151505977,0 10.954500597417162,8.49993627394859,0.5 -3.3488152640587057,-20.125492200868216,0.5
1716 28 21 1 0 1 1 -25.710817841993777,12.29649730190734,0 16.807143852330604,-14.68910873834984,0.5 -12.061142847451885,-0.8825152765591433,0.5
3311 19 25 1 1 1 1 9.151690318095635,-17.219075594284224,0 -5.866468152625407,11.037868970695015,0 -6.6694179254222234,25.333157413478027,0.5 8.348740545298819,-2.9237871515012124,0.5
1550 8 19 0 1 1 1 17.869540191600727,-15.262029135759319,0 10.931228039219501,-17.22667273603877,0.5 -13.401762859981488,3.5556648105271123,0.5
2802 30 7 1 0 1 1 -9.333843086749283,-29.036690121843133,0 8.007343078087818,5.3040038489615675,0.5 -1.7855414719442182,-25.16072021330008,0.5
644 3 22 0 1 1 1 -15.119568752741923,-24.15882117842487,0 -17.022569263412016,-15.889686456073967,0.5 -0.04621136559652417,11.236007498648696,0.5
2125 1 19 0 1 1 1 29.91395105229853,5.950254821491915,0 20.295854899959764,-2.0804504031048796,0.5 -11.089274072943612,-8.323340707620988,0.5
649 22 25 1 1 1 0 11.786337980927662,19.165913414166884,0 -4.976453814169457,-8.09227455264824,0 -18.46875995549585,-18.578345074475088,0.5
3189 1 21 0 1 1 1 -8.922427511525248,29.16573824372662,0 -0.5520577716535442,22.314686469156516,0.5 8.809177650274584,-8.285432343933707,0.5
400 24 19 1 1 1 1 19.820916362186214,14.400738681165592,0 -6.067627457812106,-4.408389392193548,0 -19.302542904066314,-6.607710453453542,0.5 6.586000915932004,12.201417619905598,0.5
2200 3 7 0 1 1 1 27.105110714411875,8.80698433968601,0 8.987025838463339,-3.388711639958813,0.5 -21.446782682981574,-13.27725545995714,0.5
1769 20 23 1 1 1 0 -19.165196620295166,7.276347882380748,0 10.75120786016558,-4.08185369011603,0 19.840196745495213,-13.950505119888712,0.5
3570 6 22 0 1 1 1 -19.900975387127396,15.943687736560499,0 -13.808228227098173,18.750542211583358,0.5 11.165544807728363,-1.2572227911592302,0.5
2544 1 18 0 1 1 1 20.02586555046517,23.004667112451166,0 16.672344765846315,10.01413600910018,0.5 -4.33839941824829,-14.12190817445514,0.5
1160 15 28 1 1 1 0 -3.854693251055247,15.013038997493783,0 4.103383138220101,-15.981622158622415,0 1.2761628174265693,-29.096759415155116,0.5
1687 30 1 1 0 0 1 -26.887298126576507,14.398722146516867,0 -29.719833630809333,9.109417597026408,0.5
3918 8 9 1 1 1 1 8.429586510939783,-1.091820156702576,0 -23.305327412598224,3.0185616097071217,0 -8.650605989848529,7.1705659475662555,0.5 23.08430793368948,3.0601841811565578,0.5
3887 5 1 0 1 0 1 -26.08363715178046,4.679088900016551,0 31.080206284128426,0.520362696610488,0.5
2284 25 27 1 0 1 0 -23.004415963889176,-11.002129164864446,0 27.39742015671133,6.452237500017144,0.5
963 13 5 1 1 0 1 0.7841711195694634,13.477205780696277,0 -1.0746048675581537,-18.468763477250455,0 -4.450570371524955,26.803776289323565,0.5
2748 1 4 0 1 0 1 11.760311764460582,28.141518566038506,0 -5.067523348407703,-27.68700430009254,0.5
3929 7 13 0 1 1 1 -24.34779029607216,2.7267393895446586,0 -12.748356435090049,7.465213205521872,0.5 19.052839053657262,3.903757676320685,0.5
3591 5 5 0 1 0 1 -21.216610449431663,15.877828599561944,0 24.811590509709838,-11.07406774308685,0.5
1938 4 24 0 1 1 0 27.369688560673477,-2.6739760828659893,0 23.800491390520158,-8.35383801433664,0.5
2365 16 26 1 1 1 0 -13.86154363933254,-8.950285354941462,0 13.021450085433598,8.407843818278343,0 25.51712839830067,9.334139398179001,0.5
2564 30 5 1 0 0 1 -19.293389938350302,-23.622343336061377,0 -12.1160909295054,-24.319752066745192,0.5
1637 22 1 1 0 0 1 -18.940354554380292,12.14549172962403,0 -28.913500634948583,11.413127574544497,0.5
207 2 3 0 1 0 1 -27.954237565163123,-9.42393771999916,0 25.089903196174713,14.790089844439144,0.5
3596 21 11 1 1 1 1 17.314119542789122,-12.746421633462772,0 -8.45573279996678,6.224996611691121,0 -5.703899764711549,11.649700746118912,0.5 20.065952578044357,-7.32171749903498,0.5
2293 1 9 0 1 1 1 27.32630566039962,13.547066802611251,0 11.176469002933242,-1.1560885028718308,0.5 -17.49375332928931,-15.369404492496749,0.5
401 30 13 1 0 1 1 24.646827525523978,17.966187490034542,0 -14.443583492943638,-3.1036906872892596,0.5 11.415383091212668,15.746079794058456,0.5
629 31 3 1 0 1 1 17.335553232745514,26.300733718180688,0 -6.935836146783918,0.37970639310605314,0.5 10.674884597592477,27.097912075067384,0.5
1573 4 22 1 1 1 1 -3.525156529634151,2.7970111622190044,0 21.542623236653146,-17.09284599133836,0 13.896434431878749,-18.685264517273893,0.5 -11.171345334408548,1.2045926362834747,0.5
3904 1 15 0 1 1 1 -30.153878214506374,4.581880468183109,0 -14.42274850871312,8.260407099799227,0.5 17.214107322900126,3.4531882479349822,0.5
3933 14 2 1 1 0 1 14.419771906993002,-1.5232131007496632,0 -17.40317299119845,1.8383606388358003,0 29.967072404192518,2.867851377230548,0.5
2241 13 30 1 1 1 0 -12.544160719932364,-4.989391930135972,0 17.190146171759164,6.837314867223369,0 30.55801878064836,5.697147374040961,0.5
1070 3 5 0 1 0 1 3.127427866094789,-28.327887230472623,0 -8.871724976643776,25.68155945301599,0.5
785 24 27 1 0 1 1 8.117778267332987,23.116048018690744,0 -14.77286491688986,-23.9585571799999,0.5 -4.170052486087592,6.233832068902297,0.5
3078 1 1 0 1 0 1 -3.7275818981666067,30.27135829777813,0 9.682603202647549,-29.538063498138797,0.5
1089 28 30 1 0 1 0 -3.9713590968335373,28.221947256062922,0 -1.6914116169457767,-31.038510382137556,0.5
859 3 4 0 1 0 1 -6.260764236068448,-27.803827635423982,0 0.18765090102941873,28.14631036458141,0.5
1341 11 8 1 1 1 1 -5.869517632447761,9.889325698063788,0 10.46305317088514,-17.628797983505013,0 -0.8213090706588497,-10.37185862854163,0.5 -17.153879873991748,17.146265053027168,0.5
1698 1 6 0 1 0 1 27.132064229539303,-13.932016747196144,0 -25.424909453653413,6.310624317254619,0.5
612 2 10 0 1 1 1 -16.886747705040435,-24.188587225100843,0 -10.930249974695919,-5.174904394349703,0.5 7.3875780443309935,21.06356310406477,0.5
2005 31 18 1 0 1 1 -31.499028465810873,-0.24739787799440172,0 18.546552821760876,-5.854517779427582,0.5 -13.452460222872395,-6.105842607866339,0.5
1247 15 1 1 1 0 1 -5.86404555546296,14.347925624404914,0 6.242371075170247,-15.273598245334261,0 -17.09296407664837,25.963061820101423,0.5
224 1 13 0 1 1 1 -28.631382658443158,-10.51160915682277,0 -14.740764617374403,0.979723683067264,0.5 15.29871882754957,12.008297224651809,0.5
986 18 16 1 1 1 1 0.40680345771134496,18.495526782084205,0 -0.2968565772488193,-13.496735759899284,0 -6.361373932148239,-16.364074116655207,0.5 -5.657713897188074,15.628188425328284,0.5
3911 6 28 0 1 1 0 -25.251215965951033,3.5533212971668626,0 -27.38587165672954,9.912821677057325,0.5
2941 3 31 0 1 1 0 2.6375146243172924,28.377693997337282,0 8.889399110526961,30.809553444569147,0.5
1332 10 26 1 1 1 0 -5.230943606064653,9.104242362227147,0 10.71097976479905,-18.642020075036537,0 7.999481084509564,-25.96648421289593,0.5
756 23 19 1 1 1 1 8.78804133483831,21.794961103364543,0 -3.1786532487713033,-7.8832838033446215,0 -12.856875431895077,-15.841425255599095,0.5 -0.8901808482854632,13.83681965111007,0.5
186 22 27 1 1 1 1 21.5464870340465,6.4806555603323055,0 -9.097405636597411,-2.736276792140307,0 -28.062770079923226,-2.1750713646604183,0.5 2.581122590720685,7.0418609878121945,0.5
192 6 0 0 1 0 1 -24.349045891039395,-7.57456033021439,0 28.295983670057044,15.085997088156457,0.5
309 31 2 1 0 0 1 27.8617362004153,14.6960421848356,0 23.293490946134533,19.06995751286165,0.5
1528 20 30 1 1 1 0 -15.119018905842564,13.844322566481004,0 8.481400849618998,-7.766327293391782,0 18.442153230698153,-25.022729351840294,0.5
3963 30 30 1 0 1 0 30.44850194898048,-1.7716458627310088,0 -30.09998145139405,7.761515098596021,0.5
64 2 26 0 1 1 1 -29.351055000948357,-2.9606705881108395,0 -26.968372239111744,3.310120658330606,0.5 4.870060304289861,6.521695533569483,0.5
3167 24 3 1 1 0 1 6.353456795934991,-23.66185932555148,0 -1.9449357538576504,7.2434263241484125,0 13.185496923977801,-25.969071428677847,0.5
328 24 3 1 0 0 1 21.319501989403378,12.071819867933144,0 21.84387295879173,19.26383176214346,0.5
3701 11 1 1 1 0 1 10.254763339599064,-5.204789030192776,0 -18.280230301024417,9.278102184256687,0 29.91295791642853,-8.453694381155241,0.5
1368 20 11 1 1 1 1 -11.201084108052514,17.169324820863906,0 6.283534987444094,-9.63157246048463,0 1.2583667471912436,-12.909938540890245,0.5 -16.226252348305366,13.890958740458291,0.5
1965 5 13 0 1 1 1 26.459961082439253,-1.4561797676798074,0 13.149901736107589,-6.732762013521242,0.5 -18.801749382309627,-4.974356256322984,0.5
2735 31 5 1 0 0 1 -12.73682325915547,-28.810125533656326,0 -5.227462322720062,-26.663151307835726,0.5
308 6 27 0 1 1 1 -22.57339843897761,-11.861352490975188,0 -27.134767530107272,-7.480266779135372,0.5 1.1926344325312987,7.404567719343294,0.5
193 1 29 0 1 1 0 -29.10910164044638,-9.105503922692133,0 -29.94595153866626,-3.080582159893103,0.5
3555 7 26 0 1 1 0 -18.754338730580656,15.76466868597759,0 -16.424569969164157,21.64447969640368,0.5
541 2 1 0 1 0 1 -19.47391695792331,-22.158893436178325,0 15.627156155918343,26.870839035626396,0.5
3085 27 25 1 0 1 0 3.6608368094801764,-27.255243052564307,0 2.552004351768777,26.07177158899167,0.5
3297 3 30 0 1 1 0 -12.818921097286012,25.45437608548981,0 -8.359678489624017,29.939368322496676,0.5
3108 31 2 1 0 0 1 5.318253508451114,-31.04780474719344,0 10.894454189919635,-28.063514888619043,0.5
3379 25 21 1 0 1 1 14.299979500306245,-21.11304303720383,0 -7.089070628759266,21.165894207910583,0.5 10.856001685350531,-5.328904897600108,0.5
2267 15 15 1 1 1 1 -14.156651667066482,-6.311831238027818,0 15.069984032683676,6.719046156610258,0 16.59994117856112,0.8318370443246632,0.5 -12.626694521189037,-12.199040350313412,0.5
1798 1 25 0 1 1 0 28.97747108257354,-9.51610054899665,0 22.355046206939193,-13.656570180159207,0.5
773 12 1 1 1 0 1 4.363284490249721,11.713741864030736,0 -6.806723804789564,-18.273437307887946,0 5.0238180614745644,30.675906703554862,0.5
273 31 23 1 0 1 1 28.647799378194897,13.097846799634508,0 -23.866995751917052,-4.314685826102907,0.5 5.235530600534908,8.99106330368453,0.5
1097 23 25 1 1 1 1 -3.5667917814302608,23.227741956288423,0 1.2901161762620093,-8.40152368631709,0 -2.060138779202506,-26.11524130101857,0.5 -6.917046736894776,5.514024341586944,0.5
17 28 29 1 1 1 0 28.489839229226284,0.7609603753409936,0 -3.498752186045333,-0.09345127416468343,0 -29.649684895235836,5.210200150975383,0.5
2353 2 29 0 1 1 1 25.079970451522605,15.532066255033584,0 28.239034774580283,10.431055315740851,0.5 1.0336430983523726,-6.417287740566765,0.5
1873 28 30 1 0 1 0 -27.934775092680287,5.6478615883685555,0 28.706086694615347,-11.925208035134128,0.5
1447 31 28 1 0 1 0 -20.344511939633726,24.04892583751093,0 13.826191595380813,-25.63369707958298,0.5
3759 8 2 0 1 0 1 -21.83613162358596,8.685237804310784,0 29.628821690283,-5.327562786623505,0.5
3931 28 29 1 0 1 0 28.33276483253392,-3.0829266848774313,0 -28.677859735104768,9.155892147336411,0.5
398 19 1 1 1 0 1 15.811761826231281,11.412194703497448,0 -10.135744760404668,-7.315509425318877,0 21.21977269123433,22.715000482772297,0.5
3320 16 5 1 1 0 1 7.948935622678296,-14.459060220723753,0 -7.467181948576582,13.582753540679889,0 18.024312443958628,-20.3316049765521,0.5
1980 12 6 1 1 0 1 -12.493832004571646,0.392634488476603,0 19.490377927131767,-0.6125098020235006,0 -25.675881843794926,-5.196065005702119,0.5
2631 2 8 0 1 1 1 16.15742311322061,24.68172762065825,0 9.675541091061852,3.8254286812295413,0.5 -7.851155167346944,-22.94797077168788,0.5
2721 25 24 1 0 1 0 -10.821115430305618,-23.09011608554625,0 15.829726453167261,19.638476529962723,0.5
2412 30 0 1 0 0 1 -24.332730405926423,-18.389351021515242,0 -21.512947595330846,-23.779047200435695,0.5
2221 27 29 1 0 1 0 -25.859556803500393,-9.355924429287395,0 29.78154444650858,4.394270176108212,0.5
1515 3 13 0 1 1 1 20.6217387068708,-19.672160346681462,0 5.626684577637439,-13.6598104182956,0.5 -17.527548356392934,8.428229269206394,0.5
2322 8 30 1 1 1 0 -7.435705516834349,-4.118286472177382,0 20.55753878183614,11.38585083484335,0 29.5880867172367,9.52864756475342,0.5
1592 0 18 0 1 1 1 25.24936002343262,-18.83400696631184,0 11.241559321766108,-15.870644095789356,0.5 -14.408584194101948,3.2623153620512424,0.5
1519 2 19 1 1 1 1 -1.819731111138204,1.7142283054353402,0 21.472827111430806,-20.227894004137013,0 10.079754733833173,-17.73833544912734,0.5 -13.212803488735837,4.203786860445012,0.5
125 31 25 1 0 1 1 30.894736332701758,6.14534514350804,0 -26.180566582379143,0.9099084710081122,0.5 5.204562390524228,7.152798775524216,0.5
2964 15 13 1 1 1 1 -0.8760372844713835,-15.475224026689112,0 0.9325558189534082,16.47362557679809,0 6.753409516161184,13.139309719579014,0.5 4.944816412736392,-18.809539883908187,0.5
1578 1 3 0 1 0 1 24.04088116570842,-18.769284290464736,0 -26.156748162802568,12.809157878163752,0.5
1252 2 14 0 1 1 1 11.374727772183196,-27.21884582616839,0 0.05493144880155931,-15.692258681781045,0.5 -12.283756304075128,13.833268994062633,0.5
2887 30 3 1 0 0 1 -5.385366469830369,-30.020789929407698,0 0.8735014815173994,-29.111629895314806,0.5
2556 5 2 0 1 0 1 17.019695309179493,20.312064680447765,0 -14.347495227853152,-26.46505961993532,0.5
3122 28 5 1 0 0 1 5.428290440088896,-27.97827126357237,0 10.937520148904913,-24.872085819092437,0.5
878 5 21 0 1 1 1 -5.047357777626535,-26.014883806479567,0 -9.985188492748978,-19.963617176360433,0.5 -3.890265893350898,11.450582137124329,0.5
2818 3 3 0 1 1 1 8.037187413153692,27.343255447840217,0 6.7434978467747095,1.6659041960883725,0.5 -2.2807125820294356,-29.035294903240995,0.5
1424 6 4 0 1 1 1 15.755420133803522,-20.050355019483785,0 -1.9373623339132107,-7.245455623156791,0.5 -21.70886995280391,17.915774205215016,0.5
923 25 4 1 1 0 1 3.0767440362232112,25.313704709812132,0 -0.7842680876647402,-6.452512965246229,0 -2.6381085201072345,28.02303308773227,0.5
1847 2 4 0 1 0 1 28.6521417569735,-7.021735735435752,0 -28.137773312860535,0.7181315994115991,0.5
0 2 24 0 1 1 1 -29.5,-0,0 -24.5,6,0.5 7.5,6,0.5
2582 17 26 1 1 1 0 -10.682379539678047,-13.86134074937442,0 8.851114475733239,11.48511090662452,0 20.928634417012272,17.327500149734504,0.5
2489 1 3 0 1 0 1 21.936165733083385,21.190909204909026,0 -16.32902518568598,-24.11665267994779,0.5
1712 1 19 0 1 1 1 27.431860172774318,-13.332030882853452,0 14.91570780563864,-13.920188959091417,0.5 -13.865260244485235,0.06751557373843475,0.5
1715 24 5 1 0 1 1 -22.085650369250022,10.605378247250137,0 2.360767654994869,-7.789529901035751,0.5 -26.485796092596996,6.062392707617489,0.5
2700 29 1 1 0 0 1 -13.392719742316634,-26.28469246355685,0 -8.500671096925974,-29.8996419861825,0.5
498 30 20 1 0 1 1 21.634404251954358,21.498896545242022,0 -18.770448079885785,-10.194129628384765,0.5 3.9279432664269827,12.362089697770799,0.5
1210 7 5 1 1 1 1 -2.4293806364861195,7.0956401912065905,0 7.935976745854657,-23.17909129127486,0 -3.8949663528754512,-7.146973982740395,0.5 -14.260323735216229,23.127757499741058,0.5
1861 11 28 1 1 1 0 -11.226969488730374,2.4910150740445602,0 20.013293436432406,-4.440505131992477,0 26.523699129091156,-12.030934481969759,0.5
812 30 0 1 0 0 1 8.876603088262287,29.17971757254433,0 3.4273669457375764,31.88264662507279,0.5
65 28 14 1 0 1 1 28.351576040209206,2.904846990158926,0 -15.036032790315334,4.490848241542134,0.5 16.797315746059912,7.752430826983735,0.5
3181 4 6 0 1 0 1 -7.713727643094259,26.395992230794498,0 12.911854846678931,-22.793288582788875,0.5
1398 19 1 1 1 0 1 -11.412194703497441,15.811761826231287,0 7.315509425318872,-10.13574476040467,0 -22.71500048277229,21.219772691234336,0.5
452 1 28 0 1 1 0 -23.130038416306018,-19.8809286216768,0 -25.524316937533847,-14.027089679342712,0.5
3098 24 5 1 0 0 1 3.756604201555535,-24.210285518201875,0 9.99231528369114,-25.26665065400067,0.5
2463 7 0 0 1 0 1 18.301166646167385,16.288563453822757,0 -19.54103545434025,-25.424357088670252,0.5
3856 29 4 1 0 0 1 28.748542747204024,-6.615987448006756,0 28.145113567327158,-0.32028468938853116,0.5
1251 1 6 0 1 0 1 11.716092679944925,-28.159956894763546,0 -15.335085400235307,21.238765401206585,0.5
391 13 2 1 1 0 1 11.032814146145983,7.779910797470693,0 -15.119041607681533,-10.661359240978358,0 20.651003890850543,21.904018770537878,0.5
21 27 20 1 0 1 1 27.485039653211253,0.9069703751528785,0 -20.686732186972655,5.320630735586673,0.5 11.295859409491351,6.376014444855477,0.5
3866 31 18 1 0 1 1 30.804774204667734,-6.581480547675984,0 -16.838077444453877,9.732890011428955,0.5 14.455661430129217,3.046941518551766,0.5
2261 8 9 0 1 1 1 21.552546898576324,9.366841633371836,0 11.10426575900877,-1.716182377635128,0.5 -18.243883209265373,-14.47103055924784,0.5
2108 0 7 0 1 1 1 31.04780474719344,5.318253508451116,0 8.405335131893889,-4.647616735548484,0.5 -23.135291912874052,-10.050286966355966,0.5
1579 0 4 0 1 0 1 24.85952550297053,-19.345645292084672,0 -25.387645177276116,12.153907698873182,0.5
1877 21 10 1 1 1 1 -21.099956675412436,4.128174935212682,0 10.30463000427119,-2.0160854334759613,0 9.152581185142068,-7.9044454359166405,0.5 -22.252005494541557,-1.7601850672279973,0.5
3446 19 15 1 1 1 1 12.570821028238026,-14.90719486275029,0 -8.05821860784489,9.555894142788647,0 -5.405361885189111,15.717253668823469,0.5 15.223677750893803,-8.745835336715468,0.5
1685 19 21 1 1 1 1 -17.161234316677074,9.259699602476594,0 11.00079122863915,-5.9357048733824325,0 16.07222257403577,-15.489792171964574,0.5 -12.089802971280452,-0.2943876961055487,0.5
1075 23 25 1 0 1 0 -2.762128840259183,23.33710873844077,0 -2.961207106554699,-26.028470037097648,0.5
3610 0 30 0 1 1 0 -25.771716098888234,18.112665439363283,0 -21.503534869203538,22.446558491870142,0.5
2462 19 28 1 1 1 0 -14.586581078615959,-12.94147025793294,0 9.350372486292281,8.295814267905731,0 25.300840117341153,14.42627773740477,0.5
3032 31 7 1 0 1 1 1.5826960226627487,-31.46021413308955,0 5.615589353287831,7.79199308362375,0.5 7.223407535040465,-24.167589527768808,0.5
3464 3 4 0 1 0 1 -18.981338221876165,21.259322644589197,0 22.79097322698701,-16.517310294559504,0.5
2356 17 18 1 1 1 1 -14.834363881488958,-9.283945725367841,0 12.29133007323371,7.69241217244764,0 18.865108923414446,4.728389293164075,0.5 -8.260585031308223,-12.247968604651408,0.5
2487 30 12 1 0 1 1 -22.002630577706036,-21.12189024829443,0 13.172597498724329,4.3281260536866935,0.5 -9.912129664770529,-17.832545682228776,0.5
3761 4 24 0 1 1 0 -25.584723650202474,10.083249265131261,0 -20.593681230515386,14.565379959888391,0.5
2260 17 23 1 1 1 1 -16.060705949469675,-6.95008808610865,0 13.30744207241773,5.75864441420431,0 23.950121047382243,3.8264476758134416,0.5 -5.418026974505162,-8.882284824499518,0.5
687 16 14 1 1 1 1 7.7894726366402685,14.54558751109877,0 -7.317383385934797,-13.664036752850361,0 -12.134598684719787,-9.949950490369126,0.5 2.972257337855277,18.259673773580005,0.5
1940 25 26 1 0 1 0 -25.38683009737854,2.399761989622116,0 25.817742182070532,-8.467242090559111,0.5
3890 4 16 0 1 1 1 -27.090506469256283,4.728050257683766,0 -15.222729279877308,8.747486111538903,0.5 16.300769157075454,3.245754902597793,0.5
2122 5 29 0 1 1 0 26.01488380647957,5.047357777626519,0 30.102762979505904,-0.2714055999583058,0.5
128 1 3 1 1 0 1 1.4697825785763703,0.29956497077161054,0 -29.88557909771953,-6.091154405689414,0 26.72760910986459,11.570864758966081,0.5
954 15 24 1 1 1 1 1.119003464184343,15.459554691101015,0 -1.1911972360672036,-16.45694531633334,0 -7.753091162524032,-24.002907686894762,0.5 -5.442890462272485,7.913592320539592,0.5
1062 14 28 1 1 1 1 -1.4099146618747918,14.431290331991471,0 1.70162114364199,-17.417074538610397,0 -3.200356836449466,-28.948362926414184,0.5 -6.3118926419662476,2.9000019441876823,0.5
2606 4 3 0 1 0 1 15.953697495775874,22.399319994438997,0 -11.64670758774467,-26.694647447860604,0.5
1051 4 5 1 1 0 1 -0.3601122856866385,4.48556787282252,0 2.2006861903072354,-27.41180366724873,0 -8.101418401695787,25.934861092372653,0.5
2570 18 17 1 1 1 1 -11.566989142210556,-14.437962535759091,0 8.440775860532028,10.535810499067445,0 15.624328929904825,9.906076190406527,0.5 -4.383436072837759,-15.06769684442001,0.5
209 14 29 1 1 1 0 13.725598495986533,4.675248220893969,0 -16.56537749515616,-5.642540956251341,0 -29.859078962549418,-3.832153899341577,0.5
2133 4 4 0 1 0 1 26.902049046213552,5.703486400011886,0 -25.657652013483688,-11.573024373731204,0.5
993 15 28 1 1 1 0 0.1704279672098831,15.499063013872572,0 -0.18142331993310137,-16.499002563154672,0 -6.313004848304328,-28.432305038200578,0.5
3704 8 0 1 1 0 1 7.597652105285743,-3.811257336765272,0 -21.0052734675547,10.537005578115751,0 30.846304157305006,-8.761022761928425,0.5
1661 27 23 1 0 1 1 -23.69236554199555,13.961440291906202,0 17.200070854016666,-17.09992873133706,0.5 -10.369227231214523,-0.8538891189371123,0.5
3835 18 2 1 1 0 1 17.882101887312785,-4.741353402960439,0 -13.049101377228249,3.4599065372954554,0 30.052439248296743,-1.7609358953219596,0.5
310 1 4 0 1 0 1 -26.95485171770515,-14.27185933494749,0 21.49597594187563,18.17066367269793,0.5
1540 30 6 1 0 0 1 -22.878387623729015,20.17001189237138,0 -23.09570346751863,12.362786147970365,0.5
2265 3 20 0 1 1 1 26.066304054260485,11.523792472569237,0 21.175508349044048,2.8014007495475957,0.5 -8.091920764511585,-10.13759430737225,0.5
3867 6 9 0 1 1 1 -24.945536388307108,5.28868738910195,0 -8.04903809232572,7.839833275541615,0.5 23.25516443417732,1.2030491009823052,0.5
1138 3 24 1 1 1 0 -0.752766829559896,3.418090417223386,0 6.129672754987725,-27.833021968819,0 -0.5902157654636753,-25.21709034266638,0.5
1224 5 8 0 1 1 1 9.133037464124698,-24.876447227827665,0 -2.7029382989398516,-10.047095329105032,0.5 -13.731511840524393,19.992388115818944,0.5
2227 0 2 0 1 1 1 29.51862949735746,10.995476915429277,0 4.43712492812601,-4.749939196684812,0.5 -25.55005424379268,-15.919947491724077,0.5
475 7 15 1 1 1 1 5.507418820767642,5.091005591497063,0 -17.990901481174298,-16.63061826555707,0 -15.454803369450776,-6.115476499146482,0.5 8.043516932491162,15.606147357907652,0.5
1449 28 18 1 0 1 1 -18.4752049339355,21.700617563771896,0 7.424125820883349,-17.975882615206775,0.5 -13.319963929500373,6.389723070431845,0.5
2109 19 11 1 1 1 1 -19.214874438108065,-3.3224389125672675,0 12.317227203915428,2.1297685336969665,0 12.354137923776737,-3.9528820068781965,0.5 -19.177963718246758,-9.40508945314243,0.5
2163 3 22 1 1 1 1 -3.385901706347715,-0.8863800736431466,0 27.57091389454568,7.217666313951336,0 23.286019667052138,-0.10624530889014139,0.5 -7.670795933841261,-8.210291696484624,0.5
2430 23 11 1 0 1 1 -18.340114572450748,-14.693202423889073,0 12.726405622405023,2.5077081038306313,0.5 -12.247367412421527,-17.500056898911936,0.5
3950 31 4 1 0 0 1 31.40289601259353,-2.4714615154271096,0 27.885981252028085,3.823878869883037,0.5
434 12 31 1 1 1 0 9.706081408588481,7.876673389817114,0 -15.141486997398033,-12.287610488114698,0 -28.24012837675519,-15.190297866216655,0.5
3830 8 30 1 1 1 0 8.198738056891283,-2.2429209247056736,0 -22.66709933375825,6.201016674186274,0 -27.8357629631706,13.835472534690675,0.5
2976 8 25 0 1 1 0 0.8857192927434735,23.483302607053847,0 6.956836493926879,25.255740456315415,0.5
73 8 28 0 1 1 0 -23.345671043918873,-2.6887996409416197,0 -28.9993371318016,2.6997121913479614,0.5
2754 22 13 1 1 1 1 -8.479597734273662,-20.840979397928997,0 3.5802745989155462,8.799524634681132,0 10.645353146678598,10.243361576284423,0.5 -1.4145191865106108,-19.39714245632571,0.5
3536 26 29 1 0 1 1 19.767440353740824,-17.649314487007672,0 -18.00919258540786,24.12299696185552,0.5 5.860924068165966,2.8106172039594624,0.5
489 9 29 1 1 1 0 6.832576211944003,6.600447129397897,0 -16.1824173440779,-15.632637938047651,0 -25.385650634603735,-16.180814004797256,0.5
2948 24 30 1 0 1 0 -1.9989699834198706,-24.41831523683373,0 8.468509221032999,29.908767135628963,0.5
3847 30 6 1 0 0 1 29.62340079958277,-7.259760675620019,0 26.195255227641994,-0.2420817190430764,0.5
1983 3 8 0 1 1 1 28.489839229226284,-0.7609603753409877,0 8.33676741039921,-6.224813984763372,0.5 -23.651824004872406,-5.370402335257702,0.5
3335 2 28 0 1 1 0 -14.816833227729486,25.509046495344574,0 -9.126287051465184,27.657926253684654,0.5
1937 0 6 0 1 0 1 31.345884273631555,-3.112159877656993,0 -25.968032007731637,-3.451277103540826,0.5
797 30 2 1 0 0 1 9.561606495398493,28.96248748341816,0 3.5505726791392336,29.893869499450055,0.5
2908 27 19 1 0 1 1 -3.9602965201869362,-27.213343261572902,0 8.745666971384825,18.43266961743818,0.5 4.137321929712753,-13.23376617784665,0.5
1842 1 22 0 1 1 1 29.565469703310697,-7.492196021368996,0 20.336717776927102,-11.343187826251363,0.5 -10.682791419989035,-3.4825231480937275,0.5
782 2 6 0 1 0 1 -9.905521487081131,-27.787238870909324,0 2.910758125258063,26.034160004429644,0.5
1383 17 7 1 1 0 1 -9.90455633719138,14.42739629189557,0 8.206632393672859,-11.954128356142045,0 -18.812914743574986,16.802506921616754,0.5
1465 1 1 0 1 0 1 20.349074390590292,-22.71926872604447,0 -24.818438730140024,18.716172124616868,0.5
315 29 29 1 0 1 0 25.96186729958839,14.008263501182538,0 -28.81100563881196,-8.727883711435748,0.5
2126 9 21 1 1 1 1 -9.314537422042973,-1.8679915988464864,0 22.06074652589125,4.424190628846942,0 22.260053070210823,-1.6553058060061456,0.5 -9.1152308777234,-7.947488033699574,0.5
2207 18 1 1 1 0 1 -17.530623557814163,-5.9099270447452295,0 12.792617190837362,4.312649465084357,0 -26.985105742965438,-15.429000876303487,0.5
2600 3 20 0 1 1 1 16.75187969033549,23.056984339686,0 16.903699638245385,13.05813687093158,0.5 -1.905428435113759,-12.830406949066735,0.5
3520 28 16 1 0 1 1 20.77560588151022,-19.509592518967636,0 -7.920699716881153,15.668839012351835,0.5 15.406296360604006,-6.236668377366211,0.5
3953 28 12 1 0 1 1 28.42236580295548,-2.102170821552573,0 -12.02338763535537,6.905660704811931,0.5 19.889444143401658,4.545328554296761,0.5
45 21 26 1 1 1 0 21.446310122949807,1.5184801975200835,0 -10.473779362370836,-0.7415833522772501,0 -26.857586020618157,4.113401651321703,0.5
35 7 0 0 1 0 1 -24.46298288753818,-1.346279407854921,0 31.12270549021727,7.721865251945268,0.5
222 26 25 1 1 1 0 24.90501670378747,9.054840859124308,0 -5.168965730974758,-1.879306593403158,0 -26.01535740005005,-3.074277044714906,0.5
607 1 4 0 1 0 1 -17.65505593771303,-24.870645344184858,0 11.025907089245873,25.897478117749564,0.5
1216 23 25 1 0 1 1 -7.821259296290184,22.160277593482316,0 2.82895516997897,-26.043175932405966,0.5 -7.8212702547566,4.1325212161657,0.5
845 31 6 1 0 0 1 7.593864416240718,30.57095391425909,0 0.3243752104312314,26.194365438446063,0.5
2303 6 29 0 1 1 0 22.665860109074842,11.683697424867256,0 28.97039442223182,8.183290720750392,0.5
1851 16 1 1 1 0 1 -16.050134359938895,3.826641742822148,0 15.07739894418502,-3.5947240614389875,0 -31.05993626879207,1.2370767876631605,0.5
1697 5 28 0 1 1 0 23.554717368254245,-12.141881637607154,0 22.583326610173703,-18.39139361816337,0.5
3498 1 31 0 1 1 0 -21.498896545242022,21.634404251954354,0 -17.94783002175074,26.573020105180795,0.5
1296 31 4 1 0 1 1 -14.124071306836012,28.156004860764813,0 -3.3453240725024385,-6.712585705220881,0.5 -17.69358698738347,21.890339867619563,0.5
178 10 26 1 1 1 0 10.092236928782945,2.89771526781183,0 -20.665056568460315,-5.933416976948033,0 -27.12672097329705,-1.5462888594586497,0.5
1610 3 29 0 1 1 0 23.317266946613174,-16.387649683233434,0 20.685385151778526,-21.871553239826852,0.5
3539 2 5 0 1 1 1 -22.09760507269611,19.543434960394126,0 -0.14495654703267213,8.138119414181164,0.5 23.82532692165463,-13.061538847941275,0.5
3528 5 31 0 1 1 0 -19.544097609991603,17.896319415207152,0 -19.179666348056323,25.698062159961317,0.5
3226 31 28 1 0 1 0 10.949095614587664,-29.535864727862922,0 -4.2804456078911395,28.80846725179744,0.5
2437 8 3 0 1 0 1 18.1774489560742,14.893970237962645,0 -18.242275481716547,-22.70395087312258,0.5
2738 6 1 0 1 0 1 10.20074299955026,23.370811758625894,0 -6.701874154295198,-30.353498691583972,0.5
1201 28 11 1 0 1 1 -8.849550065345452,27.09124330186683,0 -2.1325485634992374,-12.794617486440044,0.5 -12.068885478974835,17.623620606884113,0.5
1880 3 25 0 1 1 0 27.995186645767625,-5.340367465693163,0 23.92403700606721,-10.67194702630812,0.5
554 26 1 1 0 0 1 17.08342344863117,20.25849558271193,0 15.075224214602985,27.184326640169843,0.5
3855 1 1 0 1 0 1 -29.7122883025804,6.886938639507671,0 31.067095903795025,-1.0418983176885757,0.5
84 9 19 0 1 1 1 -22.304421699063898,-2.9601980795763563,0 -20.119884960409074,3.38234078411753,0.5 11.601959233815137,7.59240027507057,0.5
1487 22 31 1 0 1 0 -15.581722314315563,16.23144878683232,0 17.486024896886505,-26.879154252049403,0.5
2701 20 16 1 1 1 1 -9.278102184256687,-18.280230301024417,0 5.204789030192775,10.254763339599064,0 12.818052090067408,11.997813993237209,0.5 -1.6648391243820546,-16.537179647386274,0.5
2327 9 26 1 1 1 1 -8.27408822348326,-4.66791860147707,0 19.596524739828773,11.055596687708851,0 26.02851047696514,7.795296168236084,0.5 -1.8421024863468949,-7.928219120949835,0.5
53 15 19 1 1 1 1 15.446316312134336,1.2889190763941367,0 -16.442852848401067,-1.3720751458389198,0 -19.93139887386996,4.357675863427119,0.5 11.957770286665443,7.018670085660176,0.5
610 28 21 1 1 1 1 16.387649683233438,23.317266946613167,0 -2.012518382151475,-2.863524010987582,0 -17.27151122348063,-14.140187412378332,0.5 1.1286568419042844,12.040603545222417,0.5
124 10 5 1 1 0 1 10.301450433155008,2.0322694145340323,0 -21.093446125031683,-4.161313563093495,0 24.837601903943195,11.015604008007802,0.5
3615 27 12 1 0 1 1 22.622614245573644,-15.635450895192257,0 -6.871635370855165,12.042866242303457,0.5 19.452861205812347,-6.151112981192988,0.5
3630 1 3 0 1 0 1 -25.492124521732233,16.74519594894303,0 27.114646706984487,-10.632306144737147,0.5
342 27 5 1 0 0 1 23.62631098504249,14.072932503144486,0 19.696714403082147,18.716020990675773,0.5
2448 6 5 0 1 0 1 19.442284030791928,16.499927020020824,0 -16.32239077238671,-21.721638047658956,0.5
3720 20 29 1 1 1 0 18.548954575553402,-8.72847547708398,0 -10.405511103359226,4.89646185299833,0 -24.137722298357147,17.989451415965746,0.5
2270 30 5 1 0 0 1 -27.797799937381086,-12.55118793745581,0 -21.68310067920865,-16.373550162848048,0.5
857 14 16 1 1 1 1 3.2297256741258282,14.135730333799257,0 -3.8979447791173785,-17.06036419596462,0 -9.524472801784256,-14.7490480319264,0.5 -2.396802348541049,16.44704649783748,0.5
816 2 30 0 1 1 1 -8.408068242864298,-28.27639277601259,0 -14.444218239438527,-27.52479899021011,0.5 -5.323601840399291,3.1478982583459207,0.5
3662 3 9 0 1 1 1 -24.576603860383162,14.430542009564281,0 -5.154192442675592,9.984202535198584,0.5 22.440590839158137,-6.218511300101661,0.5
1910 1 28 0 1 1 1 30.195721560355004,-4.2974875740962775,0 27.370266853296393,-9.955827056520457,0.5 -4.3104901936334485,-5.446987634517805,0.5
2986 26 29 1 0 1 0 -0.5827184664513775,-26.49359241758008,0 6.647235821350796,29.360930774336,0.5
1169 9 4 1 1 1 1 -2.492397217083718,9.167221831736883,0 5.9030460404614375,-21.71184118042946,0 -4.609215106688902,-5.91651384687561,0.5 -13.004658364234057,24.962549165290735,0.5
126 22 9 1 1 1 1 22.06074652589125,4.424190628846952,0 -9.314537422042973,-1.8679915988464906,0 -10.494321589735494,4.014874141391176,0.5 20.88096235819873,10.307056369084618,0.5
2413 29 1 1 0 0 1 -23.506968097292425,-17.823368112477397,0 -20.6787226539849,-23.208628339468312,0.5
531 31 8 1 0 1 1 21.16327102736601,23.33165145081356,0 -10.15484801388865,-2.2647432116736246,0.5 11.344347950419678,21.43725191296237,0.5
47 29 13 1 0 1 1 29.419641796041635,2.17593120125617,0 -13.905788184884715,4.987890832518357,0.5 18.007043593872314,7.348222983033524,0.5
3014 28 4 1 0 1 1 0.6266972186363767,-28.493108826454044,0 5.899597034205634,4.630848176521455,0.5 6.603257069165776,-27.361414365462036,0.5
1343 26 25 1 1 1 0 -13.596935348663195,22.74584245800259,0 2.8220054497225497,-4.720835227132613,0 7.93384138275079,-24.96606018003944,0.5
2116 17 25 1 1 1 0 -17.21029108741827,-3.1711008634749054,0 14.25995547243228,2.627483572593493,0 26.16508730914373,-1.2799242574799727,0.5
2865 19 2 1 1 0 1 -4.104199316515449,-19.06319878641342,0 2.6308969977663135,12.219999222059885,0 -0.3433172881397555,-30.10202872298916,0.5
3105 0 15 0 1 1 1 -5.171885666919189,31.072521601059606,0 3.3736794212415937,16.27477456564886,0.5 8.627658511445215,-15.290961663998996,0.5
184 31 28 1 0 1 0 30.19343635404734,8.978106767804247,0 -29.027986561815066,-2.3719182462900648,0.5
3020 4 15 1 1 1 1 0.1413484158515757,-4.497779521645792,0 -0.8637958746485181,27.48643041005762,0 5.5101725964834065,15.680816240137608,0.5 6.5153168869835,-16.3033936915658,0.5
565 27 2 1 0 0 1 17.36220187485789,21.326132937236444,0 13.97193300672324,26.66524119627718,0.5
252 2 26 0 1 1 0 -27.21884582616839,-11.374727772183197,0 -26.764331560222423,-4.68193935613032,0.5
512 28 1 1 0 0 1 19.76911921566494,20.52880720930535,0 16.834571677963112,26.131345093957993,0.5
2383 11 8 1 1 1 1 -9.480860420388519,-6.508708450154335,0 16.9006642276491,11.602480280709901,0 10.403440371672035,-0.13575136487124073,0.5 -15.97808427636558,-18.246940095735475,0.5
1690 21 27 1 1 1 0 -19.00096104690691,10.060491006602328,0 9.279539115931282,-4.91326304973602,0 21.49597594187563,-18.17066367269793,0.5
2590 22 9 1 1 1 1 -13.509455069832393,-17.992904815959534,0 5.703992140595899,7.597004255627359,0 10.502100091518441,3.9944829036720546,0.5 -8.71134711890985,-21.595426167914837,0.5
3731 31 1 1 0 1 1 28.72952955224255,-12.917590011562606,0 1.0924204997146605,6.087414677168229,0.5 30.277974330564234,-7.03521644568902,0.5
1203 16 22 1 1 1 1 -5.17267236636312,15.668230933652445,0 4.859177071432022,-14.718641180097752,0 1.3561056146215469,-23.2467412245672,0.5 -8.675743823173594,7.140130889183,0.5
38 27 1 1 0 0 1 27.451024295150823,1.6405075882296942,0 30.087752562644436,7.808786444069477,0.5
3649 31 1 1 0 0 1 26.832278779833626,-16.500873173298743,0 29.123483867451366,-10.866125685924125,0.5
247 3 13 0 1 1 1 -26.38166969648645,-10.782277311657701,0 -14.766533500789942,0.44664120952771036,0.5 14.854990368949235,12.553057840160918,0.5
305 18 28 1 1 1 1 16.41714877059674,8.528025928906054,0 -11.980081535300323,-6.223154056228742,0 -28.057129488402346,-7.813288991904979,0.5 0.3401008174947173,6.937890993229818,0.5
1894 12 19 1 1 1 1 -12.32712670286236,2.0717015353515014,0 19.23031765646528,-3.2318543951483423,0 18.23590091949656,-9.148875212522276,0.5 -13.32154343983108,-3.8453192820224316,0.5
3727 25 31 1 1 1 0 23.191075687110157,-10.603018837799368,0 -5.911450665341804,2.7027302919880745,0 -26.15297141635975,18.554570490719257,0.5
3960 3 5 0 1 0 1 -28.44376176020574,1.789529806585428,0 26.824451420525076,4.324211603042827,0.5
3254 31 1 1 0 0 1 12.237143518888027,-29.025890485877202,0 17.37740381718565,-25.773549165267507,0.5
2301 29 10 1 0 1 1 -26.263622809798154,-13.433991101108042,0 12.080406308797588,-0.560163738886593,0.5 -16.40894724759363,-15.132628662122436,0.5
670 28 7 1 0 1 1 14.120572050323615,24.755998161488453,0 -8.927729099872204,-3.541984347691989,0.5 6.926948289964837,24.254224114330132,0.5
1905 2 5 0 1 0 1 29.172151712962883,-4.3858367999592325,0 -27.097526820110907,-1.9934994941985642,0.5
507 5 26 0 1 1 0 -18.531162411449507,-18.943231500472166,0 -22.820195958726224,-14.747496614860957,0.5
1906 20 14 1 1 1 1 -20.276935661825217,3.0159376926920713,0 11.37486634687756,-1.6918674861443326,0 13.45950931416162,-8.067937098292017,0.5 -18.192292694541155,-3.3601319194556125,0.5
1276 2 19 0 1 1 1 12.392528988148285,-26.770790523962948,0 2.746765156783521,-20.21646064902262,0.5 -10.695978152394279,8.823040936293122,0.5
374 1 1 0 1 0 1 -25.386408852140235,-16.905036101469168,0 22.06082797972007,21.89908374451315,0.5
1694 31 22 1 0 1 1 -27.93068005456753,14.56458415779124,0 17.176279247016573,-15.723403932625654,0.5 -11.19774493540124,-0.9276358993139171,0.5
2107 1 20 0 1 1 1 30.07021175114345,5.1021921995740485,0 21.214835871996232,-2.4861091939538595,0.5 -10.334238752154274,-7.839228878752861,0.5
536 30 25 1 0 1 1 20.31336195674467,22.751204935437553,0 -21.458949492118506,-15.025428003711134,0.5 -0.14656973422245745,8.844688649862693,0.5
1642 27 6 1 0 1 1 -23.265195405865658,14.662219570272693,0 2.3000164624178407,-8.54165816879878,0.5 -24.772210918953107,8.519833694791263,0.5
1780 8 6 1 1 1 1 -7.997486536110916,2.8792723220849763,0 22.1106980704243,-7.960341125764346,0 4.083297476730718,-7.847081095319746,0.5 -26.024887129804497,2.992532352529577,0.5
2634 29 4 1 0 0 1 -16.040934241974377,-24.757593353245262,0 -9.9179705605025,-26.341675344613254,0.5
2893 25 24 1 0 1 1 -4.265767248824212,-25.140668841119936,0 10.013933750702463,23.151050318215418,0.5 4.660814065903452,-8.398024305935088,0.5
2537 10 2 1 1 0 1 -6.980812908781186,-7.843357134071735,0 14.294045479885284,16.06020746500403,0 -15.130841714725197,-26.025134562647935,0.5
3229 1 2 1 1 0 1 0.5280075243809259,-1.4039971702952703,0 -10.736152995745494,28.547942462670495,0 16.000136660672624,-25.49991425161661,0.5
3240 27 18 1 1 1 1 10.123425198828652,-25.56885336192691,0 -1.6565604870810522,4.183994186497131,0 -1.2316453093370408,19.409612305040717,0.5 10.548340376572664,-10.343235243383322,0.5
3951 19 16 1 1 1 1 19.442267267369875,-1.499414387071804,0 -12.462991838057611,0.9611630686357718,0 -15.989790953290877,7.250971332866873,0.5 15.91546815213661,4.790393877159296,0.5
3854 5 10 0 1 1 1 -25.806163683143915,6.024277214636136,0 -8.861096429629972,8.229882749152562,0.5 22.30106348963815,0.9552838484598709,0.5
2088 14 2 1 1 0 1 -14.361690672601442,-1.997959214927254,0 17.333074949691397,2.411330086981169,0 -28.391870313943382,-10.007582129376734,0.5
535 29 2 1 0 0 1 19.68189162368569,21.97437466945285,0 15.212527284135959,25.977471270880446,0.5
1520 1 23 0 1 1 1 22.233543136353045,-20.87868673082501,0 13.023480108831034,-20.460668753852655,0.5 -10.303515968654128,1.4448386358653869,0.5
638 30 4 1 0 0 1 16.423538765213134,25.700532570893184,0 9.752266249770559,26.403471419371847,0.5
3837 2 23 0 1 1 0 -28.538314382073594,7.470917763563687,0 -21.21440275923211,11.755811991057227,0.5
575 6 31 0 1 1 0 -15.786895707400769,-20.025581737458992,0 -24.213360988544242,-21.02291962688446,0.5
3589 27 24 1 0 1 1 21.965364696529782,-16.54607970935844,0 -15.959089338502876,19.53349603848947,0.5 9.6006077629136,0.2798760130541966,0.5
2999 15 9 1 1 1 1 -0.024347333052879953,-15.499980877645404,0 0.02591812873371092,16.499979643945107,0 6.014915156766116,9.490563505762198,0.5 5.964649694979524,-22.509397015828316,0.5
1187 2 2 0 1 0 1 8.541223754245136,-28.23645687369289,0 -14.284231931945385,26.499258821982014,0.5
2023 3 29 0 1 1 0 28.48140213670102,1.0294330126446183,0 29.69747231959817,-4.93053119112947,0.5
495 2 2 0 1 0 1 -21.02283630829356,-20.695177060240244,0 16.813647753668427,24.971008173791475,0.5
3608 18 24 1 1 1 0 15.1022761382679,-10.685095013311953,0 -11.020579884681982,7.797231496200615,0 -16.534875422037395,19.04856673814866,0.5
746 7 30 0 1 1 0 -9.51777829246847,-22.57569260012671,0 -17.37740381718566,-25.773549165267504,0.5
1244 27 18 1 0 1 1 -10.283878157789507,25.504741716703187,0 1.3535743861413376,-19.40149057111804,0.5 -10.613120197468271,10.276754335591127,0.5
2886 13 8 1 1 1 1 -2.4045564185668327,-13.284129946290387,0 3.295132869887882,18.204178074546085,0 7.418037721152623,7.295390076449428,0.5 1.7183484326979084,-24.192917944387045,0.5
2858 0 18 0 1 1 1 6.968054922892772,30.71963884214054,0 9.943709496074906,16.714444096579154,0.5 2.8650505267870097,-14.492808060515998,0.5
2148 29 5 1 0 0 1 -28.706406073972733,-6.796488086959425,0 -24.40477398096681,-11.94391087282241,0.5
2480 27 4 1 0 1 1 -20.046637254088818,-18.82504541303894,0 7.387641458968485,-1.2933497878493698,0.5 -15.939354618516685,-23.198857177567408,0.5
2118 27 10 1 0 1 1 -27.02895464864043,-5.068097335464163,0 11.425913011763981,-3.9621347588897775,0.5 -20.025961488472152,-9.85955711288444,0.5
1749 3 0 0 1 0 1 26.313402344287244,-10.947824307489524,0 -31.388039287367906,6.560563214743739,0.5
1707 10 1 1 1 0 1 -9.407416702760525,4.663744309095675,0 19.26280562946203,-9.549571680529239,0 -29.991302408454295,8.171400115319518,0.5
3330 26 2 1 0 0 1 13.129654713458788,-23.018735132612075,0 19.82781980538516,-22.651877665332208,0.5
3673 27 4 1 0 0 1 23.95130801534627,-13.512395951644159,0 26.899467132068633,-8.286656021023155,0.5
1324 25 9 1 0 1 1 -12.42487820599598,22.268192597652963,0 -0.6106985344688614,-11.219494075046235,0.5 -16.2027025576795,16.724904478871206,0.5
847 17 17 1 1 1 1 4.1654364532245935,16.997033245662248,0 -3.4513616326718064,-14.083256117834434,0 -9.992990708880221,-15.568883604556673,0.5 -2.376192622983821,15.51140575894001,0.5
2633 30 6 1 0 0 1 -16.624881660195616,-25.57075106023465,0 -8.869179540117388,-24.649293180234665,0.5
233 29 8 1 0 0 1 27.546154216283654,10.557432826815344,0 19.79627210582284,14.012765990775002,0.5
3790 31 29 1 0 1 0 29.801688803067677,-10.203398673241711,0 -25.966013576223688,15.232075989810683,0.5
976 23 22 1 1 1 1 0.8857192927434653,23.483302607053847,0 -0.3203665526944449,-8.493960517445009,0 -6.843765945917067,-22.25787203839365,0.5 -5.637680100479156,9.719391086105206,0.5
626 8 8 0 1 0 1 -13.025191750312311,-19.56001993525559,0 8.031144107268332,22.885600807675754,0.5
2416 26 9 1 0 1 1 -21.040745564167644,-16.110152888907034,0 11.19049057332207,1.0113954362117346,0.5 -14.21720218340867,-18.442374090015626,0.5
880 13 29 1 1 1 0 2.529647746907284,13.260877884837296,0 -3.466554319835908,-18.17231413848074,0 -11.42147228465101,-27.853186008981965,0.5
2821 27 4 1 0 1 1 -7.630764258535773,-26.420095322134117,0 7.013054948953297,2.6583943053959596,0.5 -1.8663798246156027,-28.084989342178286,0.5
3959 29 1 1 0 0 1 29.43884254952305,-1.8985650751004857,0 30.822918244442572,4.024637983273678,0.5
2762 5 3 0 1 0 1 9.677846690127078,24.6696024175988,0 -4.822679855208637,-28.722669775182194,0.5
3411 24 21 1 1 1 1 14.741052831973875,-19.569143093271993,0 -4.51256719346139,5.990554008144488,0 -8.143582748073728,20.782975244783312,0.5 11.110037277361537,-4.776721856633172,0.5
810 27 23 1 0 1 0 8.086108943888357,26.28430790695408,0 -12.644705731749124,-20.696893896366934,0.5
1439 11 25 1 1 1 0 -7.316448171574619,8.872405882998276,0 13.042364131937363,-15.81602787838823,0 11.59434722410114,-23.490872960513368,0.5
3682 30 11 1 0 1 1 26.77338272231421,-14.609448230665217,0 -7.220892194184332,10.775375442181483,0.5 20.86921426857156,-4.5525702424508765,0.5
1752 22 13 1 0 1 1 -20.814237153775302,8.545029649240531,0 10.209867719134373,-10.677481030551068,0.5 -19.392602899568278,1.4754500261465777,0.5
1421 31 2 1 0 0 1 -19.345645292084665,24.859525502970534,0 -22.852498067756216,19.596258113813423,0.5
3019 10 6 1 1 0 1 0.3133273472561465,-10.495324005168275,0 -0.6415750443816334,21.49042534391599,0 6.758265846289655,-25.30959981411944,0.5
3123 11 14 1 1 1 1 2.208093569997483,-11.2860233380113,0 -3.936166798691165,20.11856334167232,0 3.1042420228786356,15.382252158360762,0.5 9.248502391567284,-16.02233452132286,0.5
2603 27 23 1 0 1 1 -16.059074275378368,-22.32389153839179,0 18.593876170972454,15.572982018179523,0.5 -0.0930466221951054,-10.40390995376729,0.5
577 0 3 0 1 0 1 -19.42364819945526,-24.798626789074397,0 12.850228982540589,26.1365953233445,0.5
2385 17 6 1 1 1 1 -14.396209065365051,-9.949832387849613,0 11.92828751130247,8.244146835646822,0 8.758534471541171,-1.2401910783524475,0.5 -17.56596210512635,-19.43417030184888,0.5
1196 29 17 1 0 1 1 -8.939540454166828,28.112890574757955,0 -0.41475883052977114,-18.495350094347973,0.5 -10.111887458778533,11.99998883420303,0.5
11 30 3 1 0 0 1 30.49544714139484,0.5269759447956193,0 28.39207829052391,6.491524500821121,0.5
2279 2 11 0 1 1 1 26.712095079357436,12.518545301726087,0 12.959334414337864,-0.5528576103828682,0.5 -16.016497536151554,-14.132296581746758,0.5
725 3 15 1 1 1 1 1.4653090813809984,3.1785011083877843,0 -11.931802519816701,-25.882080454014815,0 -11.938084974780622,-11.564260769064191,0.5 1.459026626417077,17.49632079333841,0.5
2782 15 12 1 1 1 1 -5.204596035585003,-14.600074660986254,0 5.540376424977583,15.542014961695044,0 9.848896671660004,9.759571422504397,0.5 -0.896075788902583,-20.3825182001769,0.5
2277 0 26 0 1 1 0 28.564938238080682,13.277586507141882,0 26.559885154031406,5.729092476532566,0.5
2595 29 27 1 0 1 0 -17.526571355610127,-23.729081240467497,0 21.16458304142656,18.555603592515098,0.5
2689 0 21 0 1 1 1 14.783499744616035,27.815429806151435,0 15.388502328449313,16.169229916335226,0.5 0.37034385772826184,-12.08771464864401,0.5
3912 21 30 1 1 1 0 21.294920652478,-2.9624912497197293,0 -10.399844969814838,1.4467980521887052,0 -29.38233173964003,10.145372420061385,0.5
3507 6 7 0 1 1 1 -18.228392575926044,17.83187326384764,0 -1.1655570484846862,9.533702154290728,0.5 21.709288536991135,-12.843550568969054,0.5
1987 6 4 0 1 0 1 25.494683552225517,-0.5206827939174163,0 -27.616780174498285,-5.4372284110048685,0.5
1300 23 7 1 1 1 1 -10.668776743879349,20.938653318426645,0 3.8589192477861474,-7.573555455601127,0 -1.941110397083607,-9.40649192985004,0.5 -16.4688063887491,19.10571684417773,0.5
366 3 3 0 1 0 1 -23.91835290059288,-15.497173759195583,0 20.655790003920124,20.532616475109872,0.5
221 28 4 1 0 0 1 26.79990432362768,9.696139863079663,0 23.81826420074678,14.998009550051115,0.5
2796 31 17 1 0 1 1 -9.92207536914212,-29.896528567194274,0 11.206840963909611,14.71926341939832,0.5 1.1272723349398373,-15.6518132202911,0.5
2438 0 10 0 1 1 1 24.334126855852727,20.002506597005965,0 11.921376875190141,2.032430416934802,0.5 -12.799005962501518,-18.287576284785544,0.5
79 16 25 1 1 1 0 16.373120779029698,2.0422820459735633,0 -15.380810428785473,-1.91850737652062,0 -26.046561947945374,2.7976080304152924,0.5
173 13 30 1 1 1 0 13.004593751499199,3.6236088859682414,0 -17.82110995575816,-4.965686251141664,0 -30.991241684187777,-2.406852482447123,0.5
3892 10 13 1 1 1 1 10.349268249064478,-1.7727511694837093,0 -21.191358795703454,3.6299190613237853,0 -12.293201366235067,8.193119074515899,0.5 19.247425678532867,2.790448843708405,0.5
3505 27 30 1 0 1 0 19.597559270443135,-19.292114208698546,0 -17.52628627259361,25.67253959956234,0.5
700 27 6 1 1 0 1 12.484738742837537,24.502679415180115,0 -2.042957248827961,-4.009529358847655,0 6.230718598228237,25.44460936524066,0.5
3161 13 0 1 1 0 1 3.377848859128265,-13.070582890020088,0 -4.628903992138734,17.911539515953454,0 13.69079528908599,-28.996760583767642,0.5
2324 26 24 1 1 1 0 -23.141455052462888,-12.9121283317213,0 4.802943501454561,2.6798756914893267,0 24.31843089719504,6.698053351411115,0.5
1473 30 4 1 0 1 1 -20.63295895015225,22.461767627712028,0 -1.3745013275602305,-7.372974033626808,0.5 -23.022195963785542,16.193470690530074,0.5
599 19 5 1 1 0 1 11.486578887071264,15.757807762220247,0 -7.363191594276451,-10.101158821936055,0 10.76140994533677,24.948788667757135,0.5
1387 7 3 0 1 0 1 13.993014332750732,-20.110831655688248,0 -21.202689731327567,19.967372089412684,0.5
269 18 8 1 1 1 1 16.872898308459913,7.586521117901837,0 -12.312655522389667,-5.536110004955395,0 -10.212906071855151,1.9865924512753441,0.5 18.97264775899443,15.109223574132574,0.5
3846 17 25 1 1 1 0 16.99046922682779,-4.1921301807336375,0 -14.077817359371597,3.473479292607871,0 -23.320239097126105,11.9338362839814,0.5
1702 18 9 1 1 1 1 -16.509924995288777,8.346998062174139,0 12.04778310467019,-6.091052639964912,0 5.770935085524247,-9.640866570939837,0.5 -22.786773014434722,4.797184131199212,0.5
1363 0 0 0 1 0 1 17.003688421473637,-26.516496376132412,0 -22.054449635975047,23.277698581566007,0.5
951 18 16 1 1 1 1 1.4225213415809472,18.445227920325266,0 -1.0380561141266371,-13.46003118510222,0 -7.250971332866877,-15.989790953290875,0.5 -4.790393877159293,15.915468152136611,0.5
1507 5 10 0 1 1 1 18.94323150047216,-18.531162411449515,0 3.310073822123041,-11.631569597096334,0.5 -19.564771763352773,10.745683126163456,0.5
3063 4 28 0 1 1 0 -2.716964972557684,27.365454524598977,0 3.154880924716359,28.953354319506072,0.5
2950 8 25 1 1 1 1 -0.6669023136866797,-8.473797336731588,0 1.84378874960435,23.42755734272851,0 7.982210943458806,24.950637435827694,0.5 5.471519880167778,-6.9507172436324,0.5
1831 7 4 0 1 0 1 23.64178261868986,-6.427761244058008,0 -28.11084038687017,1.4250097346716766,0.5
1741 7 10 0 1 1 1 22.500244625206644,-9.694791993944971,0 7.26872720820408,-9.66517484439437,0.5 -22.11934740431072,2.9974106170847765,0.5
1548 23 28 1 1 1 0 -17.821505009284966,15.31809254457065,0 6.446076279954137,-5.540586665057469,0 17.702312233923305,-23.127432662807376,0.5
2382 19 31 1 1 1 0 -16.093557844513494,-11.0112395262885,0 10.316383233662496,7.058486875825961,0 29.385359449225952,12.835522974923427,0.5
550 27 5 1 1 0 1 17.85982132908005,20.911164054000853,0 -2.922516217485826,-3.4218268452001395,0 12.647937487149676,24.047446378381927,0.5
3709 15 12 1 1 1 1 13.908698906396312,-6.840913296571594,0 -14.806034319712202,7.282262541511697,0 -8.568597196808021,10.900878041646632,0.5 20.146136029300493,-3.222297796436658,0.5
3129 29 9 1 0 1 1 5.936842143379964,-28.896434128878038,0 3.9653764207172397,10.51312464693631,0.5 10.405340779637879,-20.83215983184665,0.5
2892 26 12 1 0 1 1 -4.474086284887455,-26.119581771448445,0 8.024285629803165,11.30755677108607,0.5 2.621615398995672,-20.233070273681864,0.5
3214 31 6 1 0 1 1 10.390445568053845,-29.736991120443076,0 3.5201285882637605,8.11533700606994,0.5 14.075501863747032,-22.093669846443664,0.5
1140 16 13 1 1 1 1 -3.5993634830429486,16.102626571989333,0 3.3812202416464063,-15.126709810050585,0 -2.910566812779163,-14.483735734552344,0.5 -9.89115053746852,16.74560064748757,0.5
3641 10 4 1 1 0 1 8.874269861831111,-5.612248606342741,0 -18.171124002797036,11.491747146320849,0 26.44913455603924,-9.627735000327494,0.5
1598 31 20 1 0 1 1 -25.42574233226161,18.595204404723276,0 13.00496798041344,-16.94463950128244,0.5 -12.82435756347137,1.9457268781189851,0.5
2947 0 6 0 1 0 1 2.619416187510676,31.390900892402037,0 3.8587394467584124,-25.91061809147035,0.5
2803 4 4 0 1 0 1 8.37462536932034,26.19380938167521,0 -2.6596124133184764,-28.0210003713451,0.5
414 17 27 1 1 1 0 13.928186066917778,10.595075879167522,0 -11.540497026874732,-8.77877715702452,0 -25.51974697801395,-11.874026872891442,0.5
1533 11 7 1 1 0 1 -8.542135228072906,7.699475679896381,0 15.227284536999528,-13.725152298945723,0 -22.21557975366648,11.946464590349903,0.5
3035 30 22 1 0 1 1 1.6759804873295938,-30.453917472241407,0 4.754555536673199,22.795705772111777,0.5 6.512961293871461,-9.155945346305437,0.5
2281 27 25 1 0 1 0 -24.864320907482075,-11.74800177944104,0 25.61920704790688,5.468658906576513,0.5
2755 28 7 1 1 1 1 -10.699343779920572,-26.41541297574344,0 1.3139544992884913,3.243998084740422,0 8.376756358030349,4.698931039949206,0.5 -3.6365419211787158,-24.960480020534654,0.5
1304 11 16 1 1 1 1 -5.2851683971471095,10.213569161355762,0 9.4213871427405,-18.206797200677663,0 2.254249007373282,-17.41173056915241,0.5 -12.452306532514328,11.008635792881014,0.5
2488 29 0 1 0 0 1 -21.24911623419326,-20.46277252147774,0 -18.527814449092247,-26.171933282430793,0.5
474 31 3 1 0 0 1 23.164717614602,21.34586278030822,0 16.89267540743834,23.725250632584007,0.5
406 4 31 0 1 1 0 -22.09463850308351,-16.37305559197976,0 -28.88070714178215,-13.933942550140415,0.5
1349 30 24 1 0 1 1 -15.895337196966254,26.030525453681125,0 7.647626511592999,-24.036717927770006,0.5 -9.029448580306022,3.27399730232167,0.5
420 26 28 1 0 1 0 20.939107827955795,16.242036921803873,0 -26.196860174625037,-12.726920954855684,0.5
3490 26 13 1 0 1 1 18.441689109696327,-19.030346890724505,0 -5.086064967417108,13.870181799356935,0.5 17.183144523536946,-9.10985972906511,0.5
2208 26 19 1 0 1 1 -25.098105082360725,-8.50500565989105,0 20.39407860624077,0.5758105612721192,0.5 -9.913067153591047,-9.694384952558584,0.5
3568 9 31 1 1 1 0 7.395391864886724,-5.963067932261652,0 -17.51540178525803,14.123055629040756,0 -20.75541433161704,24.4430516900592,0.5
3408 3 20 1 1 1 1 2.092667440701316,-2.805484447048068,0 -17.040292017139286,22.844659068819983,0 -7.447650243453877,20.019553088198084,0.5 11.685309214386727,-5.630590427669968,0.5
3518 25 22 1 1 1 1 18.533768869916017,-17.514263086882412,0 -4.724294025664867,4.464420002538654,0 -12.23232239418886,19.814648340170606,0.5 11.025740501392026,-2.1640347492504635,0.5
3455 18 27 1 1 1 0 12.124903161868183,-13.9727135272759,0 -8.847902307309216,10.19630446584998,0 -13.491813826363224,24.702650863313316,0.5
1437 26 3 1 0 0 1 -16.79532814068128,20.49797435472197,0 -22.70395087312258,18.242275481716543,0.5
549 21 26 1 1 1 0 13.988796324516093,16.326774861901082,0 -6.831737739879952,-7.9735412116261095,0 -21.798314035864323,-16.219849111315447,0.5
2833 20 18 1 1 1 1 -5.316157727210918,-19.79869861933899,0 2.9822348225817343,11.106587030360897,0 10.592249252167605,16.311169663146625,0.5 2.2938567023749536,-14.594115986553263,0.5
2843 16 29 1 1 1 1 -4.028026235776789,-16.000781376042042,0 3.7839034336084985,15.031037050221313,0 13.020088618888941,27.14272079870179,0.5 5.2081589495036535,-3.889097627561566,0.5
3842 19 15 1 1 1 1 18.90251341687077,-4.790092538252312,0 -12.116995780045366,3.0705721399053276,0 -13.551200140101695,9.623667427904383,0.5 17.46830905681444,1.763002749746743,0.5
290 11 27 1 1 1 0 10.32731712124708,5.059300453343023,0 -18.40956530309262,-9.018752982046259,0 -27.33539335255242,-6.710161716473971,0.5
2334 21 1 1 1 0 1 -18.608278600439906,-10.769492445255263,0 9.087763967656699,5.259519566287454,0 -23.392350820552817,-20.470660055019767,0.5
83 6 29 1 1 1 0 6.444834947330011,0.8450458577342276,0 -25.28358325491004,-3.315179903418893,0 -30.02967786040626,2.1138702893569774,0.5
3384 5 5 0 1 0 1 -15.032627151859039,21.823613837153335,0 19.973822737629604,-18.420000142392798,0.5
1699 17 0 1 1 0 1 -15.580115226151449,7.969316754894598,0 12.909238330239774,-6.603148168341239,0 -30.776544580179326,9.003016366986921,0.5
3513 26 24 1 0 1 1 19.117039682269166,-18.351806281305013,0 -13.519118284066584,21.295150640965574,0.5 9.565608879428257,-0.8655210949499104,0.5
3587 3 15 1 1 1 1 2.788962316627914,-2.114636894700709,0 -22.710121721113016,17.21918614256292,0 -8.726027011293834,14.145898790750994,0.5 16.773057026447095,-5.187924246512634,0.5
1667 2 29 0 1 1 0 25.55546899119793,-14.736621208401914,0 22.558190101353475,-19.93434371508624,0.5
1731 14 14 1 1 1 1 -13.224704079603717,5.9461922275446835,0 15.960849751245865,-7.176438895312549,0 10.764210744067984,-11.418483570828979,0.5 -18.421343086781597,1.7041475520282523,0.5
3197 2 10 0 1 1 1 -8.983689032543626,28.098813700342497,0 2.517428724079556,11.828463662673153,0.5 12.262447335652304,-18.651605436003454,0.5
3623 5 1 1 1 1 1 4.563460751719463,-3.0699879425685106,0 -21.987583621921047,14.791760086921006,0 2.1044975505148846,5.815590258939917,0.5 28.655541924155397,-12.046157770549598,0.5
381 8 15 0 1 1 1 -19.41562094042616,-13.239473686581551,0 -16.186339008344458,-3.7752389999768976,0.5 10.251953336065629,14.25298048813415,0.5
2524 3 24 0 1 1 1 19.378671293588955,20.897777367342954,0 21.058389856034633,13.8850357101182,0.5 -0.7001182630827865,-9.579135369003716,0.5
2855 18 4 1 1 0 1 -4.177323437078422,-18.02220765894221,0 3.0483171027329026,13.151340724092965,0 -0.3644945170812619,-28.14457574288548,0.5
3192 0 4 0 1 1 1 -9.356809819676592,30.078233159519257,0 4.392500151383203,6.079139940822102,0.5 13.897830761848311,-24.476525491070475,0.5
2630 4 27 0 1 1 0 15.098127494948633,22.984702437627426,0 20.112971663158255,19.690565529638633,0.5
360 2 22 0 1 1 1 -24.907673802309446,-15.8068904518804,0 -22.212339093669318,-6.990135334015335,0.5 4.806154522395164,10.156322105312558,0.5
2407 0 18 0 1 1 1 25.278913250085086,18.794322145123317,0 18.426216761819493,6.222904132833994,0.5 -7.2539490795367865,-12.869740586021438,0.5
3987 5 18 0 1 1 1 -26.4944750640775,0.5411017270122084,0 -18.37362937069285,6.376499333365692,0.5 13.619699008570546,5.723093474332082,0.5
2045 26 5 1 0 1 1 -26.43382410503116,-1.871615127175915,0 5.9100272958764855,-5.5965683558762045,0.5 -26.01006218944416,-7.856631905673536,0.5
879 28 28 1 0 1 0 5.384335595547452,27.9867634819484,0 -11.276285802273431,-26.853219146043674,0.5
713 9 5 0 1 0 1 -9.803305023673616,-20.252042134382787,0 6.1455702364912925,26.466619853474914,0.5
957 7 26 0 1 1 0 -1.6535759299229666,-24.44413399251402,0 -7.774880248899703,-26.03461613151362,0.5
967 10 27 1 1 1 0 0.5440372128561551,10.485896409512527,0 -1.1139809596578414,-21.471121219478032,0 -7.416800172439946,-27.152183617567385,0.5
1391 28 26 1 0 1 0 -16.424256127993683,23.29149653075263,0 10.36820379674796,-25.114743678347608,0.5
1416 26 30 1 0 1 0 -16.110152888907038,21.04074556416764,0 13.777931687798443,-27.864288944926614,0.5
2300 18 28 1 1 1 0 -16.48362069748481,-8.398824245181606,0 12.02858807654297,6.128871746483874,0 28.11762893780577,7.59269009744686,0.5
3565 24 11 1 0 1 1 18.99964570771974,-15.46814348850976,0 -5.130084273784425,11.913531606701252,0.5 19.68577950772707,-8.289757847678842,0.5
2140 0 8 0 1 1 1 30.741378001070544,6.871512103991089,0 9.60415192485861,-4.001283019761873,0.5 -21.62518445718131,-10.981866744451233,0.5
3119 21 16 1 1 1 1 3.9955193831150644,-21.125478097765075,0 -1.9513001638468919,10.317093954722479,0 2.8291534309391575,17.327604879619262,0.5 8.775972977901114,-14.11496717286829,0.5
807 31 27 1 0 1 0 9.404045034911551,30.06349841554298,0 -13.93626123661351,-24.454664641840086,0.5
3722 1 21 0 1 1 1 -27.63788641174933,12.899505211101765,0 -16.944836937245903,14.53005509866177,0.5 12.052289789835363,0.9961479919320473,0.5
1091 4 16 0 1 1 1 3.9175450323116943,-27.219530505131974,0 -3.588279636278141,-17.1864554010381,0.5 -8.146877492059021,14.487180095842742,0.5
2907 2 26 0 1 1 0 4.294168289982313,29.185786244288682,0 9.793565327127572,25.34435002487309,0.5
686 3 10 0 1 1 1 -13.493992025750895,-25.103031275305604,0 -10.256319435867299,-6.407644780217664,0.5 4.894829505326689,21.77821489731845,0.5
3909 26 3 1 0 0 1 26.229729395854445,-3.77508884931855,0 29.064068712368414,1.8788054403603018,0.5
1433 30 1 1 0 0 1 -19.181858459924523,23.71299867210855,0 -23.84671065771637,19.939518319336514,0.5
408 27 0 1 0 0 1 22.04309208394911,16.44238703408177,0 21.6619301250875,23.643408875537105,0.5
1531 6 20 0 1 1 1 18.887527364944308,-17.132171784058198,0 11.152991383412122,-18.21704650050427,0.5 -12.549003741223874,3.282149463804056,0.5
2165 26 9 1 0 1 1 -25.614902703448045,-6.791668388024404,0 10.720437207958598,-3.3648515673379786,0.5 -20.210766056582436,-11.566111507593863,0.5
3737 2 29 0 1 1 0 -27.018251351709978,11.843314312126566,0 -24.609441661107965,17.338551875186223,0.5
691 1 4 0 1 0 1 -14.229501163094788,-26.977236638497356,0 7.522880726364674,27.122984083188392,0.5
2736 29 12 1 0 1 1 -11.885739853553053,-26.999614592317066,0 10.527777482146291,9.023076043479492,0.5 -2.3652284606909193,-20.26464148038987,0.5
2998 0 2 0 1 0 1 0.09896000580520586,31.499844553858534,0 5.907293560377703,-29.518703948370096,0.5
2688 27 28 1 0 1 0 -12.944358134546643,-24.263008726961218,0 18.708809425321697,22.321076360404177,0.5
3111 30 8 1 0 1 1 5.291026956175495,-30.03756038277783,0 4.4344797760385335,9.411981147234902,0.5 9.985721172681675,-22.102836303548393,0.5
2766 25 27 1 0 1 0 -9.163307598150222,-23.79671813216441,0 15.481226185965394,23.50705502139686,0.5
817 5 13 0 1 1 1 -7.513101627319607,-25.41266030815285,0 -9.58123901198988,-11.244992618722485,0.5 -0.5088144054152597,19.441993413763978,0.5
598 2 29 0 1 1 0 -17.41455650601069,-23.811409485768806,0 -22.25755504548909,-20.269465789631038,0.5
2478 3 28 0 1 1 0 20.836794449801122,19.444227859617804,0 24.930316104457503,15.057534291238621,0.5
569 16 20 1 1 1 1 10.336718397830401,12.860880714941514,0 -9.710250616143709,-12.081433398884451,0 -17.519273420919532,-12.219863289049613,0.5 2.5276955930545775,12.722450824776352,0.5
3205 24 12 1 1 1 1 7.753685695948865,-23.240704768324864,0 -2.3735772538618973,7.114501459691285,0 1.735639077983199,13.756364235908325,0.5 11.862902027793961,-16.598841992107822,0.5
2505 22 31 1 0 1 0 -15.784457079844255,-16.034366675817118,0 26.37407102533319,18.238924791518834,0.5
964 5 13 0 1 1 1 -1.4977411637736524,-26.45764107788784,0 -6.753409516161183,-13.139309719579016,0.5 -4.944816412736395,18.809539883908187,0.5
548 18 27 1 1 1 1 12.058923918066256,14.029695432841354,0 -8.799755291561862,-10.237885856397746,0 -22.475598937506497,-16.943950318634577,0.5 -1.616919727878377,7.323630970604521,0.5
152 8 21 0 1 1 1 -22.833345723494837,-5.55772643005753,0 -22.309076239807837,0.7450619614779628,0.5 8.783139213461729,8.313029866237152,0.5
297 15 18 1 1 1 1 13.84360804649446,6.971693930102917,0 -14.736744049494103,-7.421480635270847,0 -19.221736286500967,-2.9622380276088522,0.5 9.358615809487594,11.430936537764913,0.5
1191 30 3 1 0 0 1 -9.014010199429471,29.137563730081855,0 -14.154907313581345,25.45365590527069,0.5
3232 24 7 1 0 0 1 8.732091028474647,-22.891059090186992,0 14.338064683214318,-20.752587817907486,0.5
386 14 28 1 1 1 0 11.91532292512906,8.262873567342895,0 -14.380562151017829,-9.972433615758666,0 -26.838892742774863,-11.310342008172285,0.5
140 29 29 1 0 1 0 28.78954447719305,6.435225621198006,0 -30.098403925572306,-0.5797250495655213,0.5
2627 15 13 1 1 1 1 -8.570808031388125,-12.914768665721148,0 9.123763388251874,13.747979547380577,0 12.464162607617197,7.93061476121979,0.5 -5.2304088120228,-18.732133451881936,0.5
423 11 4 1 1 1 1 9.053466922995415,7.091173152182078,0 -16.13878886273096,-12.640786923455009,0 -7.242403484049725,1.9487410741872297,0.5 17.94985230167665,21.680701149824316,0.5
3307 30 12 1 0 1 1 14.144679594351773,-27.021806734064405,0 -0.48123457459051533,13.857070876784123,0.5 14.359084999811344,-14.493677172070338,0.5
136 3 26 0 1 1 0 -27.852141521693515,-6.042202632778557,0 -27.169647934089454,0.2454203284747134,0.5
1005 25 27 1 1 1 0 -0.20027447266213066,25.499213519942135,0 0.051050355776621544,-6.499799524691133,0 -5.7838326714291854,-27.54627524056398,0.5
1145 31 23 1 0 1 1 -7.112739906376766,30.686461689550253,0 -0.5387105503951597,-24.247882195006085,0.5 -7.764351090206477,6.925666188029098,0.5
2368 10 15 1 1 1 1 -8.79404442044249,-5.737140640709825,0 18.006852860906047,11.747478454786783,0 16.260050701058812,3.44394413412832,0.5 -10.540846580289724,-14.040674961368289,0.5
1297 14 24 1 1 1 1 -6.521907224934984,12.95047204349482,0 7.8712673404387745,-15.629880052493746,0 5.660958258616427,-24.580552304498827,0.5 -8.732216306757332,3.99979979148974,0.5
938 5 14 0 1 1 1 -2.576740588943588,-26.37442715846717,0 -7.3814830751126435,-13.847877368457073,0.5 -4.269947269595858,18.000487502144793,0.5
2073 25 2 1 0 0 1 -25.332536664677928,-2.917633652936648,0 -28.61976587021094,-9.33589853920387,0.5
2190 8 21 0 1 1 1 22.461135847760758,6.909947642959142,0 22.313791769557923,0.5871089037045527,0.5 -8.271584703988644,-8.822181503729173,0.5
2909 0 29 0 1 1 0 4.4873697642843124,31.178734942242073,0 10.141264053963164,28.344395625728104,0.5
1620 0 30 0 1 1 0 26.0530380896487,-17.70562640234211,0 21.853457248261357,-22.10602647013735,0.5
2229 29 26 1 0 1 0 -27.61194434914031,-10.384147979491557,0 26.915980106073476,3.712144249548624,0.5
738 4 28 0 1 1 0 -11.00080127402478,-25.203816602439694,0 -16.89984494270343,-23.720144200923002,0.5
3699 27 27 1 0 1 0 24.483038212523702,-12.5232120434058,0 -21.75070103941698,17.864965835229153,0.5
1406 5 31 0 1 1 0 15.7776717522714,-21.291197102971385,0 13.933942550140408,-28.880707141782153,0.5
2479 5 26 0 1 1 0 19.346139810842818,18.110131816729623,0 23.446547014630656,13.729873746350117,0.5
2800 19 28 1 1 1 0 -6.0258313903114775,-18.545602067755492,0 3.8627124296868445,11.888206453689419,0 14.513323437456926,25.25100874816219,0.5
2234 30 10 1 0 1 1 -28.462741295333913,-10.960034578179657,0 11.95472101869128,-1.826101137741543,0.5 -17.90782722559348,-13.325153809930036,0.5
164 20 3 1 1 0 1 19.823530499129916,5.222799876509335,0 -11.120517109268002,-2.929863345358895,0 26.030918047129106,13.062974608551002,0.5
1618 16 27 1 1 1 1 -13.617625868434493,9.317202676090274,0 12.792315209741494,-8.752523726024195,0 19.307969413661027,-20.48053507897512,0.5 -7.101971664514961,-2.41080867686065,0.5
3157 2 4 0 1 0 1 -7.201622663964551,28.60745761171153,0 12.53184301455235,-25.203232147060334,0.5
1922 25 8 1 0 1 1 -25.308840544044006,3.116502898467182,0 7.702985381708665,-6.993855603970003,0.5 -24.05712824218969,-3.0829500058935393,0.5
814 22 4 1 1 0 1 6.480655560332308,21.5464870340465,0 -2.736276792140308,-9.097405636597411,0 2.175071364660421,28.062770079923226,0.5
872 24 6 1 0 1 1 4.892894522602972,24.006448783414047,0 -7.177245187649127,-5.170797957411162,0.5 -0.7865258111881026,26.18456371888474,0.5
1249 22 8 1 1 0 1 -8.577714021055852,20.80078897957916,0 3.621701475556916,-8.782555346933423,0 -14.505822816546111,19.437878084167785,0.5
2586 1 2 0 1 0 1 18.465703675120558,24.27483857377097,0 -13.084892687653461,-27.111539671375965,0.5
2665 22 30 1 0 1 0 -11.300974495725887,-19.456052411703485,0 20.5073794039938,23.360166737004487,0.5
3016 13 20 1 1 1 1 0.33925628848505635,-13.49573655532455,0 -0.4649067657017439,18.49415750174105,0 5.482938179111381,20.644306452967673,0.5 6.287101233298181,-11.345587604097924,0.5
1506 26 5 1 0 0 1 -18.91409946032516,18.560895495770875,0 -23.116566365028,14.278457882112349,0.5
1582 6 25 0 1 1 0 20.197953663374157,-15.565753043530865,0 16.53542353548454,-20.318212729030666,0.5
2546 25 1 1 1 0 1 -16.68243070786447,-19.285914696412526,0 4.252384298083101,4.916017471634565,0 -15.415633271034949,-26.992744411285052,0.5
1774 17 3 1 1 0 1 -16.40881373770162,6.082830896993152,0 13.595874239809916,-5.04005988608004,0 -28.80846725179744,4.280445607891149,0.5
929 24 1 1 0 0 1 2.7267393895446483,24.34779029607216,0 -2.5682118528702524,30.9782873619375,0.5
2861 30 17 1 0 1 1 -6.60660519637904,-29.77587560054578,0 9.64822441114452,15.784858748566457,0.5 2.716704205107495,-15.455404176596328,0.5
1241 3 0 0 1 0 1 10.53316074139817,-26.482117075412763,0 -17.21709704584277,27.052200822003964,0.5
3224 27 25 1 0 1 1 9.477680387299221,-25.815181085481537,0 -3.155991395026944,26.005570909220893,0.5 7.872582146557606,-4.033912535703078,0.5
405 3 26 0 1 1 0 -22.924705605197406,-16.9324502927081,0 -24.88068071206947,-10.917954355283516,0.5
101 30 4 1 0 1 1 30.116962562802485,4.8185647231051645,0 -5.391400651516137,5.213712594191531,0.5 26.20672400453893,10.269255910236293,0.5
2256 4 2 0 1 0 1 25.306375802561437,10.762775838023058,0 -24.798597496269966,-17.066914255892684,0.5
3383 26 27 1 1 1 0 14.998328167746944,-21.847200099156154,0 -3.1128605631172905,4.534324548881465,0 -10.617766944079397,26.067470631444372,0.5
2350 30 30 1 0 1 0 -26.005525012799815,-15.936206223836434,0 29.140516401095507,10.82036523771188,0.5
2538 29 25 1 0 1 1 -19.57812167225753,-22.066879067649776,0 21.41163989994799,15.092769023441498,0.5 0.1743553741093118,-8.844184541466738,0.5
2531 30 3 1 0 1 1 -20.49142115348138,-22.59096410316868,0 6.795598644465471,-1.4386935265507508,0.5 -14.70359731984286,-25.140688651186743,0.5
1543 18 3 1 1 0 1 -13.934553130714317,12.16873982987967,0 10.168457689980716,-8.879891227209487,0 -25.41336233538573,14.227122506339711,0.5
3650 6 7 1 1 1 1 5.542161068301597,-3.3962406706536714,0 -21.742324191029343,13.323713400256711,0 -3.259809844359992,9.034580221494172,0.5 24.024675414970947,-7.6853738494162105,0.5
972 28 30 1 0 1 0 1.2530913720591494,28.472438638326555,0 -7.335225216763627,-30.206695797775616,0.5
16 8 5 1 1 0 1 8.49731560890805,0.21360581126836858,0 -23.49257844815755,-0.5905572429184308,0 26.340850443347424,6.664052664948243,0.5
3992 11 25 1 1 1 0 11.499092008343885,-0.14450945865855905,0 -20.49838140617823,0.2576038176087357,0 -25.42259038789719,6.319960282248397,0.5
2660 12 22 1 1 1 1 -6.363017696879639,-10.759275337549298,0 9.926307607132236,16.784469526576903,0 16.61788401640701,16.31244711308651,0.5 0.3285587123951377,-11.231297751039692,0.5
733 28 11 1 0 1 1 11.605625179599553,26.02997242008998,0 -10.162965757401219,-8.060032693103068,0.5 2.867911637236875,21.166603006647083,0.5
692 13 5 1 1 0 1 6.279539554045689,11.950622702988145,0 -8.605294944432982,-16.37677925965042,0 7.015115701057918,26.24953621877481,0.5
1361 12 7 1 1 1 1 -6.7144050073488,10.54356511798971,0 10.474471811464129,-16.447961584063947,0 -1.03226825222578,-9.54905347432125,0.5 -18.22114507103871,17.442473227732407,0.5
182 29 6 1 0 0 1 28.302667919694265,8.319193989053817,0 22.772978576877314,12.947642516577556,0.5
1111 0 4 0 1 0 1 5.464503249820576,-31.022398428114812,0 -10.679626347262055,26.04218848489631,0.5
2684 23 5 1 1 0 1 -11.191597786196558,-20.663933289478077,0 4.048024731177478,7.47418863661973,0 -7.344414536057036,-26.159311442057376,0.5
754 15 24 1 1 1 0 5.841500661388521,14.357119140795533,0 -6.218371671800684,-15.283384891814599,0 -14.790934261212385,-20.43228483749416,0.5
3173 5 20 0 1 1 1 -7.113010035419136,25.5275358825725,0 0.27730224789972535,21.358209275669854,0.5 8.866597385009626,-9.467494431587507,0.5
882 7 11 1 1 1 1 1.3822083642175003,7.371533085992843,0 -4.515213989777168,-24.08034141424329,0 -8.01661262726111,-10.19725070714836,0.5 -2.119190273266441,21.254623793087774,0.5
1904 26 1 1 0 0 1 -26.19927123555472,3.9809781117000638,0 -31.055231749230916,-1.3500300002443915,0.5
3807 26 12 1 0 1 1 25.291514540059968,-7.911339473814478,0 -10.138713015391046,9.458144553322294,0.5 20.401983787700235,-0.09517103769896273,0.5
3966 14 3 1 1 0 1 14.479325626232892,-0.7740345015020208,0 -17.47504816959142,0.934179570778301,0 28.779654300458592,4.470066928592397,0.5
2299 9 2 1 1 0 1 -8.471326237060097,-4.299608329289681,0 20.06366740356339,10.183282885159771,0 -23.590155159740505,-18.70172664593749,0.5
3751 29 28 1 0 1 0 27.272145551003778,-11.246336160939917,0 -24.060275635185363,16.411981487891875,0.5
1684 11 7 1 1 1 1 -10.112137567191395,5.476739342181303,0 18.0259843589064,-9.762883175192759,0 3.737443104421534,-8.847684388652882,0.5 -24.40067882167626,6.391938128721179,0.5
2269 19 16 1 1 1 1 -17.784946865673962,-7.99660334049113,0 11.400606965175616,5.126027782366109,0 17.509294529567548,1.2940653294389683,0.5 -11.676259301282032,-11.82856579341827,0.5
3139 24 31 1 0 1 0 5.306945157747089,-23.91832630207776,0 -0.9656659043496632,32.05179385558906,0.5
895 3 20 0 1 1 1 -4.679325127212595,-28.11323382953012,0 -9.284405897720664,-19.236678692704977,0.5 -4.030426807517049,12.329057536942875,0.5
3675 4 30 0 1 1 0 -23.993640194501918,13.437084141166272,0 -23.679400766738574,20.13792390809392,0.5
3689 2 29 0 1 1 0 -26.04937077084023,13.844864840195973,0 -23.23346605758003,19.14304194612958,0.5
1636 2 7 0 1 1 1 24.807865177795986,-15.963076937742839,0 3.060356854475012,-9.104076884740582,0.5 -23.849869779066395,8.211803183319446,0.5
547 22 24 1 1 1 0 14.693043436975366,17.04008434718429,0 -6.203729451167376,-7.194702279922256,0 -20.543114235066767,-14.636613594851688,0.5
576 9 10 0 1 1 1 -13.901841294532526,-17.69148972307392,0 -11.205256530268224,-4.54887085889249,0.5 8.566251088622478,20.612358969479313,0.5
1 0 30 0 1 1 0 -31.49996113844066,-0.04948006394617269,0 -30.50938714622594,5.952083329532879,0.5
2431 4 2 0 1 0 1 21.434801191569193,17.227863996384,0 -19.23488913356317,-23.157483456099747,0.5
2138 28 27 1 0 1 0 -27.833021968819004,-6.129672754987723,0 28.146882128857857,0.05501294558766201,0.5
2393 31 11 1 0 1 1 -25.68607633907617,-18.23391023075279,0 12.850582199488658,1.7642384006095257,0.5 -13.243209637033168,-16.759098976663147,0.5
1673 7 26 1 1 1 0 -6.532174913276256,3.6851988959029516,0 21.33843805003577,-12.038316393282976,0 20.13219224352041,-18.2467760294781,0.5
2937 18 24 1 1 1 1 -1.8277764360842672,-18.409487589275674,0 1.3337828047101408,13.433950402984951,0 8.391213417282087,23.78733985517559,0.5 5.229654176487679,-8.056098137085035,0.5
983 27 19 1 0 1 1 0.734260011293946,27.490195747499047,0 -6.518517989280954,-19.332845709398825,0.5 -5.664106339775271,12.655745705872791,0.5
3636 28 17 1 0 1 1 23.966920595497818,-15.421955685615966,0 -11.469802677456702,14.515289406009344,0.5 15.440423956084707,-2.8005906620506877,0.5
1014 1 4 0 1 0 1 0.6706759708214028,-30.492625235328013,0 -6.603257069165792,27.361414365462032,0.5
3621 24 28 1 0 1 0 20.285080565156616,-13.739195990490321,0 -20.232229394449867,20.9501048620373,0.5
1286 1 14 0 1 1 1 13.24578550333904,-27.47360854346464,0 0.8925324110697783,-15.666952029517098,0.5 -13.004685166203968,13.15781758985564,0.5
856 27 8 1 1 0 1 6.167445926107982,26.79948900163087,0 -1.0092184242722153,-4.385370927539597,0 -0.5767983544090054,24.24700607618085,0.5
2571 27 7 1 0 0 1 -17.16043967716701,-21.488818257091577,0 -10.599922274474265,-22.888679467699845,0.5
2792 26 2 1 0 0 1 -8.505005659891058,-25.09810508236072,0 -3.7852466593442227,-29.86506165618821,0.5
326 13 15 1 1 1 1 11.76831998826987,6.614880547197194,0 -16.126957020962415,-9.064836305418376,0 -16.451721711212308,-2.3644984112546137,0.5 11.443555298019977,13.315218441360956,0.5
977 19 9 1 1 1 1 0.7043489033884179,19.487275146163856,0 -0.4515057073002679,-12.491843042412729,0 -6.339228997906313,-9.277077972729545,0.5 -5.183374387217627,22.70204021584704,0.5
3802 5 17 0 1 1 1 -25.22859961406043,8.10973251799528,0 -14.824230118418331,11.067619499972828,0.5 15.640493943843316,1.2747349499407923,0.5
3478 16 19 1 1 1 1 11.257184550305041,-12.063407313042756,0 -10.574930941195646,11.332291718312892,0 -8.917251809254047,18.350275751888727,0.5 12.91486368224664,-5.045423279466921,0.5
2786 0 4 0 1 0 1 10.390445568053858,29.736991120443072,0 -3.4068351237721473,-27.93999775303199,0.5
293 16 8 1 1 1 1 14.783083390052253,7.328741057150346,0 -13.887138942170298,-6.8845749324745675,0 -10.280524555051286,1.6002546275476108,0.5 18.389697777171264,15.813570617172523,0.5
1454 4 29 1 1 1 0 -2.9439583602113744,3.403396711131624,0 17.990856645736176,-20.79853545691548,0 14.761420302099069,-26.23643403103359,0.5
146 2 30 0 1 1 0 -28.727616175575303,-6.706270861576069,0 -31.065420966932308,-1.0906970923599424,0.5
2236 6 0 0 1 0 1 23.767813367684376,9.238021850965923,0 -27.186587842206364,-17.004100725942465,0.5
3975 28 25 1 0 1 1 28.4780275328606,-1.1189047491334687,0 -25.244781529584017,6.996499519300599,0.5 6.730547630119114,5.740185415010388,0.5
1221 1 30 0 1 1 0 10.376570730664204,-28.68059936388225,0 4.734485609900482,-30.721891966635866,0.5
2399 27 2 1 0 0 1 -22.273330387714964,-16.129127485381627,0 -20.37412660092006,-22.16179065981992,0.5
1867 27 20 1 0 1 1 -26.902049046213552,5.703486400011892,0 18.80985771081114,-10.121227835546366,0.5 -12.494344815691898,-3.484443660987074,0.5
412 22 30 1 1 1 0 17.95037488961785,13.565914688003055,0 -7.5790471756164255,-5.727830646045734,0 -27.950307656060566,-13.602584384283826,0.5
2196 19 24 1 1 1 1 -18.583097159585765,-5.909187757839097,0 11.912241768965234,3.7879408704096775,0 25.166205484968504,1.7064880568996559,0.5 -5.329133443582496,-7.990640571349118,0.5
1305 27 29 1 0 1 0 -12.676795299725212,24.40386979413029,0 8.274263366440437,-28.94454293546163,0.5
3668 22 14 1 0 1 1 19.509090776201027,-11.209164870138538,0 -9.583414534848163,12.426108234409554,0.5 18.16284790241552,-3.515815136454145,0.5
2643 26 11 1 0 1 1 -14.093814554375188,-22.44135448913194,0 11.197245068305898,6.547648652783629,0.5 -5.821700808675461,-20.55134544730022,0.5
1144 28 6 1 0 0 1 -6.391716687057359,27.77401587441745,0 -11.56606564092868,23.50481069036143,0.5
453 20 25 1 1 1 0 15.525410182990132,13.386995131466445,0 -8.709376444116415,-7.509777756676299,0 -23.230240510002293,-12.108093402656273,0.5
2876 16 27 1 1 1 0 -3.1935662228392023,-16.18799353781501,0 3.000016754788341,15.206903020371676,0 11.209153476058674,25.818692421386523,0.5
2391 4 26 0 1 1 0 22.474251038445523,15.84796643929215,0 25.11474367834761,10.36820379674796,0.5
1912 16 29 1 1 1 0 -16.342613523994746,2.273539796296535,0 15.352152098298093,-2.135749505611896,0 28.39187031394338,-10.007582129376743,0.5
1724 27 3 1 0 0 1 -24.955821674880713,11.552357531324677,0 -28.38382046989267,6.527536712489784,0.5
3801 6 1 1 1 0 1 6.185014845987347,-1.99889753487169,0 -24.26428901118113,7.841828790650476,0 30.867128924899113,-3.670197805794225,0.5
3517 29 28 1 0 1 0 21.409173448694382,-20.29525294850299,0 -16.555590698195658,23.96168643133904,0.5
3399 0 0 0 1 0 1 -18.475182392346227,25.51308753501896,0 23.33481811330222,-21.99400517457206,0.5
844 25 7 1 0 0 1 6.186280385282893,24.7382282104977,0 0.12292157554685001,25.223696998780035,0.5
621 25 19 1 1 1 1 14.299979500306245,21.11304303720383,0 -3.6450928138035525,-5.381756068306859,0 -15.903053273693912,-12.780567146024989,0.5 2.0420190404158856,13.714231959485701,0.5
1287 29 27 1 0 1 1 -12.853222142149841,26.552677465079658,0 6.581272681987889,-27.366710615003036,0.5 -7.361205573903466,1.4361937538969292,0.5
1393 16 27 1 1 1 0 -9.55109583515623,13.454611415706562,0 8.972241542116459,-12.639180420815254,0 11.025907089245877,-25.897478117749568,0.5
822 28 3 1 0 0 1 7.865227155489259,27.39321452098228,0 2.098234624756148,29.049051816874755,0.5
2014 1 8 0 1 1 1 30.492625235328013,0.6706759708213874,0 8.629880994269392,-5.811639529835616,0.5 -23.3623815477141,-6.51529956479576,0.5
2588 2 29 0 1 1 0 17.786421479826224,23.53493596638785,0 22.57318811705765,19.917358716253702,0.5
3282 15 26 1 1 1 0 6.643606648514487,-14.004016948712042,0 -7.0722264322896145,14.907501913145076,0 -5.937514483442686,26.514070260126196,0.5
3140 0 27 0 1 1 0 -6.871512103991101,30.74137800107054,0 -0.1434385667724456,28.14657040169481,0.5
3631 19 14 1 1 1 1 16.315040291621557,-10.680330532467861,0 -10.458359161295869,6.846365725940936,0 -8.84544107865156,12.961796639513503,0.5 17.927958374265867,-4.564899618895295,0.5
1827 17 6 1 1 1 1 -16.857806714906367,4.697270778106983,0 13.96789699235099,-3.8920243590029284,0 4.650978227328543,-7.5245200198362046,0.5 -26.174725479928817,1.0647751172737063,0.5
609 29 18 1 0 1 1 17.00054581669522,24.10874202305974,0 -15.564832194821017,-11.661303475472335,0.5 2.8764378436280342,14.49055227835518,0.5
524 2 18 0 1 1 1 -20.058624672311367,-21.63103271356552,0 -16.978669583700118,-9.485503632782844,0.5 4.7798385354173,13.978667446339077,0.5
3163 26 18 1 0 1 1 6.711163414726691,-25.63611291948984,0 1.1192511073394433,19.416417716940458,0.5 9.223297494933938,-11.54039788395293,0.5
2663 25 18 1 0 1 1 -12.876980500943054,-22.00984718661927,0 14.520910681849493,12.93805058614895,0.5 -1.6384373977653173,-14.682149804902686,0.5
3109 26 6 1 0 0 1 4.515109291437567,-26.112521672300705,0 10.256996866621215,-24.104854599812928,0.5
1003 31 7 1 0 1 1 -0.14843970349025862,31.499650246541275,0 -5.964590593748276,-7.528190954603209,0.5 -6.115386483008221,24.471453740295864,0.5
3299 0 27 0 1 1 0 -14.256596039223679,28.089134364988745,0 -7.095923329800593,27.23780226262008,0.5
1267 11 2 1 1 0 1 -4.682971563698062,10.503322204597712,0 8.347905830940023,-18.723313495152443,0 -17.49283429188514,24.500015274212533,0.5
2769 2 15 0 1 1 1 10.470842074645457,27.579185380424754,0 11.110954726764511,12.361095625380031,0.5 -0.2472468457322563,-17.555308855080717,0.5
1747 28 31 1 0 1 0 -26.278878945116237,11.030436137702196,0 26.72287964719117,-17.723930245905844,0.5
3552 8 25 0 1 1 1 -17.917399008769024,15.205815096881942,0 -15.559948261375254,21.074582086089517,0.5 8.838212090991078,0.3687913158672993,0.5
1885 18 23 1 1 1 1 -18.198979635566413,3.323723848974062,0 13.280336490818735,-2.425420106008099,0 22.03965828875494,-10.12439936563724,0.5 -9.439657837630211,-4.375255410655079,0.5
1682 27 30 1 0 1 0 -24.139935241430845,13.17245332273093,0 23.899392906445645,-19.876343192431943,0.5
1630 31 5 1 0 0 1 -26.327931883100508,17.29421876694116,0 -25.44303198424795,9.534260508740878,0.5
2562 19 15 1 1 1 1 -12.382504083860834,-15.063983291718356,0 7.937502617859509,9.656399545973306,0 14.477575028212978,8.163934180434335,0.5 -5.842431673507364,-16.556448657257327,0.5
1446 22 27 1 0 1 1 -14.504793494120802,17.200609457019564,0 13.14125174872021,-24.890912045900567,0.5 -7.48778788736271,-0.42782304036163454,0.5
2953 6 23 0 1 1 1 1.8808896824417745,25.430537823697005,0 7.717024881551519,22.9934235593031,0.5 5.356692731036351,-8.91940821945393,0.5
1134 2 29 0 1 1 0 6.163608766871137,-28.848915525006294,0 0.29603272788680624,-30.102530867420764,0.5
1326 31 3 1 0 0 1 -15.434721276793454,27.45941330596303,0 -19.195112261091797,21.904284176482083,0.5
787 27 11 1 0 1 1 9.030233502666432,25.97508196112807,0 -9.443570074452087,-8.892074237708151,0.5 1.0643380013779442,21.333475680695418,0.5
2262 1 7 0 1 1 1 27.953323868160386,12.200888685736576,0 9.273942987725324,-2.498796002161902,0.5 -20.05413451329541,-15.299728393754375,0.5
2288 4 23 0 1 1 1 24.733644418075208,12.020683582900649,0 23.75871801171532,4.87578900689869,0.5 -5.0222500384085595,-9.111915525931154,0.5
1753 8 6 1 1 0 1 -7.8682172778994675,3.2157669175119485,0 21.753306591839703,-8.89064971312127,0 -25.87460495194213,4.093265026959751,0.5
591 28 1 1 0 0 1 17.076155286321335,22.817864068256696,0 13.470721116605631,28.0140977473599,0.5
385 6 25 0 1 1 0 -20.977333209531924,-14.49832719372373,0 -24.38870431393751,-9.562484085598571,0.5
3619 4 25 0 1 1 0 -22.720407483477413,15.493001122595441,0 -17.68772305793096,19.32341721916539,0.5
1327 26 7 1 0 0 1 -13.021036098857092,23.080351360242776,0 -17.26405632390398,18.39027893331341,0.5
3219 0 31 0 1 1 0 -10.623676483229303,29.654468431919,0 -4.975206305720922,31.67802585729601,0.5
3149 21 2 1 1 0 1 4.986230149737934,-20.913811438708258,0 -2.4351356545231773,10.21372186541566,0 12.677984095326448,-27.30418867644028,0.5
3090 3 19 0 1 1 1 -4.015685110221103,28.21567424492189,0 3.1925679235164854,20.15086871709837,0.5 7.701407345519128,-11.529888329831472,0.5
657 16 6 1 1 0 1 8.466016349167655,14.162505681397835,0 -7.9529244492181,-13.30417200373736,0 7.9338413827508,24.966060180039438,0.5
2313 1 16 0 1 1 1 26.88729812657651,14.39872214651686,0 17.378123015331592,2.500168087149807,0.5 -10.831501248617535,-12.60668793542526,0.5
357 5 8 0 1 0 1 -22.44135448913195,-14.093814554375168,0 16.709771440315087,17.57934977217389,0.5
440 3 2 0 1 0 1 -21.959627419109992,-18.166583707837656,0 18.905596723393646,23.42708715424108,0.5
2451 30 3 1 0 0 1 -23.16123875758061,-19.844571530127475,0 -17.7386188659109,-23.09959741488907,0.5
2866 2 12 0 1 1 1 6.163608766871157,28.84891552500629,0 8.479274669014481,10.97050140546955,0.5 1.7933261761372945,-20.323237469113547,0.5
3263 3 6 0 1 1 1 -11.441846030359553,26.102378424533374,0 2.885693731574146,8.361983717249974,0.5 15.732678748118204,-20.945949952401534,0.5
1514 28 28 1 0 1 0 -20.59081232132047,19.704528615223385,0 16.44249050758923,-24.039436472343482,0.5
312 28 16 1 0 1 1 25.14529995339617,13.415062066711977,0 -17.382028829168725,-2.4728675221182668,0.5 10.85129041674978,12.589658307172375,0.5
3771 27 16 1 0 1 1 25.739948122079948,-9.680137946983653,0 -13.331938775724261,11.424071449371272,0.5 16.620000857241497,0.1599109292448384,0.5
2831 31 25 1 0 1 1 -8.264264456646027,-30.39657765260124,0 12.479943160637497,23.03260772703033,0.5 4.084499903092326,-7.846455285136008,0.5
3423 20 9 1 1 1 1 12.640786923455014,-16.138788862730955,0 -7.091173152182081,9.053466922995414,0 -1.1343776876310683,11.178693450569472,0.5 18.597582388006025,-14.013562335156898,0.5
1561 21 13 1 1 1 1 -16.587541433431557,13.678577016422118,0 8.100892327954947,-6.680235287089872,0 6.598155686176433,-13.21795527080409,0.5 -18.09027807521007,7.1408570327079,0.5
1871 1 6 0 1 0 1 29.875974268840007,-6.138091029596244,0 -26.18576688632779,-0.7453942412569123,0.5
3022 0 27 0 1 1 1 -1.088345203295859,31.481192873181648,0 5.046275052331865,27.690884928008586,0.5 6.15189557631496,-4.290009419350548,0.5
1979 18 20 1 1 1 1 -18.489935766705752,0.6101437069210245,0 13.492655829758252,-0.44524000234777467,0 20.290963295996853,-6.672841113087325,0.5 -11.691628300467151,-5.617457403818526,0.5
1028 25 1 1 0 0 1 -1.1211870171055516,25.47533983429218,0 -7.335225216763623,30.206695797775616,0.5
345 25 20 1 1 1 1 21.846296731058768,13.15254040626871,0 -5.568663872622823,-3.352608338852808,0 -20.6574245264438,-5.433305801653173,0.5 6.757536077237786,11.071842943468344,0.5
1717 11 16 1 1 1 1 -10.382321620530378,4.945442120565913,0 18.507616801815022,-8.815788127965321,0 12.31614382742224,-12.51249780108868,0.5 -16.573794594923157,1.2487324474425545,0.5
3573 0 12 0 1 1 1 -24.676095707439057,19.579078135533035,0 -6.062753254913968,12.469684156787215,0.5 19.005026511373327,-7.4201729967701535,0.5
1828 21 21 1 1 1 1 -20.72005908323521,5.738392770388078,0 10.119098622045103,-2.802470887863945,0 19.118647147312956,-11.520734840128135,0.5 -11.720510557967357,-2.979871181876113,0.5
793 8 26 0 1 1 0 -7.5072046244061115,-22.26862992479096,0 -14.151178812574797,-23.194700649383993,0.5
1870 0 24 0 1 1 0 30.845518534585626,-6.387799803730139,0 22.77423508809419,-10.843625599965147,0.5
3215 12 24 1 1 1 1 4.141723605782128,-11.793902050352422,0 -6.461088825020119,18.39848719854978,0 -2.4567052831638083,25.104075349466168,0.5 8.146107147638439,-5.088313899436033,0.5
1656 31 13 1 0 1 1 -27.012089670100043,16.20484531411746,0 8.489972655925262,-12.090093643212253,0.5 -18.950880342271603,4.3719714377959615,0.5
232 24 30 1 1 1 0 22.891059090186996,8.732091028474644,0 -7.0074670684245906,-2.6730890903493805,0 -30.635504017206173,-5.264588646014476,0.5
2943 27 27 1 1 1 0 -2.4589347898353826,-27.389845558150512,0 0.40237114742760804,4.481974727697357,0 8.434901093431858,26.8533506949137,0.5
3543 28 21 1 0 1 1 21.466744012181522,-18.746437035220023,0 -12.247592071950265,18.661363520362094,0.5 11.855418748744775,-2.387267536727057,0.5
3920 13 25 1 1 1 1 13.39354846774545,-1.6919986531181128,0 -18.354121974317838,2.318664820939636,0 -24.546925482133357,9.148685663776636,0.5 7.200744959929934,5.138022189718887,0.5
1131 22 28 1 1 1 0 -4.597317093133391,22.025318965798963,0 1.9410894393229874,-9.299579118892895,0 -0.05015007291076223,-29.12468858151426,0.5
